rel_pkl,source_chunk_idx,target_side_x_m
ACCAD/Female1Walking_c3d/B23 - side step right.pkl,1,-0.144447
ACCAD/Female1Walking_c3d/B23 - side step right.pkl,2,-0.169744
ACCAD/Female1Walking_c3d/B23 - side step right.pkl,3,-0.195313
ACCAD/Female1Walking_c3d/B23 - side step right.pkl,22,-0.211253
ACCAD/Female1Walking_c3d/B23 - side step right.pkl,23,-0.183304
BMLmovi/Subject_12_F_MoSh/Subject_12_F_1.pkl,4,-0.088686
BMLmovi/Subject_12_F_MoSh/Subject_12_F_1.pkl,5,-0.106564
BMLmovi/Subject_12_F_MoSh/Subject_12_F_1.pkl,6,-0.123711
BMLmovi/Subject_12_F_MoSh/Subject_12_F_1.pkl,7,-0.139269
BMLmovi/Subject_12_F_MoSh/Subject_12_F_1.pkl,8,-0.151314
BMLmovi/Subject_12_F_MoSh/Subject_12_F_1.pkl,9,-0.159398
BMLmovi/Subject_12_F_MoSh/Subject_12_F_1.pkl,10,-0.162721
BMLmovi/Subject_12_F_MoSh/Subject_12_F_1.pkl,11,-0.162747
BMLmovi/Subject_12_F_MoSh/Subject_12_F_1.pkl,12,-0.158966
BMLmovi/Subject_12_F_MoSh/Subject_12_F_1.pkl,13,-0.152409
BMLmovi/Subject_12_F_MoSh/Subject_12_F_1.pkl,14,-0.143984
BMLmovi/Subject_12_F_MoSh/Subject_12_F_1.pkl,15,-0.132679
BMLmovi/Subject_12_F_MoSh/Subject_12_F_1.pkl,16,-0.119617
BMLmovi/Subject_12_F_MoSh/Subject_12_F_1.pkl,17,-0.106237
BMLmovi/Subject_12_F_MoSh/Subject_12_F_1.pkl,18,-0.093843
BMLmovi/Subject_12_F_MoSh/Subject_12_F_1.pkl,19,-0.08355
BMLmovi/Subject_12_F_MoSh/Subject_12_F_1.pkl,20,-0.076444
BMLmovi/Subject_12_F_MoSh/Subject_12_F_1.pkl,21,-0.073499
BMLmovi/Subject_12_F_MoSh/Subject_12_F_1.pkl,22,-0.075494
BMLmovi/Subject_12_F_MoSh/Subject_12_F_1.pkl,23,-0.080813
BMLmovi/Subject_12_F_MoSh/Subject_12_F_1.pkl,24,-0.089652
BMLmovi/Subject_12_F_MoSh/Subject_12_F_1.pkl,25,-0.100755
BMLmovi/Subject_12_F_MoSh/Subject_12_F_1.pkl,26,-0.112178
BMLmovi/Subject_12_F_MoSh/Subject_12_F_1.pkl,27,-0.124401
BMLmovi/Subject_12_F_MoSh/Subject_12_F_1.pkl,28,-0.136379
BMLmovi/Subject_12_F_MoSh/Subject_12_F_1.pkl,29,-0.146121
BMLmovi/Subject_12_F_MoSh/Subject_12_F_1.pkl,30,-0.151219
BMLmovi/Subject_12_F_MoSh/Subject_12_F_1.pkl,31,-0.152192
BMLmovi/Subject_12_F_MoSh/Subject_12_F_1.pkl,32,-0.151356
BMLmovi/Subject_12_F_MoSh/Subject_12_F_1.pkl,33,-0.14869
BMLmovi/Subject_12_F_MoSh/Subject_12_F_1.pkl,34,-0.144182
BMLmovi/Subject_12_F_MoSh/Subject_12_F_1.pkl,35,-0.136373
BMLmovi/Subject_12_F_MoSh/Subject_12_F_1.pkl,36,-0.125351
BMLmovi/Subject_12_F_MoSh/Subject_12_F_1.pkl,37,-0.113045
BMLmovi/Subject_12_F_MoSh/Subject_12_F_1.pkl,38,-0.101327
BMLmovi/Subject_12_F_MoSh/Subject_12_F_1.pkl,39,-0.090975
BMLmovi/Subject_12_F_MoSh/Subject_12_F_1.pkl,40,-0.081711
BMLmovi/Subject_12_F_MoSh/Subject_12_F_1.pkl,41,-0.075734
BMLmovi/Subject_12_F_MoSh/Subject_12_F_1.pkl,42,-0.074584
BMLmovi/Subject_12_F_MoSh/Subject_12_F_1.pkl,43,-0.077568
BMLmovi/Subject_12_F_MoSh/Subject_12_F_1.pkl,44,-0.083929
BMLmovi/Subject_12_F_MoSh/Subject_12_F_1.pkl,45,-0.093516
BMLmovi/Subject_12_F_MoSh/Subject_12_F_1.pkl,46,-0.105203
BMLmovi/Subject_12_F_MoSh/Subject_12_F_1.pkl,47,-0.119974
BMLmovi/Subject_12_F_MoSh/Subject_12_F_1.pkl,48,-0.137542
BMLmovi/Subject_12_F_MoSh/Subject_12_F_1.pkl,52,-0.190137
BMLmovi/Subject_12_F_MoSh/Subject_12_F_1.pkl,58,-0.162011
BMLmovi/Subject_12_F_MoSh/Subject_12_F_1.pkl,59,-0.146949
BMLmovi/Subject_12_F_MoSh/Subject_12_F_1.pkl,60,-0.131055
BMLmovi/Subject_12_F_MoSh/Subject_12_F_1.pkl,61,-0.115975
BMLmovi/Subject_12_F_MoSh/Subject_12_F_1.pkl,62,-0.102821
BMLmovi/Subject_12_F_MoSh/Subject_12_F_1.pkl,63,-0.092823
BMLmovi/Subject_12_F_MoSh/Subject_12_F_1.pkl,64,-0.087701
BMLmovi/Subject_12_F_MoSh/Subject_12_F_1.pkl,65,-0.087799
BMLmovi/Subject_12_F_MoSh/Subject_12_F_1.pkl,66,-0.091481
BMLmovi/Subject_12_F_MoSh/Subject_12_F_1.pkl,67,-0.099898
BMLmovi/Subject_12_F_MoSh/Subject_12_F_1.pkl,68,-0.112582
BMLmovi/Subject_12_F_MoSh/Subject_12_F_1.pkl,69,-0.127177
BMLmovi/Subject_12_F_MoSh/Subject_12_F_1.pkl,70,-0.142497
BMLmovi/Subject_12_F_MoSh/Subject_12_F_1.pkl,71,-0.158044
BMLmovi/Subject_12_F_MoSh/Subject_12_F_1.pkl,72,-0.170921
BMLmovi/Subject_12_F_MoSh/Subject_12_F_1.pkl,73,-0.179936
BMLmovi/Subject_12_F_MoSh/Subject_12_F_1.pkl,74,-0.184579
BMLmovi/Subject_12_F_MoSh/Subject_12_F_1.pkl,75,-0.186995
BMLmovi/Subject_12_F_MoSh/Subject_12_F_1.pkl,76,-0.186623
BMLmovi/Subject_12_F_MoSh/Subject_12_F_1.pkl,77,-0.183079
BMLmovi/Subject_12_F_MoSh/Subject_12_F_1.pkl,78,-0.176853
BMLmovi/Subject_12_F_MoSh/Subject_12_F_1.pkl,79,-0.166604
BMLmovi/Subject_12_F_MoSh/Subject_12_F_1.pkl,80,-0.151866
BMLmovi/Subject_12_F_MoSh/Subject_12_F_1.pkl,81,-0.133292
BMLmovi/Subject_12_F_MoSh/Subject_12_F_1.pkl,84,-0.083543
BMLmovi/Subject_12_F_MoSh/Subject_12_F_1.pkl,85,-0.073299
BMLmovi/Subject_12_F_MoSh/Subject_12_F_1.pkl,86,-0.067503
BMLmovi/Subject_12_F_MoSh/Subject_12_F_1.pkl,91,-0.084261
BMLmovi/Subject_12_F_MoSh/Subject_12_F_1.pkl,92,-0.098113
BMLmovi/Subject_12_F_MoSh/Subject_12_F_1.pkl,93,-0.114989
BMLmovi/Subject_12_F_MoSh/Subject_12_F_1.pkl,96,-0.155494
BMLmovi/Subject_12_F_MoSh/Subject_12_F_1.pkl,97,-0.164121
BMLmovi/Subject_12_F_MoSh/Subject_12_F_1.pkl,98,-0.168473
BMLmovi/Subject_12_F_MoSh/Subject_12_F_1.pkl,99,-0.170504
BMLmovi/Subject_12_F_MoSh/Subject_12_F_1.pkl,100,-0.170085
BMLmovi/Subject_12_F_MoSh/Subject_12_F_1.pkl,101,-0.165692
BMLmovi/Subject_12_F_MoSh/Subject_12_F_1.pkl,102,-0.158492
BMLmovi/Subject_12_F_MoSh/Subject_12_F_1.pkl,103,-0.147226
BMLmovi/Subject_12_F_MoSh/Subject_12_F_1.pkl,104,-0.133257
BMLmovi/Subject_12_F_MoSh/Subject_12_F_1.pkl,105,-0.117832
BMLmovi/Subject_12_F_MoSh/Subject_12_F_1.pkl,106,-0.103325
BMLmovi/Subject_12_F_MoSh/Subject_12_F_1.pkl,107,-0.091203
BMLmovi/Subject_12_F_MoSh/Subject_12_F_1.pkl,123,-0.161239
BMLmovi/Subject_12_F_MoSh/Subject_12_F_1.pkl,124,-0.148481
BMLmovi/Subject_12_F_MoSh/Subject_12_F_1.pkl,125,-0.13218
BMLmovi/Subject_12_F_MoSh/Subject_12_F_1.pkl,126,-0.113268
BMLmovi/Subject_12_F_MoSh/Subject_12_F_1.pkl,127,-0.092504
BMLmovi/Subject_12_F_MoSh/Subject_12_F_1.pkl,139,0.11638
BMLmovi/Subject_12_F_MoSh/Subject_12_F_1.pkl,140,0.132128
BMLmovi/Subject_12_F_MoSh/Subject_12_F_1.pkl,141,0.142902
BMLmovi/Subject_12_F_MoSh/Subject_12_F_1.pkl,142,0.149092
BMLmovi/Subject_12_F_MoSh/Subject_12_F_1.pkl,143,0.152475
BMLmovi/Subject_12_F_MoSh/Subject_12_F_1.pkl,144,0.152004
BMLmovi/Subject_12_F_MoSh/Subject_12_F_1.pkl,145,0.148987
BMLmovi/Subject_12_F_MoSh/Subject_12_F_1.pkl,146,0.142873
BMLmovi/Subject_12_F_MoSh/Subject_12_F_1.pkl,147,0.132523
BMLmovi/Subject_12_F_MoSh/Subject_12_F_1.pkl,148,0.117673
BMLmovi/Subject_12_F_MoSh/Subject_12_F_1.pkl,149,0.101039
BMLmovi/Subject_12_F_MoSh/Subject_12_F_1.pkl,150,0.084675
BMLmovi/Subject_12_F_MoSh/Subject_12_F_1.pkl,163,0.194444
BMLmovi/Subject_12_F_MoSh/Subject_12_F_1.pkl,164,0.196812
BMLmovi/Subject_12_F_MoSh/Subject_12_F_1.pkl,165,0.195474
BMLmovi/Subject_12_F_MoSh/Subject_12_F_1.pkl,166,0.192142
BMLmovi/Subject_12_F_MoSh/Subject_12_F_1.pkl,167,0.185681
BMLmovi/Subject_12_F_MoSh/Subject_12_F_1.pkl,168,0.174925
BMLmovi/Subject_12_F_MoSh/Subject_12_F_1.pkl,169,0.160489
BMLmovi/Subject_12_F_MoSh/Subject_12_F_1.pkl,170,0.142861
BMLmovi/Subject_12_F_MoSh/Subject_12_F_1.pkl,171,0.124776
BMLmovi/Subject_12_F_MoSh/Subject_12_F_1.pkl,172,0.108284
BMLmovi/Subject_12_F_MoSh/Subject_12_F_1.pkl,173,0.095173
BMLmovi/Subject_12_F_MoSh/Subject_12_F_1.pkl,174,0.087846
BMLmovi/Subject_12_F_MoSh/Subject_12_F_1.pkl,175,0.085494
BMLmovi/Subject_12_F_MoSh/Subject_12_F_1.pkl,176,0.087049
BMLmovi/Subject_12_F_MoSh/Subject_12_F_1.pkl,177,0.093298
BMLmovi/Subject_12_F_MoSh/Subject_12_F_1.pkl,178,0.104218
BMLmovi/Subject_12_F_MoSh/Subject_12_F_1.pkl,179,0.118093
BMLmovi/Subject_12_F_MoSh/Subject_12_F_1.pkl,180,0.134557
BMLmovi/Subject_12_F_MoSh/Subject_12_F_1.pkl,181,0.152193
BMLmovi/Subject_12_F_MoSh/Subject_12_F_1.pkl,182,0.168654
BMLmovi/Subject_12_F_MoSh/Subject_12_F_1.pkl,183,0.180981
BMLmovi/Subject_12_F_MoSh/Subject_12_F_1.pkl,184,0.188394
BMLmovi/Subject_12_F_MoSh/Subject_12_F_1.pkl,185,0.192208
BMLmovi/Subject_12_F_MoSh/Subject_12_F_1.pkl,186,0.193101
BMLmovi/Subject_12_F_MoSh/Subject_12_F_1.pkl,187,0.192001
BMLmovi/Subject_12_F_MoSh/Subject_12_F_1.pkl,188,0.188408
BMLmovi/Subject_12_F_MoSh/Subject_12_F_1.pkl,189,0.180684
BMLmovi/Subject_12_F_MoSh/Subject_12_F_1.pkl,190,0.168146
BMLmovi/Subject_12_F_MoSh/Subject_12_F_1.pkl,191,0.152425
BMLmovi/Subject_12_F_MoSh/Subject_12_F_1.pkl,192,0.134715
BMLmovi/Subject_12_F_MoSh/Subject_12_F_1.pkl,193,0.1174
BMLmovi/Subject_12_F_MoSh/Subject_12_F_1.pkl,194,0.103747
BMLmovi/Subject_12_F_MoSh/Subject_12_F_1.pkl,195,0.095405
BMLmovi/Subject_12_F_MoSh/Subject_12_F_1.pkl,196,0.092633
BMLmovi/Subject_12_F_MoSh/Subject_12_F_1.pkl,201,0.149393
BMLmovi/Subject_12_F_MoSh/Subject_12_F_1.pkl,202,0.169638
BMLmovi/Subject_12_F_MoSh/Subject_12_F_1.pkl,203,0.188324
BMLmovi/Subject_12_F_MoSh/Subject_12_F_1.pkl,204,0.203281
BMLmovi/Subject_12_F_MoSh/Subject_12_F_1.pkl,205,0.212641
BMLmovi/Subject_12_F_MoSh/Subject_12_F_1.pkl,206,0.216921
BMLmovi/Subject_12_F_MoSh/Subject_12_F_1.pkl,207,0.217324
BMLmovi/Subject_12_F_MoSh/Subject_12_F_1.pkl,208,0.214987
BMLmovi/Subject_12_F_MoSh/Subject_12_F_1.pkl,209,0.210787
BMLmovi/Subject_12_F_MoSh/Subject_12_F_1.pkl,210,0.203349
BMLmovi/Subject_12_F_MoSh/Subject_12_F_1.pkl,211,0.192252
BMLmovi/Subject_12_F_MoSh/Subject_12_F_1.pkl,212,0.177561
BMLmovi/Subject_12_F_MoSh/Subject_12_F_1.pkl,213,0.160326
BMLmovi/Subject_12_F_MoSh/Subject_12_F_1.pkl,214,0.142977
BMLmovi/Subject_12_F_MoSh/Subject_12_F_1.pkl,215,0.12863
BMLmovi/Subject_12_F_MoSh/Subject_12_F_1.pkl,216,0.119387
BMLmovi/Subject_12_F_MoSh/Subject_12_F_1.pkl,217,0.116444
BMLmovi/Subject_12_F_MoSh/Subject_12_F_1.pkl,218,0.11907
BMLmovi/Subject_12_F_MoSh/Subject_12_F_1.pkl,219,0.126248
BMLmovi/Subject_12_F_MoSh/Subject_12_F_1.pkl,220,0.137697
BMLmovi/Subject_12_F_MoSh/Subject_12_F_1.pkl,221,0.151674
BMLmovi/Subject_12_F_MoSh/Subject_12_F_1.pkl,222,0.167307
BMLmovi/Subject_12_F_MoSh/Subject_12_F_1.pkl,223,0.182522
BMLmovi/Subject_12_F_MoSh/Subject_12_F_1.pkl,224,0.196066
BMLmovi/Subject_12_F_MoSh/Subject_12_F_1.pkl,225,0.205221
BMLmovi/Subject_12_F_MoSh/Subject_12_F_1.pkl,226,0.210158
BMLmovi/Subject_12_F_MoSh/Subject_12_F_1.pkl,227,0.211946
BMLmovi/Subject_12_F_MoSh/Subject_12_F_1.pkl,228,0.210298
BMLmovi/Subject_12_F_MoSh/Subject_12_F_1.pkl,229,0.205026
BMLmovi/Subject_12_F_MoSh/Subject_12_F_1.pkl,230,0.196809
BMLmovi/Subject_12_F_MoSh/Subject_12_F_1.pkl,231,0.185845
BMLmovi/Subject_16_F_MoSh/Subject_16_F_12.pkl,3,-0.251886
BMLmovi/Subject_16_F_MoSh/Subject_16_F_12.pkl,4,-0.291368
BMLmovi/Subject_16_F_MoSh/Subject_16_F_12.pkl,6,-0.359266
BMLmovi/Subject_16_F_MoSh/Subject_16_F_12.pkl,10,-0.392661
BMLmovi/Subject_16_F_MoSh/Subject_16_F_12.pkl,11,-0.38181
BMLmovi/Subject_16_F_MoSh/Subject_16_F_12.pkl,12,-0.36399
BMLmovi/Subject_16_F_MoSh/Subject_16_F_12.pkl,13,-0.339636
BMLmovi/Subject_16_F_MoSh/Subject_16_F_12.pkl,14,-0.310733
BMLmovi/Subject_16_F_MoSh/Subject_16_F_12.pkl,15,-0.276852
BMLmovi/Subject_16_F_MoSh/Subject_16_F_12.pkl,16,-0.240527
BMLmovi/Subject_16_F_MoSh/Subject_16_F_12.pkl,17,-0.205806
BMLmovi/Subject_16_F_MoSh/Subject_16_F_12.pkl,18,-0.174401
BMLmovi/Subject_16_F_MoSh/Subject_16_F_12.pkl,19,-0.150636
BMLmovi/Subject_16_F_MoSh/Subject_16_F_12.pkl,29,-0.189122
BMLmovi/Subject_16_F_MoSh/Subject_16_F_12.pkl,30,-0.21768
BMLmovi/Subject_16_F_MoSh/Subject_16_F_12.pkl,40,-0.442955
BMLmovi/Subject_16_F_MoSh/Subject_16_F_12.pkl,41,-0.427506
BMLmovi/Subject_16_F_MoSh/Subject_16_F_12.pkl,42,-0.405814
BMLmovi/Subject_16_F_MoSh/Subject_16_F_12.pkl,43,-0.378647
BMLmovi/Subject_16_F_MoSh/Subject_16_F_12.pkl,44,-0.343959
BMLmovi/Subject_16_F_MoSh/Subject_16_F_12.pkl,45,-0.302642
BMLmovi/Subject_16_F_MoSh/Subject_16_F_12.pkl,46,-0.261044
BMLmovi/Subject_16_F_MoSh/Subject_16_F_12.pkl,47,-0.221779
BMLmovi/Subject_16_F_MoSh/Subject_16_F_12.pkl,48,-0.188764
BMLmovi/Subject_16_F_MoSh/Subject_16_F_12.pkl,49,-0.163531
BMLmovi/Subject_16_F_MoSh/Subject_16_F_12.pkl,50,-0.142876
BMLmovi/Subject_16_F_MoSh/Subject_16_F_12.pkl,51,-0.126304
BMLmovi/Subject_16_F_MoSh/Subject_16_F_12.pkl,52,-0.11315
BMLmovi/Subject_16_F_MoSh/Subject_16_F_12.pkl,53,-0.105492
BMLmovi/Subject_16_F_MoSh/Subject_16_F_12.pkl,54,-0.101753
BMLmovi/Subject_16_F_MoSh/Subject_16_F_12.pkl,55,-0.099842
BMLmovi/Subject_16_F_MoSh/Subject_16_F_12.pkl,56,-0.101084
BMLmovi/Subject_16_F_MoSh/Subject_16_F_12.pkl,57,-0.105397
BMLmovi/Subject_16_F_MoSh/Subject_16_F_12.pkl,58,-0.113643
BMLmovi/Subject_16_F_MoSh/Subject_16_F_12.pkl,59,-0.12557
BMLmovi/Subject_16_F_MoSh/Subject_16_F_12.pkl,60,-0.142406
BMLmovi/Subject_16_F_MoSh/Subject_16_F_12.pkl,61,-0.162353
BMLmovi/Subject_16_F_MoSh/Subject_16_F_12.pkl,74,-0.24279
BMLmovi/Subject_16_F_MoSh/Subject_16_F_12.pkl,75,-0.213701
BMLmovi/Subject_16_F_MoSh/Subject_16_F_12.pkl,76,-0.181444
BMLmovi/Subject_16_F_MoSh/Subject_16_F_12.pkl,77,-0.149515
BMLmovi/Subject_16_F_MoSh/Subject_16_F_12.pkl,110,0.171241
BMLmovi/Subject_16_F_MoSh/Subject_16_F_12.pkl,111,0.158266
BMLmovi/Subject_16_F_MoSh/Subject_16_F_12.pkl,135,0.363866
BMLmovi/Subject_16_F_MoSh/Subject_16_F_12.pkl,136,0.323962
BMLmovi/Subject_16_F_MoSh/Subject_16_F_12.pkl,137,0.28271
BMLmovi/Subject_16_F_MoSh/Subject_16_F_12.pkl,138,0.246228
BMLmovi/Subject_16_F_MoSh/Subject_16_F_12.pkl,139,0.217826
BMLmovi/Subject_16_F_MoSh/Subject_16_F_12.pkl,140,0.195421
BMLmovi/Subject_16_F_MoSh/Subject_16_F_12.pkl,141,0.17917
BMLmovi/Subject_16_F_MoSh/Subject_16_F_21.pkl,271,-0.315842
BMLmovi/Subject_18_F_MoSh/Subject_18_F_11.pkl,0,-0.04964
BMLmovi/Subject_18_F_MoSh/Subject_18_F_11.pkl,1,-0.079067
BMLmovi/Subject_18_F_MoSh/Subject_18_F_11.pkl,2,-0.113455
BMLmovi/Subject_18_F_MoSh/Subject_18_F_11.pkl,3,-0.150414
BMLmovi/Subject_18_F_MoSh/Subject_18_F_11.pkl,4,-0.186755
BMLmovi/Subject_18_F_MoSh/Subject_18_F_11.pkl,5,-0.218562
BMLmovi/Subject_18_F_MoSh/Subject_18_F_11.pkl,6,-0.243619
BMLmovi/Subject_18_F_MoSh/Subject_18_F_11.pkl,7,-0.262361
BMLmovi/Subject_18_F_MoSh/Subject_18_F_11.pkl,8,-0.275151
BMLmovi/Subject_18_F_MoSh/Subject_18_F_11.pkl,9,-0.282362
BMLmovi/Subject_18_F_MoSh/Subject_18_F_11.pkl,10,-0.285051
BMLmovi/Subject_18_F_MoSh/Subject_18_F_11.pkl,11,-0.283832
BMLmovi/Subject_18_F_MoSh/Subject_18_F_11.pkl,12,-0.278234
BMLmovi/Subject_18_F_MoSh/Subject_18_F_11.pkl,13,-0.269382
BMLmovi/Subject_18_F_MoSh/Subject_18_F_11.pkl,14,-0.256774
BMLmovi/Subject_18_F_MoSh/Subject_18_F_11.pkl,15,-0.242035
BMLmovi/Subject_18_F_MoSh/Subject_18_F_11.pkl,16,-0.229748
BMLmovi/Subject_18_F_MoSh/Subject_18_F_11.pkl,17,-0.223624
BMLmovi/Subject_18_F_MoSh/Subject_18_F_11.pkl,18,-0.22483
BMLmovi/Subject_18_F_MoSh/Subject_18_F_11.pkl,19,-0.232991
BMLmovi/Subject_18_F_MoSh/Subject_18_F_11.pkl,20,-0.247745
BMLmovi/Subject_18_F_MoSh/Subject_18_F_11.pkl,21,-0.268429
BMLmovi/Subject_18_F_MoSh/Subject_18_F_11.pkl,22,-0.294575
BMLmovi/Subject_18_F_MoSh/Subject_18_F_11.pkl,23,-0.32453
BMLmovi/Subject_18_F_MoSh/Subject_18_F_11.pkl,24,-0.355873
BMLmovi/Subject_18_F_MoSh/Subject_18_F_11.pkl,25,-0.383102
BMLmovi/Subject_18_F_MoSh/Subject_18_F_11.pkl,26,-0.401906
BMLmovi/Subject_18_F_MoSh/Subject_18_F_11.pkl,27,-0.411669
BMLmovi/Subject_18_F_MoSh/Subject_18_F_11.pkl,28,-0.411452
BMLmovi/Subject_18_F_MoSh/Subject_18_F_11.pkl,29,-0.403246
BMLmovi/Subject_18_F_MoSh/Subject_18_F_11.pkl,30,-0.391227
BMLmovi/Subject_18_F_MoSh/Subject_18_F_11.pkl,31,-0.378603
BMLmovi/Subject_18_F_MoSh/Subject_18_F_11.pkl,32,-0.363382
BMLmovi/Subject_18_F_MoSh/Subject_18_F_11.pkl,33,-0.344304
BMLmovi/Subject_18_F_MoSh/Subject_18_F_11.pkl,34,-0.320418
BMLmovi/Subject_18_F_MoSh/Subject_18_F_11.pkl,35,-0.293001
BMLmovi/Subject_18_F_MoSh/Subject_18_F_11.pkl,36,-0.267122
BMLmovi/Subject_18_F_MoSh/Subject_18_F_11.pkl,37,-0.247815
BMLmovi/Subject_18_F_MoSh/Subject_18_F_11.pkl,38,-0.239831
BMLmovi/Subject_18_F_MoSh/Subject_18_F_11.pkl,39,-0.243828
BMLmovi/Subject_18_F_MoSh/Subject_18_F_11.pkl,40,-0.256218
BMLmovi/Subject_18_F_MoSh/Subject_18_F_11.pkl,41,-0.270953
BMLmovi/Subject_18_F_MoSh/Subject_18_F_11.pkl,42,-0.280474
BMLmovi/Subject_18_F_MoSh/Subject_18_F_11.pkl,43,-0.279365
BMLmovi/Subject_18_F_MoSh/Subject_18_F_11.pkl,44,-0.273978
BMLmovi/Subject_18_F_MoSh/Subject_18_F_11.pkl,45,-0.265745
BMLmovi/Subject_18_F_MoSh/Subject_18_F_11.pkl,46,-0.253025
BMLmovi/Subject_18_F_MoSh/Subject_18_F_11.pkl,47,-0.235169
BMLmovi/Subject_18_F_MoSh/Subject_18_F_11.pkl,48,-0.210385
BMLmovi/Subject_18_F_MoSh/Subject_18_F_11.pkl,83,0.304442
BMLmovi/Subject_18_F_MoSh/Subject_18_F_11.pkl,84,0.278529
BMLmovi/Subject_18_F_MoSh/Subject_18_F_11.pkl,85,0.260562
BMLmovi/Subject_18_F_MoSh/Subject_18_F_11.pkl,86,0.254566
BMLmovi/Subject_18_F_MoSh/Subject_18_F_11.pkl,87,0.258891
BMLmovi/Subject_18_F_MoSh/Subject_18_F_11.pkl,88,0.270397
BMLmovi/Subject_18_F_MoSh/Subject_18_F_11.pkl,95,0.467523
BMLmovi/Subject_18_F_MoSh/Subject_18_F_11.pkl,96,0.479685
BMLmovi/Subject_18_F_MoSh/Subject_18_F_11.pkl,97,0.481667
BMLmovi/Subject_18_F_MoSh/Subject_18_F_11.pkl,98,0.475128
BMLmovi/Subject_18_F_MoSh/Subject_18_F_11.pkl,99,0.463541
BMLmovi/Subject_18_F_MoSh/Subject_18_F_11.pkl,100,0.452093
BMLmovi/Subject_18_F_MoSh/Subject_18_F_11.pkl,101,0.43682
BMLmovi/Subject_18_F_MoSh/Subject_18_F_11.pkl,102,0.414924
BMLmovi/Subject_18_F_MoSh/Subject_18_F_11.pkl,103,0.386743
BMLmovi/Subject_18_F_MoSh/Subject_18_F_11.pkl,104,0.354512
BMLmovi/Subject_18_F_MoSh/Subject_18_F_11.pkl,105,0.321712
BMLmovi/Subject_18_F_MoSh/Subject_18_F_11.pkl,135,-0.301021
BMLmovi/Subject_18_F_MoSh/Subject_18_F_11.pkl,136,-0.330241
BMLmovi/Subject_18_F_MoSh/Subject_18_F_11.pkl,137,-0.350129
BMLmovi/Subject_18_F_MoSh/Subject_18_F_11.pkl,138,-0.361234
BMLmovi/Subject_18_F_MoSh/Subject_18_F_11.pkl,140,-0.361923
BMLmovi/Subject_18_F_MoSh/Subject_18_F_11.pkl,141,-0.353563
BMLmovi/Subject_18_F_MoSh/Subject_18_F_11.pkl,142,-0.341092
BMLmovi/Subject_18_F_MoSh/Subject_18_F_11.pkl,143,-0.324098
BMLmovi/Subject_18_F_MoSh/Subject_18_F_11.pkl,144,-0.302219
BMLmovi/Subject_18_F_MoSh/Subject_18_F_11.pkl,145,-0.274634
BMLmovi/Subject_18_F_MoSh/Subject_18_F_11.pkl,146,-0.242215
BMLmovi/Subject_18_F_MoSh/Subject_18_F_11.pkl,147,-0.208258
BMLmovi/Subject_18_F_MoSh/Subject_18_F_11.pkl,148,-0.180265
BMLmovi/Subject_18_F_MoSh/Subject_18_F_11.pkl,149,-0.16105
BMLmovi/Subject_18_F_MoSh/Subject_18_F_11.pkl,150,-0.148428
BMLmovi/Subject_18_F_MoSh/Subject_18_F_11.pkl,151,-0.141477
BMLmovi/Subject_18_F_MoSh/Subject_18_F_11.pkl,152,-0.139447
BMLmovi/Subject_18_F_MoSh/Subject_18_F_11.pkl,153,-0.14159
BMLmovi/Subject_18_F_MoSh/Subject_18_F_11.pkl,154,-0.146124
BMLmovi/Subject_18_F_MoSh/Subject_18_F_11.pkl,155,-0.15297
BMLmovi/Subject_18_F_MoSh/Subject_18_F_11.pkl,156,-0.163059
BMLmovi/Subject_18_F_MoSh/Subject_18_F_11.pkl,157,-0.178512
BMLmovi/Subject_18_F_MoSh/Subject_18_F_11.pkl,172,-0.254041
BMLmovi/Subject_18_F_MoSh/Subject_18_F_11.pkl,173,-0.222841
BMLmovi/Subject_18_F_MoSh/Subject_18_F_11.pkl,174,-0.191589
BMLmovi/Subject_31_F_MoSh/Subject_31_F_5.pkl,8,0.171157
BMLmovi/Subject_31_F_MoSh/Subject_31_F_5.pkl,12,0.23055
BMLmovi/Subject_31_F_MoSh/Subject_31_F_5.pkl,13,0.232199
BMLmovi/Subject_31_F_MoSh/Subject_31_F_5.pkl,14,0.230043
BMLmovi/Subject_31_F_MoSh/Subject_31_F_5.pkl,20,0.166921
BMLmovi/Subject_31_F_MoSh/Subject_31_F_5.pkl,21,0.152695
BMLmovi/Subject_31_F_MoSh/Subject_31_F_5.pkl,22,0.141542
BMLmovi/Subject_31_F_MoSh/Subject_31_F_5.pkl,23,0.134542
BMLmovi/Subject_31_F_MoSh/Subject_31_F_5.pkl,24,0.131927
BMLmovi/Subject_31_F_MoSh/Subject_31_F_5.pkl,25,0.132468
BMLmovi/Subject_31_F_MoSh/Subject_31_F_5.pkl,37,0.266565
BMLmovi/Subject_31_F_MoSh/Subject_31_F_5.pkl,38,0.262854
BMLmovi/Subject_31_F_MoSh/Subject_31_F_5.pkl,39,0.254069
BMLmovi/Subject_31_F_MoSh/Subject_31_F_5.pkl,40,0.242393
BMLmovi/Subject_31_F_MoSh/Subject_31_F_5.pkl,41,0.227367
BMLmovi/Subject_31_F_MoSh/Subject_31_F_5.pkl,42,0.207863
BMLmovi/Subject_31_F_MoSh/Subject_31_F_5.pkl,62,-0.241528
BMLmovi/Subject_31_F_MoSh/Subject_31_F_5.pkl,63,-0.25813
BMLmovi/Subject_31_F_MoSh/Subject_31_F_5.pkl,64,-0.267954
BMLmovi/Subject_31_F_MoSh/Subject_31_F_5.pkl,65,-0.272675
BMLmovi/Subject_31_F_MoSh/Subject_31_F_5.pkl,66,-0.27201
BMLmovi/Subject_31_F_MoSh/Subject_31_F_5.pkl,69,-0.244718
BMLmovi/Subject_31_F_MoSh/Subject_31_F_5.pkl,70,-0.231601
BMLmovi/Subject_31_F_MoSh/Subject_31_F_5.pkl,71,-0.214975
BMLmovi/Subject_31_F_MoSh/Subject_31_F_5.pkl,72,-0.196105
BMLmovi/Subject_31_F_MoSh/Subject_31_F_5.pkl,73,-0.176967
BMLmovi/Subject_31_F_MoSh/Subject_31_F_5.pkl,74,-0.158974
BMLmovi/Subject_31_F_MoSh/Subject_31_F_5.pkl,75,-0.144703
BMLmovi/Subject_31_F_MoSh/Subject_31_F_5.pkl,76,-0.134942
BMLmovi/Subject_31_F_MoSh/Subject_31_F_5.pkl,77,-0.129297
BMLmovi/Subject_31_F_MoSh/Subject_31_F_5.pkl,78,-0.127758
BMLmovi/Subject_31_F_MoSh/Subject_31_F_5.pkl,79,-0.129735
BMLmovi/Subject_31_F_MoSh/Subject_31_F_5.pkl,81,-0.140156
BMLmovi/Subject_31_F_MoSh/Subject_31_F_5.pkl,82,-0.147049
BMLmovi/Subject_31_F_MoSh/Subject_31_F_5.pkl,83,-0.157431
BMLmovi/Subject_31_F_MoSh/Subject_31_F_5.pkl,84,-0.171434
BMLmovi/Subject_31_F_MoSh/Subject_31_F_5.pkl,89,-0.255749
BMLmovi/Subject_31_F_MoSh/Subject_31_F_5.pkl,90,-0.267875
BMLmovi/Subject_31_F_MoSh/Subject_31_F_5.pkl,91,-0.275332
BMLmovi/Subject_31_F_MoSh/Subject_31_F_5.pkl,92,-0.277144
BMLmovi/Subject_31_F_MoSh/Subject_31_F_5.pkl,93,-0.274496
BMLmovi/Subject_31_F_MoSh/Subject_31_F_5.pkl,94,-0.267163
BMLmovi/Subject_31_F_MoSh/Subject_31_F_5.pkl,95,-0.255449
BMLmovi/Subject_31_F_MoSh/Subject_31_F_5.pkl,96,-0.240102
BMLmovi/Subject_31_F_MoSh/Subject_31_F_5.pkl,97,-0.221844
BMLmovi/Subject_31_F_MoSh/Subject_31_F_5.pkl,98,-0.201428
BMLmovi/Subject_32_F_MoSh/Subject_32_F_5.pkl,55,-0.22438
BMLmovi/Subject_32_F_MoSh/Subject_32_F_5.pkl,56,-0.244107
BMLmovi/Subject_32_F_MoSh/Subject_32_F_5.pkl,57,-0.258475
BMLmovi/Subject_32_F_MoSh/Subject_32_F_5.pkl,58,-0.265849
BMLmovi/Subject_32_F_MoSh/Subject_32_F_5.pkl,59,-0.26655
BMLmovi/Subject_32_F_MoSh/Subject_32_F_5.pkl,60,-0.26279
BMLmovi/Subject_32_F_MoSh/Subject_32_F_5.pkl,61,-0.255438
BMLmovi/Subject_32_F_MoSh/Subject_32_F_5.pkl,62,-0.244496
BMLmovi/Subject_32_F_MoSh/Subject_32_F_5.pkl,63,-0.230207
BMLmovi/Subject_32_F_MoSh/Subject_32_F_5.pkl,64,-0.212192
BMLmovi/Subject_32_F_MoSh/Subject_32_F_5.pkl,65,-0.188325
BMLmovi/Subject_32_F_MoSh/Subject_32_F_5.pkl,66,-0.161024
BMLmovi/Subject_32_F_MoSh/Subject_32_F_5.pkl,67,-0.137534
BMLmovi/Subject_32_F_MoSh/Subject_32_F_5.pkl,68,-0.120384
BMLmovi/Subject_32_F_MoSh/Subject_32_F_5.pkl,69,-0.108224
BMLmovi/Subject_32_F_MoSh/Subject_32_F_5.pkl,72,-0.102319
BMLmovi/Subject_32_F_MoSh/Subject_32_F_5.pkl,73,-0.106309
BMLmovi/Subject_32_F_MoSh/Subject_32_F_5.pkl,74,-0.11247
BMLmovi/Subject_32_F_MoSh/Subject_32_F_5.pkl,75,-0.121313
BMLmovi/Subject_32_F_MoSh/Subject_32_F_5.pkl,76,-0.133533
BMLmovi/Subject_32_F_MoSh/Subject_32_F_5.pkl,77,-0.150901
BMLmovi/Subject_32_F_MoSh/Subject_32_F_5.pkl,78,-0.172894
BMLmovi/Subject_32_F_MoSh/Subject_32_F_5.pkl,79,-0.197749
BMLmovi/Subject_32_F_MoSh/Subject_32_F_5.pkl,80,-0.224157
BMLmovi/Subject_32_F_MoSh/Subject_32_F_5.pkl,81,-0.248605
BMLmovi/Subject_32_F_MoSh/Subject_32_F_5.pkl,82,-0.268772
BMLmovi/Subject_32_F_MoSh/Subject_32_F_5.pkl,83,-0.281874
BMLmovi/Subject_32_F_MoSh/Subject_32_F_5.pkl,84,-0.288624
BMLmovi/Subject_32_F_MoSh/Subject_32_F_5.pkl,85,-0.289688
BMLmovi/Subject_32_F_MoSh/Subject_32_F_5.pkl,86,-0.286002
BMLmovi/Subject_32_F_MoSh/Subject_32_F_5.pkl,87,-0.278205
BMLmovi/Subject_32_F_MoSh/Subject_32_F_5.pkl,88,-0.2668
BMLmovi/Subject_32_F_MoSh/Subject_32_F_5.pkl,89,-0.251497
BMLmovi/Subject_32_F_MoSh/Subject_32_F_5.pkl,90,-0.231694
BMLmovi/Subject_32_F_MoSh/Subject_32_F_5.pkl,91,-0.207664
BMLmovi/Subject_32_F_MoSh/Subject_32_F_5.pkl,92,-0.178884
BMLmovi/Subject_32_F_MoSh/Subject_32_F_5.pkl,93,-0.149745
BMLmovi/Subject_32_F_MoSh/Subject_32_F_5.pkl,94,-0.124146
BMLmovi/Subject_32_F_MoSh/Subject_32_F_5.pkl,95,-0.104446
BMLmovi/Subject_32_F_MoSh/Subject_32_F_5.pkl,96,-0.090912
BMLmovi/Subject_32_F_MoSh/Subject_32_F_5.pkl,97,-0.083015
BMLmovi/Subject_32_F_MoSh/Subject_32_F_5.pkl,98,-0.078781
BMLmovi/Subject_32_F_MoSh/Subject_32_F_5.pkl,110,-0.236785
BMLmovi/Subject_32_F_MoSh/Subject_32_F_5.pkl,113,-0.330721
BMLmovi/Subject_32_F_MoSh/Subject_32_F_5.pkl,114,-0.350068
BMLmovi/Subject_32_F_MoSh/Subject_32_F_5.pkl,115,-0.361866
BMLmovi/Subject_32_F_MoSh/Subject_32_F_5.pkl,116,-0.365881
BMLmovi/Subject_32_F_MoSh/Subject_32_F_5.pkl,117,-0.363883
BMLmovi/Subject_32_F_MoSh/Subject_32_F_5.pkl,118,-0.356893
BMLmovi/Subject_32_F_MoSh/Subject_32_F_5.pkl,119,-0.345385
BMLmovi/Subject_32_F_MoSh/Subject_32_F_5.pkl,120,-0.330436
BMLmovi/Subject_32_F_MoSh/Subject_32_F_5.pkl,121,-0.310076
BMLmovi/Subject_32_F_MoSh/Subject_32_F_5.pkl,122,-0.283103
BMLmovi/Subject_32_F_MoSh/Subject_32_F_5.pkl,123,-0.250542
BMLmovi/Subject_32_F_MoSh/Subject_32_F_5.pkl,124,-0.214716
BMLmovi/Subject_32_F_MoSh/Subject_32_F_5.pkl,125,-0.182857
BMLmovi/Subject_32_F_MoSh/Subject_32_F_5.pkl,126,-0.1578
BMLmovi/Subject_32_F_MoSh/Subject_32_F_5.pkl,127,-0.13756
BMLmovi/Subject_32_F_MoSh/Subject_32_F_5.pkl,128,-0.123348
BMLmovi/Subject_32_F_MoSh/Subject_32_F_5.pkl,129,-0.113932
BMLmovi/Subject_32_F_MoSh/Subject_32_F_5.pkl,130,-0.108018
BMLmovi/Subject_32_F_MoSh/Subject_32_F_5.pkl,131,-0.104772
BMLmovi/Subject_32_F_MoSh/Subject_32_F_5.pkl,142,-0.285922
BMLmovi/Subject_32_F_MoSh/Subject_32_F_5.pkl,143,-0.3047
BMLmovi/Subject_34_F_MoSh/Subject_34_F_10.pkl,15,-0.289843
BMLmovi/Subject_34_F_MoSh/Subject_34_F_10.pkl,16,-0.274395
BMLmovi/Subject_34_F_MoSh/Subject_34_F_10.pkl,17,-0.253873
BMLmovi/Subject_34_F_MoSh/Subject_34_F_10.pkl,18,-0.230177
BMLmovi/Subject_34_F_MoSh/Subject_34_F_10.pkl,19,-0.207809
BMLmovi/Subject_34_F_MoSh/Subject_34_F_10.pkl,20,-0.194048
BMLmovi/Subject_34_F_MoSh/Subject_34_F_10.pkl,21,-0.188721
BMLmovi/Subject_34_F_MoSh/Subject_34_F_10.pkl,22,-0.190681
BMLmovi/Subject_34_F_MoSh/Subject_34_F_10.pkl,23,-0.198571
BMLmovi/Subject_34_F_MoSh/Subject_34_F_10.pkl,30,-0.343566
BMLmovi/Subject_34_F_MoSh/Subject_34_F_10.pkl,31,-0.35781
BMLmovi/Subject_34_F_MoSh/Subject_34_F_10.pkl,32,-0.364983
BMLmovi/Subject_34_F_MoSh/Subject_34_F_10.pkl,33,-0.365474
BMLmovi/Subject_34_F_MoSh/Subject_34_F_10.pkl,34,-0.360351
BMLmovi/Subject_34_F_MoSh/Subject_34_F_10.pkl,35,-0.351132
BMLmovi/Subject_34_F_MoSh/Subject_34_F_10.pkl,36,-0.338532
BMLmovi/Subject_34_F_MoSh/Subject_34_F_10.pkl,37,-0.322573
BMLmovi/Subject_34_F_MoSh/Subject_34_F_10.pkl,38,-0.301496
BMLmovi/Subject_34_F_MoSh/Subject_34_F_10.pkl,39,-0.273961
BMLmovi/Subject_34_F_MoSh/Subject_34_F_10.pkl,40,-0.242159
BMLmovi/Subject_34_F_MoSh/Subject_34_F_10.pkl,41,-0.209958
BMLmovi/Subject_34_F_MoSh/Subject_34_F_10.pkl,42,-0.183331
BMLmovi/Subject_34_F_MoSh/Subject_34_F_10.pkl,43,-0.165432
BMLmovi/Subject_34_F_MoSh/Subject_34_F_10.pkl,44,-0.154308
BMLmovi/Subject_34_F_MoSh/Subject_34_F_10.pkl,45,-0.149795
BMLmovi/Subject_34_F_MoSh/Subject_34_F_10.pkl,46,-0.150763
BMLmovi/Subject_34_F_MoSh/Subject_34_F_10.pkl,47,-0.155293
BMLmovi/Subject_34_F_MoSh/Subject_34_F_10.pkl,48,-0.16345
BMLmovi/Subject_34_F_MoSh/Subject_34_F_10.pkl,49,-0.174649
BMLmovi/Subject_34_F_MoSh/Subject_34_F_10.pkl,50,-0.189457
BMLmovi/Subject_34_F_MoSh/Subject_34_F_10.pkl,51,-0.204931
BMLmovi/Subject_34_F_MoSh/Subject_34_F_10.pkl,84,0.346714
BMLmovi/Subject_34_F_MoSh/Subject_34_F_10.pkl,107,0.319016
BMLmovi/Subject_34_F_MoSh/Subject_34_F_10.pkl,108,0.283357
BMLmovi/Subject_34_F_MoSh/Subject_34_F_10.pkl,109,0.253415
BMLmovi/Subject_34_F_MoSh/Subject_34_F_10.pkl,110,0.232566
BMLmovi/Subject_34_F_MoSh/Subject_34_F_10.pkl,111,0.219244
BMLmovi/Subject_34_F_MoSh/Subject_34_F_10.pkl,112,0.213835
BMLmovi/Subject_34_F_MoSh/Subject_34_F_10.pkl,113,0.215759
BMLmovi/Subject_34_F_MoSh/Subject_34_F_10.pkl,168,-0.338114
BMLmovi/Subject_34_F_MoSh/Subject_34_F_10.pkl,169,-0.376174
BMLmovi/Subject_34_F_MoSh/Subject_34_F_10.pkl,170,-0.402811
BMLmovi/Subject_34_F_MoSh/Subject_34_F_10.pkl,171,-0.420431
BMLmovi/Subject_34_F_MoSh/Subject_34_F_10.pkl,172,-0.429033
BMLmovi/Subject_34_F_MoSh/Subject_34_F_10.pkl,173,-0.429908
BMLmovi/Subject_34_F_MoSh/Subject_34_F_10.pkl,174,-0.424927
BMLmovi/Subject_34_F_MoSh/Subject_34_F_10.pkl,175,-0.414894
BMLmovi/Subject_34_F_MoSh/Subject_34_F_10.pkl,176,-0.400331
BMLmovi/Subject_34_F_MoSh/Subject_34_F_10.pkl,177,-0.380935
BMLmovi/Subject_34_F_MoSh/Subject_34_F_10.pkl,186,-0.223793
BMLmovi/Subject_34_F_MoSh/Subject_34_F_10.pkl,187,-0.235557
BMLmovi/Subject_35_F_MoSh/Subject_35_F_20.pkl,53,0.209094
BMLmovi/Subject_35_F_MoSh/Subject_35_F_20.pkl,54,0.180629
BMLmovi/Subject_35_F_MoSh/Subject_35_F_20.pkl,55,0.149357
BMLmovi/Subject_35_F_MoSh/Subject_35_F_20.pkl,56,0.11744
BMLmovi/Subject_35_F_MoSh/Subject_35_F_20.pkl,57,0.087611
BMLmovi/Subject_35_F_MoSh/Subject_35_F_20.pkl,58,0.060649
BMLmovi/Subject_35_F_MoSh/Subject_35_F_20.pkl,77,-0.372876
BMLmovi/Subject_35_F_MoSh/Subject_35_F_20.pkl,78,-0.362611
BMLmovi/Subject_35_F_MoSh/Subject_35_F_20.pkl,79,-0.348979
BMLmovi/Subject_35_F_MoSh/Subject_35_F_20.pkl,80,-0.331999
BMLmovi/Subject_35_F_MoSh/Subject_35_F_20.pkl,81,-0.311772
BMLmovi/Subject_35_F_MoSh/Subject_35_F_20.pkl,82,-0.289034
BMLmovi/Subject_35_F_MoSh/Subject_35_F_20.pkl,83,-0.265474
BMLmovi/Subject_35_F_MoSh/Subject_35_F_20.pkl,109,-0.329015
BMLmovi/Subject_35_F_MoSh/Subject_35_F_20.pkl,110,-0.306298
BMLmovi/Subject_35_F_MoSh/Subject_35_F_20.pkl,111,-0.280866
BMLmovi/Subject_35_F_MoSh/Subject_35_F_20.pkl,112,-0.256122
BMLmovi/Subject_35_F_MoSh/Subject_35_F_20.pkl,113,-0.235207
BMLmovi/Subject_35_F_MoSh/Subject_35_F_20.pkl,114,-0.217714
BMLmovi/Subject_35_F_MoSh/Subject_35_F_20.pkl,115,-0.203554
BMLmovi/Subject_35_F_MoSh/Subject_35_F_20.pkl,116,-0.191922
BMLmovi/Subject_35_F_MoSh/Subject_35_F_20.pkl,117,-0.182952
BMLmovi/Subject_35_F_MoSh/Subject_35_F_20.pkl,118,-0.178655
BMLmovi/Subject_35_F_MoSh/Subject_35_F_20.pkl,119,-0.177157
BMLmovi/Subject_35_F_MoSh/Subject_35_F_20.pkl,120,-0.178158
BMLmovi/Subject_35_F_MoSh/Subject_35_F_20.pkl,121,-0.179881
BMLmovi/Subject_35_F_MoSh/Subject_35_F_20.pkl,122,-0.182222
BMLmovi/Subject_35_F_MoSh/Subject_35_F_20.pkl,123,-0.185923
BMLmovi/Subject_35_F_MoSh/Subject_35_F_20.pkl,124,-0.192436
BMLmovi/Subject_35_F_MoSh/Subject_35_F_20.pkl,125,-0.202621
BMLmovi/Subject_35_F_MoSh/Subject_35_F_20.pkl,131,-0.32709
BMLmovi/Subject_35_F_MoSh/Subject_35_F_20.pkl,132,-0.339918
BMLmovi/Subject_35_F_MoSh/Subject_35_F_20.pkl,133,-0.347963
BMLmovi/Subject_35_F_MoSh/Subject_35_F_20.pkl,134,-0.35158
BMLmovi/Subject_35_F_MoSh/Subject_35_F_20.pkl,135,-0.350327
BMLmovi/Subject_35_F_MoSh/Subject_35_F_20.pkl,136,-0.344519
BMLmovi/Subject_35_F_MoSh/Subject_35_F_20.pkl,137,-0.334428
BMLmovi/Subject_35_F_MoSh/Subject_35_F_20.pkl,138,-0.320422
BMLmovi/Subject_35_F_MoSh/Subject_35_F_20.pkl,139,-0.303349
BMLmovi/Subject_35_F_MoSh/Subject_35_F_20.pkl,140,-0.283884
BMLmovi/Subject_35_F_MoSh/Subject_35_F_20.pkl,141,-0.263525
BMLmovi/Subject_35_F_MoSh/Subject_35_F_20.pkl,142,-0.242923
BMLmovi/Subject_35_F_MoSh/Subject_35_F_20.pkl,143,-0.225135
BMLmovi/Subject_35_F_MoSh/Subject_35_F_20.pkl,144,-0.21035
BMLmovi/Subject_35_F_MoSh/Subject_35_F_20.pkl,145,-0.198595
BMLmovi/Subject_35_F_MoSh/Subject_35_F_20.pkl,146,-0.189096
BMLmovi/Subject_35_F_MoSh/Subject_35_F_20.pkl,147,-0.182605
BMLmovi/Subject_35_F_MoSh/Subject_35_F_20.pkl,148,-0.1797
BMLmovi/Subject_35_F_MoSh/Subject_35_F_20.pkl,149,-0.179946
BMLmovi/Subject_35_F_MoSh/Subject_35_F_20.pkl,197,0.281271
BMLmovi/Subject_35_F_MoSh/Subject_35_F_20.pkl,198,0.2573
BMLmovi/Subject_35_F_MoSh/Subject_35_F_20.pkl,199,0.237571
BMLmovi/Subject_35_F_MoSh/Subject_35_F_20.pkl,200,0.221556
BMLmovi/Subject_35_F_MoSh/Subject_35_F_20.pkl,201,0.209937
BMLmovi/Subject_35_F_MoSh/Subject_35_F_20.pkl,230,0.203883
BMLmovi/Subject_35_F_MoSh/Subject_35_F_20.pkl,231,0.18084
BMLmovi/Subject_35_F_MoSh/Subject_35_F_20.pkl,232,0.159508
BMLmovi/Subject_35_F_MoSh/Subject_35_F_20.pkl,233,0.140625
BMLmovi/Subject_46_F_MoSh/Subject_46_F_14.pkl,0,-0.072391
BMLmovi/Subject_46_F_MoSh/Subject_46_F_14.pkl,1,-0.097564
BMLmovi/Subject_46_F_MoSh/Subject_46_F_14.pkl,2,-0.126856
BMLmovi/Subject_46_F_MoSh/Subject_46_F_14.pkl,3,-0.158727
BMLmovi/Subject_46_F_MoSh/Subject_46_F_14.pkl,4,-0.190904
BMLmovi/Subject_46_F_MoSh/Subject_46_F_14.pkl,5,-0.219988
BMLmovi/Subject_46_F_MoSh/Subject_46_F_14.pkl,6,-0.243376
BMLmovi/Subject_46_F_MoSh/Subject_46_F_14.pkl,7,-0.26145
BMLmovi/Subject_46_F_MoSh/Subject_46_F_14.pkl,8,-0.275675
BMLmovi/Subject_46_F_MoSh/Subject_46_F_14.pkl,9,-0.284448
BMLmovi/Subject_46_F_MoSh/Subject_46_F_14.pkl,10,-0.287593
BMLmovi/Subject_46_F_MoSh/Subject_46_F_14.pkl,11,-0.286414
BMLmovi/Subject_46_F_MoSh/Subject_46_F_14.pkl,12,-0.281864
BMLmovi/Subject_46_F_MoSh/Subject_46_F_14.pkl,13,-0.273014
BMLmovi/Subject_46_F_MoSh/Subject_46_F_14.pkl,14,-0.261494
BMLmovi/Subject_46_F_MoSh/Subject_46_F_14.pkl,15,-0.248169
BMLmovi/Subject_46_F_MoSh/Subject_46_F_14.pkl,16,-0.232573
BMLmovi/Subject_46_F_MoSh/Subject_46_F_14.pkl,17,-0.216825
BMLmovi/Subject_46_F_MoSh/Subject_46_F_14.pkl,18,-0.20586
BMLmovi/Subject_46_F_MoSh/Subject_46_F_14.pkl,19,-0.200694
BMLmovi/Subject_46_F_MoSh/Subject_46_F_14.pkl,20,-0.199853
BMLmovi/Subject_46_F_MoSh/Subject_46_F_14.pkl,21,-0.204293
BMLmovi/Subject_46_F_MoSh/Subject_46_F_14.pkl,33,-0.430366
BMLmovi/Subject_46_F_MoSh/Subject_46_F_14.pkl,34,-0.425655
BMLmovi/Subject_46_F_MoSh/Subject_46_F_14.pkl,35,-0.413889
BMLmovi/Subject_46_F_MoSh/Subject_46_F_14.pkl,36,-0.396422
BMLmovi/Subject_46_F_MoSh/Subject_46_F_14.pkl,37,-0.372471
BMLmovi/Subject_46_F_MoSh/Subject_46_F_14.pkl,38,-0.342499
BMLmovi/Subject_46_F_MoSh/Subject_46_F_14.pkl,39,-0.30778
BMLmovi/Subject_46_F_MoSh/Subject_46_F_14.pkl,40,-0.269615
BMLmovi/Subject_46_F_MoSh/Subject_46_F_14.pkl,41,-0.230676
BMLmovi/Subject_46_F_MoSh/Subject_46_F_14.pkl,42,-0.193747
BMLmovi/Subject_46_F_MoSh/Subject_46_F_14.pkl,43,-0.159546
BMLmovi/Subject_46_F_MoSh/Subject_46_F_14.pkl,44,-0.128948
BMLmovi/Subject_46_F_MoSh/Subject_46_F_14.pkl,56,0.228563
BMLmovi/Subject_46_F_MoSh/Subject_46_F_14.pkl,57,0.267057
BMLmovi/Subject_46_F_MoSh/Subject_46_F_14.pkl,58,0.300562
BMLmovi/Subject_46_F_MoSh/Subject_46_F_14.pkl,59,0.324942
BMLmovi/Subject_46_F_MoSh/Subject_46_F_14.pkl,60,0.341682
BMLmovi/Subject_46_F_MoSh/Subject_46_F_14.pkl,61,0.351518
BMLmovi/Subject_46_F_MoSh/Subject_46_F_14.pkl,62,0.356017
BMLmovi/Subject_46_F_MoSh/Subject_46_F_14.pkl,63,0.355781
BMLmovi/Subject_46_F_MoSh/Subject_46_F_14.pkl,64,0.351918
BMLmovi/Subject_46_F_MoSh/Subject_46_F_14.pkl,65,0.343093
BMLmovi/Subject_46_F_MoSh/Subject_46_F_14.pkl,67,0.309593
BMLmovi/Subject_46_F_MoSh/Subject_46_F_14.pkl,68,0.286176
BMLmovi/Subject_46_F_MoSh/Subject_46_F_14.pkl,69,0.260448
BMLmovi/Subject_46_F_MoSh/Subject_46_F_14.pkl,70,0.237304
BMLmovi/Subject_46_F_MoSh/Subject_46_F_14.pkl,71,0.222563
BMLmovi/Subject_46_F_MoSh/Subject_46_F_14.pkl,72,0.213407
BMLmovi/Subject_46_F_MoSh/Subject_46_F_14.pkl,93,0.289326
BMLmovi/Subject_46_F_MoSh/Subject_46_F_14.pkl,94,0.269495
BMLmovi/Subject_46_F_MoSh/Subject_46_F_14.pkl,95,0.255825
BMLmovi/Subject_46_F_MoSh/Subject_46_F_14.pkl,96,0.247775
BMLmovi/Subject_46_F_MoSh/Subject_46_F_14.pkl,115,0.367808
BMLmovi/Subject_46_F_MoSh/Subject_46_F_14.pkl,116,0.335555
BMLmovi/Subject_46_F_MoSh/Subject_46_F_14.pkl,117,0.297596
BMLmovi/Subject_46_F_MoSh/Subject_46_F_14.pkl,118,0.257058
BMLmovi/Subject_46_F_MoSh/Subject_46_F_14.pkl,119,0.216493
BMLmovi/Subject_46_F_MoSh/Subject_46_F_14.pkl,135,-0.248095
BMLmovi/Subject_46_F_MoSh/Subject_46_F_14.pkl,136,-0.272585
BMLmovi/Subject_46_F_MoSh/Subject_46_F_14.pkl,137,-0.288801
BMLmovi/Subject_46_F_MoSh/Subject_46_F_14.pkl,138,-0.2993
BMLmovi/Subject_46_F_MoSh/Subject_46_F_14.pkl,139,-0.304556
BMLmovi/Subject_46_F_MoSh/Subject_46_F_14.pkl,140,-0.305176
BMLmovi/Subject_46_F_MoSh/Subject_46_F_14.pkl,141,-0.302519
BMLmovi/Subject_46_F_MoSh/Subject_46_F_14.pkl,142,-0.298689
BMLmovi/Subject_46_F_MoSh/Subject_46_F_14.pkl,143,-0.292293
BMLmovi/Subject_46_F_MoSh/Subject_46_F_14.pkl,144,-0.282587
BMLmovi/Subject_46_F_MoSh/Subject_46_F_14.pkl,145,-0.268815
BMLmovi/Subject_46_F_MoSh/Subject_46_F_14.pkl,146,-0.25136
BMLmovi/Subject_46_F_MoSh/Subject_46_F_14.pkl,147,-0.234343
BMLmovi/Subject_46_F_MoSh/Subject_46_F_14.pkl,151,-0.211058
BMLmovi/Subject_50_F_MoSh/Subject_50_F_4.pkl,60,0.133956
BMLmovi/Subject_50_F_MoSh/Subject_50_F_4.pkl,98,-0.313491
BMLmovi/Subject_50_F_MoSh/Subject_50_F_4.pkl,99,-0.319814
BMLmovi/Subject_50_F_MoSh/Subject_50_F_4.pkl,100,-0.320074
BMLmovi/Subject_50_F_MoSh/Subject_50_F_4.pkl,101,-0.315809
BMLmovi/Subject_50_F_MoSh/Subject_50_F_4.pkl,102,-0.308043
BMLmovi/Subject_50_F_MoSh/Subject_50_F_4.pkl,103,-0.296627
BMLmovi/Subject_50_F_MoSh/Subject_50_F_4.pkl,104,-0.282589
BMLmovi/Subject_50_F_MoSh/Subject_50_F_4.pkl,105,-0.265898
BMLmovi/Subject_50_F_MoSh/Subject_50_F_4.pkl,106,-0.247097
BMLmovi/Subject_50_F_MoSh/Subject_50_F_4.pkl,107,-0.223572
BMLmovi/Subject_50_F_MoSh/Subject_50_F_4.pkl,108,-0.199173
BMLmovi/Subject_50_F_MoSh/Subject_50_F_4.pkl,109,-0.179174
BMLmovi/Subject_50_F_MoSh/Subject_50_F_4.pkl,110,-0.164512
BMLmovi/Subject_50_F_MoSh/Subject_50_F_4.pkl,111,-0.15573
BMLmovi/Subject_50_F_MoSh/Subject_50_F_4.pkl,112,-0.152858
BMLmovi/Subject_50_F_MoSh/Subject_50_F_4.pkl,113,-0.155154
BMLmovi/Subject_50_F_MoSh/Subject_50_F_4.pkl,114,-0.161571
BMLmovi/Subject_50_F_MoSh/Subject_50_F_4.pkl,115,-0.170506
BMLmovi/Subject_50_F_MoSh/Subject_50_F_4.pkl,116,-0.18123
BMLmovi/Subject_50_F_MoSh/Subject_50_F_4.pkl,117,-0.194202
BMLmovi/Subject_50_F_MoSh/Subject_50_F_4.pkl,118,-0.210163
BMLmovi/Subject_50_F_MoSh/Subject_50_F_4.pkl,125,-0.314739
BMLmovi/Subject_50_F_MoSh/Subject_50_F_4.pkl,126,-0.309889
BMLmovi/Subject_50_F_MoSh/Subject_50_F_4.pkl,127,-0.301041
BMLmovi/Subject_50_F_MoSh/Subject_50_F_4.pkl,128,-0.287392
BMLmovi/Subject_50_F_MoSh/Subject_50_F_4.pkl,129,-0.268842
BMLmovi/Subject_50_F_MoSh/Subject_50_F_4.pkl,130,-0.245991
BMLmovi/Subject_50_F_MoSh/Subject_50_F_4.pkl,131,-0.220758
BMLmovi/Subject_50_F_MoSh/Subject_50_F_4.pkl,132,-0.196253
BMLmovi/Subject_50_F_MoSh/Subject_50_F_4.pkl,133,-0.17391
BMLmovi/Subject_50_F_MoSh/Subject_50_F_4.pkl,134,-0.154878
BMLmovi/Subject_50_F_MoSh/Subject_50_F_4.pkl,135,-0.136605
BMLmovi/Subject_50_F_MoSh/Subject_50_F_4.pkl,136,-0.121211
BMLmovi/Subject_50_F_MoSh/Subject_50_F_4.pkl,137,-0.110308
BMLmovi/Subject_50_F_MoSh/Subject_50_F_4.pkl,138,-0.102665
BMLmovi/Subject_50_F_MoSh/Subject_50_F_4.pkl,139,-0.098211
BMLmovi/Subject_50_F_MoSh/Subject_50_F_4.pkl,140,-0.097344
BMLmovi/Subject_50_F_MoSh/Subject_50_F_4.pkl,141,-0.099443
BMLmovi/Subject_50_F_MoSh/Subject_50_F_4.pkl,142,-0.103986
BMLmovi/Subject_50_F_MoSh/Subject_50_F_4.pkl,143,-0.110083
BMLmovi/Subject_50_F_MoSh/Subject_50_F_4.pkl,144,-0.116454
BMLmovi/Subject_50_F_MoSh/Subject_50_F_4.pkl,145,-0.125963
BMLmovi/Subject_50_F_MoSh/Subject_50_F_4.pkl,146,-0.140078
BMLmovi/Subject_50_F_MoSh/Subject_50_F_4.pkl,147,-0.159354
BMLmovi/Subject_50_F_MoSh/Subject_50_F_4.pkl,148,-0.184098
BMLmovi/Subject_50_F_MoSh/Subject_50_F_4.pkl,154,-0.308972
BMLmovi/Subject_50_F_MoSh/Subject_50_F_4.pkl,155,-0.308406
BMLmovi/Subject_50_F_MoSh/Subject_50_F_4.pkl,156,-0.303804
BMLmovi/Subject_50_F_MoSh/Subject_50_F_4.pkl,157,-0.29553
BMLmovi/Subject_50_F_MoSh/Subject_50_F_4.pkl,162,-0.200205
BMLmovi/Subject_50_F_MoSh/Subject_50_F_4.pkl,163,-0.175781
BMLmovi/Subject_50_F_MoSh/Subject_50_F_4.pkl,164,-0.154077
BMLmovi/Subject_50_F_MoSh/Subject_50_F_4.pkl,165,-0.135331
BMLmovi/Subject_50_F_MoSh/Subject_50_F_4.pkl,166,-0.121198
BMLmovi/Subject_50_F_MoSh/Subject_50_F_4.pkl,167,-0.111164
BMLmovi/Subject_50_F_MoSh/Subject_50_F_4.pkl,168,-0.103132
BMLmovi/Subject_50_F_MoSh/Subject_50_F_4.pkl,169,-0.096521
BMLmovi/Subject_50_F_MoSh/Subject_50_F_4.pkl,170,-0.092176
BMLmovi/Subject_50_F_MoSh/Subject_50_F_4.pkl,171,-0.089843
BMLmovi/Subject_50_F_MoSh/Subject_50_F_4.pkl,175,-0.09633
BMLmovi/Subject_50_F_MoSh/Subject_50_F_4.pkl,176,-0.105042
BMLmovi/Subject_50_F_MoSh/Subject_50_F_4.pkl,183,-0.243683
BMLmovi/Subject_50_F_MoSh/Subject_50_F_4.pkl,184,-0.26053
BMLmovi/Subject_50_F_MoSh/Subject_50_F_4.pkl,185,-0.272843
BMLmovi/Subject_50_F_MoSh/Subject_50_F_4.pkl,186,-0.279212
BMLmovi/Subject_50_F_MoSh/Subject_50_F_4.pkl,187,-0.279277
BMLmovi/Subject_50_F_MoSh/Subject_50_F_4.pkl,188,-0.275072
BMLmovi/Subject_50_F_MoSh/Subject_50_F_4.pkl,189,-0.267467
BMLmovi/Subject_50_F_MoSh/Subject_50_F_4.pkl,190,-0.258086
BMLmovi/Subject_50_F_MoSh/Subject_50_F_4.pkl,191,-0.247549
BMLmovi/Subject_50_F_MoSh/Subject_50_F_4.pkl,192,-0.235747
BMLmovi/Subject_50_F_MoSh/Subject_50_F_4.pkl,193,-0.221111
BMLmovi/Subject_50_F_MoSh/Subject_50_F_4.pkl,194,-0.202699
BMLmovi/Subject_50_F_MoSh/Subject_50_F_4.pkl,195,-0.182681
BMLmovi/Subject_50_F_MoSh/Subject_50_F_4.pkl,196,-0.16627
BMLmovi/Subject_50_F_MoSh/Subject_50_F_4.pkl,197,-0.155136
BMLmovi/Subject_50_F_MoSh/Subject_50_F_4.pkl,212,-0.33617
BMLmovi/Subject_50_F_MoSh/Subject_50_F_4.pkl,213,-0.331132
BMLmovi/Subject_50_F_MoSh/Subject_50_F_4.pkl,214,-0.322336
BMLmovi/Subject_50_F_MoSh/Subject_50_F_4.pkl,215,-0.309911
BMLmovi/Subject_50_F_MoSh/Subject_50_F_4.pkl,216,-0.294055
BMLmovi/Subject_50_F_MoSh/Subject_50_F_4.pkl,217,-0.274619
BMLmovi/Subject_50_F_MoSh/Subject_50_F_4.pkl,218,-0.252908
BMLmovi/Subject_50_F_MoSh/Subject_50_F_4.pkl,219,-0.227246
BMLmovi/Subject_50_F_MoSh/Subject_50_F_4.pkl,220,-0.197087
BMLmovi/Subject_50_F_MoSh/Subject_50_F_4.pkl,221,-0.168143
BMLmovi/Subject_50_F_MoSh/Subject_50_F_4.pkl,222,-0.146007
BMLmovi/Subject_50_F_MoSh/Subject_50_F_4.pkl,223,-0.131387
BMLmovi/Subject_50_F_MoSh/Subject_50_F_4.pkl,224,-0.12366
BMLmovi/Subject_52_F_MoSh/Subject_52_F_8.pkl,12,-0.250093
BMLmovi/Subject_52_F_MoSh/Subject_52_F_8.pkl,17,-0.213712
BMLmovi/Subject_52_F_MoSh/Subject_52_F_8.pkl,18,-0.19857
BMLmovi/Subject_52_F_MoSh/Subject_52_F_8.pkl,19,-0.185406
BMLmovi/Subject_52_F_MoSh/Subject_52_F_8.pkl,20,-0.178526
BMLmovi/Subject_52_F_MoSh/Subject_52_F_8.pkl,21,-0.180293
BMLmovi/Subject_52_F_MoSh/Subject_52_F_8.pkl,30,-0.344435
BMLmovi/Subject_52_F_MoSh/Subject_52_F_8.pkl,31,-0.346358
BMLmovi/Subject_52_F_MoSh/Subject_52_F_8.pkl,32,-0.344078
BMLmovi/Subject_52_F_MoSh/Subject_52_F_8.pkl,33,-0.337399
BMLmovi/Subject_52_F_MoSh/Subject_52_F_8.pkl,34,-0.325609
BMLmovi/Subject_52_F_MoSh/Subject_52_F_8.pkl,35,-0.308296
BMLmovi/Subject_52_F_MoSh/Subject_52_F_8.pkl,36,-0.285769
BMLmovi/Subject_52_F_MoSh/Subject_52_F_8.pkl,37,-0.260079
BMLmovi/Subject_52_F_MoSh/Subject_52_F_8.pkl,38,-0.234251
BMLmovi/Subject_52_F_MoSh/Subject_52_F_8.pkl,39,-0.211343
BMLmovi/Subject_52_F_MoSh/Subject_52_F_8.pkl,40,-0.195815
BMLmovi/Subject_52_F_MoSh/Subject_52_F_8.pkl,52,-0.398123
BMLmovi/Subject_52_F_MoSh/Subject_52_F_8.pkl,84,0.21512
BMLmovi/Subject_52_F_MoSh/Subject_52_F_8.pkl,91,0.344194
BMLmovi/Subject_52_F_MoSh/Subject_52_F_8.pkl,92,0.33981
BMLmovi/Subject_52_F_MoSh/Subject_52_F_8.pkl,93,0.328523
BMLmovi/Subject_52_F_MoSh/Subject_52_F_8.pkl,94,0.310612
BMLmovi/Subject_52_F_MoSh/Subject_52_F_8.pkl,95,0.285623
BMLmovi/Subject_52_F_MoSh/Subject_52_F_8.pkl,96,0.256376
BMLmovi/Subject_52_F_MoSh/Subject_52_F_8.pkl,97,0.228927
BMLmovi/Subject_52_F_MoSh/Subject_52_F_8.pkl,111,0.409929
BMLmovi/Subject_52_F_MoSh/Subject_52_F_8.pkl,112,0.412239
BMLmovi/Subject_52_F_MoSh/Subject_52_F_8.pkl,113,0.408969
BMLmovi/Subject_52_F_MoSh/Subject_52_F_8.pkl,114,0.400699
BMLmovi/Subject_52_F_MoSh/Subject_52_F_8.pkl,115,0.386367
BMLmovi/Subject_52_F_MoSh/Subject_52_F_8.pkl,116,0.365488
BMLmovi/Subject_52_F_MoSh/Subject_52_F_8.pkl,117,0.338668
BMLmovi/Subject_52_F_MoSh/Subject_52_F_8.pkl,118,0.307617
BMLmovi/Subject_52_F_MoSh/Subject_52_F_8.pkl,119,0.277684
BMLmovi/Subject_52_F_MoSh/Subject_52_F_8.pkl,120,0.254423
BMLmovi/Subject_52_F_MoSh/Subject_52_F_8.pkl,121,0.241097
BMLmovi/Subject_52_F_MoSh/Subject_52_F_8.pkl,122,0.235856
BMLmovi/Subject_52_F_MoSh/Subject_52_F_8.pkl,123,0.239124
BMLmovi/Subject_52_F_MoSh/Subject_52_F_8.pkl,124,0.250363
BMLmovi/Subject_52_F_MoSh/Subject_52_F_8.pkl,127,0.326367
BMLmovi/Subject_52_F_MoSh/Subject_52_F_8.pkl,131,0.409487
BMLmovi/Subject_52_F_MoSh/Subject_52_F_8.pkl,132,0.414193
BMLmovi/Subject_52_F_MoSh/Subject_52_F_8.pkl,133,0.413407
BMLmovi/Subject_52_F_MoSh/Subject_52_F_8.pkl,134,0.408195
BMLmovi/Subject_52_F_MoSh/Subject_52_F_8.pkl,142,0.238507
BMLmovi/Subject_52_F_MoSh/Subject_52_F_8.pkl,157,0.336743
BMLmovi/Subject_52_F_MoSh/Subject_52_F_8.pkl,158,0.311137
BMLmovi/Subject_52_F_MoSh/Subject_52_F_8.pkl,191,-0.138993
BMLmovi/Subject_52_F_MoSh/Subject_52_F_8.pkl,192,-0.166838
BMLmovi/Subject_57_F_MoSh/Subject_57_F_5.pkl,7,-0.266418
BMLmovi/Subject_57_F_MoSh/Subject_57_F_5.pkl,8,-0.295065
BMLmovi/Subject_57_F_MoSh/Subject_57_F_5.pkl,9,-0.317998
BMLmovi/Subject_57_F_MoSh/Subject_57_F_5.pkl,10,-0.333888
BMLmovi/Subject_57_F_MoSh/Subject_57_F_5.pkl,11,-0.342832
BMLmovi/Subject_57_F_MoSh/Subject_57_F_5.pkl,12,-0.345709
BMLmovi/Subject_57_F_MoSh/Subject_57_F_5.pkl,13,-0.343064
BMLmovi/Subject_57_F_MoSh/Subject_57_F_5.pkl,14,-0.334977
BMLmovi/Subject_57_F_MoSh/Subject_57_F_5.pkl,15,-0.322442
BMLmovi/Subject_57_F_MoSh/Subject_57_F_5.pkl,16,-0.304954
BMLmovi/Subject_57_F_MoSh/Subject_57_F_5.pkl,17,-0.283176
BMLmovi/Subject_57_F_MoSh/Subject_57_F_5.pkl,18,-0.259289
BMLmovi/Subject_57_F_MoSh/Subject_57_F_5.pkl,19,-0.234572
BMLmovi/Subject_57_F_MoSh/Subject_57_F_5.pkl,20,-0.212322
BMLmovi/Subject_57_F_MoSh/Subject_57_F_5.pkl,21,-0.194669
BMLmovi/Subject_57_F_MoSh/Subject_57_F_5.pkl,22,-0.181385
BMLmovi/Subject_57_F_MoSh/Subject_57_F_5.pkl,23,-0.171944
BMLmovi/Subject_57_F_MoSh/Subject_57_F_5.pkl,24,-0.165443
BMLmovi/Subject_57_F_MoSh/Subject_57_F_5.pkl,25,-0.161803
BMLmovi/Subject_57_F_MoSh/Subject_57_F_5.pkl,26,-0.162115
BMLmovi/Subject_57_F_MoSh/Subject_57_F_5.pkl,27,-0.165731
BMLmovi/Subject_57_F_MoSh/Subject_57_F_5.pkl,28,-0.173087
BMLmovi/Subject_57_F_MoSh/Subject_57_F_5.pkl,29,-0.184957
BMLmovi/Subject_57_F_MoSh/Subject_57_F_5.pkl,30,-0.200474
BMLmovi/Subject_57_F_MoSh/Subject_57_F_5.pkl,31,-0.220027
BMLmovi/Subject_57_F_MoSh/Subject_57_F_5.pkl,32,-0.243935
BMLmovi/Subject_57_F_MoSh/Subject_57_F_5.pkl,33,-0.27031
BMLmovi/Subject_57_F_MoSh/Subject_57_F_5.pkl,41,-0.360698
BMLmovi/Subject_57_F_MoSh/Subject_57_F_5.pkl,42,-0.345813
BMLmovi/Subject_57_F_MoSh/Subject_57_F_5.pkl,43,-0.325329
BMLmovi/Subject_57_F_MoSh/Subject_57_F_5.pkl,44,-0.298966
BMLmovi/Subject_57_F_MoSh/Subject_57_F_5.pkl,45,-0.268813
BMLmovi/Subject_57_F_MoSh/Subject_57_F_5.pkl,46,-0.23764
BMLmovi/Subject_57_F_MoSh/Subject_57_F_5.pkl,47,-0.208371
BMLmovi/Subject_57_F_MoSh/Subject_57_F_5.pkl,48,-0.185102
BMLmovi/Subject_57_F_MoSh/Subject_57_F_5.pkl,49,-0.16638
BMLmovi/Subject_57_F_MoSh/Subject_57_F_5.pkl,50,-0.149433
BMLmovi/Subject_57_F_MoSh/Subject_57_F_5.pkl,68,-0.327652
BMLmovi/Subject_57_F_MoSh/Subject_57_F_5.pkl,69,-0.33268
BMLmovi/Subject_57_F_MoSh/Subject_57_F_5.pkl,70,-0.330624
BMLmovi/Subject_57_F_MoSh/Subject_57_F_5.pkl,71,-0.323859
BMLmovi/Subject_57_F_MoSh/Subject_57_F_5.pkl,72,-0.312924
BMLmovi/Subject_57_F_MoSh/Subject_57_F_5.pkl,73,-0.297396
BMLmovi/Subject_57_F_MoSh/Subject_57_F_5.pkl,74,-0.277315
BMLmovi/Subject_57_F_MoSh/Subject_57_F_5.pkl,75,-0.252631
BMLmovi/Subject_57_F_MoSh/Subject_57_F_5.pkl,76,-0.223894
BMLmovi/Subject_57_F_MoSh/Subject_57_F_5.pkl,105,0.281332
BMLmovi/Subject_57_F_MoSh/Subject_57_F_5.pkl,106,0.256592
BMLmovi/Subject_57_F_MoSh/Subject_57_F_5.pkl,107,0.228972
BMLmovi/Subject_57_F_MoSh/Subject_57_F_5.pkl,108,0.20242
BMLmovi/Subject_57_F_MoSh/Subject_57_F_5.pkl,109,0.179939
BMLmovi/Subject_57_F_MoSh/Subject_57_F_5.pkl,110,0.162193
BMLmovi/Subject_57_F_MoSh/Subject_57_F_5.pkl,185,0.241328
BMLmovi/Subject_57_F_MoSh/Subject_57_F_5.pkl,186,0.201691
BMLmovi/Subject_57_F_MoSh/Subject_57_F_5.pkl,187,0.166219
BMLmovi/Subject_57_F_MoSh/Subject_57_F_5.pkl,204,-0.260486
BMLmovi/Subject_57_F_MoSh/Subject_57_F_5.pkl,205,-0.295529
BMLmovi/Subject_57_F_MoSh/Subject_57_F_5.pkl,206,-0.323514
BMLmovi/Subject_57_F_MoSh/Subject_57_F_5.pkl,207,-0.34405
BMLmovi/Subject_57_F_MoSh/Subject_57_F_5.pkl,208,-0.357646
BMLmovi/Subject_57_F_MoSh/Subject_57_F_5.pkl,209,-0.364193
BMLmovi/Subject_57_F_MoSh/Subject_57_F_5.pkl,210,-0.364592
BMLmovi/Subject_57_F_MoSh/Subject_57_F_5.pkl,211,-0.359502
BMLmovi/Subject_57_F_MoSh/Subject_57_F_5.pkl,212,-0.349435
BMLmovi/Subject_57_F_MoSh/Subject_57_F_5.pkl,213,-0.335127
BMLmovi/Subject_57_F_MoSh/Subject_57_F_5.pkl,214,-0.314911
BMLmovi/Subject_57_F_MoSh/Subject_57_F_5.pkl,220,-0.170785
BMLmovi/Subject_57_F_MoSh/Subject_57_F_5.pkl,221,-0.161774
BMLmovi/Subject_57_F_MoSh/Subject_57_F_5.pkl,222,-0.156947
BMLmovi/Subject_57_F_MoSh/Subject_57_F_5.pkl,223,-0.155911
BMLmovi/Subject_57_F_MoSh/Subject_57_F_5.pkl,224,-0.15825
BMLmovi/Subject_57_F_MoSh/Subject_57_F_5.pkl,225,-0.16339
BMLmovi/Subject_57_F_MoSh/Subject_57_F_5.pkl,226,-0.17246
BMLmovi/Subject_57_F_MoSh/Subject_57_F_5.pkl,227,-0.185993
BMLmovi/Subject_57_F_MoSh/Subject_57_F_5.pkl,228,-0.202434
BMLmovi/Subject_57_F_MoSh/Subject_57_F_5.pkl,229,-0.220054
BMLmovi/Subject_57_F_MoSh/Subject_57_F_5.pkl,230,-0.235105
BMLmovi/Subject_57_F_MoSh/Subject_57_F_5.pkl,231,-0.246609
BMLmovi/Subject_57_F_MoSh/Subject_57_F_5.pkl,232,-0.254523
BMLmovi/Subject_57_F_MoSh/Subject_57_F_5.pkl,233,-0.255978
BMLmovi/Subject_57_F_MoSh/Subject_57_F_5.pkl,234,-0.253117
BMLmovi/Subject_57_F_MoSh/Subject_57_F_5.pkl,235,-0.247305
BMLmovi/Subject_57_F_MoSh/Subject_57_F_5.pkl,236,-0.237418
BMLmovi/Subject_57_F_MoSh/Subject_57_F_5.pkl,237,-0.222635
BMLmovi/Subject_57_F_MoSh/Subject_57_F_5.pkl,238,-0.202896
BMLmovi/Subject_57_F_MoSh/Subject_57_F_5.pkl,239,-0.177401
BMLmovi/Subject_68_F_MoSh/Subject_68_F_3.pkl,8,0.383436
BMLmovi/Subject_68_F_MoSh/Subject_68_F_3.pkl,9,0.380469
BMLmovi/Subject_68_F_MoSh/Subject_68_F_3.pkl,10,0.372321
BMLmovi/Subject_68_F_MoSh/Subject_68_F_3.pkl,11,0.359755
BMLmovi/Subject_68_F_MoSh/Subject_68_F_3.pkl,12,0.33957
BMLmovi/Subject_68_F_MoSh/Subject_68_F_3.pkl,13,0.310982
BMLmovi/Subject_68_F_MoSh/Subject_68_F_3.pkl,14,0.28087
BMLmovi/Subject_68_F_MoSh/Subject_68_F_3.pkl,17,0.227388
BMLmovi/Subject_68_F_MoSh/Subject_68_F_3.pkl,32,0.252979
BMLmovi/Subject_68_F_MoSh/Subject_68_F_3.pkl,155,0.313485
BMLmovi/Subject_68_F_MoSh/Subject_68_F_3.pkl,156,0.283605
BMLmovi/Subject_68_F_MoSh/Subject_68_F_3.pkl,157,0.256642
BMLmovi/Subject_68_F_MoSh/Subject_68_F_3.pkl,169,0.387196
BMLmovi/Subject_68_F_MoSh/Subject_68_F_3.pkl,170,0.39932
BMLmovi/Subject_76_F_MoSh/Subject_76_F_4.pkl,17,-0.332167
BMLmovi/Subject_76_F_MoSh/Subject_76_F_4.pkl,18,-0.330114
BMLmovi/Subject_76_F_MoSh/Subject_76_F_4.pkl,19,-0.321491
BMLmovi/Subject_76_F_MoSh/Subject_76_F_4.pkl,20,-0.306947
BMLmovi/Subject_76_F_MoSh/Subject_76_F_4.pkl,29,-0.114839
BMLmovi/Subject_76_F_MoSh/Subject_76_F_4.pkl,30,-0.11064
BMLmovi/Subject_76_F_MoSh/Subject_76_F_4.pkl,31,-0.111381
BMLmovi/Subject_76_F_MoSh/Subject_76_F_4.pkl,47,-0.402876
BMLmovi/Subject_76_F_MoSh/Subject_76_F_4.pkl,48,-0.391617
BMLmovi/Subject_76_F_MoSh/Subject_76_F_4.pkl,57,-0.141301
BMLmovi/Subject_76_F_MoSh/Subject_76_F_4.pkl,58,-0.12115
BMLmovi/Subject_76_F_MoSh/Subject_76_F_4.pkl,59,-0.105027
BMLmovi/Subject_76_F_MoSh/Subject_76_F_4.pkl,60,-0.093777
BMLmovi/Subject_76_F_MoSh/Subject_76_F_4.pkl,61,-0.085981
BMLmovi/Subject_76_F_MoSh/Subject_76_F_4.pkl,62,-0.080862
BMLmovi/Subject_76_F_MoSh/Subject_76_F_4.pkl,74,-0.289526
BMLmovi/Subject_76_F_MoSh/Subject_76_F_4.pkl,75,-0.302387
BMLmovi/Subject_76_F_MoSh/Subject_76_F_4.pkl,76,-0.30779
BMLmovi/Subject_76_F_MoSh/Subject_76_F_4.pkl,77,-0.307162
BMLmovi/Subject_76_F_MoSh/Subject_76_F_4.pkl,78,-0.300305
BMLmovi/Subject_76_F_MoSh/Subject_76_F_4.pkl,79,-0.287872
BMLmovi/Subject_76_F_MoSh/Subject_76_F_4.pkl,80,-0.27234
BMLmovi/Subject_76_F_MoSh/Subject_76_F_4.pkl,81,-0.252268
BMLmovi/Subject_76_F_MoSh/Subject_76_F_4.pkl,82,-0.227577
BMLmovi/Subject_76_F_MoSh/Subject_76_F_4.pkl,123,0.164586
BMLmovi/Subject_76_F_MoSh/Subject_76_F_4.pkl,124,0.139291
BMLmovi/Subject_76_F_MoSh/Subject_76_F_4.pkl,153,0.269219
BMLmovi/Subject_76_F_MoSh/Subject_76_F_4.pkl,154,0.236636
BMLmovi/Subject_76_F_MoSh/Subject_76_F_4.pkl,155,0.203936
BMLmovi/Subject_76_F_MoSh/Subject_76_F_4.pkl,156,0.173151
BMLmovi/Subject_76_F_MoSh/Subject_76_F_4.pkl,157,0.146207
BMLmovi/Subject_76_F_MoSh/Subject_76_F_4.pkl,158,0.123551
BMLmovi/Subject_76_F_MoSh/Subject_76_F_4.pkl,159,0.10361
BMLmovi/Subject_76_F_MoSh/Subject_76_F_4.pkl,160,0.086398
BMLmovi/Subject_76_F_MoSh/Subject_76_F_4.pkl,161,0.071835
BMLmovi/Subject_76_F_MoSh/Subject_76_F_4.pkl,162,0.060429
BMLmovi/Subject_76_F_MoSh/Subject_76_F_4.pkl,163,0.053458
BMLmovi/Subject_76_F_MoSh/Subject_76_F_4.pkl,164,0.04901
BMLmovi/Subject_76_F_MoSh/Subject_76_F_4.pkl,165,0.04723
BMLmovi/Subject_76_F_MoSh/Subject_76_F_4.pkl,187,0.339095
BMLmovi/Subject_76_F_MoSh/Subject_76_F_4.pkl,188,0.310158
BMLmovi/Subject_76_F_MoSh/Subject_76_F_4.pkl,189,0.27748
BMLmovi/Subject_76_F_MoSh/Subject_76_F_4.pkl,190,0.242018
BMLmovi/Subject_76_F_MoSh/Subject_76_F_4.pkl,191,0.20693
BMLmovi/Subject_76_F_MoSh/Subject_76_F_4.pkl,192,0.174277
BMLmovi/Subject_76_F_MoSh/Subject_76_F_4.pkl,193,0.145034
BMLmovi/Subject_76_F_MoSh/Subject_76_F_4.pkl,194,0.120268
BMLmovi/Subject_76_F_MoSh/Subject_76_F_4.pkl,195,0.100445
BMLmovi/Subject_76_F_MoSh/Subject_76_F_4.pkl,196,0.08577
BMLmovi/Subject_76_F_MoSh/Subject_76_F_4.pkl,197,0.07429
BMLmovi/Subject_76_F_MoSh/Subject_76_F_4.pkl,198,0.066686
BMLmovi/Subject_76_F_MoSh/Subject_76_F_4.pkl,199,0.063515
BMLmovi/Subject_76_F_MoSh/Subject_76_F_4.pkl,200,0.064715
BMLmovi/Subject_76_F_MoSh/Subject_76_F_4.pkl,201,0.069124
BMLmovi/Subject_76_F_MoSh/Subject_76_F_4.pkl,202,0.076175
BMLmovi/Subject_76_F_MoSh/Subject_76_F_4.pkl,203,0.086314
BMLmovi/Subject_76_F_MoSh/Subject_76_F_4.pkl,218,0.251976
BMLmovi/Subject_76_F_MoSh/Subject_76_F_4.pkl,219,0.229095
BMLmovi/Subject_76_F_MoSh/Subject_76_F_4.pkl,265,-0.223093
BMLmovi/Subject_85_F_MoSh/Subject_85_F_17.pkl,64,0.188622
BMLmovi/Subject_85_F_MoSh/Subject_85_F_17.pkl,123,0.147114
BMLmovi/Subject_85_F_MoSh/Subject_85_F_17.pkl,124,0.117388
BMLmovi/Subject_85_F_MoSh/Subject_85_F_17.pkl,125,0.088231
BMLmovi/Subject_85_F_MoSh/Subject_85_F_17.pkl,126,0.061527
BMLmovi/Subject_85_F_MoSh/Subject_85_F_17.pkl,136,-0.182838
BMLmovi/Subject_85_F_MoSh/Subject_85_F_17.pkl,137,-0.210406
BMLmovi/Subject_85_F_MoSh/Subject_85_F_17.pkl,138,-0.233157
BMLmovi/Subject_85_F_MoSh/Subject_85_F_17.pkl,139,-0.25048
BMLmovi/Subject_85_F_MoSh/Subject_85_F_17.pkl,140,-0.261995
BMLmovi/Subject_85_F_MoSh/Subject_85_F_17.pkl,145,-0.246732
BMLmovi/Subject_85_F_MoSh/Subject_85_F_17.pkl,146,-0.235475
BMLmovi/Subject_85_F_MoSh/Subject_85_F_17.pkl,147,-0.220796
BMLmovi/Subject_85_F_MoSh/Subject_85_F_17.pkl,148,-0.201955
BMLmovi/Subject_85_F_MoSh/Subject_85_F_17.pkl,149,-0.182765
BMLmovi/Subject_85_F_MoSh/Subject_85_F_17.pkl,157,-0.202846
BMLmovi/Subject_85_F_MoSh/Subject_85_F_17.pkl,158,-0.222606
BMLmovi/Subject_85_F_MoSh/Subject_85_F_17.pkl,159,-0.244136
BMLmovi/Subject_85_F_MoSh/Subject_85_F_17.pkl,160,-0.266249
BMLmovi/Subject_85_F_MoSh/Subject_85_F_17.pkl,161,-0.285308
BMLmovi/Subject_85_F_MoSh/Subject_85_F_17.pkl,162,-0.300245
BMLmovi/Subject_85_F_MoSh/Subject_85_F_17.pkl,166,-0.301023
BMLmovi/Subject_85_F_MoSh/Subject_85_F_17.pkl,167,-0.28873
BMLmovi/Subject_85_F_MoSh/Subject_85_F_17.pkl,168,-0.273523
BMLmovi/Subject_85_F_MoSh/Subject_85_F_17.pkl,169,-0.255078
BMLmovi/Subject_85_F_MoSh/Subject_85_F_17.pkl,170,-0.234484
BMLmovi/Subject_85_F_MoSh/Subject_85_F_17.pkl,171,-0.212708
BMLmovi/Subject_85_F_MoSh/Subject_85_F_17.pkl,172,-0.191255
BMLmovi/Subject_85_F_MoSh/Subject_85_F_17.pkl,192,-0.314978
BMLmovi/Subject_85_F_MoSh/Subject_85_F_17.pkl,193,-0.301765
BMLmovi/Subject_85_F_MoSh/Subject_85_F_17.pkl,194,-0.286141
BMLmovi/Subject_85_F_MoSh/Subject_85_F_17.pkl,195,-0.267622
BMLmovi/Subject_85_F_MoSh/Subject_85_F_17.pkl,196,-0.2453
BMLmovi/Subject_85_F_MoSh/Subject_85_F_17.pkl,219,-0.273844
BMLmovi/Subject_85_F_MoSh/Subject_85_F_17.pkl,220,-0.250767
BMLmovi/Subject_85_F_MoSh/Subject_85_F_17.pkl,221,-0.225255
BMLmovi/Subject_85_F_MoSh/Subject_85_F_17.pkl,222,-0.200851
BMLmovi/Subject_85_F_MoSh/Subject_85_F_17.pkl,223,-0.182113
BMLmovi/Subject_85_F_MoSh/Subject_85_F_17.pkl,224,-0.169996
BMLmovi/Subject_85_F_MoSh/Subject_85_F_17.pkl,225,-0.163914
BMLmovi/Subject_85_F_MoSh/Subject_85_F_17.pkl,226,-0.162877
BMLmovi/Subject_85_F_MoSh/Subject_85_F_17.pkl,227,-0.166826
BMLmovi/Subject_85_F_MoSh/Subject_85_F_17.pkl,228,-0.174609
BMLmovi/Subject_85_F_MoSh/Subject_85_F_17.pkl,229,-0.18515
BMLmovi/Subject_85_F_MoSh/Subject_85_F_17.pkl,230,-0.197652
BMLmovi/Subject_85_F_MoSh/Subject_85_F_17.pkl,231,-0.210866
BMLmovi/Subject_85_F_MoSh/Subject_85_F_17.pkl,237,-0.355445
BMLmovi/Subject_85_F_MoSh/Subject_85_F_17.pkl,238,-0.37415
BMLmovi/Subject_85_F_MoSh/Subject_85_F_17.pkl,239,-0.384758
BMLmovi/Subject_85_F_MoSh/Subject_85_F_17.pkl,240,-0.387512
BMLmovi/Subject_85_F_MoSh/Subject_85_F_17.pkl,241,-0.383395
BMLmovi/Subject_85_F_MoSh/Subject_85_F_17.pkl,242,-0.373206
BMLmovi/Subject_85_F_MoSh/Subject_85_F_17.pkl,243,-0.358001
BMLmovi/Subject_85_F_MoSh/Subject_85_F_17.pkl,244,-0.338295
BMLmovi/Subject_85_F_MoSh/Subject_85_F_17.pkl,245,-0.313406
BMLmovi/Subject_85_F_MoSh/Subject_85_F_17.pkl,246,-0.284785
BMLmovi/Subject_85_F_MoSh/Subject_85_F_17.pkl,247,-0.25287
BMLmovi/Subject_85_F_MoSh/Subject_85_F_17.pkl,248,-0.218839
BMLmovi/Subject_85_F_MoSh/Subject_85_F_17.pkl,249,-0.185277
BMLmovi/Subject_85_F_MoSh/Subject_85_F_17.pkl,250,-0.154299
BMLmovi/Subject_85_F_MoSh/Subject_85_F_17.pkl,251,-0.126104
BMLmovi/Subject_85_F_MoSh/Subject_85_F_17.pkl,252,-0.100179
BMLmovi/Subject_85_F_MoSh/Subject_85_F_17.pkl,253,-0.076397
BMLmovi/Subject_85_F_MoSh/Subject_85_F_17.pkl,261,0.097614
BMLmovi/Subject_85_F_MoSh/Subject_85_F_17.pkl,262,0.123276
BMLmovi/Subject_85_F_MoSh/Subject_85_F_17.pkl,276,0.265412
BMLmovi/Subject_85_F_MoSh/Subject_85_F_17.pkl,277,0.237355
BMLmovi/Subject_85_F_MoSh/Subject_85_F_17.pkl,278,0.206096
BMLmovi/Subject_85_F_MoSh/Subject_85_F_17.pkl,279,0.177472
BMLmovi/Subject_85_F_MoSh/Subject_85_F_17.pkl,280,0.153682
BMLmovi/Subject_85_F_MoSh/Subject_85_F_17.pkl,281,0.134176
BMLmovi/Subject_85_F_MoSh/Subject_85_F_17.pkl,282,0.12233
BMLmovi/Subject_85_F_MoSh/Subject_85_F_17.pkl,283,0.115167
BMLmovi/Subject_85_F_MoSh/Subject_85_F_17.pkl,298,0.333441
BMLmovi/Subject_85_F_MoSh/Subject_85_F_17.pkl,299,0.335725
BMLmovi/Subject_85_F_MoSh/Subject_85_F_17.pkl,300,0.332046
BMLmovi/Subject_85_F_MoSh/Subject_85_F_17.pkl,301,0.322383
BMLmovi/Subject_85_F_MoSh/Subject_85_F_17.pkl,302,0.308853
BMLmovi/Subject_85_F_MoSh/Subject_85_F_17.pkl,303,0.291755
BMLmovi/Subject_85_F_MoSh/Subject_85_F_17.pkl,304,0.271133
BMLmovi/Subject_85_F_MoSh/Subject_85_F_17.pkl,305,0.247272
BMLmovi/Subject_85_F_MoSh/Subject_85_F_17.pkl,306,0.221366
BMLmovi/Subject_85_F_MoSh/Subject_85_F_17.pkl,307,0.194847
BMLmovi/Subject_85_F_MoSh/Subject_85_F_17.pkl,308,0.17296
BMLmovi/Subject_85_F_MoSh/Subject_85_F_17.pkl,313,0.148491
BMLmovi/Subject_85_F_MoSh/Subject_85_F_17.pkl,314,0.155924
BMLmovi/Subject_85_F_MoSh/Subject_85_F_17.pkl,315,0.165178
BMLmovi/Subject_85_F_MoSh/Subject_85_F_17.pkl,316,0.1772
BMLmovi/Subject_85_F_MoSh/Subject_85_F_17.pkl,331,0.112842
BMLmovi/Subject_87_F_MoSh/Subject_87_F_14.pkl,7,-0.169336
BMLmovi/Subject_87_F_MoSh/Subject_87_F_14.pkl,8,-0.205134
BMLmovi/Subject_87_F_MoSh/Subject_87_F_14.pkl,9,-0.240213
BMLmovi/Subject_87_F_MoSh/Subject_87_F_14.pkl,10,-0.272803
BMLmovi/Subject_87_F_MoSh/Subject_87_F_14.pkl,11,-0.299664
BMLmovi/Subject_87_F_MoSh/Subject_87_F_14.pkl,12,-0.318854
BMLmovi/Subject_87_F_MoSh/Subject_87_F_14.pkl,13,-0.331737
BMLmovi/Subject_87_F_MoSh/Subject_87_F_14.pkl,14,-0.338219
BMLmovi/Subject_87_F_MoSh/Subject_87_F_14.pkl,25,-0.240921
BMLmovi/Subject_87_F_MoSh/Subject_87_F_14.pkl,26,-0.249585
BMLmovi/Subject_87_F_MoSh/Subject_87_F_14.pkl,27,-0.262675
BMLmovi/Subject_87_F_MoSh/Subject_87_F_14.pkl,28,-0.279357
BMLmovi/Subject_87_F_MoSh/Subject_87_F_14.pkl,29,-0.300163
BMLmovi/Subject_87_F_MoSh/Subject_87_F_14.pkl,35,-0.463637
BMLmovi/Subject_87_F_MoSh/Subject_87_F_14.pkl,42,-0.385228
BMLmovi/Subject_87_F_MoSh/Subject_87_F_14.pkl,43,-0.35122
BMLmovi/Subject_87_F_MoSh/Subject_87_F_14.pkl,44,-0.315839
BMLmovi/Subject_89_F_MoSh/Subject_89_F_1.pkl,16,0.104894
BMLmovi/Subject_89_F_MoSh/Subject_89_F_1.pkl,17,0.127338
BMLmovi/Subject_89_F_MoSh/Subject_89_F_1.pkl,18,0.151362
BMLmovi/Subject_89_F_MoSh/Subject_89_F_1.pkl,19,0.175427
BMLmovi/Subject_89_F_MoSh/Subject_89_F_1.pkl,20,0.198768
BMLmovi/Subject_89_F_MoSh/Subject_89_F_1.pkl,21,0.220177
BMLmovi/Subject_89_F_MoSh/Subject_89_F_1.pkl,26,0.26111
BMLmovi/Subject_89_F_MoSh/Subject_89_F_1.pkl,27,0.254412
BMLmovi/Subject_89_F_MoSh/Subject_89_F_1.pkl,28,0.242339
BMLmovi/Subject_89_F_MoSh/Subject_89_F_1.pkl,29,0.225589
BMLmovi/Subject_89_F_MoSh/Subject_89_F_1.pkl,30,0.204959
BMLmovi/Subject_89_F_MoSh/Subject_89_F_1.pkl,31,0.18177
BMLmovi/Subject_89_F_MoSh/Subject_89_F_1.pkl,32,0.157289
BMLmovi/Subject_89_F_MoSh/Subject_89_F_1.pkl,33,0.132897
BMLmovi/Subject_89_F_MoSh/Subject_89_F_1.pkl,34,0.109514
BMLmovi/Subject_89_F_MoSh/Subject_89_F_1.pkl,35,0.089989
BMLmovi/Subject_89_F_MoSh/Subject_89_F_1.pkl,36,0.074059
BMLmovi/Subject_89_F_MoSh/Subject_89_F_1.pkl,37,0.061476
BMLmovi/Subject_89_F_MoSh/Subject_89_F_1.pkl,49,0.09864
BMLmovi/Subject_89_F_MoSh/Subject_89_F_1.pkl,50,0.114413
BMLmovi/Subject_89_F_MoSh/Subject_89_F_1.pkl,61,0.292222
BMLmovi/Subject_89_F_MoSh/Subject_89_F_1.pkl,62,0.285217
BMLmovi/Subject_89_F_MoSh/Subject_89_F_1.pkl,63,0.273329
BMLmovi/Subject_89_F_MoSh/Subject_89_F_1.pkl,64,0.256608
BMLmovi/Subject_89_F_MoSh/Subject_89_F_1.pkl,65,0.236568
BMLmovi/Subject_89_F_MoSh/Subject_89_F_1.pkl,66,0.214053
BMLmovi/Subject_89_F_MoSh/Subject_89_F_1.pkl,67,0.190505
BMLmovi/Subject_89_F_MoSh/Subject_89_F_1.pkl,68,0.166713
BMLmovi/Subject_89_F_MoSh/Subject_89_F_1.pkl,69,0.143044
BMLmovi/Subject_89_F_MoSh/Subject_89_F_1.pkl,70,0.121744
BMLmovi/Subject_89_F_MoSh/Subject_89_F_1.pkl,71,0.104302
BMLmovi/Subject_89_F_MoSh/Subject_89_F_1.pkl,72,0.090955
BMLmovi/Subject_89_F_MoSh/Subject_89_F_1.pkl,73,0.080477
BMLmovi/Subject_89_F_MoSh/Subject_89_F_1.pkl,74,0.072179
BMLmovi/Subject_89_F_MoSh/Subject_89_F_1.pkl,75,0.066568
BMLmovi/Subject_89_F_MoSh/Subject_89_F_1.pkl,76,0.062811
BMLmovi/Subject_89_F_MoSh/Subject_89_F_1.pkl,77,0.060573
BMLmovi/Subject_89_F_MoSh/Subject_89_F_1.pkl,78,0.060481
BMLmovi/Subject_89_F_MoSh/Subject_89_F_1.pkl,84,0.111532
BMLmovi/Subject_89_F_MoSh/Subject_89_F_1.pkl,85,0.128529
BMLmovi/Subject_89_F_MoSh/Subject_89_F_1.pkl,86,0.148998
BMLmovi/Subject_89_F_MoSh/Subject_89_F_1.pkl,87,0.171255
BMLmovi/Subject_89_F_MoSh/Subject_89_F_1.pkl,88,0.193927
BMLmovi/Subject_89_F_MoSh/Subject_89_F_1.pkl,89,0.21449
BMLmovi/Subject_89_F_MoSh/Subject_89_F_1.pkl,90,0.231348
BMLmovi/Subject_89_F_MoSh/Subject_89_F_1.pkl,129,-0.271652
BMLmovi/Subject_89_F_MoSh/Subject_89_F_1.pkl,130,-0.255456
BMLmovi/Subject_89_F_MoSh/Subject_89_F_1.pkl,131,-0.235053
BMLmovi/Subject_89_F_MoSh/Subject_89_F_1.pkl,132,-0.211146
BMLmovi/Subject_89_F_MoSh/Subject_89_F_1.pkl,133,-0.185988
BMLmovi/Subject_89_F_MoSh/Subject_89_F_1.pkl,134,-0.160727
BMLmovi/Subject_89_F_MoSh/Subject_89_F_1.pkl,135,-0.137466
BMLmovi/Subject_89_F_MoSh/Subject_89_F_1.pkl,165,-0.282078
BMLmovi/Subject_89_F_MoSh/Subject_89_F_1.pkl,166,-0.266659
BMLmovi/Subject_89_F_MoSh/Subject_89_F_1.pkl,167,-0.247786
BMLmovi/Subject_89_F_MoSh/Subject_89_F_1.pkl,168,-0.225479
BMLmovi/Subject_89_F_MoSh/Subject_89_F_1.pkl,169,-0.201214
BMLmovi/Subject_89_F_MoSh/Subject_89_F_1.pkl,170,-0.17617
BMLmovi/Subject_89_F_MoSh/Subject_89_F_1.pkl,171,-0.151749
BMLmovi/Subject_89_F_MoSh/Subject_89_F_1.pkl,172,-0.129786
BMLmovi/Subject_89_F_MoSh/Subject_89_F_1.pkl,173,-0.112407
BMLmovi/Subject_89_F_MoSh/Subject_89_F_1.pkl,174,-0.098902
BMLmovi/Subject_89_F_MoSh/Subject_89_F_1.pkl,175,-0.088749
BMLmovi/Subject_89_F_MoSh/Subject_89_F_1.pkl,176,-0.081002
BMLmovi/Subject_89_F_MoSh/Subject_89_F_1.pkl,177,-0.07598
BMLmovi/Subject_89_F_MoSh/Subject_89_F_1.pkl,178,-0.072552
BMLmovi/Subject_89_F_MoSh/Subject_89_F_1.pkl,179,-0.070695
BMLmovi/Subject_89_F_MoSh/Subject_89_F_1.pkl,180,-0.070998
BMLmovi/Subject_89_F_MoSh/Subject_89_F_1.pkl,181,-0.073793
BMLmovi/Subject_89_F_MoSh/Subject_89_F_1.pkl,198,-0.308246
BMLmovi/Subject_89_F_MoSh/Subject_89_F_1.pkl,199,-0.295818
BMLmovi/Subject_89_F_MoSh/Subject_89_F_1.pkl,200,-0.278278
BMLmovi/Subject_89_F_MoSh/Subject_89_F_1.pkl,201,-0.256768
BMLmovi/Subject_89_F_MoSh/Subject_89_F_1.pkl,202,-0.23208
BMLmovi/Subject_89_F_MoSh/Subject_89_F_1.pkl,203,-0.204958
BMLmovi/Subject_89_F_MoSh/Subject_89_F_1.pkl,204,-0.177168
BMLmovi/Subject_89_F_MoSh/Subject_89_F_1.pkl,205,-0.151626
BMLmovi/Subject_89_F_MoSh/Subject_89_F_1.pkl,206,-0.130034
BMLmovi/Subject_89_F_MoSh/Subject_89_F_1.pkl,207,-0.112776
BMLmovi/Subject_89_F_MoSh/Subject_89_F_1.pkl,208,-0.099575
BMLmovi/Subject_89_F_MoSh/Subject_89_F_1.pkl,209,-0.089815
BMLmovi/Subject_89_F_MoSh/Subject_89_F_1.pkl,210,-0.082968
BMLmovi/Subject_89_F_MoSh/Subject_89_F_1.pkl,233,-0.283227
BMLmovi/Subject_89_F_MoSh/Subject_89_F_1.pkl,234,-0.261449
BMLmovi/Subject_89_F_MoSh/Subject_89_F_1.pkl,235,-0.237348
BMLmovi/Subject_89_F_MoSh/Subject_89_F_1.pkl,236,-0.211797
BMLmovi/Subject_89_F_MoSh/Subject_89_F_1.pkl,237,-0.185568
BMLmovi/Subject_89_F_MoSh/Subject_89_F_1.pkl,238,-0.160521
BMLmovi/Subject_89_F_MoSh/Subject_89_F_1.pkl,239,-0.137628
BMLmovi/Subject_89_F_MoSh/Subject_89_F_1.pkl,240,-0.118209
BMLmovi/Subject_89_F_MoSh/Subject_89_F_1.pkl,241,-0.103139
BMLmovi/Subject_89_F_MoSh/Subject_89_F_1.pkl,266,-0.301899
BMLmovi/Subject_89_F_MoSh/Subject_89_F_1.pkl,267,-0.28138
BMLmovi/Subject_89_F_MoSh/Subject_89_F_1.pkl,268,-0.257192
BMLmovi/Subject_89_F_MoSh/Subject_89_F_1.pkl,269,-0.23075
BMLmovi/Subject_89_F_MoSh/Subject_89_F_1.pkl,270,-0.20273
BMLmovi/Subject_89_F_MoSh/Subject_89_F_1.pkl,271,-0.17426
BMLmovi/Subject_89_F_MoSh/Subject_89_F_1.pkl,317,0.08507
BMLmovi/Subject_89_F_MoSh/Subject_89_F_1.pkl,318,0.103938
BMLmovi/Subject_89_F_MoSh/Subject_89_F_1.pkl,342,0.073618
BMLmovi/Subject_89_F_MoSh/Subject_89_F_1.pkl,343,0.069338
BMLmovi/Subject_89_F_MoSh/Subject_89_F_1.pkl,344,0.066537
BMLmovi/Subject_89_F_MoSh/Subject_89_F_1.pkl,345,0.064845
BMLmovi/Subject_89_F_MoSh/Subject_89_F_1.pkl,347,0.064451
BMLmovi/Subject_89_F_MoSh/Subject_89_F_1.pkl,348,0.067423
BMLmovi/Subject_89_F_MoSh/Subject_89_F_1.pkl,349,0.073272
BMLmovi/Subject_89_F_MoSh/Subject_89_F_1.pkl,350,0.081719
BMLmovi/Subject_89_F_MoSh/Subject_89_F_1.pkl,351,0.092714
BMLmovi/Subject_89_F_MoSh/Subject_89_F_1.pkl,352,0.106516
BMLmovi/Subject_89_F_MoSh/Subject_89_F_1.pkl,353,0.123199
BMLmovi/Subject_89_F_MoSh/Subject_89_F_1.pkl,354,0.142893
BMLmovi/Subject_89_F_MoSh/Subject_89_F_1.pkl,355,0.165174
BMLmovi/Subject_89_F_MoSh/Subject_89_F_1.pkl,356,0.190811
BMLmovi/Subject_89_F_MoSh/Subject_89_F_1.pkl,357,0.218853
BMLmovi/Subject_89_F_MoSh/Subject_89_F_1.pkl,358,0.248609
BMLmovi/Subject_89_F_MoSh/Subject_89_F_1.pkl,359,0.278367
BMLmovi/Subject_89_F_MoSh/Subject_89_F_1.pkl,364,0.345235
BMLmovi/Subject_89_F_MoSh/Subject_89_F_1.pkl,365,0.337529
BMLmovi/Subject_89_F_MoSh/Subject_89_F_1.pkl,366,0.324303
BMLmovi/Subject_89_F_MoSh/Subject_89_F_1.pkl,368,0.282637
BMLmovi/Subject_89_F_MoSh/Subject_89_F_1.pkl,369,0.255867
BMLmovi/Subject_89_F_MoSh/Subject_89_F_1.pkl,370,0.226974
BMLmovi/Subject_89_F_MoSh/Subject_89_F_1.pkl,371,0.196452
BMLmovi/Subject_89_F_MoSh/Subject_89_F_1.pkl,372,0.166912
BMLmovi/Subject_89_F_MoSh/Subject_89_F_1.pkl,373,0.14195
BMLmovi/Subject_89_F_MoSh/Subject_89_F_1.pkl,374,0.122085
BMLmovi/Subject_89_F_MoSh/Subject_89_F_1.pkl,375,0.107052
BMLmovi/Subject_89_F_MoSh/Subject_89_F_1.pkl,376,0.095402
BMLmovi/Subject_89_F_MoSh/Subject_89_F_1.pkl,377,0.087353
BMLmovi/Subject_89_F_MoSh/Subject_89_F_1.pkl,383,0.077393
BMLmovi/Subject_89_F_MoSh/Subject_89_F_1.pkl,384,0.083336
BMLmovi/Subject_89_F_MoSh/Subject_89_F_1.pkl,385,0.091164
BMLmovi/Subject_89_F_MoSh/Subject_89_F_1.pkl,386,0.101577
BMLmovi/Subject_89_F_MoSh/Subject_89_F_1.pkl,387,0.113701
BMLmovi/Subject_89_F_MoSh/Subject_89_F_1.pkl,388,0.127482
BMLmovi/Subject_89_F_MoSh/Subject_89_F_1.pkl,396,0.312261
BMLmovi/Subject_89_F_MoSh/Subject_89_F_1.pkl,397,0.328331
BMLmovi/Subject_89_F_MoSh/Subject_89_F_1.pkl,398,0.337942
BMLmovi/Subject_89_F_MoSh/Subject_89_F_1.pkl,399,0.340927
BMLmovi/Subject_89_F_MoSh/Subject_89_F_1.pkl,400,0.337747
BMLmovi/Subject_89_F_MoSh/Subject_89_F_1.pkl,401,0.328856
BMLmovi/Subject_89_F_MoSh/Subject_89_F_1.pkl,402,0.314353
BMLmovi/Subject_89_F_MoSh/Subject_89_F_1.pkl,403,0.294481
BMLmovi/Subject_89_F_MoSh/Subject_89_F_1.pkl,404,0.270956
BMLmovi/Subject_89_F_MoSh/Subject_89_F_1.pkl,414,0.057371
BMLmovi/Subject_89_F_MoSh/Subject_89_F_1.pkl,429,0.063986
BMLmovi/Subject_89_F_MoSh/Subject_89_F_1.pkl,430,0.077587
BMLmovi/Subject_89_F_MoSh/Subject_89_F_1.pkl,431,0.093673
BMLmovi/Subject_89_F_MoSh/Subject_89_F_1.pkl,432,0.111868
BMLmovi/Subject_89_F_MoSh/Subject_89_F_1.pkl,433,0.131775
BMLmovi/Subject_89_F_MoSh/Subject_89_F_1.pkl,434,0.152266
BMLmovi/Subject_89_F_MoSh/Subject_89_F_1.pkl,435,0.172942
BMLmovi/Subject_89_F_MoSh/Subject_89_F_1.pkl,436,0.191846
BMLmovi/Subject_89_F_MoSh/Subject_89_F_1.pkl,437,0.207588
BMLmovi/Subject_89_F_MoSh/Subject_89_F_1.pkl,438,0.21943
BMLmovi/Subject_89_F_MoSh/Subject_89_F_1.pkl,439,0.225688
BMLmovi/Subject_89_F_MoSh/Subject_89_F_1.pkl,440,0.226398
BMLmovi/Subject_89_F_MoSh/Subject_89_F_1.pkl,441,0.222039
BMLmovi/Subject_89_F_MoSh/Subject_89_F_1.pkl,442,0.213066
BMLmovi/Subject_89_F_MoSh/Subject_89_F_1.pkl,443,0.199727
BMLmovi/Subject_89_F_MoSh/Subject_89_F_1.pkl,444,0.182681
BMLmovi/Subject_89_F_MoSh/Subject_89_F_1.pkl,445,0.162432
BMLmovi/Subject_9_F_MoSh/Subject_9_F_11.pkl,9,0.178853
BMLmovi/Subject_9_F_MoSh/Subject_9_F_11.pkl,10,0.208017
BMLmovi/Subject_9_F_MoSh/Subject_9_F_11.pkl,11,0.233097
BMLmovi/Subject_9_F_MoSh/Subject_9_F_11.pkl,12,0.252973
BMLmovi/Subject_9_F_MoSh/Subject_9_F_11.pkl,13,0.266971
BMLmovi/Subject_9_F_MoSh/Subject_9_F_11.pkl,14,0.274904
BMLmovi/Subject_9_F_MoSh/Subject_9_F_11.pkl,15,0.27795
BMLmovi/Subject_9_F_MoSh/Subject_9_F_11.pkl,16,0.275656
BMLmovi/Subject_9_F_MoSh/Subject_9_F_11.pkl,17,0.26674
BMLmovi/Subject_9_F_MoSh/Subject_9_F_11.pkl,18,0.251159
BMLmovi/Subject_9_F_MoSh/Subject_9_F_11.pkl,19,0.231654
BMLmovi/Subject_9_F_MoSh/Subject_9_F_11.pkl,20,0.207855
BMLmovi/Subject_9_F_MoSh/Subject_9_F_11.pkl,21,0.181254
BMLmovi/Subject_9_F_MoSh/Subject_9_F_11.pkl,22,0.154647
BMLmovi/Subject_9_F_MoSh/Subject_9_F_11.pkl,23,0.128507
BMLmovi/Subject_9_F_MoSh/Subject_9_F_11.pkl,24,0.104748
BMLmovi/Subject_9_F_MoSh/Subject_9_F_11.pkl,90,-0.147047
BMLmovi/Subject_9_F_MoSh/Subject_9_F_11.pkl,91,-0.17927
BMLmovi/Subject_9_F_MoSh/Subject_9_F_11.pkl,92,-0.214269
BMLmovi/Subject_9_F_MoSh/Subject_9_F_11.pkl,93,-0.249705
BMLmovi/Subject_9_F_MoSh/Subject_9_F_11.pkl,94,-0.282731
BMLmovi/Subject_9_F_MoSh/Subject_9_F_11.pkl,95,-0.309686
BMLmovi/Subject_9_F_MoSh/Subject_9_F_11.pkl,96,-0.33005
BMLmovi/Subject_9_F_MoSh/Subject_9_F_11.pkl,97,-0.344871
BMLmovi/Subject_9_F_MoSh/Subject_9_F_11.pkl,98,-0.353447
BMLmovi/Subject_9_F_MoSh/Subject_9_F_11.pkl,99,-0.35463
BMLmovi/Subject_9_F_MoSh/Subject_9_F_11.pkl,100,-0.349957
BMLmovi/Subject_9_F_MoSh/Subject_9_F_11.pkl,101,-0.338581
BMLmovi/Subject_9_F_MoSh/Subject_9_F_11.pkl,102,-0.320238
BMLmovi/Subject_9_F_MoSh/Subject_9_F_11.pkl,103,-0.295356
BMLmovi/Subject_9_F_MoSh/Subject_9_F_11.pkl,104,-0.264427
BMLmovi/Subject_9_F_MoSh/Subject_9_F_11.pkl,105,-0.230227
BMLmovi/Subject_9_F_MoSh/Subject_9_F_11.pkl,106,-0.197202
BMLmovi/Subject_9_F_MoSh/Subject_9_F_11.pkl,107,-0.168056
BMLmovi/Subject_9_F_MoSh/Subject_9_F_11.pkl,108,-0.14511
BMLmovi/Subject_9_F_MoSh/Subject_9_F_11.pkl,109,-0.127294
BMLmovi/Subject_9_F_MoSh/Subject_9_F_11.pkl,110,-0.114756
BMLmovi/Subject_9_F_MoSh/Subject_9_F_11.pkl,111,-0.106647
BMLmovi/Subject_9_F_MoSh/Subject_9_F_11.pkl,112,-0.102885
BMLmovi/Subject_9_F_MoSh/Subject_9_F_11.pkl,113,-0.102459
BMLmovi/Subject_9_F_MoSh/Subject_9_F_11.pkl,114,-0.105281
BMLmovi/Subject_9_F_MoSh/Subject_9_F_11.pkl,115,-0.111911
BMLmovi/Subject_9_F_MoSh/Subject_9_F_11.pkl,116,-0.122671
BMLmovi/Subject_9_F_MoSh/Subject_9_F_11.pkl,117,-0.137841
BMLmovi/Subject_9_F_MoSh/Subject_9_F_11.pkl,118,-0.158217
BMLmovi/Subject_9_F_MoSh/Subject_9_F_11.pkl,119,-0.185422
BMLmovi/Subject_9_F_MoSh/Subject_9_F_11.pkl,120,-0.216718
BMLmovi/Subject_9_F_MoSh/Subject_9_F_11.pkl,121,-0.248382
BMLmovi/Subject_9_F_MoSh/Subject_9_F_11.pkl,122,-0.279506
BMLmovi/Subject_9_F_MoSh/Subject_9_F_11.pkl,123,-0.305743
BMLmovi/Subject_9_F_MoSh/Subject_9_F_11.pkl,124,-0.324457
BMLmovi/Subject_9_F_MoSh/Subject_9_F_11.pkl,125,-0.337452
BMLmovi/Subject_9_F_MoSh/Subject_9_F_11.pkl,126,-0.34517
BMLmovi/Subject_9_F_MoSh/Subject_9_F_11.pkl,127,-0.346839
BMLmovi/Subject_9_F_MoSh/Subject_9_F_11.pkl,128,-0.343117
BMLmovi/Subject_9_F_MoSh/Subject_9_F_11.pkl,129,-0.334072
BMLmovi/Subject_9_F_MoSh/Subject_9_F_11.pkl,130,-0.318286
BMLmovi/Subject_9_F_MoSh/Subject_9_F_11.pkl,131,-0.295086
BMLmovi/Subject_9_F_MoSh/Subject_9_F_11.pkl,132,-0.265727
BMLmovi/Subject_9_F_MoSh/Subject_9_F_11.pkl,133,-0.232797
BMLmovi/Subject_9_F_MoSh/Subject_9_F_11.pkl,135,-0.166156
BMLmovi/Subject_9_F_MoSh/Subject_9_F_11.pkl,136,-0.138645
BMLmovi/Subject_9_F_MoSh/Subject_9_F_11.pkl,137,-0.115216
BMLmovi/Subject_9_F_MoSh/Subject_9_F_11.pkl,138,-0.096678
BMLmovi/Subject_9_F_MoSh/Subject_9_F_11.pkl,139,-0.084066
BMLmovi/Subject_9_F_MoSh/Subject_9_F_11.pkl,140,-0.075875
BMLmovi/Subject_9_F_MoSh/Subject_9_F_11.pkl,141,-0.07084
BMLmovi/Subject_9_F_MoSh/Subject_9_F_11.pkl,142,-0.068678
BMLmovi/Subject_9_F_MoSh/Subject_9_F_11.pkl,143,-0.068651
BMLmovi/Subject_9_F_MoSh/Subject_9_F_11.pkl,144,-0.070522
BMLmovi/Subject_9_F_MoSh/Subject_9_F_11.pkl,145,-0.074563
BMLmovi/Subject_9_F_MoSh/Subject_9_F_11.pkl,146,-0.081535
BMLmovi/Subject_9_F_MoSh/Subject_9_F_11.pkl,164,-0.326555
BMLmovi/Subject_9_F_MoSh/Subject_9_F_11.pkl,165,-0.295175
BMLmovi/Subject_9_F_MoSh/Subject_9_F_11.pkl,166,-0.260174
BMLmovi/Subject_9_F_MoSh/Subject_9_F_11.pkl,167,-0.225992
BMLmovi/Subject_9_F_MoSh/Subject_9_F_11.pkl,168,-0.196429
BMLmovi/Subject_9_F_MoSh/Subject_9_F_11.pkl,169,-0.172798
BMLmovi/Subject_9_F_MoSh/Subject_9_F_11.pkl,176,-0.139553
BMLmovi/Subject_9_F_MoSh/Subject_9_F_11.pkl,177,-0.151649
BMLmovi/Subject_9_F_MoSh/Subject_9_F_11.pkl,178,-0.17019
BMLmovi/Subject_9_F_MoSh/Subject_9_F_11.pkl,179,-0.195661
BMLmovi/Subject_9_F_MoSh/Subject_9_F_11.pkl,180,-0.228785
BMLmovi/Subject_9_F_MoSh/Subject_9_F_11.pkl,194,-0.272912
BMLmovi/Subject_9_F_MoSh/Subject_9_F_11.pkl,195,-0.239201
BMLmovi/Subject_9_F_MoSh/Subject_9_F_11.pkl,196,-0.210692
BMLmovi/Subject_9_F_MoSh/Subject_9_F_11.pkl,197,-0.188736
BMLmovi/Subject_9_F_MoSh/Subject_9_F_11.pkl,198,-0.172735
BMLmovi/Subject_9_F_MoSh/Subject_9_F_11.pkl,199,-0.162259
BMLmovi/Subject_9_F_MoSh/Subject_9_F_11.pkl,200,-0.155935
BMLmovi/Subject_9_F_MoSh/Subject_9_F_11.pkl,201,-0.153183
BMLmovi/Subject_9_F_MoSh/Subject_9_F_11.pkl,202,-0.154312
BMLmovi/Subject_9_F_MoSh/Subject_9_F_11.pkl,203,-0.159127
BMLmovi/Subject_9_F_MoSh/Subject_9_F_11.pkl,204,-0.168034
BMLmovi/Subject_9_F_MoSh/Subject_9_F_11.pkl,205,-0.182391
BMLmovi/Subject_9_F_MoSh/Subject_9_F_11.pkl,206,-0.203827
BMLmovi/Subject_9_F_MoSh/Subject_9_F_11.pkl,207,-0.227904
BMLmovi/Subject_9_F_MoSh/Subject_9_F_11.pkl,208,-0.253983
BMLmovi/Subject_9_F_MoSh/Subject_9_F_11.pkl,209,-0.277352
BMLmovi/Subject_9_F_MoSh/Subject_9_F_11.pkl,210,-0.297276
BMLmovi/Subject_9_F_MoSh/Subject_9_F_11.pkl,211,-0.310207
BMLmovi/Subject_9_F_MoSh/Subject_9_F_11.pkl,212,-0.318018
BMLmovi/Subject_9_F_MoSh/Subject_9_F_11.pkl,213,-0.320281
BMLmovi/Subject_9_F_MoSh/Subject_9_F_11.pkl,214,-0.317435
BMLmovi/Subject_9_F_MoSh/Subject_9_F_11.pkl,215,-0.310562
BMLmovi/Subject_9_F_MoSh/Subject_9_F_11.pkl,216,-0.298921
BMLmovi/Subject_9_F_MoSh/Subject_9_F_11.pkl,217,-0.281531
BMLmovi/Subject_9_F_MoSh/Subject_9_F_11.pkl,218,-0.256691
BioMotionLab_NTroje/rub074/0031_rom.pkl,2173,-0.004
BioMotionLab_NTroje/rub074/0031_rom.pkl,2179,0.027163
BioMotionLab_NTroje/rub074/0031_rom.pkl,2180,0.037836
BioMotionLab_NTroje/rub074/0031_rom.pkl,2181,0.046743
BioMotionLab_NTroje/rub074/0031_rom.pkl,2182,0.057132
BioMotionLab_NTroje/rub074/0031_rom.pkl,2183,0.06994
BioMotionLab_NTroje/rub074/0031_rom.pkl,2184,0.082677
BioMotionLab_NTroje/rub074/0031_rom.pkl,2185,0.096839
BioMotionLab_NTroje/rub074/0031_rom.pkl,2186,0.113077
BioMotionLab_NTroje/rub074/0031_rom.pkl,2187,0.131622
BioMotionLab_NTroje/rub074/0031_rom.pkl,2188,0.150436
BioMotionLab_NTroje/rub074/0031_rom.pkl,2189,0.173663
BioMotionLab_NTroje/rub074/0031_rom.pkl,2190,0.20176
BioMotionLab_NTroje/rub074/0031_rom.pkl,2191,0.23482
BioMotionLab_NTroje/rub074/0031_rom.pkl,2206,0.38185
BioMotionLab_NTroje/rub074/0031_rom.pkl,2207,0.331876
BioMotionLab_NTroje/rub074/0031_rom.pkl,2208,0.281016
BioMotionLab_NTroje/rub074/0031_rom.pkl,2209,0.244422
BioMotionLab_NTroje/rub074/0031_rom.pkl,2211,0.189284
BioMotionLab_NTroje/rub074/0031_rom.pkl,2212,0.166269
BioMotionLab_NTroje/rub074/0031_rom.pkl,2213,0.143956
BioMotionLab_NTroje/rub074/0031_rom.pkl,2214,0.12818
BioMotionLab_NTroje/rub074/0031_rom.pkl,2215,0.119859
BioMotionLab_NTroje/rub074/0031_rom.pkl,2216,0.114128
BioMotionLab_NTroje/rub074/0031_rom.pkl,2217,0.11428
BioMotionLab_NTroje/rub074/0031_rom.pkl,2218,0.117702
BioMotionLab_NTroje/rub074/0031_rom.pkl,2219,0.128155
BioMotionLab_NTroje/rub074/0031_rom.pkl,2220,0.145211
BioMotionLab_NTroje/rub074/0031_rom.pkl,2250,-0.027219
BioMotionLab_NTroje/rub074/0031_rom.pkl,2251,-0.028888
BioMotionLab_NTroje/rub074/0031_rom.pkl,2252,-0.031424
BioMotionLab_NTroje/rub074/0031_rom.pkl,2253,-0.031615
BioMotionLab_NTroje/rub074/0031_rom.pkl,2254,-0.030639
CMU/106/106_33.pkl,15,-0.226313
CMU/106/106_33.pkl,16,-0.290986
CMU/106/106_33.pkl,17,-0.344272
CMU/106/106_33.pkl,23,-0.171937
CMU/106/106_33.pkl,24,-0.132049
CMU/106/106_33.pkl,25,-0.11412
CMU/106/106_33.pkl,26,-0.110646
CMU/106/106_33.pkl,27,-0.119119
CMU/106/106_33.pkl,28,-0.140164
CMU/106/106_33.pkl,29,-0.173975
CMU/106/106_33.pkl,30,-0.22338
CMU/106/106_33.pkl,31,-0.293758
CMU/106/106_33.pkl,32,-0.371166
CMU/106/106_33.pkl,33,-0.424777
CMU/106/106_33.pkl,34,-0.442993
CMU/106/106_33.pkl,35,-0.431263
CMU/106/106_33.pkl,38,-0.24562
CMU/106/106_33.pkl,39,-0.18335
CMU/106/106_33.pkl,40,-0.141192
CMU/106/106_33.pkl,41,-0.121282
CMU/106/106_33.pkl,42,-0.11817
CMU/106/106_33.pkl,43,-0.128777
CMU/106/106_33.pkl,44,-0.153606
CMU/106/106_33.pkl,45,-0.189435
CMU/106/106_33.pkl,46,-0.243548
CMU/106/106_33.pkl,47,-0.311815
CMU/106/106_33.pkl,54,-0.216582
CMU/106/106_33.pkl,55,-0.175421
CMU/106/106_33.pkl,56,-0.15673
CMU/106/106_33.pkl,57,-0.155892
CMU/106/106_33.pkl,58,-0.167094
CMU/106/106_33.pkl,59,-0.193191
CMU/106/106_33.pkl,60,-0.236481
CMU/106/106_33.pkl,61,-0.29839
CMU/106/106_33.pkl,62,-0.361826
CMU/106/106_33.pkl,63,-0.402362
CMU/106/106_33.pkl,64,-0.414014
CMU/106/106_33.pkl,65,-0.396319
CMU/106/106_33.pkl,73,-0.14227
CMU/106/106_33.pkl,74,-0.176576
CMU/106/106_33.pkl,75,-0.229039
CMU/106/106_33.pkl,76,-0.294932
CMU/106/106_33.pkl,77,-0.36324
CMU/106/106_33.pkl,78,-0.407052
CMU/106/106_33.pkl,79,-0.418154
CMU/106/106_33.pkl,80,-0.399357
CMU/106/106_33.pkl,81,-0.356101
CMU/106/106_33.pkl,84,-0.177515
CMU/106/106_33.pkl,85,-0.151926
CMU/106/106_33.pkl,86,-0.145646
CMU/106/106_33.pkl,87,-0.155868
CMU/106/106_33.pkl,88,-0.182372
CMU/106/106_33.pkl,89,-0.229589
CMU/106/106_33.pkl,90,-0.298074
CMU/106/106_33.pkl,91,-0.370525
CMU/106/106_33.pkl,92,-0.424298
CMU/106/106_33.pkl,93,-0.444724
CMU/106/106_33.pkl,94,-0.429682
CMU/106/106_33.pkl,110,0.430606
CMU/106/106_33.pkl,111,0.408566
CMU/106/106_33.pkl,112,0.370134
CMU/106/106_33.pkl,113,0.311677
CMU/106/106_33.pkl,120,0.259258
CMU/106/106_33.pkl,121,0.323597
CMU/106/106_33.pkl,122,0.400708
CMU/106/106_33.pkl,127,0.380847
CMU/106/106_33.pkl,128,0.310033
CMU/106/106_33.pkl,129,0.248472
CMU/106/106_33.pkl,130,0.214961
CMU/106/106_33.pkl,131,0.205673
CMU/106/106_33.pkl,132,0.208496
CMU/106/106_33.pkl,133,0.226531
CMU/106/106_33.pkl,139,0.471808
CMU/106/106_33.pkl,140,0.434873
CMU/106/106_33.pkl,141,0.379287
CMU/106/106_33.pkl,145,0.215658
CMU/106/106_33.pkl,146,0.223586
CMU/106/106_33.pkl,147,0.243474
CMU/106/106_33.pkl,148,0.280663
CMU/106/106_33.pkl,149,0.339894
CMU/106/106_33.pkl,150,0.407733
CMU/106/106_33.pkl,151,0.459653
CMU/106/106_33.pkl,152,0.479475
CMU/106/106_33.pkl,153,0.467231
CMU/106/106_33.pkl,154,0.430568
CMU/106/106_33.pkl,155,0.371852
CMU/106/106_33.pkl,158,0.214143
CMU/106/106_33.pkl,159,0.205746
CMU/106/106_33.pkl,160,0.21223
CMU/106/106_33.pkl,161,0.234967
CMU/106/106_33.pkl,162,0.274735
CMU/106/106_33.pkl,163,0.335946
CMU/106/106_33.pkl,164,0.407547
CMU/106/106_33.pkl,165,0.466815
CMU/106/106_33.pkl,166,0.489999
CMU/106/106_33.pkl,167,0.478686
CMU/106/106_33.pkl,168,0.441579
CMU/106/106_33.pkl,169,0.383213
CMU/106/106_33.pkl,170,0.311775
CMU/106/106_33.pkl,171,0.247805
CMU/106/106_33.pkl,172,0.211471
CMU/106/106_33.pkl,173,0.199484
CMU/106/106_33.pkl,174,0.20317
CMU/106/106_33.pkl,175,0.218531
CMU/106/106_33.pkl,176,0.251757
CMU/106/106_33.pkl,177,0.305594
CMU/106/106_33.pkl,178,0.372598
CMU/106/106_33.pkl,179,0.433818
CMU/106/106_33.pkl,180,0.466127
CMU/106/106_33.pkl,181,0.464282
CMU/106/106_33.pkl,182,0.433996
CMU/106/106_33.pkl,184,0.311194
CMU/113/113_18.pkl,220,0.373229
CMU/113/113_18.pkl,221,0.386935
CMU/113/113_18.pkl,226,0.350758
CMU/113/113_18.pkl,227,0.327467
CMU/113/113_18.pkl,228,0.299518
CMU/113/113_18.pkl,229,0.267196
CMU/113/113_18.pkl,243,0.137547
CMU/113/113_18.pkl,244,0.152902
CMU/113/113_18.pkl,245,0.174154
CMU/113/113_18.pkl,264,0.224546
CMU/113/113_18.pkl,265,0.199982
CMU/113/113_18.pkl,266,0.179268
CMU/113/113_18.pkl,267,0.163271
CMU/113/113_18.pkl,288,0.431908
CMU/113/113_18.pkl,289,0.426569
CMU/113/113_18.pkl,290,0.4143
CMU/113/113_18.pkl,291,0.396441
CMU/113/113_18.pkl,292,0.373533
CMU/113/113_18.pkl,293,0.342752
CMU/113/113_18.pkl,294,0.308529
CMU/113/113_18.pkl,295,0.272
CMU/113/113_18.pkl,315,0.35808
CMU/113/113_18.pkl,331,0.218329
CMU/113/113_18.pkl,332,0.191498
CMU/113/113_18.pkl,351,0.375416
CMU/113/113_18.pkl,364,0.273572
CMU/113/113_18.pkl,365,0.236603
CMU/113/113_18.pkl,366,0.203784
CMU/113/113_18.pkl,379,0.140674
CMU/113/113_18.pkl,380,0.157784
CMU/113/113_18.pkl,381,0.178821
CMU/35/35_27.pkl,177,-0.243885
CMU/35/35_27.pkl,178,-0.261857
CMU/35/35_27.pkl,179,-0.276316
CMU/35/35_27.pkl,180,-0.283953
CMU/35/35_27.pkl,181,-0.287951
CMU/35/35_27.pkl,182,-0.288211
CMU/35/35_27.pkl,194,-0.164699
CMU/35/35_27.pkl,195,-0.1734
CMU/35/35_27.pkl,196,-0.18613
CMU/35/35_27.pkl,197,-0.200518
CMU/35/35_27.pkl,198,-0.220861
CMU/35/35_27.pkl,199,-0.241567
CMU/35/35_27.pkl,200,-0.26228
CMU/35/35_27.pkl,201,-0.2803
CMU/35/35_27.pkl,202,-0.296452
CMU/35/35_27.pkl,203,-0.303207
CMU/35/35_27.pkl,204,-0.306548
CMU/35/35_27.pkl,205,-0.302781
CMU/35/35_27.pkl,206,-0.296738
CMU/35/35_27.pkl,207,-0.287181
CMU/35/35_27.pkl,208,-0.274574
CMU/35/35_27.pkl,209,-0.259649
CMU/35/35_27.pkl,210,-0.241705
CMU/35/35_27.pkl,211,-0.221585
CMU/35/35_27.pkl,212,-0.202829
CMU/35/35_27.pkl,213,-0.185065
CMU/35/35_27.pkl,214,-0.169991
CMU/35/35_27.pkl,215,-0.163524
CMU/35/35_27.pkl,216,-0.159352
CMU/35/35_27.pkl,217,-0.160296
CMU/35/35_27.pkl,218,-0.168491
CMU/35/35_27.pkl,223,-0.238618
CMU/35/35_27.pkl,315,0.263191
CMU/35/35_27.pkl,316,0.265913
CMU/35/35_27.pkl,317,0.263207
CMU/35/35_27.pkl,318,0.256877
CMU/35/35_27.pkl,319,0.248545
CMU/35/35_27.pkl,320,0.237142
CMU/35/35_27.pkl,321,0.219633
CMU/35/35_27.pkl,322,0.197193
CMU/35/35_27.pkl,323,0.173372
CMU/35/35_27.pkl,324,0.15219
CMU/35/35_27.pkl,443,0.294631
CMU/35/35_27.pkl,444,0.272557
CMU/35/35_27.pkl,445,0.245894
CMU/35/35_27.pkl,446,0.215953
CMU/35/35_27.pkl,447,0.18409
CMU/35/35_27.pkl,449,0.127237
CMU/35/35_27.pkl,450,0.103228
CMU/35/35_27.pkl,451,0.082616
CMU/35/35_27.pkl,452,0.063025
CMU/35/35_27.pkl,453,0.043004
CMU/35/35_27.pkl,457,-0.051927
CMU/35/35_27.pkl,458,-0.081864
CMU/35/35_27.pkl,459,-0.110632
CMU/35/35_27.pkl,460,-0.138662
CMU/35/35_27.pkl,461,-0.164202
CMU/35/35_27.pkl,462,-0.183197
CMU/35/35_27.pkl,463,-0.19661
CMU/35/35_27.pkl,519,-0.228042
CMU/35/35_27.pkl,525,-0.153666
CMU/35/35_27.pkl,526,-0.157233
CMU/35/35_27.pkl,527,-0.163525
CMU/35/35_27.pkl,528,-0.175724
CMU/35/35_27.pkl,529,-0.192149
CMU/35/35_27.pkl,530,-0.209375
CMU/35/35_27.pkl,531,-0.226569
CMU/35/35_27.pkl,532,-0.249223
CMU/35/35_27.pkl,533,-0.272553
CMU/35/35_27.pkl,534,-0.297576
CMU/35/35_27.pkl,535,-0.314169
CMU/35/35_27.pkl,536,-0.327105
CMU/35/35_27.pkl,547,-0.255001
CMU/35/35_27.pkl,548,-0.253598
CMU/35/35_27.pkl,549,-0.252735
CMU/35/35_27.pkl,550,-0.258514
CMU/35/35_27.pkl,551,-0.276544
CMU/35/35_27.pkl,559,-0.387307
CMU/35/35_27.pkl,560,-0.383376
CMU/35/35_27.pkl,561,-0.374155
CMU/35/35_27.pkl,563,-0.340276
CMU/35/35_27.pkl,564,-0.320508
CMU/35/35_27.pkl,565,-0.293793
CMU/35/35_27.pkl,566,-0.2702
CMU/35/35_27.pkl,567,-0.242368
CMU/35/35_27.pkl,568,-0.219223
CMU/35/35_27.pkl,569,-0.199182
CMU/35/35_27.pkl,570,-0.185669
CMU/35/35_27.pkl,571,-0.177851
CMU/35/35_27.pkl,572,-0.1715
CMU/35/35_27.pkl,681,0.287338
CMU/35/35_27.pkl,682,0.293407
CMU/35/35_27.pkl,683,0.29393
CMU/35/35_27.pkl,684,0.289313
CMU/35/35_27.pkl,685,0.280186
CMU/35/35_27.pkl,686,0.26767
CMU/35/35_27.pkl,687,0.253597
CMU/35/35_27.pkl,688,0.237114
CMU/35/35_27.pkl,689,0.215743
CMU/35/35_27.pkl,690,0.193342
CMU/35/35_27.pkl,691,0.171923
CMU/35/35_27.pkl,692,0.156122
CMU/35/35_27.pkl,693,0.148246
CMU/35/35_27.pkl,694,0.145931
CMU/35/35_27.pkl,701,0.249436
CMU/35/35_27.pkl,702,0.27021
CMU/35/35_27.pkl,703,0.283311
CMU/35/35_27.pkl,704,0.290017
CMU/35/35_27.pkl,705,0.292314
CMU/35/35_27.pkl,892,0.292484
CMU/35/35_27.pkl,893,0.287071
CMU/35/35_27.pkl,894,0.277032
CMU/35/35_27.pkl,895,0.262883
CMU/35/35_27.pkl,896,0.24641
CMU/35/35_27.pkl,897,0.225959
CMU/35/35_27.pkl,898,0.201271
CMU/35/35_27.pkl,899,0.176215
CMU/35/35_27.pkl,900,0.155167
CMU/35/35_27.pkl,901,0.141889
CMU/35/35_27.pkl,902,0.134036
CMU/35/35_27.pkl,968,0.339491
CMU/35/35_27.pkl,969,0.33911
CMU/35/35_27.pkl,970,0.335051
CMU/35/35_27.pkl,1134,-0.206936
CMU/35/35_27.pkl,1135,-0.214978
CMU/35/35_27.pkl,1136,-0.217901
CMU/35/35_27.pkl,1137,-0.215081
CMU/35/35_27.pkl,1140,-0.186072
CMU/35/35_27.pkl,1141,-0.172538
CMU/35/35_27.pkl,1142,-0.156137
CMU/35/35_27.pkl,1143,-0.138197
CMU/35/35_27.pkl,1144,-0.121053
CMU/35/35_27.pkl,1145,-0.108713
CMU/35/35_27.pkl,1146,-0.098557
CMU/35/35_27.pkl,1147,-0.095166
CMU/35/35_27.pkl,1148,-0.092961
CMU/35/35_27.pkl,1149,-0.094
CMU/35/35_27.pkl,1150,-0.104204
CMU/35/35_27.pkl,1151,-0.11135
CMU/35/35_27.pkl,1152,-0.121255
CMU/35/35_27.pkl,1153,-0.132804
CMU/35/35_27.pkl,1154,-0.148427
CMU/35/35_27.pkl,1155,-0.168106
CMU/35/35_27.pkl,1156,-0.185944
CMU/35/35_27.pkl,1157,-0.200812
CMU/35/35_27.pkl,1165,-0.187933
CMU/35/35_27.pkl,1166,-0.174564
CMU/35/35_27.pkl,1167,-0.158724
CMU/35/35_27.pkl,1168,-0.139469
CMU/35/35_27.pkl,1169,-0.118656
CMU/35/35_27.pkl,1170,-0.107297
CMU/35/35_27.pkl,1171,-0.098633
CMU/35/35_27.pkl,1172,-0.092739
CMU/35/35_27.pkl,1173,-0.094778
CMU/35/35_27.pkl,1174,-0.100366
CMU/35/35_27.pkl,1175,-0.111633
CMU/35/35_27.pkl,1177,-0.136756
CMU/35/35_27.pkl,1178,-0.14967
CMU/35/35_27.pkl,1179,-0.167307
CMU/35/35_27.pkl,1180,-0.189978
CMU/35/35_27.pkl,1181,-0.208825
CMU/35/35_27.pkl,1182,-0.227876
CMU/35/35_27.pkl,1183,-0.239245
CMU/35/35_27.pkl,1189,-0.213598
CMU/35/35_27.pkl,1190,-0.201805
CMU/35/35_27.pkl,1229,-0.170123
CMU/35/35_27.pkl,1230,-0.181256
CMU/35/35_27.pkl,1231,-0.19508
CMU/35/35_27.pkl,1232,-0.210669
CMU/35/35_27.pkl,1233,-0.225586
CMU/35/35_27.pkl,1234,-0.237457
CMU/35/35_27.pkl,1235,-0.243804
CMU/35/35_27.pkl,1236,-0.245226
CMU/35/35_27.pkl,1237,-0.242374
CMU/35/35_27.pkl,1238,-0.236348
CMU/35/35_27.pkl,1239,-0.227109
CMU/35/35_27.pkl,1240,-0.215102
CMU/35/35_27.pkl,1241,-0.200212
CMU/35/35_27.pkl,1242,-0.183019
CMU/35/35_27.pkl,1243,-0.164411
CMU/35/35_27.pkl,1244,-0.144826
CMU/35/35_27.pkl,1245,-0.127816
CMU/35/35_27.pkl,1246,-0.116208
CMU/35/35_27.pkl,1247,-0.110714
CMU/35/35_27.pkl,1248,-0.109536
CMU/35/35_27.pkl,1249,-0.112768
CMU/35/35_27.pkl,1250,-0.120881
CMU/35/35_27.pkl,1251,-0.132615
CMU/35/35_27.pkl,1252,-0.147893
CMU/35/35_27.pkl,1253,-0.165996
CMU/35/35_27.pkl,1254,-0.186082
CMU/35/35_27.pkl,1264,-0.277813
CMU/35/35_27.pkl,1265,-0.264586
CMU/35/35_27.pkl,1350,-0.093187
CMU/35/35_27.pkl,1351,-0.11543
CMU/35/35_27.pkl,1352,-0.138249
CMU/35/35_27.pkl,1353,-0.160675
CMU/35/35_27.pkl,1354,-0.179327
CMU/35/35_27.pkl,1355,-0.192611
CMU/35/35_27.pkl,1356,-0.200733
CMU/35/35_27.pkl,1357,-0.202175
CMU/35/35_27.pkl,1358,-0.19952
CMU/35/35_27.pkl,1363,-0.145829
CMU/35/35_27.pkl,1364,-0.126975
CMU/35/35_27.pkl,1365,-0.108976
CMU/35/35_27.pkl,1366,-0.094969
CMU/35/35_27.pkl,1367,-0.087348
CMU/35/35_27.pkl,1368,-0.086586
CMU/35/35_27.pkl,1369,-0.092341
CMU/35/35_27.pkl,1370,-0.103271
CMU/35/35_27.pkl,1371,-0.118235
CMU/35/35_27.pkl,1372,-0.13725
CMU/35/35_27.pkl,1373,-0.155928
CMU/35/35_27.pkl,1374,-0.175632
CMU/35/35_27.pkl,1375,-0.193897
CMU/35/35_27.pkl,1376,-0.207563
CMU/35/35_27.pkl,1377,-0.216658
CMU/35/35_27.pkl,1378,-0.221188
CMU/35/35_27.pkl,1379,-0.22066
CMU/35/35_27.pkl,1380,-0.215686
CMU/35/35_27.pkl,1381,-0.208443
CMU/35/35_27.pkl,1382,-0.197837
CMU/35/35_27.pkl,1383,-0.184545
CMU/35/35_27.pkl,1384,-0.165999
CMU/35/35_27.pkl,1385,-0.144265
CMU/35/35_27.pkl,1386,-0.120822
CMU/35/35_27.pkl,1434,-0.148586
CMU/35/35_27.pkl,1435,-0.143998
CMU/35/35_27.pkl,1436,-0.145156
CMU/35/35_27.pkl,1437,-0.145843
CMU/35/35_27.pkl,1440,-0.181488
CMU/35/35_27.pkl,1441,-0.197538
CMU/35/35_27.pkl,1442,-0.216914
CMU/35/35_27.pkl,1443,-0.238072
CMU/35/35_27.pkl,1444,-0.259988
CMU/35/35_27.pkl,1445,-0.283216
CMU/35/35_27.pkl,1446,-0.295736
CMU/35/35_27.pkl,1447,-0.304351
CMU/35/35_27.pkl,1483,0.283154
CMU/35/35_27.pkl,1484,0.275048
CMU/35/35_27.pkl,1485,0.264587
CMU/35/35_27.pkl,1486,0.247883
CMU/35/35_27.pkl,1487,0.227697
CMU/35/35_27.pkl,1488,0.208168
CMU/35/35_27.pkl,1489,0.193011
CMU/35/35_27.pkl,1490,0.185213
CMU/35/35_27.pkl,1491,0.184503
CMU/35/35_27.pkl,1492,0.187221
CMU/35/35_27.pkl,1493,0.192515
CMU/35/35_27.pkl,1494,0.201424
CMU/35/35_27.pkl,1495,0.213288
CMU/35/35_27.pkl,1496,0.229017
CMU/35/35_27.pkl,1497,0.246725
CMU/35/35_27.pkl,1498,0.264872
CMU/35/35_27.pkl,1499,0.280929
CMU/35/35_27.pkl,1500,0.291972
CMU/35/35_27.pkl,1501,0.296652
CMU/35/35_27.pkl,1502,0.2955
CMU/35/35_27.pkl,1503,0.28981
CMU/35/35_27.pkl,1504,0.281047
CMU/35/35_27.pkl,1505,0.269301
CMU/35/35_27.pkl,1506,0.25485
CMU/35/35_27.pkl,1507,0.237097
CMU/35/35_27.pkl,1508,0.216047
CMU/35/35_27.pkl,1509,0.191074
CMU/35/35_27.pkl,1510,0.167074
CMU/35/35_27.pkl,1511,0.147458
CMU/35/35_27.pkl,1512,0.134398
CMU/35/35_27.pkl,1513,0.128233
CMU/35/35_27.pkl,1598,0.204288
CMU/35/35_27.pkl,1599,0.219461
CMU/35/35_27.pkl,1600,0.228106
CMU/35/35_27.pkl,1601,0.230556
CMU/35/35_27.pkl,1602,0.227956
CMU/35/35_27.pkl,1603,0.220329
CMU/35/35_27.pkl,1604,0.208717
CMU/35/35_27.pkl,1605,0.194258
CMU/35/35_27.pkl,1606,0.175714
CMU/35/35_27.pkl,1607,0.154267
CMU/35/35_27.pkl,1608,0.129802
CMU/35/35_27.pkl,1609,0.103229
CMU/35/35_27.pkl,1610,0.080495
CMU/35/35_27.pkl,1611,0.064465
CMU/35/35_27.pkl,1612,0.055303
CMU/35/35_27.pkl,1613,0.053055
CMU/35/35_27.pkl,1614,0.056498
CMU/35/35_27.pkl,1615,0.064915
CMU/35/35_27.pkl,1616,0.078191
CMU/35/35_27.pkl,1617,0.094658
CMU/35/35_27.pkl,1618,0.114024
CMU/35/35_27.pkl,1619,0.13498
CMU/35/35_27.pkl,1694,-0.206051
CMU/35/35_27.pkl,1695,-0.197495
CMU/35/35_27.pkl,1696,-0.185692
CMU/35/35_27.pkl,1697,-0.174181
CMU/35/35_27.pkl,1698,-0.165399
CMU/35/35_27.pkl,1699,-0.160208
CMU/35/35_27.pkl,1700,-0.159471
CMU/35/35_27.pkl,1701,-0.163107
CMU/35/35_27.pkl,1702,-0.169223
CMU/35/35_27.pkl,1703,-0.178186
CMU/35/35_27.pkl,1704,-0.19107
CMU/35/35_27.pkl,1705,-0.206907
CMU/35/35_27.pkl,1706,-0.224958
CMU/35/35_27.pkl,1707,-0.243226
CMU/35/35_27.pkl,1708,-0.260364
CMU/35/35_27.pkl,1709,-0.273497
CMU/35/35_27.pkl,1710,-0.281579
CMU/35/35_27.pkl,1711,-0.285521
CMU/35/35_27.pkl,1712,-0.285776
CMU/35/35_27.pkl,1713,-0.281981
CMU/35/35_27.pkl,1714,-0.275785
CMU/35/35_27.pkl,1715,-0.266314
CMU/35/35_27.pkl,1716,-0.254274
CMU/35/35_27.pkl,1717,-0.239024
CMU/35/35_27.pkl,1718,-0.220888
CMU/35/35_27.pkl,1719,-0.201662
CMU/35/35_27.pkl,1720,-0.183536
CMU/35/35_27.pkl,1721,-0.17009
CMU/35/35_27.pkl,1821,-0.09968
CMU/35/35_27.pkl,1822,-0.110853
CMU/35/35_27.pkl,1823,-0.12277
CMU/35/35_27.pkl,1824,-0.137352
CMU/35/35_27.pkl,1825,-0.15355
CMU/35/35_27.pkl,1826,-0.168322
CMU/35/35_27.pkl,1827,-0.180837
CMU/35/35_27.pkl,1828,-0.187914
CMU/35/35_27.pkl,1829,-0.190215
CMU/35/35_27.pkl,1830,-0.187082
CMU/35/35_27.pkl,1831,-0.180824
CMU/35/35_27.pkl,1832,-0.172706
CMU/35/35_27.pkl,1834,-0.151255
CMU/35/35_27.pkl,1835,-0.137604
CMU/35/35_27.pkl,1836,-0.121387
CMU/35/35_27.pkl,1837,-0.103031
CMU/35/35_27.pkl,1838,-0.087217
CMU/35/35_27.pkl,1839,-0.074519
CMU/35/35_27.pkl,1840,-0.067558
CMU/35/35_27.pkl,1841,-0.065453
CMU/35/35_27.pkl,1842,-0.068926
CMU/35/35_27.pkl,1843,-0.075272
CMU/35/35_27.pkl,1844,-0.083867
CMU/35/35_27.pkl,1845,-0.094478
CMU/35/35_27.pkl,1846,-0.105843
CMU/35/35_27.pkl,1847,-0.11975
CMU/35/35_27.pkl,1848,-0.136285
CMU/35/35_27.pkl,1916,0.278787
CMU/35/35_27.pkl,1917,0.264603
CMU/35/35_27.pkl,1918,0.246555
CMU/35/35_27.pkl,1919,0.225182
CMU/35/35_27.pkl,1920,0.202061
CMU/35/35_27.pkl,1921,0.182345
CMU/35/35_27.pkl,1922,0.168522
CMU/35/35_27.pkl,1923,0.162851
CMU/35/35_27.pkl,1928,0.19309
CMU/35/35_27.pkl,1929,0.208686
CMU/35/35_27.pkl,1930,0.227996
CMU/35/35_27.pkl,1931,0.25076
CMU/35/35_27.pkl,1932,0.274693
CMU/35/35_27.pkl,1933,0.296839
CMU/35/35_27.pkl,1934,0.313031
CMU/35/35_27.pkl,1935,0.322342
CMU/35/35_27.pkl,1936,0.324285
CMU/35/35_27.pkl,1941,0.277519
CMU/35/35_27.pkl,1942,0.255789
CMU/35/35_27.pkl,1943,0.231359
CMU/35/35_27.pkl,1944,0.20436
CMU/35/35_27.pkl,1945,0.176472
Eyes_Japan_Dataset/hamada/jump-01-normal-hamada.pkl,75,-0.194357
Eyes_Japan_Dataset/hamada/jump-01-normal-hamada.pkl,76,-0.190233
Eyes_Japan_Dataset/hamada/jump-01-normal-hamada.pkl,77,-0.182984
Eyes_Japan_Dataset/hamada/jump-01-normal-hamada.pkl,78,-0.172653
Eyes_Japan_Dataset/hamada/jump-01-normal-hamada.pkl,599,0.290418
Eyes_Japan_Dataset/hamada/jump-01-normal-hamada.pkl,600,0.283024
Eyes_Japan_Dataset/hamada/jump-01-normal-hamada.pkl,601,0.271189
Eyes_Japan_Dataset/hamada/jump-06-rope normal run fast-hamada.pkl,658,0.12846
Eyes_Japan_Dataset/hamada/jump-06-rope normal run fast-hamada.pkl,659,0.127558
Eyes_Japan_Dataset/hamada/jump-06-rope normal run fast-hamada.pkl,660,0.12939
Eyes_Japan_Dataset/hamada/jump-06-rope normal run fast-hamada.pkl,661,0.13169
Eyes_Japan_Dataset/hamada/jump-06-rope normal run fast-hamada.pkl,662,0.133183
Eyes_Japan_Dataset/hamada/jump-06-rope normal run fast-hamada.pkl,663,0.133526
Eyes_Japan_Dataset/hamada/jump-06-rope normal run fast-hamada.pkl,664,0.134658
KIT/1721/RecoveryStepping_50_90_04.pkl,49,-0.26304
KIT/291/push_recovery_stand_right02.pkl,27,-0.027892
KIT/291/push_recovery_stand_right02.pkl,28,-0.051965
KIT/291/push_recovery_stand_right02.pkl,29,-0.077516
KIT/291/push_recovery_stand_right02.pkl,30,-0.101832
KIT/291/push_recovery_stand_right02.pkl,31,-0.122111
KIT/421/push_recovery_stand_left02.pkl,80,-0.498772
KIT/421/push_recovery_stand_left02.pkl,81,-0.501977
KIT/421/push_recovery_stand_right01.pkl,72,-0.196303
KIT/421/push_recovery_stand_right01.pkl,73,-0.223032
KIT/421/push_recovery_stand_right01.pkl,74,-0.241174
KIT/421/push_recovery_stand_right01.pkl,75,-0.248574
KIT/421/push_recovery_stand_right01.pkl,76,-0.2445
KIT/421/push_recovery_stand_right01.pkl,77,-0.229704
MPI_HDM05/bk/HDM_bk_01-01_01_120.pkl,800,0.076205
MPI_HDM05/bk/HDM_bk_01-01_01_120.pkl,801,0.091941
MPI_HDM05/bk/HDM_bk_01-01_01_120.pkl,802,0.107853
MPI_HDM05/bk/HDM_bk_01-01_01_120.pkl,803,0.126377
MPI_HDM05/bk/HDM_bk_01-01_01_120.pkl,804,0.148218
MPI_HDM05/bk/HDM_bk_01-01_01_120.pkl,831,0.183244
MPI_HDM05/bk/HDM_bk_01-01_01_120.pkl,832,0.193194
MPI_HDM05/bk/HDM_bk_01-01_01_120.pkl,833,0.205213
MPI_HDM05/bk/HDM_bk_01-01_01_120.pkl,834,0.220531
MPI_HDM05/bk/HDM_bk_01-01_01_120.pkl,835,0.240342
MPI_HDM05/bk/HDM_bk_01-01_01_120.pkl,836,0.266319
MPI_HDM05/bk/HDM_bk_01-01_01_120.pkl,837,0.296475
MPI_HDM05/bk/HDM_bk_01-01_01_120.pkl,838,0.328349
MPI_HDM05/bk/HDM_bk_01-01_01_120.pkl,839,0.358794
MPI_HDM05/bk/HDM_bk_01-01_01_120.pkl,840,0.386327
MPI_HDM05/bk/HDM_bk_01-01_01_120.pkl,841,0.407503
MPI_HDM05/bk/HDM_bk_01-01_01_120.pkl,842,0.421697
MPI_HDM05/bk/HDM_bk_01-01_01_120.pkl,843,0.428478
MPI_HDM05/bk/HDM_bk_01-01_01_120.pkl,861,0.217594
MPI_HDM05/bk/HDM_bk_01-01_01_120.pkl,862,0.221579
MPI_HDM05/bk/HDM_bk_01-01_01_120.pkl,863,0.22818
MPI_HDM05/bk/HDM_bk_01-01_01_120.pkl,864,0.238636
MPI_HDM05/bk/HDM_bk_01-01_01_120.pkl,865,0.253705
MPI_HDM05/bk/HDM_bk_01-01_01_120.pkl,866,0.27376
MPI_HDM05/bk/HDM_bk_01-01_01_120.pkl,867,0.295842
MPI_HDM05/bk/HDM_bk_01-01_01_120.pkl,881,0.23986
MPI_HDM05/bk/HDM_bk_01-01_01_120.pkl,882,0.221884
MPI_HDM05/bk/HDM_bk_01-01_01_120.pkl,883,0.207953
MPI_HDM05/bk/HDM_bk_01-01_01_120.pkl,884,0.197606
MPI_HDM05/bk/HDM_bk_01-01_01_120.pkl,885,0.192121
MPI_HDM05/bk/HDM_bk_01-01_01_120.pkl,886,0.189257
MPI_HDM05/bk/HDM_bk_01-01_01_120.pkl,887,0.190206
MPI_HDM05/bk/HDM_bk_01-01_01_120.pkl,888,0.196136
MPI_HDM05/bk/HDM_bk_01-01_01_120.pkl,889,0.205258
MPI_HDM05/bk/HDM_bk_01-01_01_120.pkl,890,0.215425
MPI_HDM05/bk/HDM_bk_01-01_01_120.pkl,891,0.225953
MPI_HDM05/bk/HDM_bk_01-01_01_120.pkl,892,0.238053
MPI_HDM05/bk/HDM_bk_01-01_01_120.pkl,893,0.254711
MPI_HDM05/bk/HDM_bk_01-01_01_120.pkl,900,0.415222
MPI_HDM05/bk/HDM_bk_01-01_01_120.pkl,901,0.420954
MPI_HDM05/bk/HDM_bk_01-01_01_120.pkl,903,0.416486
MPI_HDM05/bk/HDM_bk_01-01_01_120.pkl,904,0.4046
MPI_HDM05/bk/HDM_bk_01-01_01_120.pkl,905,0.387432
MPI_HDM05/bk/HDM_bk_01-01_01_120.pkl,906,0.366289
MPI_HDM05/bk/HDM_bk_01-01_01_120.pkl,907,0.342094
MPI_HDM05/bk/HDM_bk_01-01_01_120.pkl,908,0.316057
MPI_HDM05/bk/HDM_bk_01-01_01_120.pkl,909,0.289185
MPI_HDM05/bk/HDM_bk_01-01_01_120.pkl,910,0.266049
MPI_HDM05/bk/HDM_bk_01-01_01_120.pkl,911,0.247424
MPI_HDM05/bk/HDM_bk_01-01_01_120.pkl,912,0.234676
MPI_HDM05/bk/HDM_bk_01-01_01_120.pkl,913,0.225355
MPI_HDM05/bk/HDM_bk_01-01_01_120.pkl,914,0.219683
MPI_HDM05/bk/HDM_bk_01-01_01_120.pkl,915,0.217657
MPI_HDM05/bk/HDM_bk_01-01_01_120.pkl,916,0.221181
MPI_HDM05/bk/HDM_bk_01-01_01_120.pkl,917,0.22685
MPI_HDM05/bk/HDM_bk_01-01_01_120.pkl,918,0.233664
MPI_HDM05/bk/HDM_bk_01-01_01_120.pkl,919,0.241767
MPI_HDM05/bk/HDM_bk_01-01_01_120.pkl,920,0.252523
MPI_HDM05/bk/HDM_bk_01-01_01_120.pkl,921,0.269584
MPI_HDM05/bk/HDM_bk_01-01_01_120.pkl,928,0.384064
MPI_HDM05/bk/HDM_bk_01-01_01_120.pkl,929,0.381727
MPI_HDM05/bk/HDM_bk_01-01_01_120.pkl,930,0.373405
MPI_HDM05/bk/HDM_bk_01-01_01_120.pkl,931,0.360311
MPI_HDM05/bk/HDM_bk_01-01_01_120.pkl,932,0.341176
MPI_HDM05/bk/HDM_bk_01-01_01_120.pkl,939,0.110908
MPI_HDM05/bk/HDM_bk_01-01_01_120.pkl,940,0.085952
MPI_HDM05/bk/HDM_bk_01-01_01_120.pkl,941,0.064373
MPI_HDM05/bk/HDM_bk_01-01_01_120.pkl,946,-0.014143
MPI_HDM05/bk/HDM_bk_01-01_01_120.pkl,947,-0.024042
MPI_HDM05/bk/HDM_bk_01-01_01_120.pkl,948,-0.031906
MPI_HDM05/bk/HDM_bk_01-01_01_120.pkl,949,-0.037964
MPI_HDM05/bk/HDM_bk_01-01_01_120.pkl,950,-0.04249
MPI_HDM05/bk/HDM_bk_01-01_01_120.pkl,951,-0.045205
MPI_HDM05/mm/HDM_mm_01-01_03_120.pkl,598,0.378287
MPI_HDM05/mm/HDM_mm_01-01_03_120.pkl,599,0.362836
MPI_HDM05/mm/HDM_mm_01-01_03_120.pkl,632,0.323337
MPI_HDM05/mm/HDM_mm_01-01_03_120.pkl,633,0.329945
MPI_HDM05/mm/HDM_mm_01-01_03_120.pkl,634,0.340542
MPI_HDM05/mm/HDM_mm_01-01_03_120.pkl,635,0.353247
MPI_HDM05/mm/HDM_mm_01-01_03_120.pkl,636,0.369084
MPI_HDM05/mm/HDM_mm_01-01_03_120.pkl,637,0.388963
MPI_HDM05/mm/HDM_mm_01-01_03_120.pkl,638,0.413709
MPI_HDM05/mm/HDM_mm_01-01_03_120.pkl,639,0.440016
MPI_HDM05/mm/HDM_mm_01-01_03_120.pkl,640,0.465901
MPI_HDM05/mm/HDM_mm_01-01_03_120.pkl,641,0.48675
MPI_HDM05/mm/HDM_mm_01-01_03_120.pkl,652,0.288329
MPI_HDM05/tr/HDM_tr_01-01_01_120.pkl,699,0.101375
MPI_HDM05/tr/HDM_tr_01-01_01_120.pkl,700,0.120064
MPI_HDM05/tr/HDM_tr_01-01_01_120.pkl,701,0.140902
MPI_HDM05/tr/HDM_tr_01-01_01_120.pkl,702,0.164887
MPI_HDM05/tr/HDM_tr_01-01_01_120.pkl,703,0.191293
MPI_HDM05/tr/HDM_tr_01-01_01_120.pkl,704,0.220654
MPI_HDM05/tr/HDM_tr_01-01_01_120.pkl,705,0.249612
MPI_HDM05/tr/HDM_tr_01-01_01_120.pkl,706,0.276292
MPI_HDM05/tr/HDM_tr_01-01_01_120.pkl,707,0.297543
MPI_HDM05/tr/HDM_tr_01-01_01_120.pkl,708,0.312834
MPI_HDM05/tr/HDM_tr_01-01_01_120.pkl,709,0.323156
MPI_HDM05/tr/HDM_tr_01-01_01_120.pkl,710,0.32779
MPI_HDM05/tr/HDM_tr_01-01_01_120.pkl,711,0.326717
MPI_HDM05/tr/HDM_tr_01-01_01_120.pkl,712,0.320252
MPI_HDM05/tr/HDM_tr_01-01_01_120.pkl,713,0.308834
MPI_HDM05/tr/HDM_tr_01-01_01_120.pkl,714,0.292264
MPI_HDM05/tr/HDM_tr_01-01_01_120.pkl,715,0.271217
MPI_HDM05/tr/HDM_tr_01-01_01_120.pkl,716,0.244621
MPI_HDM05/tr/HDM_tr_01-01_01_120.pkl,717,0.215073
MPI_HDM05/tr/HDM_tr_01-01_01_120.pkl,718,0.185611
MPI_HDM05/tr/HDM_tr_01-01_01_120.pkl,719,0.159853
MPI_HDM05/tr/HDM_tr_01-01_01_120.pkl,720,0.139135
MPI_HDM05/tr/HDM_tr_01-01_01_120.pkl,721,0.121104
MPI_HDM05/tr/HDM_tr_01-01_01_120.pkl,722,0.106385
MPI_HDM05/tr/HDM_tr_01-01_01_120.pkl,723,0.096696
MPI_HDM05/tr/HDM_tr_01-01_01_120.pkl,724,0.091024
MPI_HDM05/tr/HDM_tr_01-01_01_120.pkl,725,0.087598
MPI_HDM05/tr/HDM_tr_01-01_01_120.pkl,726,0.086383
MPI_HDM05/tr/HDM_tr_01-01_01_120.pkl,727,0.08889
MPI_HDM05/tr/HDM_tr_01-01_01_120.pkl,728,0.094741
MPI_HDM05/tr/HDM_tr_01-01_01_120.pkl,729,0.103943
MPI_HDM05/tr/HDM_tr_01-01_01_120.pkl,730,0.11527
MPI_HDM05/tr/HDM_tr_01-01_01_120.pkl,731,0.129688
MPI_HDM05/tr/HDM_tr_01-01_01_120.pkl,732,0.14674
MPI_HDM05/tr/HDM_tr_01-01_01_120.pkl,733,0.165618
MPI_HDM05/tr/HDM_tr_01-01_01_120.pkl,734,0.186624
MPI_HDM05/tr/HDM_tr_01-01_01_120.pkl,735,0.210378
MPI_HDM05/tr/HDM_tr_01-01_01_120.pkl,736,0.23779
MPI_HDM05/tr/HDM_tr_01-01_01_120.pkl,737,0.270357
MPI_HDM05/tr/HDM_tr_01-01_01_120.pkl,738,0.304654
MPI_HDM05/tr/HDM_tr_01-01_01_120.pkl,739,0.337747
MPI_HDM05/tr/HDM_tr_01-01_01_120.pkl,740,0.365954
MPI_HDM05/tr/HDM_tr_01-01_01_120.pkl,741,0.387117
MPI_HDM05/tr/HDM_tr_01-01_01_120.pkl,742,0.401196
MPI_HDM05/tr/HDM_tr_01-01_01_120.pkl,743,0.408354
MPI_HDM05/tr/HDM_tr_01-01_01_120.pkl,744,0.408933
MPI_HDM05/tr/HDM_tr_01-01_01_120.pkl,755,0.143379
MPI_HDM05/tr/HDM_tr_01-01_01_120.pkl,756,0.128722
MPI_HDM05/tr/HDM_tr_01-01_01_120.pkl,757,0.118049
MPI_HDM05/tr/HDM_tr_01-01_01_120.pkl,758,0.111321
MPI_HDM05/tr/HDM_tr_01-01_01_120.pkl,759,0.107911
MPI_HDM05/tr/HDM_tr_01-01_01_120.pkl,760,0.107506
MPI_HDM05/tr/HDM_tr_01-01_01_120.pkl,761,0.110471
MPI_HDM05/tr/HDM_tr_01-01_01_120.pkl,762,0.117243
MPI_HDM05/tr/HDM_tr_01-01_01_120.pkl,765,0.158111
MPI_HDM05/tr/HDM_tr_01-01_01_120.pkl,766,0.176602
MPI_HDM05/tr/HDM_tr_01-01_01_120.pkl,767,0.196498
MPI_HDM05/tr/HDM_tr_01-01_01_120.pkl,776,0.427672
MPI_HDM05/tr/HDM_tr_01-01_01_120.pkl,777,0.429877
MPI_HDM05/tr/HDM_tr_01-01_01_120.pkl,778,0.426906
MPI_HDM05/tr/HDM_tr_01-01_01_120.pkl,779,0.418262
MPI_HDM05/tr/HDM_tr_01-01_01_120.pkl,780,0.402746
MPI_HDM05/tr/HDM_tr_01-01_01_120.pkl,781,0.379023
MPI_HDM05/tr/HDM_tr_01-01_01_120.pkl,782,0.348727
MPI_HDM05/tr/HDM_tr_01-01_01_120.pkl,783,0.312382
MPI_HDM05/tr/HDM_tr_01-01_01_120.pkl,784,0.272275
MPI_HDM05/tr/HDM_tr_03-01_04_120.pkl,240,0.213191
MPI_HDM05/tr/HDM_tr_03-01_04_120.pkl,241,0.189943
MPI_HDM05/tr/HDM_tr_03-01_04_120.pkl,242,0.16346
MPI_HDM05/tr/HDM_tr_03-01_04_120.pkl,243,0.135865
