rel_pkl,source_chunk_idx,target_h_raw
BMLmovi/Subject_11_F_MoSh/Subject_11_F_13.pkl,0,0.14703454
BMLmovi/Subject_11_F_MoSh/Subject_11_F_13.pkl,1,0.14703454
BMLmovi/Subject_11_F_MoSh/Subject_11_F_13.pkl,2,0.14703454
BMLmovi/Subject_11_F_MoSh/Subject_11_F_13.pkl,3,0.14703454
BMLmovi/Subject_11_F_MoSh/Subject_11_F_13.pkl,4,0.14703454
BMLmovi/Subject_11_F_MoSh/Subject_11_F_13.pkl,5,0.14703454
BMLmovi/Subject_11_F_MoSh/Subject_11_F_13.pkl,6,0.14703454
BMLmovi/Subject_11_F_MoSh/Subject_11_F_13.pkl,7,0.14703454
BMLmovi/Subject_11_F_MoSh/Subject_11_F_13.pkl,8,0.14703454
BMLmovi/Subject_11_F_MoSh/Subject_11_F_13.pkl,9,0.14703454
BMLmovi/Subject_11_F_MoSh/Subject_11_F_13.pkl,10,0.14703454
BMLmovi/Subject_11_F_MoSh/Subject_11_F_13.pkl,11,0.14703454
BMLmovi/Subject_11_F_MoSh/Subject_11_F_13.pkl,12,0.14703454
BMLmovi/Subject_11_F_MoSh/Subject_11_F_13.pkl,13,0.14703454
BMLmovi/Subject_11_F_MoSh/Subject_11_F_13.pkl,14,0.14703454
BMLmovi/Subject_11_F_MoSh/Subject_11_F_13.pkl,15,0.14703454
BMLmovi/Subject_11_F_MoSh/Subject_11_F_13.pkl,16,0.14703454
BMLmovi/Subject_11_F_MoSh/Subject_11_F_13.pkl,17,0.14703454
BMLmovi/Subject_11_F_MoSh/Subject_11_F_13.pkl,18,0.14703454
BMLmovi/Subject_11_F_MoSh/Subject_11_F_13.pkl,19,0.14703454
BMLmovi/Subject_11_F_MoSh/Subject_11_F_13.pkl,20,0.14703454
BMLmovi/Subject_11_F_MoSh/Subject_11_F_13.pkl,21,0.14703454
BMLmovi/Subject_11_F_MoSh/Subject_11_F_13.pkl,22,0.14703454
BMLmovi/Subject_11_F_MoSh/Subject_11_F_13.pkl,23,0.14703454
BMLmovi/Subject_11_F_MoSh/Subject_11_F_13.pkl,24,0.14703454
BMLmovi/Subject_11_F_MoSh/Subject_11_F_13.pkl,25,0.14703454
BMLmovi/Subject_11_F_MoSh/Subject_11_F_13.pkl,26,0.14703454
BMLmovi/Subject_11_F_MoSh/Subject_11_F_13.pkl,27,0.14703454
BMLmovi/Subject_11_F_MoSh/Subject_11_F_13.pkl,28,0.14703454
BMLmovi/Subject_11_F_MoSh/Subject_11_F_13.pkl,29,0.14703454
BMLmovi/Subject_11_F_MoSh/Subject_11_F_13.pkl,30,0.14703454
BMLmovi/Subject_11_F_MoSh/Subject_11_F_13.pkl,31,0.14703454
BMLmovi/Subject_11_F_MoSh/Subject_11_F_13.pkl,32,0.14703454
BMLmovi/Subject_11_F_MoSh/Subject_11_F_13.pkl,33,0.14703454
BMLmovi/Subject_11_F_MoSh/Subject_11_F_13.pkl,34,0.14703454
BMLmovi/Subject_11_F_MoSh/Subject_11_F_13.pkl,35,0.14703454
BMLmovi/Subject_11_F_MoSh/Subject_11_F_13.pkl,36,0.14703454
BMLmovi/Subject_11_F_MoSh/Subject_11_F_13.pkl,44,0.14703454
BMLmovi/Subject_11_F_MoSh/Subject_11_F_13.pkl,45,0.14703454
BMLmovi/Subject_11_F_MoSh/Subject_11_F_13.pkl,46,0.14703454
BMLmovi/Subject_11_F_MoSh/Subject_11_F_13.pkl,47,0.14703454
BMLmovi/Subject_11_F_MoSh/Subject_11_F_13.pkl,48,0.14703454
BMLmovi/Subject_11_F_MoSh/Subject_11_F_13.pkl,60,0.14703454
BMLmovi/Subject_11_F_MoSh/Subject_11_F_13.pkl,61,0.14703454
BMLmovi/Subject_11_F_MoSh/Subject_11_F_13.pkl,62,0.14703454
BMLmovi/Subject_11_F_MoSh/Subject_11_F_13.pkl,63,0.14703454
BMLmovi/Subject_11_F_MoSh/Subject_11_F_13.pkl,64,0.14703454
BMLmovi/Subject_11_F_MoSh/Subject_11_F_13.pkl,65,0.14703454
BMLmovi/Subject_11_F_MoSh/Subject_11_F_13.pkl,66,0.14703454
BMLmovi/Subject_11_F_MoSh/Subject_11_F_13.pkl,67,0.14703454
BMLmovi/Subject_11_F_MoSh/Subject_11_F_13.pkl,68,0.14703454
BMLmovi/Subject_11_F_MoSh/Subject_11_F_13.pkl,69,0.14703454
BMLmovi/Subject_11_F_MoSh/Subject_11_F_13.pkl,70,0.14703454
BMLmovi/Subject_11_F_MoSh/Subject_11_F_13.pkl,71,0.14703454
BMLmovi/Subject_11_F_MoSh/Subject_11_F_13.pkl,72,0.14703454
BMLmovi/Subject_11_F_MoSh/Subject_11_F_13.pkl,73,0.14703454
BMLmovi/Subject_11_F_MoSh/Subject_11_F_13.pkl,74,0.14703454
BMLmovi/Subject_11_F_MoSh/Subject_11_F_13.pkl,75,0.14703454
BMLmovi/Subject_11_F_MoSh/Subject_11_F_13.pkl,76,0.14703454
BMLmovi/Subject_11_F_MoSh/Subject_11_F_13.pkl,77,0.14703454
BMLmovi/Subject_11_F_MoSh/Subject_11_F_13.pkl,78,0.14703454
BMLmovi/Subject_11_F_MoSh/Subject_11_F_13.pkl,89,0.14703454
BMLmovi/Subject_11_F_MoSh/Subject_11_F_13.pkl,90,0.14703454
BMLmovi/Subject_11_F_MoSh/Subject_11_F_13.pkl,91,0.14703454
BMLmovi/Subject_11_F_MoSh/Subject_11_F_13.pkl,92,0.14703454
BMLmovi/Subject_11_F_MoSh/Subject_11_F_13.pkl,93,0.14703454
BMLmovi/Subject_11_F_MoSh/Subject_11_F_13.pkl,94,0.14703454
BMLmovi/Subject_11_F_MoSh/Subject_11_F_13.pkl,95,0.14703454
BMLmovi/Subject_11_F_MoSh/Subject_11_F_13.pkl,96,0.14703454
BMLmovi/Subject_11_F_MoSh/Subject_11_F_13.pkl,97,0.14703454
BMLmovi/Subject_11_F_MoSh/Subject_11_F_13.pkl,106,0.14703454
BMLmovi/Subject_11_F_MoSh/Subject_11_F_13.pkl,107,0.14703454
BMLmovi/Subject_11_F_MoSh/Subject_11_F_13.pkl,108,0.14703454
BMLmovi/Subject_11_F_MoSh/Subject_11_F_13.pkl,109,0.14703454
BMLmovi/Subject_11_F_MoSh/Subject_11_F_13.pkl,110,0.14703454
BMLmovi/Subject_11_F_MoSh/Subject_11_F_13.pkl,111,0.14703454
BMLmovi/Subject_11_F_MoSh/Subject_11_F_13.pkl,112,0.14703454
BMLmovi/Subject_11_F_MoSh/Subject_11_F_13.pkl,113,0.14703454
BMLmovi/Subject_11_F_MoSh/Subject_11_F_13.pkl,114,0.14703454
BMLmovi/Subject_11_F_MoSh/Subject_11_F_13.pkl,115,0.14703454
BMLmovi/Subject_11_F_MoSh/Subject_11_F_13.pkl,116,0.14703454
BMLmovi/Subject_11_F_MoSh/Subject_11_F_13.pkl,117,0.14703454
BMLmovi/Subject_11_F_MoSh/Subject_11_F_13.pkl,118,0.14703454
BMLmovi/Subject_11_F_MoSh/Subject_11_F_13.pkl,119,0.14703454
BMLmovi/Subject_11_F_MoSh/Subject_11_F_13.pkl,120,0.14703454
BMLmovi/Subject_11_F_MoSh/Subject_11_F_13.pkl,121,0.14703454
BMLmovi/Subject_11_F_MoSh/Subject_11_F_13.pkl,122,0.14703454
BMLmovi/Subject_11_F_MoSh/Subject_11_F_13.pkl,123,0.14703454
BMLmovi/Subject_11_F_MoSh/Subject_11_F_13.pkl,124,0.14703454
BMLmovi/Subject_11_F_MoSh/Subject_11_F_13.pkl,125,0.14703454
BMLmovi/Subject_11_F_MoSh/Subject_11_F_13.pkl,126,0.14703454
BMLmovi/Subject_11_F_MoSh/Subject_11_F_13.pkl,127,0.14703454
BMLmovi/Subject_11_F_MoSh/Subject_11_F_13.pkl,128,0.14703454
BMLmovi/Subject_11_F_MoSh/Subject_11_F_13.pkl,129,0.14703454
BMLmovi/Subject_11_F_MoSh/Subject_11_F_13.pkl,130,0.14703454
BMLmovi/Subject_11_F_MoSh/Subject_11_F_13.pkl,131,0.14703454
BMLmovi/Subject_11_F_MoSh/Subject_11_F_13.pkl,132,0.14703454
BMLmovi/Subject_11_F_MoSh/Subject_11_F_13.pkl,133,0.14703454
BMLmovi/Subject_11_F_MoSh/Subject_11_F_13.pkl,134,0.14703454
BMLmovi/Subject_11_F_MoSh/Subject_11_F_13.pkl,135,0.14703454
BMLmovi/Subject_11_F_MoSh/Subject_11_F_13.pkl,136,0.14703454
BMLmovi/Subject_11_F_MoSh/Subject_11_F_13.pkl,137,0.14703454
BMLmovi/Subject_11_F_MoSh/Subject_11_F_13.pkl,138,0.14703454
BMLmovi/Subject_11_F_MoSh/Subject_11_F_13.pkl,140,0.14703454
BMLmovi/Subject_11_F_MoSh/Subject_11_F_13.pkl,141,0.14703454
BMLmovi/Subject_11_F_MoSh/Subject_11_F_13.pkl,142,0.14703454
BMLmovi/Subject_11_F_MoSh/Subject_11_F_13.pkl,143,0.14703454
BMLmovi/Subject_11_F_MoSh/Subject_11_F_13.pkl,144,0.14703454
BMLmovi/Subject_11_F_MoSh/Subject_11_F_13.pkl,145,0.14703454
BMLmovi/Subject_11_F_MoSh/Subject_11_F_13.pkl,146,0.14703454
BMLmovi/Subject_11_F_MoSh/Subject_11_F_13.pkl,147,0.14703454
BMLmovi/Subject_11_F_MoSh/Subject_11_F_13.pkl,148,0.14703454
BMLmovi/Subject_11_F_MoSh/Subject_11_F_13.pkl,149,0.14703454
BMLmovi/Subject_11_F_MoSh/Subject_11_F_13.pkl,154,0.14703454
BMLmovi/Subject_11_F_MoSh/Subject_11_F_13.pkl,155,0.14703454
BMLmovi/Subject_11_F_MoSh/Subject_11_F_13.pkl,157,0.14703454
BMLmovi/Subject_11_F_MoSh/Subject_11_F_13.pkl,159,0.14703454
BMLmovi/Subject_11_F_MoSh/Subject_11_F_13.pkl,160,0.14703454
BMLmovi/Subject_11_F_MoSh/Subject_11_F_13.pkl,161,0.14703454
BMLmovi/Subject_11_F_MoSh/Subject_11_F_13.pkl,162,0.14703454
BMLmovi/Subject_11_F_MoSh/Subject_11_F_13.pkl,163,0.14703454
BMLmovi/Subject_11_F_MoSh/Subject_11_F_13.pkl,164,0.14703454
BMLmovi/Subject_11_F_MoSh/Subject_11_F_13.pkl,173,0.14703454
BMLmovi/Subject_11_F_MoSh/Subject_11_F_13.pkl,174,0.14703454
BMLmovi/Subject_11_F_MoSh/Subject_11_F_13.pkl,175,0.14703454
BMLmovi/Subject_11_F_MoSh/Subject_11_F_13.pkl,176,0.14703454
BMLmovi/Subject_11_F_MoSh/Subject_11_F_13.pkl,177,0.14703454
BMLmovi/Subject_11_F_MoSh/Subject_11_F_13.pkl,178,0.14703454
BMLmovi/Subject_11_F_MoSh/Subject_11_F_13.pkl,179,0.14703454
BMLmovi/Subject_11_F_MoSh/Subject_11_F_13.pkl,180,0.14703454
BMLmovi/Subject_11_F_MoSh/Subject_11_F_13.pkl,181,0.14703454
BMLmovi/Subject_11_F_MoSh/Subject_11_F_13.pkl,182,0.14703454
BMLmovi/Subject_11_F_MoSh/Subject_11_F_13.pkl,183,0.14703454
BMLmovi/Subject_11_F_MoSh/Subject_11_F_13.pkl,184,0.14703454
BMLmovi/Subject_13_F_MoSh/Subject_13_F_12.pkl,9,0.5955186
BMLmovi/Subject_13_F_MoSh/Subject_13_F_12.pkl,10,0.5955186
BMLmovi/Subject_13_F_MoSh/Subject_13_F_12.pkl,11,0.5955186
BMLmovi/Subject_13_F_MoSh/Subject_13_F_12.pkl,12,0.5955186
BMLmovi/Subject_13_F_MoSh/Subject_13_F_12.pkl,13,0.5955186
BMLmovi/Subject_13_F_MoSh/Subject_13_F_12.pkl,14,0.5955186
BMLmovi/Subject_13_F_MoSh/Subject_13_F_12.pkl,15,0.5955186
BMLmovi/Subject_13_F_MoSh/Subject_13_F_12.pkl,28,0.5955186
BMLmovi/Subject_13_F_MoSh/Subject_13_F_12.pkl,29,0.5955186
BMLmovi/Subject_13_F_MoSh/Subject_13_F_12.pkl,118,0.18229787
BMLmovi/Subject_13_F_MoSh/Subject_13_F_12.pkl,119,0.18229787
BMLmovi/Subject_13_F_MoSh/Subject_13_F_12.pkl,120,0.18229787
BMLmovi/Subject_13_F_MoSh/Subject_13_F_12.pkl,153,0.18229787
BMLmovi/Subject_13_F_MoSh/Subject_13_F_12.pkl,154,0.18229787
BMLmovi/Subject_13_F_MoSh/Subject_13_F_12.pkl,155,0.18229787
BMLmovi/Subject_13_F_MoSh/Subject_13_F_12.pkl,156,0.18229787
BMLmovi/Subject_13_F_MoSh/Subject_13_F_12.pkl,157,0.18229787
BMLmovi/Subject_13_F_MoSh/Subject_13_F_12.pkl,158,0.18229787
BMLmovi/Subject_13_F_MoSh/Subject_13_F_12.pkl,159,0.18229787
BMLmovi/Subject_13_F_MoSh/Subject_13_F_12.pkl,160,0.18229787
BMLmovi/Subject_15_F_MoSh/Subject_15_F_1.pkl,55,0.4946741
BMLmovi/Subject_15_F_MoSh/Subject_15_F_1.pkl,56,0.4946741
BMLmovi/Subject_15_F_MoSh/Subject_15_F_1.pkl,57,0.4946741
BMLmovi/Subject_15_F_MoSh/Subject_15_F_1.pkl,58,0.4946741
BMLmovi/Subject_15_F_MoSh/Subject_15_F_1.pkl,59,0.4946741
BMLmovi/Subject_15_F_MoSh/Subject_15_F_1.pkl,60,0.4946741
BMLmovi/Subject_15_F_MoSh/Subject_15_F_1.pkl,61,0.4946741
BMLmovi/Subject_15_F_MoSh/Subject_15_F_1.pkl,62,0.4946741
BMLmovi/Subject_15_F_MoSh/Subject_15_F_1.pkl,63,0.4946741
BMLmovi/Subject_15_F_MoSh/Subject_15_F_1.pkl,64,0.4946741
BMLmovi/Subject_15_F_MoSh/Subject_15_F_1.pkl,65,0.4946741
BMLmovi/Subject_15_F_MoSh/Subject_15_F_1.pkl,66,0.4946741
BMLmovi/Subject_15_F_MoSh/Subject_15_F_1.pkl,67,0.4946741
BMLmovi/Subject_15_F_MoSh/Subject_15_F_1.pkl,68,0.4946741
BMLmovi/Subject_15_F_MoSh/Subject_15_F_1.pkl,69,0.4946741
BMLmovi/Subject_20_F_MoSh/Subject_20_F_18.pkl,51,0.35017082
BMLmovi/Subject_20_F_MoSh/Subject_20_F_18.pkl,52,0.35017082
BMLmovi/Subject_20_F_MoSh/Subject_20_F_18.pkl,53,0.35017082
BMLmovi/Subject_20_F_MoSh/Subject_20_F_18.pkl,54,0.35017082
BMLmovi/Subject_20_F_MoSh/Subject_20_F_18.pkl,55,0.35017082
BMLmovi/Subject_20_F_MoSh/Subject_20_F_18.pkl,56,0.35017082
BMLmovi/Subject_20_F_MoSh/Subject_20_F_18.pkl,57,0.35017082
BMLmovi/Subject_20_F_MoSh/Subject_20_F_18.pkl,58,0.35017082
BMLmovi/Subject_20_F_MoSh/Subject_20_F_18.pkl,59,0.35017082
BMLmovi/Subject_20_F_MoSh/Subject_20_F_18.pkl,60,0.35017082
BMLmovi/Subject_20_F_MoSh/Subject_20_F_18.pkl,61,0.35017082
BMLmovi/Subject_20_F_MoSh/Subject_20_F_18.pkl,62,0.35017082
BMLmovi/Subject_22_F_MoSh/Subject_22_F_20.pkl,14,0.23398165
BMLmovi/Subject_22_F_MoSh/Subject_22_F_20.pkl,15,0.23398165
BMLmovi/Subject_22_F_MoSh/Subject_22_F_20.pkl,16,0.23398165
BMLmovi/Subject_22_F_MoSh/Subject_22_F_20.pkl,17,0.23398165
BMLmovi/Subject_22_F_MoSh/Subject_22_F_20.pkl,18,0.23398165
BMLmovi/Subject_22_F_MoSh/Subject_22_F_20.pkl,19,0.23398165
BMLmovi/Subject_22_F_MoSh/Subject_22_F_20.pkl,20,0.23398165
BMLmovi/Subject_22_F_MoSh/Subject_22_F_20.pkl,21,0.23398165
BMLmovi/Subject_22_F_MoSh/Subject_22_F_20.pkl,22,0.23398165
BMLmovi/Subject_22_F_MoSh/Subject_22_F_20.pkl,23,0.23398165
BMLmovi/Subject_22_F_MoSh/Subject_22_F_20.pkl,24,0.23398165
BMLmovi/Subject_22_F_MoSh/Subject_22_F_20.pkl,25,0.23398165
BMLmovi/Subject_22_F_MoSh/Subject_22_F_20.pkl,26,0.23398165
BMLmovi/Subject_22_F_MoSh/Subject_22_F_20.pkl,27,0.23398165
BMLmovi/Subject_22_F_MoSh/Subject_22_F_20.pkl,28,0.23398165
BMLmovi/Subject_22_F_MoSh/Subject_22_F_20.pkl,29,0.23398165
BMLmovi/Subject_22_F_MoSh/Subject_22_F_20.pkl,30,0.23398165
BMLmovi/Subject_22_F_MoSh/Subject_22_F_20.pkl,31,0.23398165
BMLmovi/Subject_22_F_MoSh/Subject_22_F_20.pkl,32,0.23398165
BMLmovi/Subject_22_F_MoSh/Subject_22_F_20.pkl,33,0.23398165
BMLmovi/Subject_22_F_MoSh/Subject_22_F_20.pkl,34,0.23398165
BMLmovi/Subject_22_F_MoSh/Subject_22_F_20.pkl,35,0.23398165
BMLmovi/Subject_22_F_MoSh/Subject_22_F_20.pkl,63,0.23398165
BMLmovi/Subject_22_F_MoSh/Subject_22_F_20.pkl,64,0.23398165
BMLmovi/Subject_27_F_MoSh/Subject_27_F_3.pkl,16,0.2457849
BMLmovi/Subject_27_F_MoSh/Subject_27_F_3.pkl,17,0.2457849
BMLmovi/Subject_27_F_MoSh/Subject_27_F_3.pkl,18,0.2457849
BMLmovi/Subject_27_F_MoSh/Subject_27_F_3.pkl,19,0.2457849
BMLmovi/Subject_27_F_MoSh/Subject_27_F_3.pkl,20,0.2457849
BMLmovi/Subject_27_F_MoSh/Subject_27_F_3.pkl,21,0.2457849
BMLmovi/Subject_27_F_MoSh/Subject_27_F_3.pkl,22,0.2457849
BMLmovi/Subject_27_F_MoSh/Subject_27_F_3.pkl,23,0.2457849
BMLmovi/Subject_27_F_MoSh/Subject_27_F_3.pkl,24,0.2457849
BMLmovi/Subject_27_F_MoSh/Subject_27_F_3.pkl,25,0.2457849
BMLmovi/Subject_27_F_MoSh/Subject_27_F_3.pkl,26,0.2457849
BMLmovi/Subject_27_F_MoSh/Subject_27_F_3.pkl,27,0.2457849
BMLmovi/Subject_27_F_MoSh/Subject_27_F_3.pkl,28,0.2457849
BMLmovi/Subject_27_F_MoSh/Subject_27_F_3.pkl,29,0.2457849
BMLmovi/Subject_27_F_MoSh/Subject_27_F_3.pkl,30,0.2457849
BMLmovi/Subject_27_F_MoSh/Subject_27_F_3.pkl,31,0.2457849
BMLmovi/Subject_27_F_MoSh/Subject_27_F_3.pkl,32,0.2457849
BMLmovi/Subject_27_F_MoSh/Subject_27_F_3.pkl,33,0.2457849
BMLmovi/Subject_27_F_MoSh/Subject_27_F_3.pkl,34,0.2457849
BMLmovi/Subject_27_F_MoSh/Subject_27_F_3.pkl,35,0.2457849
BMLmovi/Subject_27_F_MoSh/Subject_27_F_3.pkl,36,0.2457849
BMLmovi/Subject_27_F_MoSh/Subject_27_F_3.pkl,37,0.2457849
BMLmovi/Subject_27_F_MoSh/Subject_27_F_3.pkl,38,0.2457849
BMLmovi/Subject_27_F_MoSh/Subject_27_F_3.pkl,39,0.2457849
BMLmovi/Subject_27_F_MoSh/Subject_27_F_3.pkl,40,0.2457849
BMLmovi/Subject_27_F_MoSh/Subject_27_F_3.pkl,41,0.2457849
BMLmovi/Subject_27_F_MoSh/Subject_27_F_3.pkl,42,0.2457849
BMLmovi/Subject_27_F_MoSh/Subject_27_F_3.pkl,43,0.2457849
BMLmovi/Subject_27_F_MoSh/Subject_27_F_3.pkl,44,0.2457849
BMLmovi/Subject_27_F_MoSh/Subject_27_F_3.pkl,45,0.2457849
BMLmovi/Subject_27_F_MoSh/Subject_27_F_3.pkl,46,0.2457849
BMLmovi/Subject_27_F_MoSh/Subject_27_F_3.pkl,47,0.2457849
BMLmovi/Subject_27_F_MoSh/Subject_27_F_3.pkl,48,0.2457849
BMLmovi/Subject_27_F_MoSh/Subject_27_F_3.pkl,49,0.2457849
BMLmovi/Subject_27_F_MoSh/Subject_27_F_3.pkl,50,0.2457849
BMLmovi/Subject_27_F_MoSh/Subject_27_F_3.pkl,51,0.2457849
BMLmovi/Subject_27_F_MoSh/Subject_27_F_3.pkl,52,0.2457849
BMLmovi/Subject_27_F_MoSh/Subject_27_F_3.pkl,53,0.2457849
BMLmovi/Subject_27_F_MoSh/Subject_27_F_3.pkl,54,0.2457849
BMLmovi/Subject_27_F_MoSh/Subject_27_F_3.pkl,55,0.2457849
BMLmovi/Subject_27_F_MoSh/Subject_27_F_3.pkl,56,0.2457849
BMLmovi/Subject_27_F_MoSh/Subject_27_F_3.pkl,57,0.2457849
BMLmovi/Subject_27_F_MoSh/Subject_27_F_3.pkl,58,0.2457849
BMLmovi/Subject_27_F_MoSh/Subject_27_F_3.pkl,68,0.2457849
BMLmovi/Subject_27_F_MoSh/Subject_27_F_3.pkl,69,0.2457849
BMLmovi/Subject_27_F_MoSh/Subject_27_F_3.pkl,70,0.2457849
BMLmovi/Subject_27_F_MoSh/Subject_27_F_3.pkl,71,0.2457849
BMLmovi/Subject_27_F_MoSh/Subject_27_F_3.pkl,72,0.2457849
BMLmovi/Subject_27_F_MoSh/Subject_27_F_3.pkl,73,0.2457849
BMLmovi/Subject_27_F_MoSh/Subject_27_F_3.pkl,74,0.2457849
BMLmovi/Subject_27_F_MoSh/Subject_27_F_3.pkl,75,0.2457849
BMLmovi/Subject_27_F_MoSh/Subject_27_F_3.pkl,76,0.2457849
BMLmovi/Subject_27_F_MoSh/Subject_27_F_3.pkl,77,0.2457849
BMLmovi/Subject_27_F_MoSh/Subject_27_F_7.pkl,42,0.31010833
BMLmovi/Subject_27_F_MoSh/Subject_27_F_7.pkl,43,0.31010833
BMLmovi/Subject_27_F_MoSh/Subject_27_F_7.pkl,44,0.31010833
BMLmovi/Subject_27_F_MoSh/Subject_27_F_7.pkl,45,0.31010833
BMLmovi/Subject_27_F_MoSh/Subject_27_F_7.pkl,46,0.31010833
BMLmovi/Subject_27_F_MoSh/Subject_27_F_7.pkl,47,0.31010833
BMLmovi/Subject_27_F_MoSh/Subject_27_F_7.pkl,48,0.31010833
BMLmovi/Subject_27_F_MoSh/Subject_27_F_7.pkl,49,0.31010833
BMLmovi/Subject_27_F_MoSh/Subject_27_F_7.pkl,50,0.31010833
BMLmovi/Subject_28_F_MoSh/Subject_28_F_20.pkl,60,0.33329183
BMLmovi/Subject_28_F_MoSh/Subject_28_F_20.pkl,61,0.33329183
BMLmovi/Subject_28_F_MoSh/Subject_28_F_20.pkl,62,0.33329183
BMLmovi/Subject_28_F_MoSh/Subject_28_F_20.pkl,63,0.33329183
BMLmovi/Subject_28_F_MoSh/Subject_28_F_20.pkl,64,0.33329183
BMLmovi/Subject_29_F_MoSh/Subject_29_F_12.pkl,25,0.115751505
BMLmovi/Subject_29_F_MoSh/Subject_29_F_12.pkl,26,0.115751505
BMLmovi/Subject_29_F_MoSh/Subject_29_F_12.pkl,27,0.115751505
BMLmovi/Subject_29_F_MoSh/Subject_29_F_12.pkl,28,0.115751505
BMLmovi/Subject_29_F_MoSh/Subject_29_F_12.pkl,29,0.115751505
BMLmovi/Subject_29_F_MoSh/Subject_29_F_12.pkl,30,0.115751505
BMLmovi/Subject_29_F_MoSh/Subject_29_F_12.pkl,31,0.115751505
BMLmovi/Subject_29_F_MoSh/Subject_29_F_12.pkl,32,0.115751505
BMLmovi/Subject_29_F_MoSh/Subject_29_F_12.pkl,33,0.115751505
BMLmovi/Subject_29_F_MoSh/Subject_29_F_12.pkl,34,0.115751505
BMLmovi/Subject_29_F_MoSh/Subject_29_F_12.pkl,35,0.115751505
BMLmovi/Subject_29_F_MoSh/Subject_29_F_12.pkl,36,0.115751505
BMLmovi/Subject_29_F_MoSh/Subject_29_F_12.pkl,37,0.115751505
BMLmovi/Subject_29_F_MoSh/Subject_29_F_12.pkl,38,0.115751505
BMLmovi/Subject_29_F_MoSh/Subject_29_F_12.pkl,39,0.115751505
BMLmovi/Subject_29_F_MoSh/Subject_29_F_12.pkl,40,0.115751505
BMLmovi/Subject_29_F_MoSh/Subject_29_F_12.pkl,41,0.115751505
BMLmovi/Subject_29_F_MoSh/Subject_29_F_12.pkl,42,0.115751505
BMLmovi/Subject_29_F_MoSh/Subject_29_F_12.pkl,43,0.115751505
BMLmovi/Subject_29_F_MoSh/Subject_29_F_12.pkl,44,0.115751505
BMLmovi/Subject_29_F_MoSh/Subject_29_F_12.pkl,55,0.115751505
BMLmovi/Subject_29_F_MoSh/Subject_29_F_12.pkl,56,0.115751505
BMLmovi/Subject_29_F_MoSh/Subject_29_F_12.pkl,57,0.115751505
BMLmovi/Subject_36_F_MoSh/Subject_36_F_16.pkl,26,0.121075794
BMLmovi/Subject_36_F_MoSh/Subject_36_F_16.pkl,27,0.121075794
BMLmovi/Subject_36_F_MoSh/Subject_36_F_16.pkl,28,0.121075794
BMLmovi/Subject_36_F_MoSh/Subject_36_F_16.pkl,29,0.121075794
BMLmovi/Subject_36_F_MoSh/Subject_36_F_16.pkl,30,0.121075794
BMLmovi/Subject_36_F_MoSh/Subject_36_F_16.pkl,31,0.121075794
BMLmovi/Subject_36_F_MoSh/Subject_36_F_16.pkl,32,0.121075794
BMLmovi/Subject_36_F_MoSh/Subject_36_F_16.pkl,33,0.121075794
BMLmovi/Subject_36_F_MoSh/Subject_36_F_16.pkl,34,0.121075794
BMLmovi/Subject_36_F_MoSh/Subject_36_F_16.pkl,35,0.121075794
BMLmovi/Subject_36_F_MoSh/Subject_36_F_16.pkl,36,0.121075794
BMLmovi/Subject_36_F_MoSh/Subject_36_F_16.pkl,37,0.121075794
BMLmovi/Subject_36_F_MoSh/Subject_36_F_16.pkl,38,0.121075794
BMLmovi/Subject_36_F_MoSh/Subject_36_F_16.pkl,39,0.121075794
BMLmovi/Subject_36_F_MoSh/Subject_36_F_16.pkl,40,0.121075794
BMLmovi/Subject_36_F_MoSh/Subject_36_F_16.pkl,41,0.121075794
BMLmovi/Subject_36_F_MoSh/Subject_36_F_16.pkl,42,0.121075794
BMLmovi/Subject_36_F_MoSh/Subject_36_F_16.pkl,43,0.121075794
BMLmovi/Subject_36_F_MoSh/Subject_36_F_16.pkl,44,0.121075794
BMLmovi/Subject_36_F_MoSh/Subject_36_F_16.pkl,45,0.121075794
BMLmovi/Subject_36_F_MoSh/Subject_36_F_16.pkl,57,0.121075794
BMLmovi/Subject_36_F_MoSh/Subject_36_F_16.pkl,58,0.121075794
BMLmovi/Subject_36_F_MoSh/Subject_36_F_16.pkl,59,0.121075794
BMLmovi/Subject_36_F_MoSh/Subject_36_F_16.pkl,60,0.121075794
BMLmovi/Subject_36_F_MoSh/Subject_36_F_16.pkl,61,0.121075794
BMLmovi/Subject_36_F_MoSh/Subject_36_F_16.pkl,62,0.121075794
BMLmovi/Subject_36_F_MoSh/Subject_36_F_16.pkl,63,0.121075794
BMLmovi/Subject_36_F_MoSh/Subject_36_F_16.pkl,64,0.121075794
BMLmovi/Subject_36_F_MoSh/Subject_36_F_16.pkl,65,0.121075794
BMLmovi/Subject_36_F_MoSh/Subject_36_F_16.pkl,66,0.121075794
BMLmovi/Subject_36_F_MoSh/Subject_36_F_16.pkl,67,0.121075794
BMLmovi/Subject_36_F_MoSh/Subject_36_F_16.pkl,68,0.121075794
BMLmovi/Subject_36_F_MoSh/Subject_36_F_16.pkl,69,0.121075794
BMLmovi/Subject_36_F_MoSh/Subject_36_F_16.pkl,70,0.121075794
BMLmovi/Subject_36_F_MoSh/Subject_36_F_16.pkl,71,0.121075794
BMLmovi/Subject_36_F_MoSh/Subject_36_F_16.pkl,72,0.121075794
BMLmovi/Subject_36_F_MoSh/Subject_36_F_16.pkl,73,0.121075794
BMLmovi/Subject_36_F_MoSh/Subject_36_F_16.pkl,74,0.121075794
BMLmovi/Subject_36_F_MoSh/Subject_36_F_16.pkl,75,0.121075794
BMLmovi/Subject_37_F_MoSh/Subject_37_F_1.pkl,15,0.08785395
BMLmovi/Subject_37_F_MoSh/Subject_37_F_1.pkl,16,0.08785395
BMLmovi/Subject_37_F_MoSh/Subject_37_F_1.pkl,17,0.08785395
BMLmovi/Subject_37_F_MoSh/Subject_37_F_1.pkl,18,0.08785395
BMLmovi/Subject_37_F_MoSh/Subject_37_F_1.pkl,19,0.08785395
BMLmovi/Subject_37_F_MoSh/Subject_37_F_1.pkl,20,0.08785395
BMLmovi/Subject_37_F_MoSh/Subject_37_F_1.pkl,21,0.08785395
BMLmovi/Subject_37_F_MoSh/Subject_37_F_1.pkl,23,0.08785395
BMLmovi/Subject_37_F_MoSh/Subject_37_F_1.pkl,24,0.08785395
BMLmovi/Subject_37_F_MoSh/Subject_37_F_1.pkl,25,0.08785395
BMLmovi/Subject_37_F_MoSh/Subject_37_F_1.pkl,26,0.08785395
BMLmovi/Subject_37_F_MoSh/Subject_37_F_1.pkl,27,0.08785395
BMLmovi/Subject_37_F_MoSh/Subject_37_F_1.pkl,28,0.08785395
BMLmovi/Subject_37_F_MoSh/Subject_37_F_1.pkl,29,0.08785395
BMLmovi/Subject_37_F_MoSh/Subject_37_F_1.pkl,30,0.08785395
BMLmovi/Subject_37_F_MoSh/Subject_37_F_1.pkl,47,0.08785395
BMLmovi/Subject_37_F_MoSh/Subject_37_F_1.pkl,48,0.08785395
BMLmovi/Subject_37_F_MoSh/Subject_37_F_1.pkl,49,0.08785395
BMLmovi/Subject_37_F_MoSh/Subject_37_F_1.pkl,66,0.08785395
BMLmovi/Subject_37_F_MoSh/Subject_37_F_1.pkl,67,0.08785395
BMLmovi/Subject_37_F_MoSh/Subject_37_F_1.pkl,68,0.08785395
BMLmovi/Subject_37_F_MoSh/Subject_37_F_1.pkl,69,0.08785395
BMLmovi/Subject_37_F_MoSh/Subject_37_F_1.pkl,70,0.08785395
BMLmovi/Subject_37_F_MoSh/Subject_37_F_1.pkl,71,0.08785395
BMLmovi/Subject_37_F_MoSh/Subject_37_F_1.pkl,72,0.08785395
BMLmovi/Subject_37_F_MoSh/Subject_37_F_1.pkl,73,0.08785395
BMLmovi/Subject_37_F_MoSh/Subject_37_F_1.pkl,74,0.08785395
BMLmovi/Subject_37_F_MoSh/Subject_37_F_1.pkl,75,0.08785395
BMLmovi/Subject_37_F_MoSh/Subject_37_F_1.pkl,76,0.08785395
BMLmovi/Subject_37_F_MoSh/Subject_37_F_1.pkl,77,0.08785395
BMLmovi/Subject_45_F_MoSh/Subject_45_F_10.pkl,13,0.16117379
BMLmovi/Subject_45_F_MoSh/Subject_45_F_10.pkl,14,0.16117379
BMLmovi/Subject_45_F_MoSh/Subject_45_F_10.pkl,26,0.16117379
BMLmovi/Subject_45_F_MoSh/Subject_45_F_10.pkl,27,0.16117379
BMLmovi/Subject_45_F_MoSh/Subject_45_F_10.pkl,28,0.16117379
BMLmovi/Subject_45_F_MoSh/Subject_45_F_10.pkl,29,0.16117379
BMLmovi/Subject_45_F_MoSh/Subject_45_F_10.pkl,30,0.16117379
BMLmovi/Subject_45_F_MoSh/Subject_45_F_10.pkl,31,0.16117379
BMLmovi/Subject_45_F_MoSh/Subject_45_F_10.pkl,35,0.16117379
BMLmovi/Subject_45_F_MoSh/Subject_45_F_10.pkl,36,0.16117379
BMLmovi/Subject_45_F_MoSh/Subject_45_F_10.pkl,37,0.16117379
BMLmovi/Subject_45_F_MoSh/Subject_45_F_10.pkl,38,0.16117379
BMLmovi/Subject_45_F_MoSh/Subject_45_F_10.pkl,49,0.16117379
BMLmovi/Subject_45_F_MoSh/Subject_45_F_10.pkl,50,0.16117379
BMLmovi/Subject_45_F_MoSh/Subject_45_F_10.pkl,51,0.16117379
BMLmovi/Subject_45_F_MoSh/Subject_45_F_10.pkl,52,0.16117379
BMLmovi/Subject_45_F_MoSh/Subject_45_F_10.pkl,53,0.16117379
BMLmovi/Subject_45_F_MoSh/Subject_45_F_10.pkl,54,0.16117379
BMLmovi/Subject_45_F_MoSh/Subject_45_F_10.pkl,55,0.16117379
BMLmovi/Subject_45_F_MoSh/Subject_45_F_10.pkl,56,0.16117379
BMLmovi/Subject_45_F_MoSh/Subject_45_F_10.pkl,57,0.16117379
BMLmovi/Subject_4_F_MoSh/Subject_4_F_3.pkl,3,0.13369986
BMLmovi/Subject_4_F_MoSh/Subject_4_F_3.pkl,4,0.13369986
BMLmovi/Subject_4_F_MoSh/Subject_4_F_3.pkl,5,0.13369986
BMLmovi/Subject_4_F_MoSh/Subject_4_F_3.pkl,6,0.13369986
BMLmovi/Subject_4_F_MoSh/Subject_4_F_3.pkl,7,0.13369986
BMLmovi/Subject_4_F_MoSh/Subject_4_F_3.pkl,8,0.13369986
BMLmovi/Subject_4_F_MoSh/Subject_4_F_3.pkl,9,0.13369986
BMLmovi/Subject_4_F_MoSh/Subject_4_F_3.pkl,10,0.13369986
BMLmovi/Subject_4_F_MoSh/Subject_4_F_3.pkl,11,0.13369986
BMLmovi/Subject_4_F_MoSh/Subject_4_F_3.pkl,12,0.13369986
BMLmovi/Subject_4_F_MoSh/Subject_4_F_3.pkl,13,0.13369986
BMLmovi/Subject_4_F_MoSh/Subject_4_F_3.pkl,14,0.13369986
BMLmovi/Subject_4_F_MoSh/Subject_4_F_3.pkl,15,0.13369986
BMLmovi/Subject_4_F_MoSh/Subject_4_F_3.pkl,17,0.13369986
BMLmovi/Subject_4_F_MoSh/Subject_4_F_3.pkl,37,0.13369986
BMLmovi/Subject_4_F_MoSh/Subject_4_F_3.pkl,38,0.13369986
BMLmovi/Subject_4_F_MoSh/Subject_4_F_3.pkl,39,0.13369986
BMLmovi/Subject_4_F_MoSh/Subject_4_F_3.pkl,57,0.13369986
BMLmovi/Subject_4_F_MoSh/Subject_4_F_3.pkl,58,0.13369986
BMLmovi/Subject_4_F_MoSh/Subject_4_F_3.pkl,59,0.13369986
BMLmovi/Subject_4_F_MoSh/Subject_4_F_3.pkl,60,0.13369986
BMLmovi/Subject_4_F_MoSh/Subject_4_F_3.pkl,61,0.13369986
BMLmovi/Subject_4_F_MoSh/Subject_4_F_3.pkl,62,0.13369986
BMLmovi/Subject_4_F_MoSh/Subject_4_F_3.pkl,63,0.13369986
BMLmovi/Subject_4_F_MoSh/Subject_4_F_3.pkl,64,0.13369986
BMLmovi/Subject_4_F_MoSh/Subject_4_F_3.pkl,65,0.13369986
BMLmovi/Subject_4_F_MoSh/Subject_4_F_3.pkl,66,0.13369986
BMLmovi/Subject_4_F_MoSh/Subject_4_F_3.pkl,67,0.13369986
BMLmovi/Subject_4_F_MoSh/Subject_4_F_3.pkl,68,0.13369986
BMLmovi/Subject_4_F_MoSh/Subject_4_F_3.pkl,69,0.13369986
BMLmovi/Subject_50_F_MoSh/Subject_50_F_8.pkl,62,0.5358612
BMLmovi/Subject_50_F_MoSh/Subject_50_F_8.pkl,63,0.5358612
BMLmovi/Subject_50_F_MoSh/Subject_50_F_8.pkl,64,0.5358612
BMLmovi/Subject_50_F_MoSh/Subject_50_F_8.pkl,65,0.5358612
BMLmovi/Subject_50_F_MoSh/Subject_50_F_8.pkl,66,0.5358612
BMLmovi/Subject_50_F_MoSh/Subject_50_F_8.pkl,67,0.5358612
BMLmovi/Subject_50_F_MoSh/Subject_50_F_8.pkl,72,0.5358612
BMLmovi/Subject_50_F_MoSh/Subject_50_F_8.pkl,73,0.5358612
BMLmovi/Subject_50_F_MoSh/Subject_50_F_8.pkl,74,0.5358612
BMLmovi/Subject_50_F_MoSh/Subject_50_F_8.pkl,75,0.5358612
BMLmovi/Subject_50_F_MoSh/Subject_50_F_8.pkl,76,0.5358612
BMLmovi/Subject_50_F_MoSh/Subject_50_F_8.pkl,77,0.5358612
BMLmovi/Subject_50_F_MoSh/Subject_50_F_8.pkl,78,0.5358612
BMLmovi/Subject_50_F_MoSh/Subject_50_F_8.pkl,79,0.5358612
BMLmovi/Subject_50_F_MoSh/Subject_50_F_8.pkl,80,0.5358612
BMLmovi/Subject_50_F_MoSh/Subject_50_F_8.pkl,81,0.5358612
BMLmovi/Subject_50_F_MoSh/Subject_50_F_8.pkl,82,0.5358612
BMLmovi/Subject_50_F_MoSh/Subject_50_F_8.pkl,83,0.5358612
BMLmovi/Subject_50_F_MoSh/Subject_50_F_8.pkl,84,0.5358612
BMLmovi/Subject_50_F_MoSh/Subject_50_F_8.pkl,85,0.5358612
BMLmovi/Subject_50_F_MoSh/Subject_50_F_8.pkl,86,0.5358612
BMLmovi/Subject_50_F_MoSh/Subject_50_F_8.pkl,87,0.5358612
BMLmovi/Subject_50_F_MoSh/Subject_50_F_8.pkl,88,0.5358612
BMLmovi/Subject_50_F_MoSh/Subject_50_F_8.pkl,89,0.5358612
BMLmovi/Subject_50_F_MoSh/Subject_50_F_8.pkl,90,0.5358612
BMLmovi/Subject_50_F_MoSh/Subject_50_F_8.pkl,91,0.5358612
BMLmovi/Subject_50_F_MoSh/Subject_50_F_8.pkl,92,0.5358612
BMLmovi/Subject_50_F_MoSh/Subject_50_F_8.pkl,93,0.5358612
BMLmovi/Subject_50_F_MoSh/Subject_50_F_8.pkl,94,0.5358612
BMLmovi/Subject_50_F_MoSh/Subject_50_F_8.pkl,95,0.5358612
BMLmovi/Subject_50_F_MoSh/Subject_50_F_8.pkl,96,0.5358612
BMLmovi/Subject_53_F_MoSh/Subject_53_F_12.pkl,20,0.25315487
BMLmovi/Subject_53_F_MoSh/Subject_53_F_12.pkl,21,0.25315487
BMLmovi/Subject_53_F_MoSh/Subject_53_F_12.pkl,22,0.25315487
BMLmovi/Subject_53_F_MoSh/Subject_53_F_12.pkl,23,0.25315487
BMLmovi/Subject_53_F_MoSh/Subject_53_F_12.pkl,24,0.25315487
BMLmovi/Subject_53_F_MoSh/Subject_53_F_12.pkl,39,0.25315487
BMLmovi/Subject_53_F_MoSh/Subject_53_F_12.pkl,40,0.25315487
BMLmovi/Subject_53_F_MoSh/Subject_53_F_12.pkl,41,0.25315487
BMLmovi/Subject_53_F_MoSh/Subject_53_F_12.pkl,42,0.25315487
BMLmovi/Subject_53_F_MoSh/Subject_53_F_12.pkl,43,0.25315487
BMLmovi/Subject_53_F_MoSh/Subject_53_F_12.pkl,44,0.25315487
BMLmovi/Subject_53_F_MoSh/Subject_53_F_12.pkl,45,0.25315487
BMLmovi/Subject_53_F_MoSh/Subject_53_F_12.pkl,46,0.25315487
BMLmovi/Subject_53_F_MoSh/Subject_53_F_12.pkl,47,0.25315487
BMLmovi/Subject_53_F_MoSh/Subject_53_F_12.pkl,60,0.25315487
BMLmovi/Subject_53_F_MoSh/Subject_53_F_12.pkl,61,0.25315487
BMLmovi/Subject_53_F_MoSh/Subject_53_F_12.pkl,62,0.25315487
BMLmovi/Subject_53_F_MoSh/Subject_53_F_12.pkl,63,0.25315487
BMLmovi/Subject_53_F_MoSh/Subject_53_F_12.pkl,64,0.25315487
BMLmovi/Subject_53_F_MoSh/Subject_53_F_12.pkl,65,0.25315487
BMLmovi/Subject_53_F_MoSh/Subject_53_F_12.pkl,66,0.25315487
BMLmovi/Subject_53_F_MoSh/Subject_53_F_17.pkl,63,0.49557263
BMLmovi/Subject_53_F_MoSh/Subject_53_F_17.pkl,64,0.49557263
BMLmovi/Subject_53_F_MoSh/Subject_53_F_17.pkl,65,0.49557263
BMLmovi/Subject_53_F_MoSh/Subject_53_F_17.pkl,66,0.49557263
BMLmovi/Subject_53_F_MoSh/Subject_53_F_17.pkl,67,0.49557263
BMLmovi/Subject_53_F_MoSh/Subject_53_F_17.pkl,68,0.49557263
BMLmovi/Subject_59_F_MoSh/Subject_59_F_14.pkl,75,0.5631583
BMLmovi/Subject_59_F_MoSh/Subject_59_F_14.pkl,76,0.5631583
BMLmovi/Subject_59_F_MoSh/Subject_59_F_14.pkl,77,0.5631583
BMLmovi/Subject_59_F_MoSh/Subject_59_F_14.pkl,78,0.5631583
BMLmovi/Subject_59_F_MoSh/Subject_59_F_14.pkl,95,0.5307165
BMLmovi/Subject_59_F_MoSh/Subject_59_F_14.pkl,96,0.5307165
BMLmovi/Subject_59_F_MoSh/Subject_59_F_14.pkl,97,0.5307165
BMLmovi/Subject_59_F_MoSh/Subject_59_F_14.pkl,98,0.5307165
BMLmovi/Subject_59_F_MoSh/Subject_59_F_14.pkl,99,0.5307165
BMLmovi/Subject_59_F_MoSh/Subject_59_F_14.pkl,100,0.5307165
BMLmovi/Subject_59_F_MoSh/Subject_59_F_14.pkl,101,0.5307165
BMLmovi/Subject_59_F_MoSh/Subject_59_F_14.pkl,102,0.5307165
BMLmovi/Subject_59_F_MoSh/Subject_59_F_14.pkl,103,0.5307165
BMLmovi/Subject_59_F_MoSh/Subject_59_F_14.pkl,104,0.5307165
BMLmovi/Subject_59_F_MoSh/Subject_59_F_14.pkl,105,0.5307165
BMLmovi/Subject_59_F_MoSh/Subject_59_F_14.pkl,106,0.5307165
BMLmovi/Subject_59_F_MoSh/Subject_59_F_14.pkl,107,0.5307165
BMLmovi/Subject_59_F_MoSh/Subject_59_F_14.pkl,108,0.5307165
BMLmovi/Subject_59_F_MoSh/Subject_59_F_14.pkl,109,0.5307165
BMLmovi/Subject_59_F_MoSh/Subject_59_F_14.pkl,110,0.5307165
BMLmovi/Subject_59_F_MoSh/Subject_59_F_14.pkl,111,0.5307165
BMLmovi/Subject_59_F_MoSh/Subject_59_F_14.pkl,112,0.5307165
BMLmovi/Subject_59_F_MoSh/Subject_59_F_14.pkl,113,0.5307165
BMLmovi/Subject_61_F_MoSh/Subject_61_F_9.pkl,55,0.53494495
BMLmovi/Subject_61_F_MoSh/Subject_61_F_9.pkl,56,0.53494495
BMLmovi/Subject_61_F_MoSh/Subject_61_F_9.pkl,57,0.53494495
BMLmovi/Subject_61_F_MoSh/Subject_61_F_9.pkl,58,0.53494495
BMLmovi/Subject_61_F_MoSh/Subject_61_F_9.pkl,59,0.53494495
BMLmovi/Subject_63_F_MoSh/Subject_63_F_5.pkl,24,0.19473624
BMLmovi/Subject_63_F_MoSh/Subject_63_F_5.pkl,25,0.19473624
BMLmovi/Subject_63_F_MoSh/Subject_63_F_5.pkl,26,0.19473624
BMLmovi/Subject_63_F_MoSh/Subject_63_F_5.pkl,27,0.19473624
BMLmovi/Subject_63_F_MoSh/Subject_63_F_5.pkl,52,0.19473624
BMLmovi/Subject_63_F_MoSh/Subject_63_F_5.pkl,53,0.19473624
BMLmovi/Subject_63_F_MoSh/Subject_63_F_5.pkl,54,0.19473624
BMLmovi/Subject_64_F_MoSh/Subject_64_F_16.pkl,54,0.6367312
BMLmovi/Subject_64_F_MoSh/Subject_64_F_16.pkl,55,0.6367312
BMLmovi/Subject_64_F_MoSh/Subject_64_F_16.pkl,56,0.6367312
BMLmovi/Subject_64_F_MoSh/Subject_64_F_16.pkl,57,0.6367312
BMLmovi/Subject_64_F_MoSh/Subject_64_F_16.pkl,58,0.6367312
BMLmovi/Subject_64_F_MoSh/Subject_64_F_16.pkl,59,0.6367312
BMLmovi/Subject_64_F_MoSh/Subject_64_F_16.pkl,60,0.6367312
BMLmovi/Subject_64_F_MoSh/Subject_64_F_16.pkl,61,0.6367312
BMLmovi/Subject_64_F_MoSh/Subject_64_F_16.pkl,62,0.6367312
BMLmovi/Subject_64_F_MoSh/Subject_64_F_16.pkl,63,0.6367312
BMLmovi/Subject_64_F_MoSh/Subject_64_F_16.pkl,64,0.6367312
BMLmovi/Subject_64_F_MoSh/Subject_64_F_16.pkl,65,0.6367312
BMLmovi/Subject_64_F_MoSh/Subject_64_F_16.pkl,66,0.6367312
BMLmovi/Subject_64_F_MoSh/Subject_64_F_16.pkl,67,0.6367312
BMLmovi/Subject_64_F_MoSh/Subject_64_F_16.pkl,68,0.6367312
BMLmovi/Subject_64_F_MoSh/Subject_64_F_16.pkl,69,0.6367312
BMLmovi/Subject_64_F_MoSh/Subject_64_F_16.pkl,70,0.6367312
BMLmovi/Subject_64_F_MoSh/Subject_64_F_16.pkl,71,0.6367312
BMLmovi/Subject_64_F_MoSh/Subject_64_F_16.pkl,72,0.6367312
BMLmovi/Subject_64_F_MoSh/Subject_64_F_16.pkl,73,0.6367312
BMLmovi/Subject_64_F_MoSh/Subject_64_F_16.pkl,74,0.6367312
BMLmovi/Subject_64_F_MoSh/Subject_64_F_16.pkl,75,0.6367312
BMLmovi/Subject_64_F_MoSh/Subject_64_F_16.pkl,76,0.6367312
BMLmovi/Subject_64_F_MoSh/Subject_64_F_16.pkl,77,0.6367312
BMLmovi/Subject_64_F_MoSh/Subject_64_F_16.pkl,78,0.6367312
BMLmovi/Subject_64_F_MoSh/Subject_64_F_16.pkl,79,0.6367312
BMLmovi/Subject_64_F_MoSh/Subject_64_F_16.pkl,80,0.6367312
BMLmovi/Subject_64_F_MoSh/Subject_64_F_16.pkl,81,0.6367312
BMLmovi/Subject_64_F_MoSh/Subject_64_F_16.pkl,82,0.6367312
BMLmovi/Subject_64_F_MoSh/Subject_64_F_16.pkl,83,0.6367312
BMLmovi/Subject_64_F_MoSh/Subject_64_F_16.pkl,84,0.6367312
BMLmovi/Subject_64_F_MoSh/Subject_64_F_16.pkl,85,0.6367312
BMLmovi/Subject_64_F_MoSh/Subject_64_F_16.pkl,86,0.6367312
BMLmovi/Subject_64_F_MoSh/Subject_64_F_16.pkl,87,0.6367312
BMLmovi/Subject_64_F_MoSh/Subject_64_F_16.pkl,88,0.6367312
BMLmovi/Subject_64_F_MoSh/Subject_64_F_16.pkl,89,0.6367312
BMLmovi/Subject_64_F_MoSh/Subject_64_F_16.pkl,90,0.6367312
BMLmovi/Subject_67_F_MoSh/Subject_67_F_2.pkl,23,0.34716344
BMLmovi/Subject_67_F_MoSh/Subject_67_F_2.pkl,24,0.34716344
BMLmovi/Subject_67_F_MoSh/Subject_67_F_2.pkl,25,0.34716344
BMLmovi/Subject_67_F_MoSh/Subject_67_F_2.pkl,26,0.34716344
BMLmovi/Subject_67_F_MoSh/Subject_67_F_2.pkl,27,0.34716344
BMLmovi/Subject_67_F_MoSh/Subject_67_F_2.pkl,28,0.34716344
BMLmovi/Subject_67_F_MoSh/Subject_67_F_2.pkl,29,0.34716344
BMLmovi/Subject_67_F_MoSh/Subject_67_F_2.pkl,35,0.34716344
BMLmovi/Subject_67_F_MoSh/Subject_67_F_2.pkl,36,0.34716344
BMLmovi/Subject_67_F_MoSh/Subject_67_F_2.pkl,37,0.34716344
BMLmovi/Subject_67_F_MoSh/Subject_67_F_2.pkl,38,0.34716344
BMLmovi/Subject_67_F_MoSh/Subject_67_F_2.pkl,39,0.34716344
BMLmovi/Subject_67_F_MoSh/Subject_67_F_2.pkl,40,0.34716344
BMLmovi/Subject_67_F_MoSh/Subject_67_F_2.pkl,41,0.34716344
BMLmovi/Subject_67_F_MoSh/Subject_67_F_2.pkl,42,0.34716344
BMLmovi/Subject_67_F_MoSh/Subject_67_F_2.pkl,43,0.34716344
BMLmovi/Subject_67_F_MoSh/Subject_67_F_2.pkl,44,0.34716344
BMLmovi/Subject_67_F_MoSh/Subject_67_F_2.pkl,45,0.34716344
BMLmovi/Subject_67_F_MoSh/Subject_67_F_2.pkl,46,0.34716344
BMLmovi/Subject_67_F_MoSh/Subject_67_F_2.pkl,47,0.34716344
BMLmovi/Subject_67_F_MoSh/Subject_67_F_2.pkl,48,0.34716344
BMLmovi/Subject_68_F_MoSh/Subject_68_F_21.pkl,28,0.14050356
BMLmovi/Subject_68_F_MoSh/Subject_68_F_21.pkl,29,0.14050356
BMLmovi/Subject_68_F_MoSh/Subject_68_F_21.pkl,30,0.14050356
BMLmovi/Subject_68_F_MoSh/Subject_68_F_21.pkl,31,0.14050356
BMLmovi/Subject_68_F_MoSh/Subject_68_F_21.pkl,32,0.14050356
BMLmovi/Subject_68_F_MoSh/Subject_68_F_21.pkl,74,0.14050356
BMLmovi/Subject_68_F_MoSh/Subject_68_F_21.pkl,75,0.14050356
BMLmovi/Subject_68_F_MoSh/Subject_68_F_21.pkl,76,0.14050356
BMLmovi/Subject_68_F_MoSh/Subject_68_F_21.pkl,77,0.14050356
BMLmovi/Subject_68_F_MoSh/Subject_68_F_21.pkl,78,0.14050356
BMLmovi/Subject_68_F_MoSh/Subject_68_F_21.pkl,79,0.14050356
BMLmovi/Subject_69_F_MoSh/Subject_69_F_14.pkl,76,0.52597815
BMLmovi/Subject_69_F_MoSh/Subject_69_F_14.pkl,77,0.52597815
BMLmovi/Subject_69_F_MoSh/Subject_69_F_14.pkl,78,0.52597815
BMLmovi/Subject_69_F_MoSh/Subject_69_F_14.pkl,79,0.52597815
BMLmovi/Subject_69_F_MoSh/Subject_69_F_14.pkl,80,0.52597815
BMLmovi/Subject_69_F_MoSh/Subject_69_F_14.pkl,81,0.52597815
BMLmovi/Subject_69_F_MoSh/Subject_69_F_14.pkl,82,0.52597815
BMLmovi/Subject_69_F_MoSh/Subject_69_F_14.pkl,83,0.52597815
BMLmovi/Subject_69_F_MoSh/Subject_69_F_14.pkl,84,0.52597815
BMLmovi/Subject_69_F_MoSh/Subject_69_F_14.pkl,85,0.52597815
BMLmovi/Subject_69_F_MoSh/Subject_69_F_14.pkl,86,0.52597815
BMLmovi/Subject_69_F_MoSh/Subject_69_F_14.pkl,87,0.52597815
BMLmovi/Subject_69_F_MoSh/Subject_69_F_14.pkl,88,0.52597815
BMLmovi/Subject_69_F_MoSh/Subject_69_F_14.pkl,89,0.52597815
BMLmovi/Subject_69_F_MoSh/Subject_69_F_14.pkl,90,0.52597815
BMLmovi/Subject_69_F_MoSh/Subject_69_F_14.pkl,91,0.52597815
BMLmovi/Subject_69_F_MoSh/Subject_69_F_14.pkl,92,0.52597815
BMLmovi/Subject_69_F_MoSh/Subject_69_F_14.pkl,93,0.52597815
BMLmovi/Subject_69_F_MoSh/Subject_69_F_14.pkl,94,0.52597815
BMLmovi/Subject_69_F_MoSh/Subject_69_F_14.pkl,95,0.52597815
BMLmovi/Subject_69_F_MoSh/Subject_69_F_14.pkl,96,0.52597815
BMLmovi/Subject_69_F_MoSh/Subject_69_F_14.pkl,97,0.52597815
BMLmovi/Subject_69_F_MoSh/Subject_69_F_14.pkl,98,0.52597815
BMLmovi/Subject_69_F_MoSh/Subject_69_F_14.pkl,99,0.52597815
BMLmovi/Subject_69_F_MoSh/Subject_69_F_14.pkl,100,0.52597815
BMLmovi/Subject_69_F_MoSh/Subject_69_F_14.pkl,101,0.52597815
BMLmovi/Subject_69_F_MoSh/Subject_69_F_14.pkl,102,0.52597815
BMLmovi/Subject_69_F_MoSh/Subject_69_F_14.pkl,103,0.52597815
BMLmovi/Subject_69_F_MoSh/Subject_69_F_14.pkl,104,0.52597815
BMLmovi/Subject_69_F_MoSh/Subject_69_F_14.pkl,105,0.52597815
BMLmovi/Subject_69_F_MoSh/Subject_69_F_14.pkl,106,0.52597815
BMLmovi/Subject_69_F_MoSh/Subject_69_F_14.pkl,107,0.52597815
BMLmovi/Subject_69_F_MoSh/Subject_69_F_14.pkl,108,0.52597815
BMLmovi/Subject_69_F_MoSh/Subject_69_F_14.pkl,109,0.52597815
BMLmovi/Subject_69_F_MoSh/Subject_69_F_14.pkl,110,0.52597815
BMLmovi/Subject_69_F_MoSh/Subject_69_F_14.pkl,111,0.52597815
BMLmovi/Subject_69_F_MoSh/Subject_69_F_14.pkl,112,0.52597815
BMLmovi/Subject_69_F_MoSh/Subject_69_F_14.pkl,113,0.52597815
BMLmovi/Subject_69_F_MoSh/Subject_69_F_14.pkl,114,0.52597815
BMLmovi/Subject_69_F_MoSh/Subject_69_F_14.pkl,115,0.52597815
BMLmovi/Subject_69_F_MoSh/Subject_69_F_14.pkl,116,0.52597815
BMLmovi/Subject_69_F_MoSh/Subject_69_F_14.pkl,117,0.52597815
BMLmovi/Subject_69_F_MoSh/Subject_69_F_14.pkl,118,0.52597815
BMLmovi/Subject_69_F_MoSh/Subject_69_F_14.pkl,119,0.52597815
BMLmovi/Subject_69_F_MoSh/Subject_69_F_14.pkl,120,0.52597815
BMLmovi/Subject_69_F_MoSh/Subject_69_F_14.pkl,121,0.52597815
BMLmovi/Subject_69_F_MoSh/Subject_69_F_14.pkl,122,0.52597815
BMLmovi/Subject_69_F_MoSh/Subject_69_F_14.pkl,123,0.52597815
BMLmovi/Subject_69_F_MoSh/Subject_69_F_14.pkl,124,0.52597815
BMLmovi/Subject_69_F_MoSh/Subject_69_F_14.pkl,125,0.52597815
BMLmovi/Subject_69_F_MoSh/Subject_69_F_14.pkl,126,0.52597815
BMLmovi/Subject_69_F_MoSh/Subject_69_F_14.pkl,127,0.52597815
BMLmovi/Subject_69_F_MoSh/Subject_69_F_14.pkl,128,0.52597815
BMLmovi/Subject_69_F_MoSh/Subject_69_F_14.pkl,129,0.52597815
BMLmovi/Subject_69_F_MoSh/Subject_69_F_14.pkl,130,0.52597815
BMLmovi/Subject_69_F_MoSh/Subject_69_F_14.pkl,131,0.52597815
BMLmovi/Subject_69_F_MoSh/Subject_69_F_14.pkl,132,0.52597815
BMLmovi/Subject_69_F_MoSh/Subject_69_F_14.pkl,133,0.52597815
BMLmovi/Subject_69_F_MoSh/Subject_69_F_14.pkl,134,0.52597815
BMLmovi/Subject_72_F_MoSh/Subject_72_F_8.pkl,49,0.67409015
BMLmovi/Subject_72_F_MoSh/Subject_72_F_8.pkl,50,0.67409015
BMLmovi/Subject_72_F_MoSh/Subject_72_F_8.pkl,51,0.67409015
BMLmovi/Subject_72_F_MoSh/Subject_72_F_8.pkl,52,0.67409015
BMLmovi/Subject_72_F_MoSh/Subject_72_F_8.pkl,53,0.67409015
BMLmovi/Subject_72_F_MoSh/Subject_72_F_8.pkl,54,0.67409015
BMLmovi/Subject_72_F_MoSh/Subject_72_F_8.pkl,55,0.67409015
BMLmovi/Subject_72_F_MoSh/Subject_72_F_8.pkl,56,0.67409015
BMLmovi/Subject_72_F_MoSh/Subject_72_F_8.pkl,57,0.67409015
BMLmovi/Subject_72_F_MoSh/Subject_72_F_8.pkl,58,0.67409015
BMLmovi/Subject_72_F_MoSh/Subject_72_F_8.pkl,59,0.67409015
BMLmovi/Subject_72_F_MoSh/Subject_72_F_8.pkl,60,0.67409015
BMLmovi/Subject_72_F_MoSh/Subject_72_F_8.pkl,61,0.67409015
BMLmovi/Subject_72_F_MoSh/Subject_72_F_8.pkl,62,0.67409015
BMLmovi/Subject_72_F_MoSh/Subject_72_F_8.pkl,63,0.67409015
BMLmovi/Subject_72_F_MoSh/Subject_72_F_8.pkl,64,0.67409015
BMLmovi/Subject_72_F_MoSh/Subject_72_F_8.pkl,65,0.67409015
BMLmovi/Subject_72_F_MoSh/Subject_72_F_8.pkl,66,0.67409015
BMLmovi/Subject_72_F_MoSh/Subject_72_F_8.pkl,67,0.67409015
BMLmovi/Subject_72_F_MoSh/Subject_72_F_8.pkl,68,0.67409015
BMLmovi/Subject_72_F_MoSh/Subject_72_F_8.pkl,69,0.67409015
BMLmovi/Subject_72_F_MoSh/Subject_72_F_8.pkl,70,0.67409015
BMLmovi/Subject_72_F_MoSh/Subject_72_F_8.pkl,71,0.67409015
BMLmovi/Subject_72_F_MoSh/Subject_72_F_8.pkl,72,0.67409015
BMLmovi/Subject_72_F_MoSh/Subject_72_F_8.pkl,73,0.67409015
BMLmovi/Subject_72_F_MoSh/Subject_72_F_8.pkl,74,0.67409015
BMLmovi/Subject_72_F_MoSh/Subject_72_F_8.pkl,75,0.67409015
BMLmovi/Subject_72_F_MoSh/Subject_72_F_8.pkl,92,0.6515932
BMLmovi/Subject_72_F_MoSh/Subject_72_F_8.pkl,93,0.6515932
BMLmovi/Subject_72_F_MoSh/Subject_72_F_8.pkl,94,0.6515932
BMLmovi/Subject_72_F_MoSh/Subject_72_F_8.pkl,95,0.6515932
BMLmovi/Subject_72_F_MoSh/Subject_72_F_8.pkl,96,0.6515932
BMLmovi/Subject_72_F_MoSh/Subject_72_F_8.pkl,97,0.6515932
BMLmovi/Subject_78_F_MoSh/Subject_78_F_5.pkl,3,0.11377597
BMLmovi/Subject_78_F_MoSh/Subject_78_F_5.pkl,4,0.11377597
BMLmovi/Subject_78_F_MoSh/Subject_78_F_5.pkl,5,0.11377597
BMLmovi/Subject_78_F_MoSh/Subject_78_F_5.pkl,17,0.11377597
BMLmovi/Subject_78_F_MoSh/Subject_78_F_5.pkl,18,0.11377597
BMLmovi/Subject_78_F_MoSh/Subject_78_F_5.pkl,19,0.11377597
BMLmovi/Subject_78_F_MoSh/Subject_78_F_5.pkl,20,0.11377597
BMLmovi/Subject_78_F_MoSh/Subject_78_F_5.pkl,21,0.11377597
BMLmovi/Subject_78_F_MoSh/Subject_78_F_5.pkl,22,0.11377597
BMLmovi/Subject_78_F_MoSh/Subject_78_F_5.pkl,23,0.11377597
BMLmovi/Subject_78_F_MoSh/Subject_78_F_5.pkl,24,0.11377597
BMLmovi/Subject_78_F_MoSh/Subject_78_F_5.pkl,25,0.11377597
BMLmovi/Subject_78_F_MoSh/Subject_78_F_5.pkl,26,0.11377597
BMLmovi/Subject_78_F_MoSh/Subject_78_F_5.pkl,27,0.11377597
BMLmovi/Subject_78_F_MoSh/Subject_78_F_5.pkl,28,0.11377597
BMLmovi/Subject_78_F_MoSh/Subject_78_F_5.pkl,29,0.11377597
BMLmovi/Subject_78_F_MoSh/Subject_78_F_5.pkl,30,0.11377597
BMLmovi/Subject_78_F_MoSh/Subject_78_F_5.pkl,43,0.11377597
BMLmovi/Subject_78_F_MoSh/Subject_78_F_5.pkl,44,0.11377597
BMLmovi/Subject_78_F_MoSh/Subject_78_F_5.pkl,45,0.11377597
BMLmovi/Subject_78_F_MoSh/Subject_78_F_5.pkl,46,0.11377597
BMLmovi/Subject_78_F_MoSh/Subject_78_F_5.pkl,47,0.11377597
BMLmovi/Subject_78_F_MoSh/Subject_78_F_5.pkl,62,0.11377597
BMLmovi/Subject_78_F_MoSh/Subject_78_F_5.pkl,63,0.11377597
BMLmovi/Subject_86_F_MoSh/Subject_86_F_14.pkl,45,0.5081035
BMLmovi/Subject_86_F_MoSh/Subject_86_F_14.pkl,46,0.5081035
BMLmovi/Subject_86_F_MoSh/Subject_86_F_14.pkl,47,0.5081035
BMLmovi/Subject_86_F_MoSh/Subject_86_F_14.pkl,48,0.5081035
BMLmovi/Subject_86_F_MoSh/Subject_86_F_14.pkl,49,0.5081035
BMLmovi/Subject_86_F_MoSh/Subject_86_F_14.pkl,50,0.5081035
BMLmovi/Subject_86_F_MoSh/Subject_86_F_14.pkl,51,0.5081035
BMLmovi/Subject_86_F_MoSh/Subject_86_F_14.pkl,52,0.5081035
BMLmovi/Subject_86_F_MoSh/Subject_86_F_14.pkl,53,0.5081035
BMLmovi/Subject_86_F_MoSh/Subject_86_F_14.pkl,54,0.5081035
BMLmovi/Subject_86_F_MoSh/Subject_86_F_14.pkl,55,0.5081035
BMLmovi/Subject_86_F_MoSh/Subject_86_F_14.pkl,56,0.5081035
BMLmovi/Subject_86_F_MoSh/Subject_86_F_14.pkl,57,0.5081035
BMLmovi/Subject_86_F_MoSh/Subject_86_F_14.pkl,58,0.5081035
BMLmovi/Subject_86_F_MoSh/Subject_86_F_14.pkl,59,0.5081035
BMLmovi/Subject_86_F_MoSh/Subject_86_F_14.pkl,60,0.5081035
BMLmovi/Subject_86_F_MoSh/Subject_86_F_14.pkl,61,0.5081035
BMLmovi/Subject_86_F_MoSh/Subject_86_F_14.pkl,62,0.5081035
BMLmovi/Subject_86_F_MoSh/Subject_86_F_14.pkl,63,0.5081035
BMLmovi/Subject_86_F_MoSh/Subject_86_F_14.pkl,64,0.5081035
BMLmovi/Subject_86_F_MoSh/Subject_86_F_14.pkl,65,0.5081035
BMLmovi/Subject_86_F_MoSh/Subject_86_F_14.pkl,66,0.5081035
BMLmovi/Subject_86_F_MoSh/Subject_86_F_14.pkl,67,0.5081035
BMLmovi/Subject_86_F_MoSh/Subject_86_F_14.pkl,68,0.5081035
BMLmovi/Subject_86_F_MoSh/Subject_86_F_14.pkl,69,0.5081035
BMLmovi/Subject_86_F_MoSh/Subject_86_F_14.pkl,70,0.5081035
BMLmovi/Subject_86_F_MoSh/Subject_86_F_14.pkl,71,0.5081035
BMLmovi/Subject_86_F_MoSh/Subject_86_F_14.pkl,72,0.5081035
BMLmovi/Subject_86_F_MoSh/Subject_86_F_14.pkl,73,0.5081035
BMLmovi/Subject_86_F_MoSh/Subject_86_F_14.pkl,74,0.5081035
BMLmovi/Subject_86_F_MoSh/Subject_86_F_14.pkl,75,0.5081035
BMLmovi/Subject_86_F_MoSh/Subject_86_F_14.pkl,76,0.5081035
BMLmovi/Subject_86_F_MoSh/Subject_86_F_14.pkl,77,0.5081035
BMLmovi/Subject_86_F_MoSh/Subject_86_F_14.pkl,78,0.5081035
BMLmovi/Subject_86_F_MoSh/Subject_86_F_14.pkl,79,0.5081035
BMLmovi/Subject_86_F_MoSh/Subject_86_F_14.pkl,80,0.5081035
BMLmovi/Subject_86_F_MoSh/Subject_86_F_14.pkl,81,0.5081035
BMLmovi/Subject_86_F_MoSh/Subject_86_F_14.pkl,82,0.5081035
BMLmovi/Subject_86_F_MoSh/Subject_86_F_14.pkl,83,0.5081035
BMLmovi/Subject_86_F_MoSh/Subject_86_F_14.pkl,84,0.5081035
BMLmovi/Subject_90_F_MoSh/Subject_90_F_6.pkl,50,0.5485031
BMLmovi/Subject_90_F_MoSh/Subject_90_F_6.pkl,51,0.5485031
BMLmovi/Subject_90_F_MoSh/Subject_90_F_6.pkl,52,0.5485031
BMLmovi/Subject_90_F_MoSh/Subject_90_F_6.pkl,53,0.5485031
BMLmovi/Subject_90_F_MoSh/Subject_90_F_6.pkl,54,0.5485031
BMLmovi/Subject_90_F_MoSh/Subject_90_F_6.pkl,55,0.5485031
BMLmovi/Subject_90_F_MoSh/Subject_90_F_6.pkl,56,0.5485031
BMLmovi/Subject_90_F_MoSh/Subject_90_F_6.pkl,57,0.5485031
BMLmovi/Subject_90_F_MoSh/Subject_90_F_6.pkl,58,0.5485031
BMLmovi/Subject_90_F_MoSh/Subject_90_F_6.pkl,59,0.5485031
BMLmovi/Subject_90_F_MoSh/Subject_90_F_6.pkl,60,0.5485031
BioMotionLab_NTroje/rub003/0011_sitting1.pkl,59,0.53837293
BioMotionLab_NTroje/rub003/0011_sitting1.pkl,60,0.53837293
BioMotionLab_NTroje/rub003/0011_sitting1.pkl,61,0.53837293
BioMotionLab_NTroje/rub003/0011_sitting1.pkl,62,0.53837293
BioMotionLab_NTroje/rub003/0011_sitting1.pkl,63,0.53837293
BioMotionLab_NTroje/rub003/0011_sitting1.pkl,64,0.53837293
BioMotionLab_NTroje/rub003/0011_sitting1.pkl,65,0.53837293
BioMotionLab_NTroje/rub003/0011_sitting1.pkl,66,0.53837293
BioMotionLab_NTroje/rub003/0011_sitting1.pkl,74,0.53837293
BioMotionLab_NTroje/rub003/0011_sitting1.pkl,75,0.53837293
BioMotionLab_NTroje/rub003/0011_sitting1.pkl,76,0.53837293
BioMotionLab_NTroje/rub003/0011_sitting1.pkl,77,0.53837293
BioMotionLab_NTroje/rub010/0014_sitting1.pkl,57,0.5200593
BioMotionLab_NTroje/rub010/0014_sitting1.pkl,58,0.5200593
BioMotionLab_NTroje/rub010/0014_sitting1.pkl,59,0.5200593
BioMotionLab_NTroje/rub010/0014_sitting1.pkl,60,0.5200593
BioMotionLab_NTroje/rub010/0014_sitting1.pkl,61,0.5200593
BioMotionLab_NTroje/rub010/0014_sitting1.pkl,62,0.5200593
BioMotionLab_NTroje/rub010/0014_sitting1.pkl,63,0.5200593
BioMotionLab_NTroje/rub010/0014_sitting1.pkl,64,0.5200593
BioMotionLab_NTroje/rub010/0014_sitting1.pkl,65,0.5200593
BioMotionLab_NTroje/rub010/0014_sitting1.pkl,66,0.5200593
BioMotionLab_NTroje/rub010/0014_sitting1.pkl,67,0.5200593
BioMotionLab_NTroje/rub010/0014_sitting1.pkl,68,0.5200593
BioMotionLab_NTroje/rub010/0014_sitting1.pkl,69,0.5200593
BioMotionLab_NTroje/rub010/0014_sitting1.pkl,70,0.5200593
BioMotionLab_NTroje/rub010/0014_sitting1.pkl,71,0.5200593
BioMotionLab_NTroje/rub010/0014_sitting1.pkl,72,0.5200593
BioMotionLab_NTroje/rub010/0014_sitting1.pkl,73,0.5200593
BioMotionLab_NTroje/rub010/0014_sitting1.pkl,74,0.5200593
BioMotionLab_NTroje/rub010/0014_sitting1.pkl,75,0.5200593
BioMotionLab_NTroje/rub010/0014_sitting1.pkl,76,0.5200593
BioMotionLab_NTroje/rub010/0014_sitting1.pkl,77,0.5200593
BioMotionLab_NTroje/rub010/0014_sitting1.pkl,78,0.5200593
BioMotionLab_NTroje/rub010/0014_sitting1.pkl,79,0.5200593
BioMotionLab_NTroje/rub010/0014_sitting1.pkl,80,0.5200593
BioMotionLab_NTroje/rub010/0014_sitting1.pkl,81,0.5200593
BioMotionLab_NTroje/rub010/0014_sitting1.pkl,82,0.5200593
BioMotionLab_NTroje/rub010/0014_sitting1.pkl,83,0.5200593
BioMotionLab_NTroje/rub010/0014_sitting1.pkl,84,0.5200593
BioMotionLab_NTroje/rub010/0014_sitting1.pkl,85,0.5200593
BioMotionLab_NTroje/rub010/0014_sitting1.pkl,86,0.5200593
BioMotionLab_NTroje/rub010/0014_sitting1.pkl,87,0.5200593
BioMotionLab_NTroje/rub010/0014_sitting1.pkl,88,0.5200593
BioMotionLab_NTroje/rub010/0014_sitting1.pkl,89,0.5200593
BioMotionLab_NTroje/rub010/0014_sitting1.pkl,90,0.5200593
BioMotionLab_NTroje/rub010/0014_sitting1.pkl,91,0.5200593
BioMotionLab_NTroje/rub010/0014_sitting1.pkl,92,0.5200593
BioMotionLab_NTroje/rub010/0014_sitting1.pkl,93,0.5200593
BioMotionLab_NTroje/rub010/0014_sitting1.pkl,94,0.5200593
BioMotionLab_NTroje/rub010/0014_sitting1.pkl,95,0.5200593
BioMotionLab_NTroje/rub010/0014_sitting1.pkl,96,0.5200593
BioMotionLab_NTroje/rub010/0014_sitting1.pkl,97,0.5200593
BioMotionLab_NTroje/rub010/0014_sitting1.pkl,98,0.5200593
BioMotionLab_NTroje/rub010/0014_sitting1.pkl,99,0.5200593
BioMotionLab_NTroje/rub014/0016_sitting2.pkl,77,0.5497718
BioMotionLab_NTroje/rub014/0016_sitting2.pkl,78,0.5497718
BioMotionLab_NTroje/rub014/0016_sitting2.pkl,79,0.5497718
BioMotionLab_NTroje/rub014/0016_sitting2.pkl,80,0.5497718
BioMotionLab_NTroje/rub014/0016_sitting2.pkl,81,0.5497718
BioMotionLab_NTroje/rub014/0016_sitting2.pkl,82,0.5497718
BioMotionLab_NTroje/rub014/0016_sitting2.pkl,83,0.5497718
BioMotionLab_NTroje/rub014/0016_sitting2.pkl,84,0.5497718
BioMotionLab_NTroje/rub014/0016_sitting2.pkl,85,0.5497718
BioMotionLab_NTroje/rub014/0016_sitting2.pkl,86,0.5497718
BioMotionLab_NTroje/rub014/0016_sitting2.pkl,87,0.5497718
BioMotionLab_NTroje/rub014/0016_sitting2.pkl,88,0.5497718
BioMotionLab_NTroje/rub014/0016_sitting2.pkl,89,0.5497718
BioMotionLab_NTroje/rub014/0016_sitting2.pkl,90,0.5497718
BioMotionLab_NTroje/rub014/0016_sitting2.pkl,91,0.5497718
BioMotionLab_NTroje/rub014/0016_sitting2.pkl,92,0.5497718
BioMotionLab_NTroje/rub014/0016_sitting2.pkl,93,0.5497718
BioMotionLab_NTroje/rub014/0016_sitting2.pkl,94,0.5497718
BioMotionLab_NTroje/rub014/0016_sitting2.pkl,95,0.5497718
BioMotionLab_NTroje/rub014/0016_sitting2.pkl,96,0.5497718
BioMotionLab_NTroje/rub014/0016_sitting2.pkl,97,0.5497718
BioMotionLab_NTroje/rub014/0016_sitting2.pkl,98,0.5497718
BioMotionLab_NTroje/rub014/0016_sitting2.pkl,99,0.5497718
BioMotionLab_NTroje/rub014/0016_sitting2.pkl,100,0.5497718
BioMotionLab_NTroje/rub014/0016_sitting2.pkl,101,0.5497718
BioMotionLab_NTroje/rub014/0016_sitting2.pkl,102,0.5497718
BioMotionLab_NTroje/rub014/0016_sitting2.pkl,103,0.5497718
BioMotionLab_NTroje/rub014/0016_sitting2.pkl,104,0.5497718
BioMotionLab_NTroje/rub014/0016_sitting2.pkl,105,0.5497718
BioMotionLab_NTroje/rub014/0016_sitting2.pkl,106,0.5497718
BioMotionLab_NTroje/rub014/0016_sitting2.pkl,107,0.5497718
BioMotionLab_NTroje/rub014/0016_sitting2.pkl,108,0.5497718
BioMotionLab_NTroje/rub014/0016_sitting2.pkl,109,0.5497718
BioMotionLab_NTroje/rub014/0016_sitting2.pkl,110,0.5497718
BioMotionLab_NTroje/rub014/0016_sitting2.pkl,111,0.5497718
BioMotionLab_NTroje/rub014/0016_sitting2.pkl,112,0.5497718
BioMotionLab_NTroje/rub014/0016_sitting2.pkl,113,0.5497718
BioMotionLab_NTroje/rub014/0016_sitting2.pkl,114,0.5497718
BioMotionLab_NTroje/rub014/0016_sitting2.pkl,115,0.5497718
BioMotionLab_NTroje/rub014/0016_sitting2.pkl,116,0.5497718
BioMotionLab_NTroje/rub014/0016_sitting2.pkl,117,0.5497718
BioMotionLab_NTroje/rub014/0016_sitting2.pkl,118,0.5497718
BioMotionLab_NTroje/rub014/0016_sitting2.pkl,119,0.5497718
BioMotionLab_NTroje/rub014/0016_sitting2.pkl,120,0.5497718
BioMotionLab_NTroje/rub014/0016_sitting2.pkl,121,0.5497718
BioMotionLab_NTroje/rub014/0016_sitting2.pkl,122,0.5497718
BioMotionLab_NTroje/rub014/0016_sitting2.pkl,123,0.5497718
BioMotionLab_NTroje/rub014/0016_sitting2.pkl,124,0.5497718
BioMotionLab_NTroje/rub014/0016_sitting2.pkl,125,0.5497718
BioMotionLab_NTroje/rub014/0016_sitting2.pkl,126,0.5497718
BioMotionLab_NTroje/rub014/0016_sitting2.pkl,127,0.5497718
BioMotionLab_NTroje/rub014/0016_sitting2.pkl,128,0.5497718
BioMotionLab_NTroje/rub014/0016_sitting2.pkl,129,0.5497718
BioMotionLab_NTroje/rub015/0016_sitting2.pkl,77,0.5182131
BioMotionLab_NTroje/rub015/0016_sitting2.pkl,78,0.5182131
BioMotionLab_NTroje/rub015/0016_sitting2.pkl,79,0.5182131
BioMotionLab_NTroje/rub015/0016_sitting2.pkl,80,0.5182131
BioMotionLab_NTroje/rub015/0016_sitting2.pkl,81,0.5182131
BioMotionLab_NTroje/rub015/0016_sitting2.pkl,82,0.5182131
BioMotionLab_NTroje/rub015/0016_sitting2.pkl,83,0.5182131
BioMotionLab_NTroje/rub015/0016_sitting2.pkl,84,0.5182131
BioMotionLab_NTroje/rub015/0016_sitting2.pkl,85,0.5182131
BioMotionLab_NTroje/rub015/0016_sitting2.pkl,86,0.5182131
BioMotionLab_NTroje/rub015/0016_sitting2.pkl,87,0.5182131
BioMotionLab_NTroje/rub015/0016_sitting2.pkl,88,0.5182131
BioMotionLab_NTroje/rub015/0016_sitting2.pkl,89,0.5182131
BioMotionLab_NTroje/rub015/0016_sitting2.pkl,90,0.5182131
BioMotionLab_NTroje/rub015/0016_sitting2.pkl,91,0.5182131
BioMotionLab_NTroje/rub015/0016_sitting2.pkl,92,0.5182131
BioMotionLab_NTroje/rub015/0016_sitting2.pkl,93,0.5182131
BioMotionLab_NTroje/rub015/0016_sitting2.pkl,94,0.5182131
BioMotionLab_NTroje/rub015/0016_sitting2.pkl,95,0.5182131
BioMotionLab_NTroje/rub015/0016_sitting2.pkl,96,0.5182131
BioMotionLab_NTroje/rub015/0016_sitting2.pkl,100,0.5182131
BioMotionLab_NTroje/rub015/0016_sitting2.pkl,101,0.5182131
BioMotionLab_NTroje/rub015/0016_sitting2.pkl,102,0.5182131
BioMotionLab_NTroje/rub015/0016_sitting2.pkl,103,0.5182131
BioMotionLab_NTroje/rub015/0016_sitting2.pkl,104,0.5182131
BioMotionLab_NTroje/rub015/0016_sitting2.pkl,105,0.5182131
BioMotionLab_NTroje/rub015/0016_sitting2.pkl,106,0.5182131
BioMotionLab_NTroje/rub015/0016_sitting2.pkl,107,0.5182131
BioMotionLab_NTroje/rub015/0016_sitting2.pkl,108,0.5182131
BioMotionLab_NTroje/rub015/0016_sitting2.pkl,109,0.5182131
BioMotionLab_NTroje/rub015/0016_sitting2.pkl,110,0.5182131
BioMotionLab_NTroje/rub015/0016_sitting2.pkl,111,0.5182131
BioMotionLab_NTroje/rub015/0016_sitting2.pkl,112,0.5182131
BioMotionLab_NTroje/rub015/0016_sitting2.pkl,113,0.5182131
BioMotionLab_NTroje/rub015/0016_sitting2.pkl,114,0.5182131
BioMotionLab_NTroje/rub015/0016_sitting2.pkl,115,0.5182131
BioMotionLab_NTroje/rub015/0016_sitting2.pkl,116,0.5182131
BioMotionLab_NTroje/rub015/0016_sitting2.pkl,117,0.5182131
BioMotionLab_NTroje/rub015/0016_sitting2.pkl,118,0.5182131
BioMotionLab_NTroje/rub015/0016_sitting2.pkl,119,0.5182131
BioMotionLab_NTroje/rub015/0016_sitting2.pkl,120,0.5182131
BioMotionLab_NTroje/rub015/0016_sitting2.pkl,121,0.5182131
BioMotionLab_NTroje/rub015/0016_sitting2.pkl,122,0.5182131
BioMotionLab_NTroje/rub015/0016_sitting2.pkl,123,0.5182131
BioMotionLab_NTroje/rub015/0016_sitting2.pkl,124,0.5182131
BioMotionLab_NTroje/rub015/0016_sitting2.pkl,125,0.5182131
BioMotionLab_NTroje/rub015/0016_sitting2.pkl,126,0.5182131
BioMotionLab_NTroje/rub015/0016_sitting2.pkl,127,0.5182131
BioMotionLab_NTroje/rub015/0016_sitting2.pkl,128,0.5182131
BioMotionLab_NTroje/rub015/0016_sitting2.pkl,129,0.5182131
BioMotionLab_NTroje/rub015/0016_sitting2.pkl,130,0.5182131
BioMotionLab_NTroje/rub015/0016_sitting2.pkl,131,0.5182131
BioMotionLab_NTroje/rub015/0016_sitting2.pkl,132,0.5182131
BioMotionLab_NTroje/rub015/0016_sitting2.pkl,133,0.5182131
BioMotionLab_NTroje/rub015/0016_sitting2.pkl,134,0.5182131
BioMotionLab_NTroje/rub015/0016_sitting2.pkl,135,0.5182131
BioMotionLab_NTroje/rub015/0016_sitting2.pkl,136,0.5182131
BioMotionLab_NTroje/rub015/0016_sitting2.pkl,137,0.5182131
BioMotionLab_NTroje/rub015/0016_sitting2.pkl,138,0.5182131
BioMotionLab_NTroje/rub015/0016_sitting2.pkl,139,0.5182131
BioMotionLab_NTroje/rub015/0016_sitting2.pkl,140,0.5182131
BioMotionLab_NTroje/rub015/0016_sitting2.pkl,141,0.5182131
BioMotionLab_NTroje/rub015/0016_sitting2.pkl,142,0.5182131
BioMotionLab_NTroje/rub015/0016_sitting2.pkl,143,0.5182131
BioMotionLab_NTroje/rub015/0016_sitting2.pkl,144,0.5182131
BioMotionLab_NTroje/rub015/0016_sitting2.pkl,145,0.5182131
BioMotionLab_NTroje/rub015/0016_sitting2.pkl,146,0.5182131
BioMotionLab_NTroje/rub015/0016_sitting2.pkl,147,0.5182131
BioMotionLab_NTroje/rub015/0016_sitting2.pkl,148,0.5182131
BioMotionLab_NTroje/rub015/0016_sitting2.pkl,149,0.5182131
BioMotionLab_NTroje/rub015/0016_sitting2.pkl,150,0.5182131
BioMotionLab_NTroje/rub015/0016_sitting2.pkl,151,0.5182131
BioMotionLab_NTroje/rub015/0016_sitting2.pkl,152,0.5182131
BioMotionLab_NTroje/rub015/0016_sitting2.pkl,153,0.5182131
BioMotionLab_NTroje/rub015/0016_sitting2.pkl,154,0.5182131
BioMotionLab_NTroje/rub015/0016_sitting2.pkl,155,0.5182131
BioMotionLab_NTroje/rub015/0016_sitting2.pkl,156,0.5182131
BioMotionLab_NTroje/rub015/0016_sitting2.pkl,157,0.5182131
BioMotionLab_NTroje/rub015/0016_sitting2.pkl,158,0.5182131
BioMotionLab_NTroje/rub015/0016_sitting2.pkl,159,0.5182131
BioMotionLab_NTroje/rub015/0016_sitting2.pkl,160,0.5182131
BioMotionLab_NTroje/rub015/0016_sitting2.pkl,161,0.5182131
BioMotionLab_NTroje/rub015/0016_sitting2.pkl,162,0.5182131
BioMotionLab_NTroje/rub015/0016_sitting2.pkl,163,0.5182131
BioMotionLab_NTroje/rub015/0016_sitting2.pkl,164,0.5182131
BioMotionLab_NTroje/rub015/0016_sitting2.pkl,165,0.5182131
BioMotionLab_NTroje/rub015/0016_sitting2.pkl,166,0.5182131
BioMotionLab_NTroje/rub015/0016_sitting2.pkl,167,0.5182131
BioMotionLab_NTroje/rub015/0016_sitting2.pkl,168,0.5182131
BioMotionLab_NTroje/rub015/0016_sitting2.pkl,169,0.5182131
BioMotionLab_NTroje/rub015/0016_sitting2.pkl,170,0.5182131
BioMotionLab_NTroje/rub015/0016_sitting2.pkl,171,0.5182131
BioMotionLab_NTroje/rub015/0016_sitting2.pkl,172,0.5182131
BioMotionLab_NTroje/rub015/0016_sitting2.pkl,173,0.5182131
BioMotionLab_NTroje/rub015/0016_sitting2.pkl,174,0.5182131
BioMotionLab_NTroje/rub015/0016_sitting2.pkl,175,0.5182131
BioMotionLab_NTroje/rub015/0016_sitting2.pkl,176,0.5182131
BioMotionLab_NTroje/rub015/0016_sitting2.pkl,177,0.5182131
BioMotionLab_NTroje/rub015/0016_sitting2.pkl,178,0.5182131
BioMotionLab_NTroje/rub015/0016_sitting2.pkl,179,0.5182131
BioMotionLab_NTroje/rub015/0016_sitting2.pkl,180,0.5182131
BioMotionLab_NTroje/rub015/0016_sitting2.pkl,181,0.5182131
BioMotionLab_NTroje/rub015/0016_sitting2.pkl,182,0.5182131
BioMotionLab_NTroje/rub015/0016_sitting2.pkl,183,0.5182131
BioMotionLab_NTroje/rub015/0016_sitting2.pkl,184,0.5182131
BioMotionLab_NTroje/rub015/0016_sitting2.pkl,185,0.5182131
BioMotionLab_NTroje/rub015/0016_sitting2.pkl,186,0.5182131
BioMotionLab_NTroje/rub015/0016_sitting2.pkl,187,0.5182131
BioMotionLab_NTroje/rub015/0016_sitting2.pkl,188,0.5182131
BioMotionLab_NTroje/rub015/0016_sitting2.pkl,189,0.5182131
BioMotionLab_NTroje/rub015/0016_sitting2.pkl,190,0.5182131
BioMotionLab_NTroje/rub015/0016_sitting2.pkl,191,0.5182131
BioMotionLab_NTroje/rub015/0016_sitting2.pkl,192,0.5182131
BioMotionLab_NTroje/rub015/0016_sitting2.pkl,193,0.5182131
BioMotionLab_NTroje/rub015/0016_sitting2.pkl,194,0.5182131
BioMotionLab_NTroje/rub015/0016_sitting2.pkl,195,0.5182131
BioMotionLab_NTroje/rub015/0016_sitting2.pkl,196,0.5182131
BioMotionLab_NTroje/rub015/0016_sitting2.pkl,197,0.5182131
BioMotionLab_NTroje/rub015/0016_sitting2.pkl,198,0.5182131
BioMotionLab_NTroje/rub015/0016_sitting2.pkl,199,0.5182131
BioMotionLab_NTroje/rub015/0016_sitting2.pkl,200,0.5182131
BioMotionLab_NTroje/rub015/0016_sitting2.pkl,201,0.5182131
BioMotionLab_NTroje/rub020/0015_sitting1.pkl,56,0.52945197
BioMotionLab_NTroje/rub020/0015_sitting1.pkl,57,0.52945197
BioMotionLab_NTroje/rub020/0015_sitting1.pkl,58,0.52945197
BioMotionLab_NTroje/rub020/0015_sitting1.pkl,59,0.52945197
BioMotionLab_NTroje/rub020/0015_sitting1.pkl,60,0.52945197
BioMotionLab_NTroje/rub020/0015_sitting1.pkl,61,0.52945197
BioMotionLab_NTroje/rub020/0015_sitting1.pkl,62,0.52945197
BioMotionLab_NTroje/rub020/0015_sitting1.pkl,63,0.52945197
BioMotionLab_NTroje/rub020/0015_sitting1.pkl,64,0.52945197
BioMotionLab_NTroje/rub020/0015_sitting1.pkl,65,0.52945197
BioMotionLab_NTroje/rub020/0015_sitting1.pkl,66,0.52945197
BioMotionLab_NTroje/rub020/0015_sitting1.pkl,67,0.52945197
BioMotionLab_NTroje/rub020/0015_sitting1.pkl,68,0.52945197
BioMotionLab_NTroje/rub020/0015_sitting1.pkl,69,0.52945197
BioMotionLab_NTroje/rub020/0015_sitting1.pkl,70,0.52945197
BioMotionLab_NTroje/rub020/0015_sitting1.pkl,71,0.52945197
BioMotionLab_NTroje/rub020/0015_sitting1.pkl,72,0.52945197
BioMotionLab_NTroje/rub020/0015_sitting1.pkl,73,0.52945197
BioMotionLab_NTroje/rub020/0015_sitting1.pkl,74,0.52945197
BioMotionLab_NTroje/rub020/0015_sitting1.pkl,75,0.52945197
BioMotionLab_NTroje/rub020/0015_sitting1.pkl,76,0.52945197
BioMotionLab_NTroje/rub020/0015_sitting1.pkl,77,0.52945197
BioMotionLab_NTroje/rub020/0015_sitting1.pkl,78,0.52945197
BioMotionLab_NTroje/rub020/0015_sitting1.pkl,79,0.52945197
BioMotionLab_NTroje/rub020/0015_sitting1.pkl,80,0.52945197
BioMotionLab_NTroje/rub020/0015_sitting1.pkl,81,0.52945197
BioMotionLab_NTroje/rub020/0015_sitting1.pkl,82,0.52945197
BioMotionLab_NTroje/rub020/0015_sitting1.pkl,83,0.52945197
BioMotionLab_NTroje/rub020/0015_sitting1.pkl,84,0.52945197
BioMotionLab_NTroje/rub020/0015_sitting1.pkl,85,0.52945197
BioMotionLab_NTroje/rub020/0015_sitting1.pkl,86,0.52945197
BioMotionLab_NTroje/rub020/0015_sitting1.pkl,87,0.52945197
BioMotionLab_NTroje/rub020/0015_sitting1.pkl,88,0.52945197
BioMotionLab_NTroje/rub020/0015_sitting1.pkl,89,0.52945197
BioMotionLab_NTroje/rub020/0015_sitting1.pkl,90,0.52945197
BioMotionLab_NTroje/rub020/0015_sitting1.pkl,91,0.52945197
BioMotionLab_NTroje/rub020/0015_sitting1.pkl,92,0.52945197
BioMotionLab_NTroje/rub020/0015_sitting1.pkl,93,0.52945197
BioMotionLab_NTroje/rub020/0015_sitting1.pkl,94,0.52945197
BioMotionLab_NTroje/rub020/0015_sitting1.pkl,95,0.52945197
BioMotionLab_NTroje/rub020/0015_sitting1.pkl,96,0.52945197
BioMotionLab_NTroje/rub020/0015_sitting1.pkl,97,0.52945197
BioMotionLab_NTroje/rub020/0015_sitting1.pkl,98,0.52945197
BioMotionLab_NTroje/rub020/0015_sitting1.pkl,99,0.52945197
BioMotionLab_NTroje/rub020/0015_sitting1.pkl,100,0.52945197
BioMotionLab_NTroje/rub020/0015_sitting1.pkl,101,0.52945197
BioMotionLab_NTroje/rub020/0015_sitting1.pkl,102,0.52945197
BioMotionLab_NTroje/rub020/0015_sitting1.pkl,103,0.52945197
BioMotionLab_NTroje/rub022/0015_sitting2.pkl,52,0.53501904
BioMotionLab_NTroje/rub022/0015_sitting2.pkl,53,0.53501904
BioMotionLab_NTroje/rub022/0015_sitting2.pkl,54,0.53501904
BioMotionLab_NTroje/rub022/0015_sitting2.pkl,55,0.53501904
BioMotionLab_NTroje/rub022/0015_sitting2.pkl,56,0.53501904
BioMotionLab_NTroje/rub022/0015_sitting2.pkl,57,0.53501904
BioMotionLab_NTroje/rub022/0015_sitting2.pkl,66,0.53501904
BioMotionLab_NTroje/rub022/0015_sitting2.pkl,67,0.53501904
BioMotionLab_NTroje/rub022/0015_sitting2.pkl,68,0.53501904
BioMotionLab_NTroje/rub022/0015_sitting2.pkl,69,0.53501904
BioMotionLab_NTroje/rub022/0015_sitting2.pkl,70,0.53501904
BioMotionLab_NTroje/rub022/0015_sitting2.pkl,71,0.53501904
BioMotionLab_NTroje/rub022/0015_sitting2.pkl,72,0.53501904
BioMotionLab_NTroje/rub022/0015_sitting2.pkl,73,0.53501904
BioMotionLab_NTroje/rub022/0015_sitting2.pkl,74,0.53501904
BioMotionLab_NTroje/rub022/0015_sitting2.pkl,75,0.53501904
BioMotionLab_NTroje/rub022/0015_sitting2.pkl,76,0.53501904
BioMotionLab_NTroje/rub022/0015_sitting2.pkl,77,0.53501904
BioMotionLab_NTroje/rub022/0015_sitting2.pkl,78,0.53501904
BioMotionLab_NTroje/rub022/0015_sitting2.pkl,79,0.53501904
BioMotionLab_NTroje/rub022/0015_sitting2.pkl,80,0.53501904
BioMotionLab_NTroje/rub022/0015_sitting2.pkl,81,0.53501904
BioMotionLab_NTroje/rub022/0015_sitting2.pkl,82,0.53501904
BioMotionLab_NTroje/rub022/0015_sitting2.pkl,83,0.53501904
BioMotionLab_NTroje/rub022/0015_sitting2.pkl,84,0.53501904
BioMotionLab_NTroje/rub022/0015_sitting2.pkl,85,0.53501904
BioMotionLab_NTroje/rub022/0015_sitting2.pkl,86,0.53501904
BioMotionLab_NTroje/rub022/0015_sitting2.pkl,87,0.53501904
BioMotionLab_NTroje/rub022/0015_sitting2.pkl,88,0.53501904
BioMotionLab_NTroje/rub022/0015_sitting2.pkl,89,0.53501904
BioMotionLab_NTroje/rub022/0015_sitting2.pkl,90,0.53501904
BioMotionLab_NTroje/rub022/0015_sitting2.pkl,91,0.53501904
BioMotionLab_NTroje/rub022/0015_sitting2.pkl,92,0.53501904
BioMotionLab_NTroje/rub022/0015_sitting2.pkl,93,0.53501904
BioMotionLab_NTroje/rub022/0015_sitting2.pkl,94,0.53501904
BioMotionLab_NTroje/rub022/0015_sitting2.pkl,95,0.53501904
BioMotionLab_NTroje/rub022/0015_sitting2.pkl,96,0.53501904
BioMotionLab_NTroje/rub022/0015_sitting2.pkl,97,0.53501904
BioMotionLab_NTroje/rub022/0015_sitting2.pkl,98,0.53501904
BioMotionLab_NTroje/rub024/0016_sitting2.pkl,76,0.5098497
BioMotionLab_NTroje/rub024/0016_sitting2.pkl,77,0.5098497
BioMotionLab_NTroje/rub024/0016_sitting2.pkl,78,0.5098497
BioMotionLab_NTroje/rub024/0016_sitting2.pkl,79,0.5098497
BioMotionLab_NTroje/rub024/0016_sitting2.pkl,80,0.5098497
BioMotionLab_NTroje/rub024/0016_sitting2.pkl,81,0.5098497
BioMotionLab_NTroje/rub024/0016_sitting2.pkl,82,0.5098497
BioMotionLab_NTroje/rub024/0016_sitting2.pkl,83,0.5098497
BioMotionLab_NTroje/rub024/0016_sitting2.pkl,84,0.5098497
BioMotionLab_NTroje/rub024/0016_sitting2.pkl,85,0.5098497
BioMotionLab_NTroje/rub024/0016_sitting2.pkl,86,0.5098497
BioMotionLab_NTroje/rub024/0016_sitting2.pkl,87,0.5098497
BioMotionLab_NTroje/rub024/0016_sitting2.pkl,88,0.5098497
BioMotionLab_NTroje/rub024/0016_sitting2.pkl,89,0.5098497
BioMotionLab_NTroje/rub024/0016_sitting2.pkl,90,0.5098497
BioMotionLab_NTroje/rub024/0016_sitting2.pkl,91,0.5098497
BioMotionLab_NTroje/rub024/0016_sitting2.pkl,92,0.5098497
BioMotionLab_NTroje/rub024/0016_sitting2.pkl,93,0.5098497
BioMotionLab_NTroje/rub024/0016_sitting2.pkl,94,0.5098497
BioMotionLab_NTroje/rub024/0016_sitting2.pkl,95,0.5098497
BioMotionLab_NTroje/rub024/0016_sitting2.pkl,96,0.5098497
BioMotionLab_NTroje/rub024/0016_sitting2.pkl,97,0.5098497
BioMotionLab_NTroje/rub024/0016_sitting2.pkl,98,0.5098497
BioMotionLab_NTroje/rub024/0016_sitting2.pkl,99,0.5098497
BioMotionLab_NTroje/rub024/0016_sitting2.pkl,100,0.5098497
BioMotionLab_NTroje/rub024/0016_sitting2.pkl,101,0.5098497
BioMotionLab_NTroje/rub024/0016_sitting2.pkl,102,0.5098497
BioMotionLab_NTroje/rub024/0016_sitting2.pkl,103,0.5098497
BioMotionLab_NTroje/rub024/0016_sitting2.pkl,104,0.5098497
BioMotionLab_NTroje/rub024/0016_sitting2.pkl,105,0.5098497
BioMotionLab_NTroje/rub024/0016_sitting2.pkl,106,0.5098497
BioMotionLab_NTroje/rub024/0016_sitting2.pkl,107,0.5098497
BioMotionLab_NTroje/rub024/0016_sitting2.pkl,108,0.5098497
BioMotionLab_NTroje/rub024/0016_sitting2.pkl,109,0.5098497
BioMotionLab_NTroje/rub024/0016_sitting2.pkl,110,0.5098497
BioMotionLab_NTroje/rub024/0016_sitting2.pkl,111,0.5098497
BioMotionLab_NTroje/rub024/0016_sitting2.pkl,112,0.5098497
BioMotionLab_NTroje/rub024/0016_sitting2.pkl,113,0.5098497
BioMotionLab_NTroje/rub024/0016_sitting2.pkl,114,0.5098497
BioMotionLab_NTroje/rub024/0016_sitting2.pkl,115,0.5098497
BioMotionLab_NTroje/rub024/0016_sitting2.pkl,116,0.5098497
BioMotionLab_NTroje/rub024/0016_sitting2.pkl,117,0.5098497
BioMotionLab_NTroje/rub024/0016_sitting2.pkl,118,0.5098497
BioMotionLab_NTroje/rub024/0016_sitting2.pkl,119,0.5098497
BioMotionLab_NTroje/rub024/0016_sitting2.pkl,120,0.5098497
BioMotionLab_NTroje/rub024/0016_sitting2.pkl,121,0.5098497
BioMotionLab_NTroje/rub024/0016_sitting2.pkl,122,0.5098497
BioMotionLab_NTroje/rub024/0016_sitting2.pkl,123,0.5098497
BioMotionLab_NTroje/rub024/0016_sitting2.pkl,124,0.5098497
BioMotionLab_NTroje/rub024/0016_sitting2.pkl,125,0.5098497
BioMotionLab_NTroje/rub024/0016_sitting2.pkl,126,0.5098497
BioMotionLab_NTroje/rub024/0016_sitting2.pkl,127,0.5098497
BioMotionLab_NTroje/rub024/0016_sitting2.pkl,128,0.5098497
BioMotionLab_NTroje/rub024/0016_sitting2.pkl,129,0.5098497
BioMotionLab_NTroje/rub024/0016_sitting2.pkl,130,0.5098497
BioMotionLab_NTroje/rub024/0016_sitting2.pkl,131,0.5098497
BioMotionLab_NTroje/rub024/0016_sitting2.pkl,132,0.5098497
BioMotionLab_NTroje/rub024/0016_sitting2.pkl,133,0.5098497
BioMotionLab_NTroje/rub024/0016_sitting2.pkl,134,0.5098497
BioMotionLab_NTroje/rub024/0016_sitting2.pkl,135,0.5098497
BioMotionLab_NTroje/rub024/0016_sitting2.pkl,136,0.5098497
BioMotionLab_NTroje/rub024/0016_sitting2.pkl,137,0.5098497
BioMotionLab_NTroje/rub024/0016_sitting2.pkl,138,0.5098497
BioMotionLab_NTroje/rub024/0016_sitting2.pkl,139,0.5098497
BioMotionLab_NTroje/rub024/0016_sitting2.pkl,140,0.5098497
BioMotionLab_NTroje/rub024/0016_sitting2.pkl,141,0.5098497
BioMotionLab_NTroje/rub025/0015_sitting2.pkl,78,0.54150563
BioMotionLab_NTroje/rub025/0015_sitting2.pkl,79,0.54150563
BioMotionLab_NTroje/rub025/0015_sitting2.pkl,80,0.54150563
BioMotionLab_NTroje/rub025/0015_sitting2.pkl,81,0.54150563
BioMotionLab_NTroje/rub025/0015_sitting2.pkl,82,0.54150563
BioMotionLab_NTroje/rub025/0015_sitting2.pkl,83,0.54150563
BioMotionLab_NTroje/rub025/0015_sitting2.pkl,84,0.54150563
BioMotionLab_NTroje/rub025/0015_sitting2.pkl,85,0.54150563
BioMotionLab_NTroje/rub025/0015_sitting2.pkl,86,0.54150563
BioMotionLab_NTroje/rub025/0015_sitting2.pkl,87,0.54150563
BioMotionLab_NTroje/rub025/0015_sitting2.pkl,88,0.54150563
BioMotionLab_NTroje/rub025/0015_sitting2.pkl,89,0.54150563
BioMotionLab_NTroje/rub025/0015_sitting2.pkl,90,0.54150563
BioMotionLab_NTroje/rub025/0015_sitting2.pkl,91,0.54150563
BioMotionLab_NTroje/rub025/0015_sitting2.pkl,92,0.54150563
BioMotionLab_NTroje/rub025/0015_sitting2.pkl,93,0.54150563
BioMotionLab_NTroje/rub025/0015_sitting2.pkl,94,0.54150563
BioMotionLab_NTroje/rub025/0015_sitting2.pkl,95,0.54150563
BioMotionLab_NTroje/rub025/0015_sitting2.pkl,96,0.54150563
BioMotionLab_NTroje/rub025/0015_sitting2.pkl,97,0.54150563
BioMotionLab_NTroje/rub025/0015_sitting2.pkl,98,0.54150563
BioMotionLab_NTroje/rub025/0015_sitting2.pkl,99,0.54150563
BioMotionLab_NTroje/rub025/0015_sitting2.pkl,100,0.54150563
BioMotionLab_NTroje/rub025/0015_sitting2.pkl,101,0.54150563
BioMotionLab_NTroje/rub025/0015_sitting2.pkl,102,0.54150563
BioMotionLab_NTroje/rub025/0015_sitting2.pkl,103,0.54150563
BioMotionLab_NTroje/rub025/0015_sitting2.pkl,114,0.54150563
BioMotionLab_NTroje/rub025/0015_sitting2.pkl,115,0.54150563
BioMotionLab_NTroje/rub025/0015_sitting2.pkl,116,0.54150563
BioMotionLab_NTroje/rub025/0015_sitting2.pkl,117,0.54150563
BioMotionLab_NTroje/rub025/0015_sitting2.pkl,118,0.54150563
BioMotionLab_NTroje/rub025/0015_sitting2.pkl,119,0.54150563
BioMotionLab_NTroje/rub025/0015_sitting2.pkl,120,0.54150563
BioMotionLab_NTroje/rub025/0015_sitting2.pkl,121,0.54150563
BioMotionLab_NTroje/rub025/0015_sitting2.pkl,122,0.54150563
BioMotionLab_NTroje/rub025/0015_sitting2.pkl,123,0.54150563
BioMotionLab_NTroje/rub025/0015_sitting2.pkl,124,0.54150563
BioMotionLab_NTroje/rub025/0015_sitting2.pkl,125,0.54150563
BioMotionLab_NTroje/rub025/0015_sitting2.pkl,126,0.54150563
BioMotionLab_NTroje/rub025/0015_sitting2.pkl,127,0.54150563
BioMotionLab_NTroje/rub025/0015_sitting2.pkl,128,0.54150563
BioMotionLab_NTroje/rub025/0015_sitting2.pkl,129,0.54150563
BioMotionLab_NTroje/rub025/0015_sitting2.pkl,130,0.54150563
BioMotionLab_NTroje/rub025/0015_sitting2.pkl,131,0.54150563
BioMotionLab_NTroje/rub025/0015_sitting2.pkl,132,0.54150563
BioMotionLab_NTroje/rub025/0015_sitting2.pkl,133,0.54150563
BioMotionLab_NTroje/rub025/0015_sitting2.pkl,134,0.54150563
BioMotionLab_NTroje/rub025/0015_sitting2.pkl,135,0.54150563
BioMotionLab_NTroje/rub025/0015_sitting2.pkl,136,0.54150563
BioMotionLab_NTroje/rub025/0015_sitting2.pkl,137,0.54150563
BioMotionLab_NTroje/rub025/0015_sitting2.pkl,138,0.54150563
BioMotionLab_NTroje/rub025/0015_sitting2.pkl,139,0.54150563
BioMotionLab_NTroje/rub025/0015_sitting2.pkl,140,0.54150563
BioMotionLab_NTroje/rub025/0015_sitting2.pkl,141,0.54150563
BioMotionLab_NTroje/rub025/0015_sitting2.pkl,142,0.54150563
BioMotionLab_NTroje/rub025/0015_sitting2.pkl,143,0.54150563
BioMotionLab_NTroje/rub025/0015_sitting2.pkl,144,0.54150563
BioMotionLab_NTroje/rub025/0015_sitting2.pkl,145,0.54150563
BioMotionLab_NTroje/rub025/0015_sitting2.pkl,146,0.54150563
BioMotionLab_NTroje/rub025/0015_sitting2.pkl,147,0.54150563
BioMotionLab_NTroje/rub025/0015_sitting2.pkl,148,0.54150563
BioMotionLab_NTroje/rub025/0015_sitting2.pkl,149,0.54150563
BioMotionLab_NTroje/rub025/0015_sitting2.pkl,150,0.54150563
BioMotionLab_NTroje/rub025/0015_sitting2.pkl,151,0.54150563
BioMotionLab_NTroje/rub025/0015_sitting2.pkl,152,0.54150563
BioMotionLab_NTroje/rub025/0015_sitting2.pkl,153,0.54150563
BioMotionLab_NTroje/rub026/0015_sitting1.pkl,54,0.5080478
BioMotionLab_NTroje/rub026/0015_sitting1.pkl,55,0.5080478
BioMotionLab_NTroje/rub026/0015_sitting1.pkl,56,0.5080478
BioMotionLab_NTroje/rub026/0015_sitting1.pkl,57,0.5080478
BioMotionLab_NTroje/rub026/0015_sitting1.pkl,58,0.5080478
BioMotionLab_NTroje/rub026/0015_sitting1.pkl,59,0.5080478
BioMotionLab_NTroje/rub026/0015_sitting1.pkl,60,0.5080478
BioMotionLab_NTroje/rub026/0015_sitting1.pkl,61,0.5080478
BioMotionLab_NTroje/rub026/0015_sitting1.pkl,62,0.5080478
BioMotionLab_NTroje/rub026/0015_sitting1.pkl,63,0.5080478
BioMotionLab_NTroje/rub026/0015_sitting1.pkl,64,0.5080478
BioMotionLab_NTroje/rub026/0015_sitting1.pkl,65,0.5080478
BioMotionLab_NTroje/rub026/0015_sitting1.pkl,66,0.5080478
BioMotionLab_NTroje/rub026/0015_sitting1.pkl,67,0.5080478
BioMotionLab_NTroje/rub026/0015_sitting1.pkl,68,0.5080478
BioMotionLab_NTroje/rub026/0015_sitting1.pkl,69,0.5080478
BioMotionLab_NTroje/rub026/0015_sitting1.pkl,70,0.5080478
BioMotionLab_NTroje/rub026/0015_sitting1.pkl,71,0.5080478
BioMotionLab_NTroje/rub026/0015_sitting1.pkl,72,0.5080478
BioMotionLab_NTroje/rub026/0015_sitting1.pkl,73,0.5080478
BioMotionLab_NTroje/rub026/0015_sitting1.pkl,74,0.5080478
BioMotionLab_NTroje/rub026/0015_sitting1.pkl,75,0.5080478
BioMotionLab_NTroje/rub026/0015_sitting1.pkl,76,0.5080478
BioMotionLab_NTroje/rub026/0015_sitting1.pkl,77,0.5080478
BioMotionLab_NTroje/rub026/0015_sitting1.pkl,78,0.5080478
BioMotionLab_NTroje/rub026/0015_sitting1.pkl,79,0.5080478
BioMotionLab_NTroje/rub026/0015_sitting1.pkl,80,0.5080478
BioMotionLab_NTroje/rub026/0015_sitting1.pkl,81,0.5080478
BioMotionLab_NTroje/rub026/0015_sitting1.pkl,82,0.5080478
BioMotionLab_NTroje/rub026/0015_sitting1.pkl,83,0.5080478
BioMotionLab_NTroje/rub026/0015_sitting1.pkl,84,0.5080478
BioMotionLab_NTroje/rub026/0015_sitting1.pkl,85,0.5080478
BioMotionLab_NTroje/rub026/0015_sitting1.pkl,86,0.5080478
BioMotionLab_NTroje/rub026/0015_sitting1.pkl,87,0.5080478
BioMotionLab_NTroje/rub026/0015_sitting1.pkl,88,0.5080478
BioMotionLab_NTroje/rub026/0015_sitting1.pkl,89,0.5080478
BioMotionLab_NTroje/rub026/0015_sitting1.pkl,90,0.5080478
BioMotionLab_NTroje/rub026/0015_sitting1.pkl,91,0.5080478
BioMotionLab_NTroje/rub026/0015_sitting1.pkl,92,0.5080478
BioMotionLab_NTroje/rub026/0015_sitting1.pkl,93,0.5080478
BioMotionLab_NTroje/rub026/0015_sitting1.pkl,94,0.5080478
BioMotionLab_NTroje/rub026/0015_sitting1.pkl,95,0.5080478
BioMotionLab_NTroje/rub026/0015_sitting1.pkl,96,0.5080478
BioMotionLab_NTroje/rub026/0015_sitting1.pkl,97,0.5080478
BioMotionLab_NTroje/rub026/0015_sitting1.pkl,98,0.5080478
BioMotionLab_NTroje/rub026/0015_sitting1.pkl,99,0.5080478
BioMotionLab_NTroje/rub026/0015_sitting1.pkl,100,0.5080478
BioMotionLab_NTroje/rub026/0015_sitting1.pkl,101,0.5080478
BioMotionLab_NTroje/rub026/0015_sitting1.pkl,102,0.5080478
BioMotionLab_NTroje/rub026/0015_sitting1.pkl,103,0.5080478
BioMotionLab_NTroje/rub026/0015_sitting1.pkl,104,0.5080478
BioMotionLab_NTroje/rub026/0015_sitting1.pkl,105,0.5080478
BioMotionLab_NTroje/rub026/0015_sitting1.pkl,106,0.5080478
BioMotionLab_NTroje/rub026/0015_sitting1.pkl,107,0.5080478
BioMotionLab_NTroje/rub026/0015_sitting1.pkl,108,0.5080478
BioMotionLab_NTroje/rub029/0015_sitting1.pkl,65,0.5946607
BioMotionLab_NTroje/rub029/0015_sitting1.pkl,66,0.5946607
BioMotionLab_NTroje/rub029/0015_sitting1.pkl,67,0.5946607
BioMotionLab_NTroje/rub029/0015_sitting1.pkl,68,0.5946607
BioMotionLab_NTroje/rub035/0016_sitting2.pkl,64,0.48755342
BioMotionLab_NTroje/rub035/0016_sitting2.pkl,65,0.48755342
BioMotionLab_NTroje/rub035/0016_sitting2.pkl,66,0.48755342
BioMotionLab_NTroje/rub035/0016_sitting2.pkl,67,0.48755342
BioMotionLab_NTroje/rub035/0016_sitting2.pkl,68,0.48755342
BioMotionLab_NTroje/rub035/0016_sitting2.pkl,69,0.48755342
BioMotionLab_NTroje/rub035/0016_sitting2.pkl,70,0.48755342
BioMotionLab_NTroje/rub035/0016_sitting2.pkl,71,0.48755342
BioMotionLab_NTroje/rub035/0016_sitting2.pkl,72,0.48755342
BioMotionLab_NTroje/rub035/0016_sitting2.pkl,73,0.48755342
BioMotionLab_NTroje/rub035/0016_sitting2.pkl,74,0.48755342
BioMotionLab_NTroje/rub035/0016_sitting2.pkl,75,0.48755342
BioMotionLab_NTroje/rub035/0016_sitting2.pkl,76,0.48755342
BioMotionLab_NTroje/rub035/0016_sitting2.pkl,77,0.48755342
BioMotionLab_NTroje/rub035/0016_sitting2.pkl,78,0.48755342
BioMotionLab_NTroje/rub035/0016_sitting2.pkl,79,0.48755342
BioMotionLab_NTroje/rub035/0016_sitting2.pkl,80,0.48755342
BioMotionLab_NTroje/rub035/0016_sitting2.pkl,81,0.48755342
BioMotionLab_NTroje/rub035/0016_sitting2.pkl,82,0.48755342
BioMotionLab_NTroje/rub035/0016_sitting2.pkl,83,0.48755342
BioMotionLab_NTroje/rub035/0016_sitting2.pkl,84,0.48755342
BioMotionLab_NTroje/rub035/0016_sitting2.pkl,85,0.48755342
BioMotionLab_NTroje/rub035/0016_sitting2.pkl,86,0.48755342
BioMotionLab_NTroje/rub035/0016_sitting2.pkl,87,0.48755342
BioMotionLab_NTroje/rub035/0016_sitting2.pkl,88,0.48755342
BioMotionLab_NTroje/rub035/0016_sitting2.pkl,89,0.48755342
BioMotionLab_NTroje/rub035/0016_sitting2.pkl,90,0.48755342
BioMotionLab_NTroje/rub035/0016_sitting2.pkl,91,0.48755342
BioMotionLab_NTroje/rub035/0016_sitting2.pkl,92,0.48755342
BioMotionLab_NTroje/rub035/0016_sitting2.pkl,93,0.48755342
BioMotionLab_NTroje/rub035/0016_sitting2.pkl,94,0.48755342
BioMotionLab_NTroje/rub035/0016_sitting2.pkl,95,0.48755342
BioMotionLab_NTroje/rub035/0016_sitting2.pkl,96,0.48755342
BioMotionLab_NTroje/rub035/0016_sitting2.pkl,97,0.48755342
BioMotionLab_NTroje/rub035/0016_sitting2.pkl,98,0.48755342
BioMotionLab_NTroje/rub035/0016_sitting2.pkl,99,0.48755342
BioMotionLab_NTroje/rub035/0016_sitting2.pkl,100,0.48755342
BioMotionLab_NTroje/rub035/0016_sitting2.pkl,101,0.48755342
BioMotionLab_NTroje/rub035/0016_sitting2.pkl,102,0.48755342
BioMotionLab_NTroje/rub035/0016_sitting2.pkl,103,0.48755342
BioMotionLab_NTroje/rub035/0016_sitting2.pkl,104,0.48755342
BioMotionLab_NTroje/rub035/0016_sitting2.pkl,105,0.48755342
BioMotionLab_NTroje/rub043/0015_sitting1.pkl,62,0.48505646
BioMotionLab_NTroje/rub043/0015_sitting1.pkl,63,0.48505646
BioMotionLab_NTroje/rub043/0015_sitting1.pkl,64,0.48505646
BioMotionLab_NTroje/rub043/0015_sitting1.pkl,65,0.48505646
BioMotionLab_NTroje/rub043/0015_sitting1.pkl,66,0.48505646
BioMotionLab_NTroje/rub043/0015_sitting1.pkl,67,0.48505646
BioMotionLab_NTroje/rub043/0015_sitting1.pkl,68,0.48505646
BioMotionLab_NTroje/rub043/0015_sitting1.pkl,69,0.48505646
BioMotionLab_NTroje/rub043/0015_sitting1.pkl,79,0.48505646
BioMotionLab_NTroje/rub043/0015_sitting1.pkl,80,0.48505646
BioMotionLab_NTroje/rub043/0015_sitting1.pkl,81,0.48505646
BioMotionLab_NTroje/rub043/0015_sitting1.pkl,82,0.48505646
BioMotionLab_NTroje/rub043/0015_sitting1.pkl,83,0.48505646
BioMotionLab_NTroje/rub043/0015_sitting1.pkl,84,0.48505646
BioMotionLab_NTroje/rub043/0015_sitting1.pkl,85,0.48505646
BioMotionLab_NTroje/rub043/0015_sitting1.pkl,86,0.48505646
BioMotionLab_NTroje/rub043/0015_sitting1.pkl,87,0.48505646
BioMotionLab_NTroje/rub043/0015_sitting1.pkl,88,0.48505646
BioMotionLab_NTroje/rub043/0015_sitting1.pkl,89,0.48505646
BioMotionLab_NTroje/rub043/0015_sitting1.pkl,90,0.48505646
BioMotionLab_NTroje/rub043/0015_sitting1.pkl,91,0.48505646
BioMotionLab_NTroje/rub043/0015_sitting1.pkl,92,0.48505646
BioMotionLab_NTroje/rub043/0015_sitting1.pkl,93,0.48505646
BioMotionLab_NTroje/rub043/0015_sitting1.pkl,94,0.48505646
BioMotionLab_NTroje/rub043/0015_sitting1.pkl,95,0.48505646
BioMotionLab_NTroje/rub043/0015_sitting1.pkl,96,0.48505646
BioMotionLab_NTroje/rub043/0015_sitting1.pkl,97,0.48505646
BioMotionLab_NTroje/rub043/0015_sitting1.pkl,98,0.48505646
BioMotionLab_NTroje/rub043/0015_sitting1.pkl,99,0.48505646
BioMotionLab_NTroje/rub043/0015_sitting1.pkl,100,0.48505646
BioMotionLab_NTroje/rub043/0015_sitting1.pkl,101,0.48505646
BioMotionLab_NTroje/rub043/0015_sitting1.pkl,102,0.48505646
BioMotionLab_NTroje/rub043/0015_sitting1.pkl,103,0.48505646
BioMotionLab_NTroje/rub043/0015_sitting1.pkl,104,0.48505646
BioMotionLab_NTroje/rub043/0015_sitting1.pkl,105,0.48505646
BioMotionLab_NTroje/rub043/0015_sitting1.pkl,106,0.48505646
BioMotionLab_NTroje/rub043/0015_sitting1.pkl,107,0.48505646
BioMotionLab_NTroje/rub043/0015_sitting1.pkl,108,0.48505646
BioMotionLab_NTroje/rub043/0015_sitting1.pkl,109,0.48505646
BioMotionLab_NTroje/rub043/0015_sitting1.pkl,110,0.48505646
BioMotionLab_NTroje/rub043/0015_sitting1.pkl,111,0.48505646
BioMotionLab_NTroje/rub043/0015_sitting1.pkl,112,0.48505646
BioMotionLab_NTroje/rub043/0015_sitting1.pkl,113,0.48505646
BioMotionLab_NTroje/rub043/0015_sitting1.pkl,114,0.48505646
BioMotionLab_NTroje/rub043/0015_sitting1.pkl,115,0.48505646
BioMotionLab_NTroje/rub043/0015_sitting1.pkl,116,0.48505646
BioMotionLab_NTroje/rub043/0015_sitting1.pkl,117,0.48505646
BioMotionLab_NTroje/rub043/0015_sitting1.pkl,118,0.48505646
BioMotionLab_NTroje/rub043/0015_sitting1.pkl,119,0.48505646
BioMotionLab_NTroje/rub043/0015_sitting1.pkl,120,0.48505646
BioMotionLab_NTroje/rub043/0015_sitting1.pkl,121,0.48505646
BioMotionLab_NTroje/rub043/0015_sitting1.pkl,122,0.48505646
BioMotionLab_NTroje/rub046/0016_sitting2.pkl,51,0.4710158
BioMotionLab_NTroje/rub046/0016_sitting2.pkl,52,0.4710158
BioMotionLab_NTroje/rub046/0016_sitting2.pkl,53,0.4710158
BioMotionLab_NTroje/rub046/0016_sitting2.pkl,54,0.4710158
BioMotionLab_NTroje/rub046/0016_sitting2.pkl,55,0.4710158
BioMotionLab_NTroje/rub046/0016_sitting2.pkl,56,0.4710158
BioMotionLab_NTroje/rub046/0016_sitting2.pkl,57,0.4710158
BioMotionLab_NTroje/rub046/0016_sitting2.pkl,58,0.4710158
BioMotionLab_NTroje/rub046/0016_sitting2.pkl,59,0.4710158
BioMotionLab_NTroje/rub046/0016_sitting2.pkl,60,0.4710158
BioMotionLab_NTroje/rub046/0016_sitting2.pkl,61,0.4710158
BioMotionLab_NTroje/rub046/0016_sitting2.pkl,62,0.4710158
BioMotionLab_NTroje/rub046/0016_sitting2.pkl,63,0.4710158
BioMotionLab_NTroje/rub046/0016_sitting2.pkl,64,0.4710158
BioMotionLab_NTroje/rub046/0016_sitting2.pkl,65,0.4710158
BioMotionLab_NTroje/rub046/0016_sitting2.pkl,66,0.4710158
BioMotionLab_NTroje/rub046/0016_sitting2.pkl,67,0.4710158
BioMotionLab_NTroje/rub046/0016_sitting2.pkl,68,0.4710158
BioMotionLab_NTroje/rub046/0016_sitting2.pkl,69,0.4710158
BioMotionLab_NTroje/rub046/0016_sitting2.pkl,70,0.4710158
BioMotionLab_NTroje/rub046/0016_sitting2.pkl,71,0.4710158
BioMotionLab_NTroje/rub046/0016_sitting2.pkl,72,0.4710158
BioMotionLab_NTroje/rub046/0016_sitting2.pkl,73,0.4710158
BioMotionLab_NTroje/rub046/0016_sitting2.pkl,74,0.4710158
BioMotionLab_NTroje/rub046/0016_sitting2.pkl,75,0.4710158
BioMotionLab_NTroje/rub046/0016_sitting2.pkl,76,0.4710158
BioMotionLab_NTroje/rub046/0016_sitting2.pkl,77,0.4710158
BioMotionLab_NTroje/rub046/0016_sitting2.pkl,78,0.4710158
BioMotionLab_NTroje/rub046/0016_sitting2.pkl,79,0.4710158
BioMotionLab_NTroje/rub046/0016_sitting2.pkl,80,0.4710158
BioMotionLab_NTroje/rub046/0016_sitting2.pkl,81,0.4710158
BioMotionLab_NTroje/rub046/0016_sitting2.pkl,82,0.4710158
BioMotionLab_NTroje/rub046/0016_sitting2.pkl,83,0.4710158
BioMotionLab_NTroje/rub046/0016_sitting2.pkl,84,0.4710158
BioMotionLab_NTroje/rub046/0016_sitting2.pkl,85,0.4710158
BioMotionLab_NTroje/rub046/0016_sitting2.pkl,86,0.4710158
BioMotionLab_NTroje/rub046/0016_sitting2.pkl,87,0.4710158
BioMotionLab_NTroje/rub046/0016_sitting2.pkl,88,0.4710158
BioMotionLab_NTroje/rub046/0016_sitting2.pkl,89,0.4710158
BioMotionLab_NTroje/rub046/0016_sitting2.pkl,90,0.4710158
BioMotionLab_NTroje/rub046/0016_sitting2.pkl,91,0.4710158
BioMotionLab_NTroje/rub046/0016_sitting2.pkl,92,0.4710158
BioMotionLab_NTroje/rub046/0016_sitting2.pkl,93,0.4710158
BioMotionLab_NTroje/rub046/0016_sitting2.pkl,94,0.4710158
BioMotionLab_NTroje/rub046/0016_sitting2.pkl,95,0.4710158
BioMotionLab_NTroje/rub046/0016_sitting2.pkl,96,0.4710158
BioMotionLab_NTroje/rub046/0016_sitting2.pkl,97,0.4710158
BioMotionLab_NTroje/rub046/0016_sitting2.pkl,98,0.4710158
BioMotionLab_NTroje/rub046/0016_sitting2.pkl,99,0.4710158
BioMotionLab_NTroje/rub046/0016_sitting2.pkl,100,0.4710158
BioMotionLab_NTroje/rub046/0016_sitting2.pkl,101,0.4710158
BioMotionLab_NTroje/rub046/0016_sitting2.pkl,102,0.4710158
BioMotionLab_NTroje/rub046/0016_sitting2.pkl,103,0.4710158
BioMotionLab_NTroje/rub046/0016_sitting2.pkl,104,0.4710158
BioMotionLab_NTroje/rub046/0016_sitting2.pkl,105,0.4710158
BioMotionLab_NTroje/rub046/0016_sitting2.pkl,106,0.4710158
BioMotionLab_NTroje/rub046/0016_sitting2.pkl,107,0.4710158
BioMotionLab_NTroje/rub046/0016_sitting2.pkl,108,0.4710158
BioMotionLab_NTroje/rub046/0016_sitting2.pkl,109,0.4710158
BioMotionLab_NTroje/rub046/0016_sitting2.pkl,110,0.4710158
BioMotionLab_NTroje/rub046/0016_sitting2.pkl,111,0.4710158
BioMotionLab_NTroje/rub046/0016_sitting2.pkl,112,0.4710158
BioMotionLab_NTroje/rub046/0016_sitting2.pkl,113,0.4710158
BioMotionLab_NTroje/rub046/0016_sitting2.pkl,114,0.4710158
BioMotionLab_NTroje/rub046/0016_sitting2.pkl,115,0.4710158
BioMotionLab_NTroje/rub047/0016_sitting2.pkl,54,0.5451522
BioMotionLab_NTroje/rub047/0016_sitting2.pkl,55,0.5451522
BioMotionLab_NTroje/rub047/0016_sitting2.pkl,56,0.5451522
BioMotionLab_NTroje/rub047/0016_sitting2.pkl,57,0.5451522
BioMotionLab_NTroje/rub047/0016_sitting2.pkl,58,0.5451522
BioMotionLab_NTroje/rub047/0016_sitting2.pkl,72,0.5451522
BioMotionLab_NTroje/rub047/0016_sitting2.pkl,73,0.5451522
BioMotionLab_NTroje/rub047/0016_sitting2.pkl,74,0.5451522
BioMotionLab_NTroje/rub047/0016_sitting2.pkl,75,0.5451522
BioMotionLab_NTroje/rub047/0016_sitting2.pkl,76,0.5451522
BioMotionLab_NTroje/rub047/0016_sitting2.pkl,77,0.5451522
BioMotionLab_NTroje/rub047/0016_sitting2.pkl,78,0.5451522
BioMotionLab_NTroje/rub047/0016_sitting2.pkl,79,0.5451522
BioMotionLab_NTroje/rub047/0016_sitting2.pkl,80,0.5451522
BioMotionLab_NTroje/rub047/0016_sitting2.pkl,81,0.5451522
BioMotionLab_NTroje/rub047/0016_sitting2.pkl,82,0.5451522
BioMotionLab_NTroje/rub047/0016_sitting2.pkl,83,0.5451522
BioMotionLab_NTroje/rub047/0016_sitting2.pkl,84,0.5451522
BioMotionLab_NTroje/rub047/0016_sitting2.pkl,85,0.5451522
BioMotionLab_NTroje/rub047/0016_sitting2.pkl,86,0.5451522
BioMotionLab_NTroje/rub047/0016_sitting2.pkl,87,0.5451522
BioMotionLab_NTroje/rub047/0016_sitting2.pkl,88,0.5451522
BioMotionLab_NTroje/rub047/0016_sitting2.pkl,89,0.5451522
BioMotionLab_NTroje/rub047/0016_sitting2.pkl,90,0.5451522
BioMotionLab_NTroje/rub047/0016_sitting2.pkl,91,0.5451522
BioMotionLab_NTroje/rub047/0016_sitting2.pkl,92,0.5451522
BioMotionLab_NTroje/rub047/0016_sitting2.pkl,93,0.5451522
BioMotionLab_NTroje/rub047/0016_sitting2.pkl,94,0.5451522
BioMotionLab_NTroje/rub047/0016_sitting2.pkl,95,0.5451522
BioMotionLab_NTroje/rub047/0016_sitting2.pkl,96,0.5451522
BioMotionLab_NTroje/rub047/0016_sitting2.pkl,97,0.5451522
BioMotionLab_NTroje/rub047/0016_sitting2.pkl,98,0.5451522
BioMotionLab_NTroje/rub047/0016_sitting2.pkl,99,0.5451522
BioMotionLab_NTroje/rub047/0016_sitting2.pkl,100,0.5451522
BioMotionLab_NTroje/rub047/0016_sitting2.pkl,101,0.5451522
BioMotionLab_NTroje/rub047/0016_sitting2.pkl,102,0.5451522
BioMotionLab_NTroje/rub047/0016_sitting2.pkl,103,0.5451522
BioMotionLab_NTroje/rub047/0016_sitting2.pkl,104,0.5451522
BioMotionLab_NTroje/rub047/0016_sitting2.pkl,105,0.5451522
BioMotionLab_NTroje/rub047/0016_sitting2.pkl,106,0.5451522
BioMotionLab_NTroje/rub047/0016_sitting2.pkl,107,0.5451522
BioMotionLab_NTroje/rub047/0016_sitting2.pkl,108,0.5451522
BioMotionLab_NTroje/rub047/0016_sitting2.pkl,109,0.5451522
BioMotionLab_NTroje/rub047/0016_sitting2.pkl,110,0.5451522
BioMotionLab_NTroje/rub047/0016_sitting2.pkl,111,0.5451522
BioMotionLab_NTroje/rub047/0016_sitting2.pkl,112,0.5451522
BioMotionLab_NTroje/rub047/0016_sitting2.pkl,113,0.5451522
BioMotionLab_NTroje/rub048/0016_sitting2.pkl,73,0.53486496
BioMotionLab_NTroje/rub048/0016_sitting2.pkl,74,0.53486496
BioMotionLab_NTroje/rub048/0016_sitting2.pkl,75,0.53486496
BioMotionLab_NTroje/rub048/0016_sitting2.pkl,76,0.53486496
BioMotionLab_NTroje/rub048/0016_sitting2.pkl,77,0.53486496
BioMotionLab_NTroje/rub048/0016_sitting2.pkl,78,0.53486496
BioMotionLab_NTroje/rub055/0016_sitting2.pkl,61,0.5073361
BioMotionLab_NTroje/rub055/0016_sitting2.pkl,62,0.5073361
BioMotionLab_NTroje/rub055/0016_sitting2.pkl,63,0.5073361
BioMotionLab_NTroje/rub055/0016_sitting2.pkl,64,0.5073361
BioMotionLab_NTroje/rub055/0016_sitting2.pkl,65,0.5073361
BioMotionLab_NTroje/rub055/0016_sitting2.pkl,66,0.5073361
BioMotionLab_NTroje/rub055/0016_sitting2.pkl,67,0.5073361
BioMotionLab_NTroje/rub055/0016_sitting2.pkl,68,0.5073361
BioMotionLab_NTroje/rub055/0016_sitting2.pkl,69,0.5073361
BioMotionLab_NTroje/rub055/0016_sitting2.pkl,70,0.5073361
BioMotionLab_NTroje/rub055/0016_sitting2.pkl,71,0.5073361
BioMotionLab_NTroje/rub055/0016_sitting2.pkl,72,0.5073361
BioMotionLab_NTroje/rub055/0016_sitting2.pkl,73,0.5073361
BioMotionLab_NTroje/rub055/0016_sitting2.pkl,74,0.5073361
BioMotionLab_NTroje/rub055/0016_sitting2.pkl,75,0.5073361
BioMotionLab_NTroje/rub055/0016_sitting2.pkl,76,0.5073361
BioMotionLab_NTroje/rub055/0016_sitting2.pkl,77,0.5073361
BioMotionLab_NTroje/rub055/0016_sitting2.pkl,78,0.5073361
BioMotionLab_NTroje/rub055/0016_sitting2.pkl,79,0.5073361
BioMotionLab_NTroje/rub055/0016_sitting2.pkl,80,0.5073361
BioMotionLab_NTroje/rub055/0016_sitting2.pkl,81,0.5073361
BioMotionLab_NTroje/rub055/0016_sitting2.pkl,82,0.5073361
BioMotionLab_NTroje/rub055/0016_sitting2.pkl,83,0.5073361
BioMotionLab_NTroje/rub055/0016_sitting2.pkl,84,0.5073361
BioMotionLab_NTroje/rub055/0016_sitting2.pkl,85,0.5073361
BioMotionLab_NTroje/rub058/0015_sitting1.pkl,47,0.557816
BioMotionLab_NTroje/rub058/0015_sitting1.pkl,48,0.557816
BioMotionLab_NTroje/rub058/0015_sitting1.pkl,49,0.557816
BioMotionLab_NTroje/rub058/0015_sitting1.pkl,50,0.557816
BioMotionLab_NTroje/rub058/0015_sitting1.pkl,51,0.557816
BioMotionLab_NTroje/rub058/0015_sitting1.pkl,52,0.557816
BioMotionLab_NTroje/rub058/0015_sitting1.pkl,53,0.557816
BioMotionLab_NTroje/rub058/0015_sitting1.pkl,54,0.557816
BioMotionLab_NTroje/rub058/0015_sitting1.pkl,55,0.557816
BioMotionLab_NTroje/rub058/0015_sitting1.pkl,56,0.557816
BioMotionLab_NTroje/rub058/0015_sitting1.pkl,57,0.557816
BioMotionLab_NTroje/rub058/0015_sitting1.pkl,58,0.557816
BioMotionLab_NTroje/rub058/0015_sitting1.pkl,59,0.557816
BioMotionLab_NTroje/rub058/0015_sitting1.pkl,60,0.557816
BioMotionLab_NTroje/rub058/0015_sitting1.pkl,61,0.557816
BioMotionLab_NTroje/rub058/0015_sitting1.pkl,62,0.557816
BioMotionLab_NTroje/rub058/0015_sitting1.pkl,63,0.557816
BioMotionLab_NTroje/rub058/0015_sitting1.pkl,64,0.557816
BioMotionLab_NTroje/rub058/0015_sitting1.pkl,65,0.557816
BioMotionLab_NTroje/rub058/0015_sitting1.pkl,66,0.557816
BioMotionLab_NTroje/rub058/0015_sitting1.pkl,67,0.557816
BioMotionLab_NTroje/rub058/0015_sitting1.pkl,68,0.557816
BioMotionLab_NTroje/rub058/0015_sitting1.pkl,69,0.557816
BioMotionLab_NTroje/rub060/0016_sitting2.pkl,60,0.46803263
BioMotionLab_NTroje/rub060/0016_sitting2.pkl,61,0.46803263
BioMotionLab_NTroje/rub060/0016_sitting2.pkl,62,0.46803263
BioMotionLab_NTroje/rub060/0016_sitting2.pkl,63,0.46803263
BioMotionLab_NTroje/rub060/0016_sitting2.pkl,64,0.46803263
BioMotionLab_NTroje/rub060/0016_sitting2.pkl,65,0.46803263
BioMotionLab_NTroje/rub060/0016_sitting2.pkl,66,0.46803263
BioMotionLab_NTroje/rub060/0016_sitting2.pkl,67,0.46803263
BioMotionLab_NTroje/rub060/0016_sitting2.pkl,70,0.46803263
BioMotionLab_NTroje/rub060/0016_sitting2.pkl,71,0.46803263
BioMotionLab_NTroje/rub060/0016_sitting2.pkl,72,0.46803263
BioMotionLab_NTroje/rub060/0016_sitting2.pkl,73,0.46803263
BioMotionLab_NTroje/rub060/0016_sitting2.pkl,74,0.46803263
BioMotionLab_NTroje/rub060/0016_sitting2.pkl,75,0.46803263
BioMotionLab_NTroje/rub060/0016_sitting2.pkl,76,0.46803263
BioMotionLab_NTroje/rub060/0016_sitting2.pkl,77,0.46803263
BioMotionLab_NTroje/rub060/0016_sitting2.pkl,78,0.46803263
BioMotionLab_NTroje/rub060/0016_sitting2.pkl,79,0.46803263
BioMotionLab_NTroje/rub060/0016_sitting2.pkl,80,0.46803263
BioMotionLab_NTroje/rub060/0016_sitting2.pkl,81,0.46803263
BioMotionLab_NTroje/rub060/0016_sitting2.pkl,82,0.46803263
BioMotionLab_NTroje/rub060/0016_sitting2.pkl,83,0.46803263
BioMotionLab_NTroje/rub060/0016_sitting2.pkl,84,0.46803263
BioMotionLab_NTroje/rub060/0016_sitting2.pkl,85,0.46803263
BioMotionLab_NTroje/rub060/0016_sitting2.pkl,86,0.46803263
BioMotionLab_NTroje/rub060/0016_sitting2.pkl,87,0.46803263
BioMotionLab_NTroje/rub060/0016_sitting2.pkl,88,0.46803263
BioMotionLab_NTroje/rub060/0016_sitting2.pkl,89,0.46803263
BioMotionLab_NTroje/rub060/0016_sitting2.pkl,90,0.46803263
BioMotionLab_NTroje/rub060/0016_sitting2.pkl,91,0.46803263
BioMotionLab_NTroje/rub060/0016_sitting2.pkl,92,0.46803263
BioMotionLab_NTroje/rub060/0016_sitting2.pkl,93,0.46803263
BioMotionLab_NTroje/rub060/0016_sitting2.pkl,94,0.46803263
BioMotionLab_NTroje/rub060/0016_sitting2.pkl,95,0.46803263
BioMotionLab_NTroje/rub060/0016_sitting2.pkl,96,0.46803263
BioMotionLab_NTroje/rub060/0016_sitting2.pkl,97,0.46803263
BioMotionLab_NTroje/rub060/0016_sitting2.pkl,98,0.46803263
BioMotionLab_NTroje/rub063/0016_sitting2.pkl,59,0.5561385
BioMotionLab_NTroje/rub063/0016_sitting2.pkl,60,0.5561385
BioMotionLab_NTroje/rub063/0016_sitting2.pkl,61,0.5561385
BioMotionLab_NTroje/rub063/0016_sitting2.pkl,62,0.5561385
BioMotionLab_NTroje/rub063/0016_sitting2.pkl,63,0.5561385
BioMotionLab_NTroje/rub063/0016_sitting2.pkl,64,0.5561385
BioMotionLab_NTroje/rub063/0016_sitting2.pkl,65,0.5561385
BioMotionLab_NTroje/rub063/0016_sitting2.pkl,66,0.5561385
BioMotionLab_NTroje/rub063/0016_sitting2.pkl,67,0.5561385
BioMotionLab_NTroje/rub063/0016_sitting2.pkl,68,0.5561385
BioMotionLab_NTroje/rub063/0016_sitting2.pkl,69,0.5561385
BioMotionLab_NTroje/rub063/0016_sitting2.pkl,70,0.5561385
BioMotionLab_NTroje/rub063/0016_sitting2.pkl,71,0.5561385
BioMotionLab_NTroje/rub063/0016_sitting2.pkl,72,0.5561385
BioMotionLab_NTroje/rub063/0016_sitting2.pkl,73,0.5561385
BioMotionLab_NTroje/rub063/0016_sitting2.pkl,74,0.5561385
BioMotionLab_NTroje/rub063/0016_sitting2.pkl,75,0.5561385
BioMotionLab_NTroje/rub063/0016_sitting2.pkl,76,0.5561385
BioMotionLab_NTroje/rub063/0016_sitting2.pkl,77,0.5561385
BioMotionLab_NTroje/rub063/0016_sitting2.pkl,78,0.5561385
BioMotionLab_NTroje/rub063/0016_sitting2.pkl,79,0.5561385
BioMotionLab_NTroje/rub063/0016_sitting2.pkl,80,0.5561385
BioMotionLab_NTroje/rub063/0016_sitting2.pkl,81,0.5561385
BioMotionLab_NTroje/rub063/0016_sitting2.pkl,82,0.5561385
BioMotionLab_NTroje/rub063/0016_sitting2.pkl,83,0.5561385
BioMotionLab_NTroje/rub063/0016_sitting2.pkl,84,0.5561385
BioMotionLab_NTroje/rub063/0016_sitting2.pkl,85,0.5561385
BioMotionLab_NTroje/rub063/0016_sitting2.pkl,86,0.5561385
BioMotionLab_NTroje/rub063/0016_sitting2.pkl,87,0.5561385
BioMotionLab_NTroje/rub063/0016_sitting2.pkl,88,0.5561385
BioMotionLab_NTroje/rub063/0016_sitting2.pkl,89,0.5561385
BioMotionLab_NTroje/rub063/0016_sitting2.pkl,90,0.5561385
BioMotionLab_NTroje/rub063/0016_sitting2.pkl,91,0.5561385
BioMotionLab_NTroje/rub063/0016_sitting2.pkl,92,0.5561385
BioMotionLab_NTroje/rub063/0016_sitting2.pkl,93,0.5561385
BioMotionLab_NTroje/rub063/0016_sitting2.pkl,94,0.5561385
BioMotionLab_NTroje/rub063/0016_sitting2.pkl,95,0.5561385
BioMotionLab_NTroje/rub063/0016_sitting2.pkl,96,0.5561385
BioMotionLab_NTroje/rub063/0016_sitting2.pkl,97,0.5561385
BioMotionLab_NTroje/rub063/0016_sitting2.pkl,98,0.5561385
BioMotionLab_NTroje/rub063/0016_sitting2.pkl,99,0.5561385
BioMotionLab_NTroje/rub063/0016_sitting2.pkl,100,0.5561385
BioMotionLab_NTroje/rub063/0016_sitting2.pkl,101,0.5561385
BioMotionLab_NTroje/rub063/0016_sitting2.pkl,102,0.5561385
BioMotionLab_NTroje/rub063/0016_sitting2.pkl,103,0.5561385
BioMotionLab_NTroje/rub063/0016_sitting2.pkl,104,0.5561385
BioMotionLab_NTroje/rub063/0016_sitting2.pkl,105,0.5561385
BioMotionLab_NTroje/rub068/0016_sitting2.pkl,80,0.5324465
BioMotionLab_NTroje/rub068/0016_sitting2.pkl,81,0.5324465
BioMotionLab_NTroje/rub068/0016_sitting2.pkl,82,0.5324465
BioMotionLab_NTroje/rub068/0016_sitting2.pkl,83,0.5324465
BioMotionLab_NTroje/rub068/0016_sitting2.pkl,84,0.5324465
BioMotionLab_NTroje/rub068/0016_sitting2.pkl,85,0.5324465
BioMotionLab_NTroje/rub068/0016_sitting2.pkl,86,0.5324465
BioMotionLab_NTroje/rub068/0016_sitting2.pkl,87,0.5324465
BioMotionLab_NTroje/rub068/0016_sitting2.pkl,88,0.5324465
BioMotionLab_NTroje/rub068/0016_sitting2.pkl,89,0.5324465
BioMotionLab_NTroje/rub068/0016_sitting2.pkl,90,0.5324465
BioMotionLab_NTroje/rub068/0016_sitting2.pkl,91,0.5324465
BioMotionLab_NTroje/rub068/0016_sitting2.pkl,92,0.5324465
BioMotionLab_NTroje/rub068/0016_sitting2.pkl,93,0.5324465
BioMotionLab_NTroje/rub068/0016_sitting2.pkl,94,0.5324465
BioMotionLab_NTroje/rub068/0016_sitting2.pkl,95,0.5324465
BioMotionLab_NTroje/rub068/0016_sitting2.pkl,96,0.5324465
BioMotionLab_NTroje/rub068/0016_sitting2.pkl,97,0.5324465
BioMotionLab_NTroje/rub068/0016_sitting2.pkl,98,0.5324465
BioMotionLab_NTroje/rub068/0016_sitting2.pkl,99,0.5324465
BioMotionLab_NTroje/rub068/0016_sitting2.pkl,100,0.5324465
BioMotionLab_NTroje/rub068/0016_sitting2.pkl,101,0.5324465
BioMotionLab_NTroje/rub068/0016_sitting2.pkl,102,0.5324465
BioMotionLab_NTroje/rub068/0016_sitting2.pkl,103,0.5324465
BioMotionLab_NTroje/rub068/0016_sitting2.pkl,104,0.5324465
BioMotionLab_NTroje/rub068/0016_sitting2.pkl,105,0.5324465
BioMotionLab_NTroje/rub068/0016_sitting2.pkl,106,0.5324465
BioMotionLab_NTroje/rub068/0016_sitting2.pkl,107,0.5324465
BioMotionLab_NTroje/rub068/0016_sitting2.pkl,108,0.5324465
BioMotionLab_NTroje/rub068/0016_sitting2.pkl,109,0.5324465
BioMotionLab_NTroje/rub068/0016_sitting2.pkl,110,0.5324465
BioMotionLab_NTroje/rub068/0016_sitting2.pkl,111,0.5324465
BioMotionLab_NTroje/rub068/0016_sitting2.pkl,112,0.5324465
BioMotionLab_NTroje/rub068/0016_sitting2.pkl,113,0.5324465
BioMotionLab_NTroje/rub068/0016_sitting2.pkl,114,0.5324465
BioMotionLab_NTroje/rub068/0016_sitting2.pkl,115,0.5324465
BioMotionLab_NTroje/rub068/0016_sitting2.pkl,116,0.5324465
BioMotionLab_NTroje/rub068/0016_sitting2.pkl,117,0.5324465
BioMotionLab_NTroje/rub068/0016_sitting2.pkl,118,0.5324465
BioMotionLab_NTroje/rub068/0016_sitting2.pkl,119,0.5324465
BioMotionLab_NTroje/rub068/0016_sitting2.pkl,120,0.5324465
BioMotionLab_NTroje/rub068/0016_sitting2.pkl,121,0.5324465
BioMotionLab_NTroje/rub068/0016_sitting2.pkl,122,0.5324465
BioMotionLab_NTroje/rub068/0016_sitting2.pkl,123,0.5324465
BioMotionLab_NTroje/rub068/0016_sitting2.pkl,124,0.5324465
BioMotionLab_NTroje/rub068/0016_sitting2.pkl,125,0.5324465
BioMotionLab_NTroje/rub068/0016_sitting2.pkl,126,0.5324465
BioMotionLab_NTroje/rub068/0016_sitting2.pkl,127,0.5324465
BioMotionLab_NTroje/rub068/0016_sitting2.pkl,128,0.5324465
BioMotionLab_NTroje/rub068/0016_sitting2.pkl,129,0.5324465
BioMotionLab_NTroje/rub068/0016_sitting2.pkl,130,0.5324465
BioMotionLab_NTroje/rub068/0016_sitting2.pkl,131,0.5324465
BioMotionLab_NTroje/rub068/0016_sitting2.pkl,132,0.5324465
BioMotionLab_NTroje/rub068/0016_sitting2.pkl,133,0.5324465
BioMotionLab_NTroje/rub068/0016_sitting2.pkl,134,0.5324465
BioMotionLab_NTroje/rub068/0016_sitting2.pkl,135,0.5324465
BioMotionLab_NTroje/rub068/0016_sitting2.pkl,136,0.5324465
BioMotionLab_NTroje/rub069/0016_sitting2.pkl,64,0.56495535
BioMotionLab_NTroje/rub069/0016_sitting2.pkl,65,0.56495535
BioMotionLab_NTroje/rub069/0016_sitting2.pkl,66,0.56495535
BioMotionLab_NTroje/rub069/0016_sitting2.pkl,67,0.56495535
BioMotionLab_NTroje/rub069/0016_sitting2.pkl,68,0.56495535
BioMotionLab_NTroje/rub069/0016_sitting2.pkl,69,0.56495535
BioMotionLab_NTroje/rub069/0016_sitting2.pkl,70,0.56495535
BioMotionLab_NTroje/rub069/0016_sitting2.pkl,71,0.56495535
BioMotionLab_NTroje/rub069/0016_sitting2.pkl,87,0.5374746
BioMotionLab_NTroje/rub069/0016_sitting2.pkl,88,0.5374746
BioMotionLab_NTroje/rub069/0016_sitting2.pkl,89,0.5374746
BioMotionLab_NTroje/rub069/0016_sitting2.pkl,90,0.5374746
BioMotionLab_NTroje/rub069/0016_sitting2.pkl,91,0.5374746
BioMotionLab_NTroje/rub069/0016_sitting2.pkl,92,0.5374746
BioMotionLab_NTroje/rub069/0016_sitting2.pkl,93,0.5374746
BioMotionLab_NTroje/rub069/0016_sitting2.pkl,94,0.5374746
BioMotionLab_NTroje/rub069/0016_sitting2.pkl,95,0.5374746
BioMotionLab_NTroje/rub069/0016_sitting2.pkl,96,0.5374746
BioMotionLab_NTroje/rub069/0016_sitting2.pkl,97,0.5374746
BioMotionLab_NTroje/rub069/0016_sitting2.pkl,98,0.5374746
BioMotionLab_NTroje/rub069/0016_sitting2.pkl,99,0.5374746
BioMotionLab_NTroje/rub069/0016_sitting2.pkl,100,0.5374746
BioMotionLab_NTroje/rub069/0016_sitting2.pkl,101,0.5374746
BioMotionLab_NTroje/rub069/0016_sitting2.pkl,102,0.5374746
BioMotionLab_NTroje/rub069/0016_sitting2.pkl,103,0.5374746
BioMotionLab_NTroje/rub069/0016_sitting2.pkl,104,0.5374746
BioMotionLab_NTroje/rub069/0016_sitting2.pkl,105,0.5374746
BioMotionLab_NTroje/rub069/0016_sitting2.pkl,106,0.5374746
BioMotionLab_NTroje/rub069/0016_sitting2.pkl,107,0.5374746
BioMotionLab_NTroje/rub073/0015_sitting1.pkl,89,0.5311285
BioMotionLab_NTroje/rub073/0015_sitting1.pkl,90,0.5311285
BioMotionLab_NTroje/rub073/0015_sitting1.pkl,91,0.5311285
BioMotionLab_NTroje/rub073/0015_sitting1.pkl,92,0.5311285
BioMotionLab_NTroje/rub073/0015_sitting1.pkl,93,0.5311285
BioMotionLab_NTroje/rub073/0015_sitting1.pkl,94,0.5311285
BioMotionLab_NTroje/rub073/0015_sitting1.pkl,95,0.5311285
BioMotionLab_NTroje/rub073/0015_sitting1.pkl,96,0.5311285
BioMotionLab_NTroje/rub073/0015_sitting1.pkl,97,0.5311285
BioMotionLab_NTroje/rub073/0015_sitting1.pkl,98,0.5311285
BioMotionLab_NTroje/rub073/0015_sitting1.pkl,99,0.5311285
BioMotionLab_NTroje/rub073/0015_sitting1.pkl,100,0.5311285
BioMotionLab_NTroje/rub073/0015_sitting1.pkl,101,0.5311285
BioMotionLab_NTroje/rub073/0015_sitting1.pkl,102,0.5311285
BioMotionLab_NTroje/rub073/0015_sitting1.pkl,103,0.5311285
BioMotionLab_NTroje/rub073/0015_sitting1.pkl,104,0.5311285
BioMotionLab_NTroje/rub073/0015_sitting1.pkl,105,0.5311285
BioMotionLab_NTroje/rub073/0015_sitting1.pkl,106,0.5311285
BioMotionLab_NTroje/rub073/0015_sitting1.pkl,107,0.5311285
BioMotionLab_NTroje/rub073/0015_sitting1.pkl,108,0.5311285
BioMotionLab_NTroje/rub073/0015_sitting1.pkl,109,0.5311285
BioMotionLab_NTroje/rub073/0015_sitting1.pkl,110,0.5311285
BioMotionLab_NTroje/rub073/0015_sitting1.pkl,111,0.5311285
BioMotionLab_NTroje/rub073/0015_sitting1.pkl,112,0.5311285
BioMotionLab_NTroje/rub073/0015_sitting1.pkl,113,0.5311285
BioMotionLab_NTroje/rub073/0015_sitting1.pkl,114,0.5311285
BioMotionLab_NTroje/rub073/0015_sitting1.pkl,115,0.5311285
BioMotionLab_NTroje/rub073/0015_sitting1.pkl,116,0.5311285
BioMotionLab_NTroje/rub073/0015_sitting1.pkl,117,0.5311285
BioMotionLab_NTroje/rub073/0015_sitting1.pkl,118,0.5311285
BioMotionLab_NTroje/rub073/0015_sitting1.pkl,119,0.5311285
BioMotionLab_NTroje/rub073/0015_sitting1.pkl,120,0.5311285
BioMotionLab_NTroje/rub073/0015_sitting1.pkl,121,0.5311285
BioMotionLab_NTroje/rub073/0015_sitting1.pkl,122,0.5311285
BioMotionLab_NTroje/rub073/0015_sitting1.pkl,123,0.5311285
BioMotionLab_NTroje/rub073/0015_sitting1.pkl,124,0.5311285
BioMotionLab_NTroje/rub073/0015_sitting1.pkl,125,0.5311285
BioMotionLab_NTroje/rub073/0015_sitting1.pkl,126,0.5311285
BioMotionLab_NTroje/rub073/0015_sitting1.pkl,127,0.5311285
BioMotionLab_NTroje/rub073/0015_sitting1.pkl,128,0.5311285
BioMotionLab_NTroje/rub073/0015_sitting1.pkl,129,0.5311285
BioMotionLab_NTroje/rub073/0015_sitting1.pkl,130,0.5311285
BioMotionLab_NTroje/rub073/0015_sitting1.pkl,131,0.5311285
BioMotionLab_NTroje/rub073/0015_sitting1.pkl,132,0.5311285
BioMotionLab_NTroje/rub073/0015_sitting1.pkl,133,0.5311285
BioMotionLab_NTroje/rub073/0015_sitting1.pkl,134,0.5311285
BioMotionLab_NTroje/rub073/0015_sitting1.pkl,135,0.5311285
BioMotionLab_NTroje/rub073/0015_sitting1.pkl,136,0.5311285
BioMotionLab_NTroje/rub073/0015_sitting1.pkl,137,0.5311285
BioMotionLab_NTroje/rub073/0015_sitting1.pkl,138,0.5311285
BioMotionLab_NTroje/rub073/0015_sitting1.pkl,139,0.5311285
BioMotionLab_NTroje/rub073/0015_sitting1.pkl,140,0.5311285
BioMotionLab_NTroje/rub073/0015_sitting1.pkl,141,0.5311285
BioMotionLab_NTroje/rub073/0015_sitting1.pkl,142,0.5311285
BioMotionLab_NTroje/rub073/0015_sitting1.pkl,143,0.5311285
BioMotionLab_NTroje/rub073/0015_sitting1.pkl,144,0.5311285
BioMotionLab_NTroje/rub073/0015_sitting1.pkl,145,0.5311285
BioMotionLab_NTroje/rub073/0015_sitting1.pkl,146,0.5311285
BioMotionLab_NTroje/rub073/0015_sitting1.pkl,147,0.5311285
BioMotionLab_NTroje/rub073/0015_sitting1.pkl,148,0.5311285
BioMotionLab_NTroje/rub073/0015_sitting1.pkl,149,0.5311285
BioMotionLab_NTroje/rub073/0015_sitting1.pkl,150,0.5311285
BioMotionLab_NTroje/rub073/0015_sitting1.pkl,151,0.5311285
BioMotionLab_NTroje/rub073/0015_sitting1.pkl,152,0.5311285
BioMotionLab_NTroje/rub073/0015_sitting1.pkl,153,0.5311285
BioMotionLab_NTroje/rub073/0015_sitting1.pkl,154,0.5311285
BioMotionLab_NTroje/rub073/0015_sitting1.pkl,155,0.5311285
BioMotionLab_NTroje/rub073/0015_sitting1.pkl,156,0.5311285
BioMotionLab_NTroje/rub073/0015_sitting1.pkl,157,0.5311285
BioMotionLab_NTroje/rub073/0015_sitting1.pkl,158,0.5311285
BioMotionLab_NTroje/rub073/0015_sitting1.pkl,159,0.5311285
BioMotionLab_NTroje/rub073/0015_sitting1.pkl,160,0.5311285
BioMotionLab_NTroje/rub073/0015_sitting1.pkl,161,0.5311285
BioMotionLab_NTroje/rub073/0015_sitting1.pkl,162,0.5311285
BioMotionLab_NTroje/rub073/0015_sitting1.pkl,163,0.5311285
BioMotionLab_NTroje/rub073/0015_sitting1.pkl,164,0.5311285
BioMotionLab_NTroje/rub073/0015_sitting1.pkl,165,0.5311285
BioMotionLab_NTroje/rub073/0015_sitting1.pkl,166,0.5311285
BioMotionLab_NTroje/rub073/0015_sitting1.pkl,167,0.5311285
BioMotionLab_NTroje/rub073/0015_sitting1.pkl,168,0.5311285
BioMotionLab_NTroje/rub073/0015_sitting1.pkl,169,0.5311285
BioMotionLab_NTroje/rub073/0015_sitting1.pkl,170,0.5311285
BioMotionLab_NTroje/rub073/0015_sitting1.pkl,171,0.5311285
BioMotionLab_NTroje/rub073/0015_sitting1.pkl,172,0.5311285
BioMotionLab_NTroje/rub073/0015_sitting1.pkl,173,0.5311285
BioMotionLab_NTroje/rub073/0015_sitting1.pkl,174,0.5311285
BioMotionLab_NTroje/rub073/0015_sitting1.pkl,175,0.5311285
BioMotionLab_NTroje/rub073/0015_sitting1.pkl,176,0.5311285
BioMotionLab_NTroje/rub073/0015_sitting1.pkl,177,0.5311285
BioMotionLab_NTroje/rub073/0015_sitting1.pkl,178,0.5311285
BioMotionLab_NTroje/rub073/0015_sitting1.pkl,179,0.5311285
BioMotionLab_NTroje/rub073/0015_sitting1.pkl,180,0.5311285
BioMotionLab_NTroje/rub073/0015_sitting1.pkl,181,0.5311285
BioMotionLab_NTroje/rub073/0015_sitting1.pkl,182,0.5311285
BioMotionLab_NTroje/rub073/0015_sitting1.pkl,183,0.5311285
BioMotionLab_NTroje/rub073/0015_sitting1.pkl,184,0.5311285
BioMotionLab_NTroje/rub073/0015_sitting1.pkl,185,0.5311285
BioMotionLab_NTroje/rub073/0015_sitting1.pkl,186,0.5311285
BioMotionLab_NTroje/rub073/0015_sitting1.pkl,187,0.5311285
BioMotionLab_NTroje/rub073/0016_sitting2.pkl,83,0.5272275
BioMotionLab_NTroje/rub073/0016_sitting2.pkl,84,0.5272275
BioMotionLab_NTroje/rub073/0016_sitting2.pkl,85,0.5272275
BioMotionLab_NTroje/rub073/0016_sitting2.pkl,86,0.5272275
BioMotionLab_NTroje/rub073/0016_sitting2.pkl,87,0.5272275
BioMotionLab_NTroje/rub073/0016_sitting2.pkl,88,0.5272275
BioMotionLab_NTroje/rub073/0016_sitting2.pkl,89,0.5272275
BioMotionLab_NTroje/rub073/0016_sitting2.pkl,90,0.5272275
BioMotionLab_NTroje/rub073/0016_sitting2.pkl,91,0.5272275
BioMotionLab_NTroje/rub073/0016_sitting2.pkl,92,0.5272275
BioMotionLab_NTroje/rub073/0016_sitting2.pkl,93,0.5272275
BioMotionLab_NTroje/rub073/0016_sitting2.pkl,94,0.5272275
BioMotionLab_NTroje/rub073/0016_sitting2.pkl,95,0.5272275
BioMotionLab_NTroje/rub073/0016_sitting2.pkl,96,0.5272275
BioMotionLab_NTroje/rub073/0016_sitting2.pkl,97,0.5272275
BioMotionLab_NTroje/rub073/0016_sitting2.pkl,98,0.5272275
BioMotionLab_NTroje/rub073/0016_sitting2.pkl,99,0.5272275
BioMotionLab_NTroje/rub075/0016_sitting2.pkl,50,0.541974
BioMotionLab_NTroje/rub075/0016_sitting2.pkl,51,0.541974
BioMotionLab_NTroje/rub075/0016_sitting2.pkl,52,0.541974
BioMotionLab_NTroje/rub076/0015_sitting1.pkl,76,0.5375332
BioMotionLab_NTroje/rub076/0015_sitting1.pkl,77,0.5375332
BioMotionLab_NTroje/rub076/0015_sitting1.pkl,78,0.5375332
BioMotionLab_NTroje/rub076/0015_sitting1.pkl,79,0.5375332
BioMotionLab_NTroje/rub076/0015_sitting1.pkl,80,0.5375332
BioMotionLab_NTroje/rub076/0015_sitting1.pkl,81,0.5375332
BioMotionLab_NTroje/rub076/0015_sitting1.pkl,82,0.5375332
BioMotionLab_NTroje/rub076/0015_sitting1.pkl,83,0.5375332
BioMotionLab_NTroje/rub076/0015_sitting1.pkl,84,0.5375332
BioMotionLab_NTroje/rub076/0015_sitting1.pkl,85,0.5375332
BioMotionLab_NTroje/rub076/0015_sitting1.pkl,86,0.5375332
BioMotionLab_NTroje/rub076/0016_sitting2.pkl,68,0.5428179
BioMotionLab_NTroje/rub076/0016_sitting2.pkl,69,0.5428179
BioMotionLab_NTroje/rub076/0016_sitting2.pkl,70,0.5428179
BioMotionLab_NTroje/rub076/0016_sitting2.pkl,71,0.5428179
BioMotionLab_NTroje/rub076/0016_sitting2.pkl,72,0.5428179
BioMotionLab_NTroje/rub076/0016_sitting2.pkl,73,0.5428179
BioMotionLab_NTroje/rub076/0016_sitting2.pkl,74,0.5428179
BioMotionLab_NTroje/rub076/0016_sitting2.pkl,75,0.5428179
BioMotionLab_NTroje/rub076/0016_sitting2.pkl,76,0.5428179
BioMotionLab_NTroje/rub076/0016_sitting2.pkl,77,0.5428179
BioMotionLab_NTroje/rub076/0016_sitting2.pkl,78,0.5428179
BioMotionLab_NTroje/rub077/0015_sitting1.pkl,65,0.5490651
BioMotionLab_NTroje/rub077/0015_sitting1.pkl,66,0.5490651
BioMotionLab_NTroje/rub077/0015_sitting1.pkl,67,0.5490651
BioMotionLab_NTroje/rub077/0015_sitting1.pkl,68,0.5490651
BioMotionLab_NTroje/rub077/0015_sitting1.pkl,69,0.5490651
BioMotionLab_NTroje/rub077/0015_sitting1.pkl,70,0.5490651
BioMotionLab_NTroje/rub077/0015_sitting1.pkl,71,0.5490651
BioMotionLab_NTroje/rub077/0015_sitting1.pkl,72,0.5490651
BioMotionLab_NTroje/rub077/0015_sitting1.pkl,73,0.5490651
BioMotionLab_NTroje/rub077/0015_sitting1.pkl,77,0.5490651
BioMotionLab_NTroje/rub077/0015_sitting1.pkl,78,0.5490651
BioMotionLab_NTroje/rub077/0015_sitting1.pkl,79,0.5490651
BioMotionLab_NTroje/rub077/0015_sitting1.pkl,80,0.5490651
BioMotionLab_NTroje/rub077/0015_sitting1.pkl,81,0.5490651
BioMotionLab_NTroje/rub077/0016_sitting2.pkl,74,0.52688307
BioMotionLab_NTroje/rub077/0016_sitting2.pkl,75,0.52688307
BioMotionLab_NTroje/rub077/0016_sitting2.pkl,76,0.52688307
BioMotionLab_NTroje/rub077/0016_sitting2.pkl,77,0.52688307
BioMotionLab_NTroje/rub077/0016_sitting2.pkl,78,0.52688307
BioMotionLab_NTroje/rub077/0016_sitting2.pkl,79,0.52688307
BioMotionLab_NTroje/rub077/0016_sitting2.pkl,80,0.52688307
BioMotionLab_NTroje/rub077/0016_sitting2.pkl,81,0.52688307
BioMotionLab_NTroje/rub077/0016_sitting2.pkl,82,0.52688307
BioMotionLab_NTroje/rub077/0016_sitting2.pkl,83,0.52688307
BioMotionLab_NTroje/rub077/0016_sitting2.pkl,84,0.52688307
BioMotionLab_NTroje/rub077/0016_sitting2.pkl,85,0.52688307
BioMotionLab_NTroje/rub077/0016_sitting2.pkl,86,0.52688307
BioMotionLab_NTroje/rub077/0016_sitting2.pkl,87,0.52688307
BioMotionLab_NTroje/rub077/0016_sitting2.pkl,88,0.52688307
BioMotionLab_NTroje/rub077/0016_sitting2.pkl,89,0.52688307
BioMotionLab_NTroje/rub077/0016_sitting2.pkl,90,0.52688307
BioMotionLab_NTroje/rub077/0016_sitting2.pkl,91,0.52688307
BioMotionLab_NTroje/rub077/0016_sitting2.pkl,92,0.52688307
BioMotionLab_NTroje/rub077/0016_sitting2.pkl,93,0.52688307
BioMotionLab_NTroje/rub077/0016_sitting2.pkl,94,0.52688307
BioMotionLab_NTroje/rub077/0016_sitting2.pkl,95,0.52688307
BioMotionLab_NTroje/rub077/0016_sitting2.pkl,96,0.52688307
BioMotionLab_NTroje/rub077/0016_sitting2.pkl,97,0.52688307
BioMotionLab_NTroje/rub077/0016_sitting2.pkl,98,0.52688307
BioMotionLab_NTroje/rub077/0016_sitting2.pkl,99,0.52688307
BioMotionLab_NTroje/rub077/0016_sitting2.pkl,100,0.52688307
BioMotionLab_NTroje/rub078/0015_sitting1.pkl,94,0.58743936
BioMotionLab_NTroje/rub078/0015_sitting1.pkl,95,0.58743936
BioMotionLab_NTroje/rub078/0015_sitting1.pkl,96,0.58743936
BioMotionLab_NTroje/rub078/0015_sitting1.pkl,97,0.58743936
BioMotionLab_NTroje/rub078/0015_sitting1.pkl,98,0.58743936
BioMotionLab_NTroje/rub078/0015_sitting1.pkl,99,0.58743936
BioMotionLab_NTroje/rub078/0015_sitting1.pkl,100,0.58743936
BioMotionLab_NTroje/rub078/0015_sitting1.pkl,101,0.58743936
BioMotionLab_NTroje/rub078/0015_sitting1.pkl,102,0.58743936
BioMotionLab_NTroje/rub078/0015_sitting1.pkl,103,0.58743936
BioMotionLab_NTroje/rub078/0015_sitting1.pkl,104,0.58743936
BioMotionLab_NTroje/rub078/0015_sitting1.pkl,105,0.58743936
BioMotionLab_NTroje/rub078/0015_sitting1.pkl,106,0.58743936
BioMotionLab_NTroje/rub078/0015_sitting1.pkl,107,0.58743936
BioMotionLab_NTroje/rub078/0015_sitting1.pkl,108,0.58743936
BioMotionLab_NTroje/rub078/0015_sitting1.pkl,109,0.58743936
BioMotionLab_NTroje/rub078/0015_sitting1.pkl,110,0.58743936
BioMotionLab_NTroje/rub078/0015_sitting1.pkl,111,0.58743936
BioMotionLab_NTroje/rub078/0015_sitting1.pkl,112,0.58743936
BioMotionLab_NTroje/rub078/0015_sitting1.pkl,113,0.58743936
BioMotionLab_NTroje/rub078/0015_sitting1.pkl,114,0.58743936
BioMotionLab_NTroje/rub078/0015_sitting1.pkl,115,0.58743936
BioMotionLab_NTroje/rub078/0015_sitting1.pkl,116,0.58743936
BioMotionLab_NTroje/rub078/0015_sitting1.pkl,117,0.58743936
BioMotionLab_NTroje/rub078/0015_sitting1.pkl,118,0.58743936
BioMotionLab_NTroje/rub078/0015_sitting1.pkl,119,0.58743936
BioMotionLab_NTroje/rub078/0015_sitting1.pkl,120,0.58743936
BioMotionLab_NTroje/rub078/0015_sitting1.pkl,121,0.58743936
BioMotionLab_NTroje/rub078/0015_sitting1.pkl,122,0.58743936
BioMotionLab_NTroje/rub078/0015_sitting1.pkl,123,0.58743936
BioMotionLab_NTroje/rub078/0015_sitting1.pkl,124,0.58743936
BioMotionLab_NTroje/rub078/0015_sitting1.pkl,125,0.58743936
BioMotionLab_NTroje/rub078/0015_sitting1.pkl,126,0.58743936
BioMotionLab_NTroje/rub078/0015_sitting1.pkl,127,0.58743936
BioMotionLab_NTroje/rub078/0015_sitting1.pkl,128,0.58743936
BioMotionLab_NTroje/rub078/0015_sitting1.pkl,129,0.58743936
BioMotionLab_NTroje/rub078/0015_sitting1.pkl,130,0.58743936
BioMotionLab_NTroje/rub078/0015_sitting1.pkl,131,0.58743936
BioMotionLab_NTroje/rub078/0015_sitting1.pkl,132,0.58743936
BioMotionLab_NTroje/rub078/0015_sitting1.pkl,133,0.58743936
BioMotionLab_NTroje/rub078/0015_sitting1.pkl,134,0.58743936
BioMotionLab_NTroje/rub078/0015_sitting1.pkl,135,0.58743936
BioMotionLab_NTroje/rub078/0015_sitting1.pkl,136,0.58743936
BioMotionLab_NTroje/rub078/0015_sitting1.pkl,137,0.58743936
BioMotionLab_NTroje/rub078/0015_sitting1.pkl,138,0.58743936
BioMotionLab_NTroje/rub078/0015_sitting1.pkl,139,0.58743936
BioMotionLab_NTroje/rub078/0015_sitting1.pkl,140,0.58743936
BioMotionLab_NTroje/rub078/0015_sitting1.pkl,141,0.58743936
BioMotionLab_NTroje/rub078/0015_sitting1.pkl,142,0.58743936
BioMotionLab_NTroje/rub078/0015_sitting1.pkl,143,0.58743936
BioMotionLab_NTroje/rub078/0015_sitting1.pkl,144,0.58743936
BioMotionLab_NTroje/rub078/0015_sitting1.pkl,145,0.58743936
BioMotionLab_NTroje/rub078/0015_sitting1.pkl,146,0.58743936
BioMotionLab_NTroje/rub078/0015_sitting1.pkl,147,0.58743936
BioMotionLab_NTroje/rub078/0015_sitting1.pkl,148,0.58743936
BioMotionLab_NTroje/rub078/0015_sitting1.pkl,149,0.58743936
BioMotionLab_NTroje/rub078/0015_sitting1.pkl,150,0.58743936
BioMotionLab_NTroje/rub078/0015_sitting1.pkl,151,0.58743936
BioMotionLab_NTroje/rub078/0015_sitting1.pkl,152,0.58743936
BioMotionLab_NTroje/rub078/0015_sitting1.pkl,153,0.58743936
BioMotionLab_NTroje/rub078/0015_sitting1.pkl,154,0.58743936
BioMotionLab_NTroje/rub079/0015_sitting2.pkl,77,0.5443534
BioMotionLab_NTroje/rub079/0015_sitting2.pkl,78,0.5443534
BioMotionLab_NTroje/rub079/0015_sitting2.pkl,79,0.5443534
BioMotionLab_NTroje/rub079/0015_sitting2.pkl,80,0.5443534
BioMotionLab_NTroje/rub079/0015_sitting2.pkl,81,0.5443534
BioMotionLab_NTroje/rub079/0015_sitting2.pkl,82,0.5443534
BioMotionLab_NTroje/rub079/0015_sitting2.pkl,83,0.5443534
BioMotionLab_NTroje/rub079/0015_sitting2.pkl,84,0.5443534
BioMotionLab_NTroje/rub079/0015_sitting2.pkl,85,0.5443534
BioMotionLab_NTroje/rub079/0015_sitting2.pkl,86,0.5443534
BioMotionLab_NTroje/rub079/0015_sitting2.pkl,87,0.5443534
BioMotionLab_NTroje/rub079/0015_sitting2.pkl,88,0.5443534
BioMotionLab_NTroje/rub079/0015_sitting2.pkl,89,0.5443534
BioMotionLab_NTroje/rub079/0015_sitting2.pkl,90,0.5443534
BioMotionLab_NTroje/rub079/0015_sitting2.pkl,91,0.5443534
BioMotionLab_NTroje/rub079/0015_sitting2.pkl,92,0.5443534
BioMotionLab_NTroje/rub079/0015_sitting2.pkl,93,0.5443534
BioMotionLab_NTroje/rub079/0015_sitting2.pkl,94,0.5443534
BioMotionLab_NTroje/rub079/0015_sitting2.pkl,95,0.5443534
BioMotionLab_NTroje/rub079/0015_sitting2.pkl,96,0.5443534
BioMotionLab_NTroje/rub079/0015_sitting2.pkl,97,0.5443534
BioMotionLab_NTroje/rub079/0015_sitting2.pkl,98,0.5443534
BioMotionLab_NTroje/rub079/0015_sitting2.pkl,99,0.5443534
BioMotionLab_NTroje/rub079/0015_sitting2.pkl,100,0.5443534
BioMotionLab_NTroje/rub079/0015_sitting2.pkl,101,0.5443534
BioMotionLab_NTroje/rub079/0015_sitting2.pkl,102,0.5443534
BioMotionLab_NTroje/rub079/0015_sitting2.pkl,103,0.5443534
BioMotionLab_NTroje/rub079/0015_sitting2.pkl,104,0.5443534
BioMotionLab_NTroje/rub079/0015_sitting2.pkl,105,0.5443534
BioMotionLab_NTroje/rub079/0015_sitting2.pkl,106,0.5443534
BioMotionLab_NTroje/rub079/0015_sitting2.pkl,107,0.5443534
BioMotionLab_NTroje/rub079/0015_sitting2.pkl,108,0.5443534
BioMotionLab_NTroje/rub079/0015_sitting2.pkl,109,0.5443534
BioMotionLab_NTroje/rub079/0015_sitting2.pkl,110,0.5443534
BioMotionLab_NTroje/rub079/0015_sitting2.pkl,111,0.5443534
BioMotionLab_NTroje/rub079/0015_sitting2.pkl,112,0.5443534
BioMotionLab_NTroje/rub079/0015_sitting2.pkl,113,0.5443534
BioMotionLab_NTroje/rub079/0015_sitting2.pkl,114,0.5443534
BioMotionLab_NTroje/rub079/0015_sitting2.pkl,115,0.5443534
BioMotionLab_NTroje/rub079/0015_sitting2.pkl,116,0.5443534
BioMotionLab_NTroje/rub079/0015_sitting2.pkl,117,0.5443534
BioMotionLab_NTroje/rub079/0015_sitting2.pkl,118,0.5443534
BioMotionLab_NTroje/rub079/0015_sitting2.pkl,119,0.5443534
BioMotionLab_NTroje/rub079/0015_sitting2.pkl,120,0.5443534
BioMotionLab_NTroje/rub079/0015_sitting2.pkl,121,0.5443534
BioMotionLab_NTroje/rub079/0015_sitting2.pkl,122,0.5443534
BioMotionLab_NTroje/rub079/0015_sitting2.pkl,123,0.5443534
BioMotionLab_NTroje/rub079/0015_sitting2.pkl,124,0.5443534
BioMotionLab_NTroje/rub080/0015_sitting1.pkl,73,0.5311586
BioMotionLab_NTroje/rub080/0015_sitting1.pkl,74,0.5311586
BioMotionLab_NTroje/rub080/0015_sitting1.pkl,75,0.5311586
BioMotionLab_NTroje/rub080/0015_sitting1.pkl,76,0.5311586
BioMotionLab_NTroje/rub080/0015_sitting1.pkl,77,0.5311586
BioMotionLab_NTroje/rub080/0015_sitting1.pkl,78,0.5311586
BioMotionLab_NTroje/rub080/0015_sitting1.pkl,79,0.5311586
BioMotionLab_NTroje/rub080/0015_sitting1.pkl,80,0.5311586
BioMotionLab_NTroje/rub080/0015_sitting1.pkl,81,0.5311586
BioMotionLab_NTroje/rub080/0015_sitting1.pkl,82,0.5311586
BioMotionLab_NTroje/rub080/0015_sitting1.pkl,83,0.5311586
BioMotionLab_NTroje/rub080/0015_sitting1.pkl,84,0.5311586
BioMotionLab_NTroje/rub080/0015_sitting1.pkl,85,0.5311586
BioMotionLab_NTroje/rub080/0015_sitting1.pkl,86,0.5311586
BioMotionLab_NTroje/rub080/0015_sitting1.pkl,87,0.5311586
BioMotionLab_NTroje/rub080/0015_sitting1.pkl,88,0.5311586
BioMotionLab_NTroje/rub080/0015_sitting1.pkl,89,0.5311586
BioMotionLab_NTroje/rub080/0015_sitting1.pkl,90,0.5311586
BioMotionLab_NTroje/rub080/0015_sitting1.pkl,91,0.5311586
BioMotionLab_NTroje/rub080/0015_sitting1.pkl,92,0.5311586
BioMotionLab_NTroje/rub080/0015_sitting1.pkl,93,0.5311586
BioMotionLab_NTroje/rub080/0015_sitting1.pkl,94,0.5311586
BioMotionLab_NTroje/rub080/0015_sitting1.pkl,95,0.5311586
BioMotionLab_NTroje/rub080/0015_sitting1.pkl,96,0.5311586
BioMotionLab_NTroje/rub080/0015_sitting1.pkl,97,0.5311586
BioMotionLab_NTroje/rub080/0015_sitting1.pkl,98,0.5311586
BioMotionLab_NTroje/rub080/0015_sitting1.pkl,99,0.5311586
BioMotionLab_NTroje/rub080/0015_sitting1.pkl,100,0.5311586
BioMotionLab_NTroje/rub080/0015_sitting1.pkl,101,0.5311586
BioMotionLab_NTroje/rub080/0015_sitting1.pkl,102,0.5311586
BioMotionLab_NTroje/rub080/0015_sitting1.pkl,103,0.5311586
BioMotionLab_NTroje/rub080/0015_sitting1.pkl,104,0.5311586
BioMotionLab_NTroje/rub080/0015_sitting1.pkl,105,0.5311586
BioMotionLab_NTroje/rub080/0015_sitting1.pkl,106,0.5311586
BioMotionLab_NTroje/rub080/0015_sitting1.pkl,107,0.5311586
BioMotionLab_NTroje/rub080/0015_sitting1.pkl,108,0.5311586
BioMotionLab_NTroje/rub080/0015_sitting1.pkl,109,0.5311586
BioMotionLab_NTroje/rub080/0015_sitting1.pkl,110,0.5311586
BioMotionLab_NTroje/rub080/0015_sitting1.pkl,111,0.5311586
BioMotionLab_NTroje/rub080/0015_sitting1.pkl,112,0.5311586
BioMotionLab_NTroje/rub080/0015_sitting1.pkl,113,0.5311586
BioMotionLab_NTroje/rub080/0015_sitting1.pkl,114,0.5311586
BioMotionLab_NTroje/rub080/0015_sitting1.pkl,115,0.5311586
BioMotionLab_NTroje/rub080/0015_sitting1.pkl,116,0.5311586
BioMotionLab_NTroje/rub080/0015_sitting1.pkl,117,0.5311586
BioMotionLab_NTroje/rub080/0015_sitting1.pkl,118,0.5311586
BioMotionLab_NTroje/rub080/0015_sitting1.pkl,119,0.5311586
BioMotionLab_NTroje/rub080/0015_sitting1.pkl,120,0.5311586
BioMotionLab_NTroje/rub080/0015_sitting1.pkl,121,0.5311586
BioMotionLab_NTroje/rub080/0015_sitting1.pkl,122,0.5311586
BioMotionLab_NTroje/rub080/0015_sitting1.pkl,123,0.5311586
BioMotionLab_NTroje/rub080/0015_sitting1.pkl,124,0.5311586
BioMotionLab_NTroje/rub080/0015_sitting1.pkl,125,0.5311586
BioMotionLab_NTroje/rub080/0015_sitting1.pkl,126,0.5311586
BioMotionLab_NTroje/rub080/0015_sitting1.pkl,127,0.5311586
BioMotionLab_NTroje/rub080/0015_sitting1.pkl,128,0.5311586
BioMotionLab_NTroje/rub080/0015_sitting1.pkl,129,0.5311586
BioMotionLab_NTroje/rub080/0015_sitting1.pkl,130,0.5311586
BioMotionLab_NTroje/rub081/0016_sitting2.pkl,53,0.5563618
BioMotionLab_NTroje/rub081/0016_sitting2.pkl,54,0.5563618
BioMotionLab_NTroje/rub081/0016_sitting2.pkl,55,0.5563618
BioMotionLab_NTroje/rub084/0015_sitting1.pkl,74,0.50047696
BioMotionLab_NTroje/rub084/0015_sitting1.pkl,75,0.50047696
BioMotionLab_NTroje/rub084/0015_sitting1.pkl,76,0.50047696
BioMotionLab_NTroje/rub084/0015_sitting1.pkl,77,0.50047696
BioMotionLab_NTroje/rub084/0015_sitting1.pkl,78,0.50047696
BioMotionLab_NTroje/rub084/0015_sitting1.pkl,79,0.50047696
BioMotionLab_NTroje/rub084/0015_sitting1.pkl,80,0.50047696
BioMotionLab_NTroje/rub084/0015_sitting1.pkl,81,0.50047696
BioMotionLab_NTroje/rub085/0015_sitting1.pkl,79,0.58404046
BioMotionLab_NTroje/rub085/0015_sitting1.pkl,80,0.58404046
BioMotionLab_NTroje/rub085/0015_sitting1.pkl,81,0.58404046
BioMotionLab_NTroje/rub085/0015_sitting1.pkl,82,0.58404046
BioMotionLab_NTroje/rub085/0015_sitting1.pkl,83,0.58404046
BioMotionLab_NTroje/rub085/0015_sitting1.pkl,84,0.58404046
BioMotionLab_NTroje/rub085/0015_sitting1.pkl,85,0.58404046
BioMotionLab_NTroje/rub085/0015_sitting1.pkl,86,0.58404046
BioMotionLab_NTroje/rub085/0015_sitting1.pkl,87,0.58404046
BioMotionLab_NTroje/rub085/0015_sitting1.pkl,88,0.58404046
BioMotionLab_NTroje/rub085/0015_sitting1.pkl,89,0.58404046
BioMotionLab_NTroje/rub085/0015_sitting1.pkl,90,0.58404046
BioMotionLab_NTroje/rub085/0015_sitting1.pkl,91,0.58404046
BioMotionLab_NTroje/rub085/0015_sitting1.pkl,92,0.58404046
BioMotionLab_NTroje/rub085/0015_sitting1.pkl,93,0.58404046
BioMotionLab_NTroje/rub085/0015_sitting1.pkl,94,0.58404046
BioMotionLab_NTroje/rub085/0015_sitting1.pkl,95,0.58404046
BioMotionLab_NTroje/rub085/0015_sitting1.pkl,96,0.58404046
BioMotionLab_NTroje/rub085/0015_sitting1.pkl,97,0.58404046
BioMotionLab_NTroje/rub085/0015_sitting1.pkl,98,0.58404046
BioMotionLab_NTroje/rub085/0015_sitting1.pkl,99,0.58404046
BioMotionLab_NTroje/rub085/0015_sitting1.pkl,100,0.58404046
BioMotionLab_NTroje/rub085/0015_sitting1.pkl,101,0.58404046
BioMotionLab_NTroje/rub085/0015_sitting1.pkl,102,0.58404046
BioMotionLab_NTroje/rub085/0015_sitting1.pkl,103,0.58404046
BioMotionLab_NTroje/rub085/0015_sitting1.pkl,104,0.58404046
BioMotionLab_NTroje/rub085/0015_sitting1.pkl,105,0.58404046
BioMotionLab_NTroje/rub085/0015_sitting1.pkl,106,0.58404046
BioMotionLab_NTroje/rub086/0015_sitting2.pkl,44,0.50966537
BioMotionLab_NTroje/rub086/0015_sitting2.pkl,45,0.50966537
BioMotionLab_NTroje/rub086/0015_sitting2.pkl,46,0.50966537
BioMotionLab_NTroje/rub086/0015_sitting2.pkl,47,0.50966537
BioMotionLab_NTroje/rub086/0015_sitting2.pkl,48,0.50966537
BioMotionLab_NTroje/rub086/0015_sitting2.pkl,49,0.50966537
BioMotionLab_NTroje/rub086/0015_sitting2.pkl,50,0.50966537
BioMotionLab_NTroje/rub086/0015_sitting2.pkl,51,0.50966537
BioMotionLab_NTroje/rub086/0015_sitting2.pkl,52,0.50966537
BioMotionLab_NTroje/rub086/0015_sitting2.pkl,53,0.50966537
BioMotionLab_NTroje/rub086/0015_sitting2.pkl,54,0.50966537
BioMotionLab_NTroje/rub086/0015_sitting2.pkl,55,0.50966537
BioMotionLab_NTroje/rub086/0015_sitting2.pkl,56,0.50966537
BioMotionLab_NTroje/rub086/0015_sitting2.pkl,57,0.50966537
BioMotionLab_NTroje/rub086/0015_sitting2.pkl,58,0.50966537
BioMotionLab_NTroje/rub086/0015_sitting2.pkl,59,0.50966537
BioMotionLab_NTroje/rub086/0015_sitting2.pkl,60,0.50966537
BioMotionLab_NTroje/rub086/0015_sitting2.pkl,61,0.50966537
BioMotionLab_NTroje/rub086/0015_sitting2.pkl,62,0.50966537
BioMotionLab_NTroje/rub086/0015_sitting2.pkl,63,0.50966537
BioMotionLab_NTroje/rub086/0015_sitting2.pkl,64,0.50966537
BioMotionLab_NTroje/rub086/0015_sitting2.pkl,65,0.50966537
BioMotionLab_NTroje/rub087/0015_sitting1.pkl,86,0.5926428
BioMotionLab_NTroje/rub087/0015_sitting1.pkl,87,0.5926428
BioMotionLab_NTroje/rub087/0015_sitting1.pkl,88,0.5926428
BioMotionLab_NTroje/rub087/0015_sitting1.pkl,89,0.5926428
BioMotionLab_NTroje/rub087/0015_sitting1.pkl,90,0.5926428
BioMotionLab_NTroje/rub087/0015_sitting1.pkl,91,0.5926428
BioMotionLab_NTroje/rub087/0015_sitting1.pkl,105,0.5926428
BioMotionLab_NTroje/rub087/0015_sitting1.pkl,106,0.5926428
BioMotionLab_NTroje/rub087/0015_sitting1.pkl,107,0.5926428
BioMotionLab_NTroje/rub087/0015_sitting1.pkl,108,0.5926428
BioMotionLab_NTroje/rub087/0015_sitting1.pkl,109,0.5926428
BioMotionLab_NTroje/rub087/0015_sitting1.pkl,114,0.5926428
BioMotionLab_NTroje/rub087/0015_sitting1.pkl,115,0.5926428
BioMotionLab_NTroje/rub087/0015_sitting1.pkl,116,0.5926428
BioMotionLab_NTroje/rub087/0015_sitting1.pkl,117,0.5926428
BioMotionLab_NTroje/rub087/0015_sitting1.pkl,118,0.5926428
BioMotionLab_NTroje/rub087/0015_sitting1.pkl,119,0.5926428
BioMotionLab_NTroje/rub087/0015_sitting1.pkl,120,0.5926428
BioMotionLab_NTroje/rub087/0015_sitting1.pkl,121,0.5926428
BioMotionLab_NTroje/rub087/0015_sitting1.pkl,122,0.5926428
BioMotionLab_NTroje/rub087/0015_sitting1.pkl,123,0.5926428
BioMotionLab_NTroje/rub087/0015_sitting1.pkl,124,0.5926428
BioMotionLab_NTroje/rub087/0015_sitting1.pkl,125,0.5926428
BioMotionLab_NTroje/rub087/0015_sitting1.pkl,126,0.5926428
BioMotionLab_NTroje/rub087/0015_sitting1.pkl,127,0.5926428
BioMotionLab_NTroje/rub087/0015_sitting1.pkl,128,0.5926428
BioMotionLab_NTroje/rub087/0015_sitting1.pkl,129,0.5926428
BioMotionLab_NTroje/rub087/0015_sitting1.pkl,130,0.5926428
BioMotionLab_NTroje/rub087/0015_sitting1.pkl,131,0.5926428
BioMotionLab_NTroje/rub087/0015_sitting1.pkl,132,0.5926428
BioMotionLab_NTroje/rub087/0015_sitting1.pkl,133,0.5926428
BioMotionLab_NTroje/rub087/0015_sitting1.pkl,134,0.5926428
BioMotionLab_NTroje/rub087/0015_sitting1.pkl,135,0.5926428
BioMotionLab_NTroje/rub087/0015_sitting1.pkl,136,0.5926428
BioMotionLab_NTroje/rub087/0015_sitting1.pkl,137,0.5926428
BioMotionLab_NTroje/rub087/0015_sitting1.pkl,138,0.5926428
BioMotionLab_NTroje/rub087/0015_sitting1.pkl,139,0.5926428
BioMotionLab_NTroje/rub087/0015_sitting1.pkl,140,0.5926428
BioMotionLab_NTroje/rub087/0015_sitting1.pkl,141,0.5926428
BioMotionLab_NTroje/rub087/0015_sitting1.pkl,142,0.5926428
BioMotionLab_NTroje/rub090/0016_sitting2.pkl,69,0.51207536
BioMotionLab_NTroje/rub090/0016_sitting2.pkl,70,0.51207536
BioMotionLab_NTroje/rub090/0016_sitting2.pkl,71,0.51207536
BioMotionLab_NTroje/rub090/0016_sitting2.pkl,72,0.51207536
BioMotionLab_NTroje/rub090/0016_sitting2.pkl,73,0.51207536
BioMotionLab_NTroje/rub090/0016_sitting2.pkl,74,0.51207536
BioMotionLab_NTroje/rub090/0016_sitting2.pkl,75,0.51207536
BioMotionLab_NTroje/rub090/0016_sitting2.pkl,76,0.51207536
BioMotionLab_NTroje/rub090/0016_sitting2.pkl,77,0.51207536
BioMotionLab_NTroje/rub090/0016_sitting2.pkl,78,0.51207536
BioMotionLab_NTroje/rub090/0016_sitting2.pkl,79,0.51207536
BioMotionLab_NTroje/rub090/0016_sitting2.pkl,80,0.51207536
BioMotionLab_NTroje/rub090/0016_sitting2.pkl,81,0.51207536
BioMotionLab_NTroje/rub090/0016_sitting2.pkl,82,0.51207536
BioMotionLab_NTroje/rub090/0016_sitting2.pkl,83,0.51207536
BioMotionLab_NTroje/rub090/0016_sitting2.pkl,84,0.51207536
BioMotionLab_NTroje/rub090/0016_sitting2.pkl,85,0.51207536
BioMotionLab_NTroje/rub090/0016_sitting2.pkl,86,0.51207536
BioMotionLab_NTroje/rub090/0016_sitting2.pkl,87,0.51207536
BioMotionLab_NTroje/rub090/0016_sitting2.pkl,88,0.51207536
BioMotionLab_NTroje/rub090/0016_sitting2.pkl,89,0.51207536
BioMotionLab_NTroje/rub090/0016_sitting2.pkl,90,0.51207536
BioMotionLab_NTroje/rub090/0016_sitting2.pkl,91,0.51207536
BioMotionLab_NTroje/rub090/0016_sitting2.pkl,92,0.51207536
BioMotionLab_NTroje/rub090/0016_sitting2.pkl,93,0.51207536
BioMotionLab_NTroje/rub090/0016_sitting2.pkl,94,0.51207536
BioMotionLab_NTroje/rub090/0016_sitting2.pkl,95,0.51207536
BioMotionLab_NTroje/rub090/0016_sitting2.pkl,96,0.51207536
BioMotionLab_NTroje/rub090/0016_sitting2.pkl,97,0.51207536
BioMotionLab_NTroje/rub090/0016_sitting2.pkl,98,0.51207536
BioMotionLab_NTroje/rub090/0016_sitting2.pkl,99,0.51207536
BioMotionLab_NTroje/rub090/0016_sitting2.pkl,100,0.51207536
BioMotionLab_NTroje/rub099/0015_sitting1.pkl,90,0.50194556
BioMotionLab_NTroje/rub099/0015_sitting1.pkl,91,0.50194556
BioMotionLab_NTroje/rub099/0015_sitting1.pkl,92,0.50194556
BioMotionLab_NTroje/rub099/0015_sitting1.pkl,93,0.50194556
BioMotionLab_NTroje/rub099/0015_sitting1.pkl,94,0.50194556
BioMotionLab_NTroje/rub099/0015_sitting1.pkl,95,0.50194556
BioMotionLab_NTroje/rub099/0015_sitting1.pkl,96,0.50194556
BioMotionLab_NTroje/rub099/0015_sitting1.pkl,97,0.50194556
BioMotionLab_NTroje/rub099/0015_sitting1.pkl,98,0.50194556
BioMotionLab_NTroje/rub099/0015_sitting1.pkl,99,0.50194556
BioMotionLab_NTroje/rub099/0015_sitting1.pkl,100,0.50194556
BioMotionLab_NTroje/rub099/0015_sitting1.pkl,101,0.50194556
BioMotionLab_NTroje/rub099/0015_sitting1.pkl,102,0.50194556
BioMotionLab_NTroje/rub099/0015_sitting1.pkl,103,0.50194556
BioMotionLab_NTroje/rub099/0015_sitting1.pkl,104,0.50194556
BioMotionLab_NTroje/rub099/0015_sitting1.pkl,105,0.50194556
BioMotionLab_NTroje/rub099/0015_sitting1.pkl,106,0.50194556
BioMotionLab_NTroje/rub099/0015_sitting1.pkl,107,0.50194556
BioMotionLab_NTroje/rub100/0015_sitting1.pkl,73,0.5126676
BioMotionLab_NTroje/rub100/0015_sitting1.pkl,74,0.5126676
BioMotionLab_NTroje/rub100/0015_sitting1.pkl,75,0.5126676
BioMotionLab_NTroje/rub100/0015_sitting1.pkl,76,0.5126676
BioMotionLab_NTroje/rub100/0015_sitting1.pkl,77,0.5126676
BioMotionLab_NTroje/rub100/0015_sitting1.pkl,78,0.5126676
BioMotionLab_NTroje/rub100/0015_sitting1.pkl,79,0.5126676
BioMotionLab_NTroje/rub100/0015_sitting1.pkl,80,0.5126676
BioMotionLab_NTroje/rub100/0015_sitting1.pkl,81,0.5126676
BioMotionLab_NTroje/rub100/0015_sitting1.pkl,82,0.5126676
BioMotionLab_NTroje/rub100/0015_sitting1.pkl,83,0.5126676
BioMotionLab_NTroje/rub100/0015_sitting1.pkl,84,0.5126676
BioMotionLab_NTroje/rub100/0015_sitting1.pkl,85,0.5126676
BioMotionLab_NTroje/rub100/0015_sitting1.pkl,86,0.5126676
BioMotionLab_NTroje/rub100/0015_sitting1.pkl,87,0.5126676
BioMotionLab_NTroje/rub100/0015_sitting1.pkl,88,0.5126676
BioMotionLab_NTroje/rub100/0015_sitting1.pkl,89,0.5126676
BioMotionLab_NTroje/rub100/0015_sitting1.pkl,90,0.5126676
BioMotionLab_NTroje/rub100/0015_sitting1.pkl,91,0.5126676
BioMotionLab_NTroje/rub100/0015_sitting1.pkl,92,0.5126676
BioMotionLab_NTroje/rub100/0015_sitting1.pkl,93,0.5126676
BioMotionLab_NTroje/rub100/0015_sitting1.pkl,94,0.5126676
BioMotionLab_NTroje/rub100/0015_sitting1.pkl,95,0.5126676
BioMotionLab_NTroje/rub100/0016_sitting2.pkl,86,0.51258916
BioMotionLab_NTroje/rub100/0016_sitting2.pkl,87,0.51258916
BioMotionLab_NTroje/rub100/0016_sitting2.pkl,88,0.51258916
BioMotionLab_NTroje/rub100/0016_sitting2.pkl,89,0.51258916
BioMotionLab_NTroje/rub100/0016_sitting2.pkl,90,0.51258916
BioMotionLab_NTroje/rub100/0016_sitting2.pkl,91,0.51258916
BioMotionLab_NTroje/rub100/0016_sitting2.pkl,92,0.51258916
BioMotionLab_NTroje/rub100/0016_sitting2.pkl,93,0.51258916
BioMotionLab_NTroje/rub100/0016_sitting2.pkl,94,0.51258916
BioMotionLab_NTroje/rub100/0016_sitting2.pkl,95,0.51258916
BioMotionLab_NTroje/rub100/0016_sitting2.pkl,96,0.51258916
BioMotionLab_NTroje/rub100/0016_sitting2.pkl,97,0.51258916
BioMotionLab_NTroje/rub100/0016_sitting2.pkl,98,0.51258916
BioMotionLab_NTroje/rub100/0016_sitting2.pkl,99,0.51258916
BioMotionLab_NTroje/rub100/0016_sitting2.pkl,100,0.51258916
BioMotionLab_NTroje/rub100/0016_sitting2.pkl,101,0.51258916
BioMotionLab_NTroje/rub100/0016_sitting2.pkl,102,0.51258916
BioMotionLab_NTroje/rub100/0016_sitting2.pkl,103,0.51258916
BioMotionLab_NTroje/rub100/0016_sitting2.pkl,104,0.51258916
BioMotionLab_NTroje/rub100/0016_sitting2.pkl,105,0.51258916
BioMotionLab_NTroje/rub100/0016_sitting2.pkl,106,0.51258916
BioMotionLab_NTroje/rub100/0016_sitting2.pkl,107,0.51258916
BioMotionLab_NTroje/rub100/0016_sitting2.pkl,108,0.51258916
BioMotionLab_NTroje/rub100/0016_sitting2.pkl,109,0.51258916
BioMotionLab_NTroje/rub100/0016_sitting2.pkl,110,0.51258916
BioMotionLab_NTroje/rub102/0016_sitting2.pkl,87,0.570747
BioMotionLab_NTroje/rub102/0016_sitting2.pkl,88,0.570747
BioMotionLab_NTroje/rub102/0016_sitting2.pkl,105,0.5400632
BioMotionLab_NTroje/rub102/0016_sitting2.pkl,106,0.5400632
BioMotionLab_NTroje/rub102/0016_sitting2.pkl,107,0.5400632
BioMotionLab_NTroje/rub102/0016_sitting2.pkl,108,0.5400632
BioMotionLab_NTroje/rub104/0016_sitting2.pkl,70,0.46669352
BioMotionLab_NTroje/rub104/0016_sitting2.pkl,71,0.46669352
BioMotionLab_NTroje/rub104/0016_sitting2.pkl,72,0.46669352
BioMotionLab_NTroje/rub104/0016_sitting2.pkl,73,0.46669352
BioMotionLab_NTroje/rub104/0016_sitting2.pkl,74,0.46669352
BioMotionLab_NTroje/rub104/0016_sitting2.pkl,75,0.46669352
BioMotionLab_NTroje/rub104/0016_sitting2.pkl,76,0.46669352
BioMotionLab_NTroje/rub104/0016_sitting2.pkl,77,0.46669352
BioMotionLab_NTroje/rub104/0016_sitting2.pkl,78,0.46669352
BioMotionLab_NTroje/rub104/0016_sitting2.pkl,79,0.46669352
BioMotionLab_NTroje/rub104/0016_sitting2.pkl,80,0.46669352
BioMotionLab_NTroje/rub104/0016_sitting2.pkl,89,0.46669352
BioMotionLab_NTroje/rub104/0016_sitting2.pkl,90,0.46669352
BioMotionLab_NTroje/rub104/0016_sitting2.pkl,91,0.46669352
BioMotionLab_NTroje/rub104/0016_sitting2.pkl,92,0.46669352
BioMotionLab_NTroje/rub104/0016_sitting2.pkl,93,0.46669352
BioMotionLab_NTroje/rub104/0016_sitting2.pkl,97,0.46669352
BioMotionLab_NTroje/rub104/0016_sitting2.pkl,98,0.46669352
BioMotionLab_NTroje/rub104/0016_sitting2.pkl,99,0.46669352
BioMotionLab_NTroje/rub104/0016_sitting2.pkl,100,0.46669352
BioMotionLab_NTroje/rub104/0016_sitting2.pkl,101,0.46669352
BioMotionLab_NTroje/rub104/0016_sitting2.pkl,102,0.46669352
BioMotionLab_NTroje/rub104/0016_sitting2.pkl,103,0.46669352
BioMotionLab_NTroje/rub104/0016_sitting2.pkl,106,0.46669352
BioMotionLab_NTroje/rub104/0016_sitting2.pkl,107,0.46669352
BioMotionLab_NTroje/rub104/0016_sitting2.pkl,108,0.46669352
BioMotionLab_NTroje/rub104/0016_sitting2.pkl,109,0.46669352
BioMotionLab_NTroje/rub104/0016_sitting2.pkl,110,0.46669352
BioMotionLab_NTroje/rub104/0016_sitting2.pkl,111,0.46669352
BioMotionLab_NTroje/rub104/0016_sitting2.pkl,112,0.46669352
BioMotionLab_NTroje/rub104/0016_sitting2.pkl,113,0.46669352
BioMotionLab_NTroje/rub104/0016_sitting2.pkl,114,0.46669352
BioMotionLab_NTroje/rub104/0016_sitting2.pkl,115,0.46669352
BioMotionLab_NTroje/rub104/0016_sitting2.pkl,116,0.46669352
BioMotionLab_NTroje/rub104/0016_sitting2.pkl,117,0.46669352
BioMotionLab_NTroje/rub104/0016_sitting2.pkl,118,0.46669352
BioMotionLab_NTroje/rub104/0016_sitting2.pkl,119,0.46669352
BioMotionLab_NTroje/rub104/0016_sitting2.pkl,120,0.46669352
BioMotionLab_NTroje/rub104/0016_sitting2.pkl,121,0.46669352
BioMotionLab_NTroje/rub104/0016_sitting2.pkl,122,0.46669352
BioMotionLab_NTroje/rub104/0016_sitting2.pkl,123,0.46669352
BioMotionLab_NTroje/rub104/0016_sitting2.pkl,124,0.46669352
BioMotionLab_NTroje/rub104/0016_sitting2.pkl,125,0.46669352
BioMotionLab_NTroje/rub104/0016_sitting2.pkl,126,0.46669352
BioMotionLab_NTroje/rub104/0016_sitting2.pkl,127,0.46669352
BioMotionLab_NTroje/rub104/0016_sitting2.pkl,128,0.46669352
BioMotionLab_NTroje/rub104/0016_sitting2.pkl,129,0.46669352
BioMotionLab_NTroje/rub104/0016_sitting2.pkl,130,0.46669352
BioMotionLab_NTroje/rub104/0016_sitting2.pkl,131,0.46669352
BioMotionLab_NTroje/rub104/0016_sitting2.pkl,132,0.46669352
BioMotionLab_NTroje/rub104/0016_sitting2.pkl,133,0.46669352
BioMotionLab_NTroje/rub104/0016_sitting2.pkl,134,0.46669352
BioMotionLab_NTroje/rub104/0016_sitting2.pkl,135,0.46669352
BioMotionLab_NTroje/rub104/0016_sitting2.pkl,136,0.46669352
BioMotionLab_NTroje/rub104/0016_sitting2.pkl,137,0.46669352
BioMotionLab_NTroje/rub104/0016_sitting2.pkl,138,0.46669352
BioMotionLab_NTroje/rub104/0016_sitting2.pkl,139,0.46669352
BioMotionLab_NTroje/rub104/0016_sitting2.pkl,140,0.46669352
BioMotionLab_NTroje/rub104/0016_sitting2.pkl,141,0.46669352
BioMotionLab_NTroje/rub104/0016_sitting2.pkl,142,0.46669352
BioMotionLab_NTroje/rub104/0016_sitting2.pkl,143,0.46669352
BioMotionLab_NTroje/rub104/0016_sitting2.pkl,144,0.46669352
BioMotionLab_NTroje/rub104/0016_sitting2.pkl,145,0.46669352
BioMotionLab_NTroje/rub104/0016_sitting2.pkl,146,0.46669352
BioMotionLab_NTroje/rub106/0015_sitting1.pkl,76,0.57732797
BioMotionLab_NTroje/rub106/0015_sitting1.pkl,77,0.57732797
BioMotionLab_NTroje/rub106/0015_sitting1.pkl,78,0.57732797
BioMotionLab_NTroje/rub106/0015_sitting1.pkl,79,0.57732797
BioMotionLab_NTroje/rub106/0015_sitting1.pkl,86,0.57732797
BioMotionLab_NTroje/rub106/0015_sitting1.pkl,87,0.57732797
BioMotionLab_NTroje/rub106/0015_sitting1.pkl,88,0.57732797
BioMotionLab_NTroje/rub106/0015_sitting1.pkl,89,0.57732797
BioMotionLab_NTroje/rub114/0016_sitting2.pkl,43,0.4945635
BioMotionLab_NTroje/rub114/0016_sitting2.pkl,44,0.4945635
BioMotionLab_NTroje/rub114/0016_sitting2.pkl,45,0.4945635
BioMotionLab_NTroje/rub114/0016_sitting2.pkl,46,0.4945635
BioMotionLab_NTroje/rub114/0016_sitting2.pkl,47,0.4945635
BioMotionLab_NTroje/rub114/0016_sitting2.pkl,48,0.4945635
BioMotionLab_NTroje/rub114/0016_sitting2.pkl,49,0.4945635
BioMotionLab_NTroje/rub114/0016_sitting2.pkl,50,0.4945635
BioMotionLab_NTroje/rub114/0016_sitting2.pkl,51,0.4945635
BioMotionLab_NTroje/rub114/0016_sitting2.pkl,52,0.4945635
BioMotionLab_NTroje/rub114/0016_sitting2.pkl,53,0.4945635
BioMotionLab_NTroje/rub114/0016_sitting2.pkl,54,0.4945635
BioMotionLab_NTroje/rub114/0016_sitting2.pkl,55,0.4945635
BioMotionLab_NTroje/rub114/0016_sitting2.pkl,56,0.4945635
BioMotionLab_NTroje/rub114/0016_sitting2.pkl,57,0.4945635
BioMotionLab_NTroje/rub114/0016_sitting2.pkl,58,0.4945635
BioMotionLab_NTroje/rub114/0016_sitting2.pkl,59,0.4945635
BioMotionLab_NTroje/rub114/0016_sitting2.pkl,60,0.4945635
BioMotionLab_NTroje/rub114/0016_sitting2.pkl,61,0.4945635
BioMotionLab_NTroje/rub114/0016_sitting2.pkl,62,0.4945635
BioMotionLab_NTroje/rub114/0016_sitting2.pkl,63,0.4945635
BioMotionLab_NTroje/rub114/0016_sitting2.pkl,64,0.4945635
BioMotionLab_NTroje/rub114/0016_sitting2.pkl,65,0.4945635
BioMotionLab_NTroje/rub114/0016_sitting2.pkl,66,0.4945635
BioMotionLab_NTroje/rub114/0016_sitting2.pkl,67,0.4945635
BioMotionLab_NTroje/rub114/0016_sitting2.pkl,68,0.4945635
BioMotionLab_NTroje/rub114/0016_sitting2.pkl,69,0.4945635
BioMotionLab_NTroje/rub114/0016_sitting2.pkl,70,0.4945635
BioMotionLab_NTroje/rub114/0016_sitting2.pkl,71,0.4945635
BioMotionLab_NTroje/rub114/0016_sitting2.pkl,72,0.4945635
BioMotionLab_NTroje/rub114/0016_sitting2.pkl,73,0.4945635
BioMotionLab_NTroje/rub114/0016_sitting2.pkl,74,0.4945635
BioMotionLab_NTroje/rub114/0016_sitting2.pkl,75,0.4945635
BioMotionLab_NTroje/rub114/0016_sitting2.pkl,76,0.4945635
BioMotionLab_NTroje/rub114/0016_sitting2.pkl,77,0.4945635
BioMotionLab_NTroje/rub114/0016_sitting2.pkl,78,0.4945635
BioMotionLab_NTroje/rub114/0016_sitting2.pkl,79,0.4945635
BioMotionLab_NTroje/rub114/0016_sitting2.pkl,80,0.4945635
BioMotionLab_NTroje/rub114/0016_sitting2.pkl,81,0.4945635
BioMotionLab_NTroje/rub114/0016_sitting2.pkl,82,0.4945635
BioMotionLab_NTroje/rub114/0016_sitting2.pkl,83,0.4945635
BioMotionLab_NTroje/rub114/0016_sitting2.pkl,84,0.4945635
BioMotionLab_NTroje/rub114/0016_sitting2.pkl,85,0.4945635
BioMotionLab_NTroje/rub114/0016_sitting2.pkl,86,0.4945635
BioMotionLab_NTroje/rub114/0016_sitting2.pkl,87,0.4945635
BioMotionLab_NTroje/rub114/0016_sitting2.pkl,88,0.4945635
BioMotionLab_NTroje/rub114/0016_sitting2.pkl,89,0.4945635
BioMotionLab_NTroje/rub114/0016_sitting2.pkl,90,0.4945635
BioMotionLab_NTroje/rub114/0016_sitting2.pkl,91,0.4945635
BioMotionLab_NTroje/rub114/0016_sitting2.pkl,92,0.4945635
BioMotionLab_NTroje/rub114/0016_sitting2.pkl,93,0.4945635
BioMotionLab_NTroje/rub114/0016_sitting2.pkl,94,0.4945635
BioMotionLab_NTroje/rub114/0016_sitting2.pkl,95,0.4945635
BioMotionLab_NTroje/rub114/0016_sitting2.pkl,96,0.4945635
BioMotionLab_NTroje/rub114/0016_sitting2.pkl,97,0.4945635
BioMotionLab_NTroje/rub114/0016_sitting2.pkl,98,0.4945635
BioMotionLab_NTroje/rub114/0016_sitting2.pkl,99,0.4945635
BioMotionLab_NTroje/rub114/0016_sitting2.pkl,100,0.4945635
BioMotionLab_NTroje/rub114/0016_sitting2.pkl,101,0.4945635
BioMotionLab_NTroje/rub114/0016_sitting2.pkl,102,0.4945635
BioMotionLab_NTroje/rub114/0016_sitting2.pkl,103,0.4945635
BioMotionLab_NTroje/rub114/0016_sitting2.pkl,104,0.4945635
BioMotionLab_NTroje/rub114/0016_sitting2.pkl,105,0.4945635
BioMotionLab_NTroje/rub114/0016_sitting2.pkl,106,0.4945635
BioMotionLab_NTroje/rub114/0016_sitting2.pkl,107,0.4945635
BioMotionLab_NTroje/rub114/0016_sitting2.pkl,108,0.4945635
BioMotionLab_NTroje/rub114/0016_sitting2.pkl,109,0.4945635
BioMotionLab_NTroje/rub114/0016_sitting2.pkl,110,0.4945635
BioMotionLab_NTroje/rub114/0016_sitting2.pkl,111,0.4945635
BioMotionLab_NTroje/rub114/0016_sitting2.pkl,112,0.4945635
BioMotionLab_NTroje/rub114/0016_sitting2.pkl,113,0.4945635
BioMotionLab_NTroje/rub114/0016_sitting2.pkl,114,0.4945635
BioMotionLab_NTroje/rub114/0016_sitting2.pkl,115,0.4945635
BioMotionLab_NTroje/rub114/0016_sitting2.pkl,116,0.4945635
BioMotionLab_NTroje/rub114/0016_sitting2.pkl,117,0.4945635
BioMotionLab_NTroje/rub114/0016_sitting2.pkl,118,0.4945635
BioMotionLab_NTroje/rub114/0016_sitting2.pkl,119,0.4945635
BioMotionLab_NTroje/rub115/0015_sitting1.pkl,57,0.52438873
BioMotionLab_NTroje/rub115/0015_sitting1.pkl,58,0.52438873
BioMotionLab_NTroje/rub115/0015_sitting1.pkl,59,0.52438873
BioMotionLab_NTroje/rub115/0015_sitting1.pkl,60,0.52438873
BioMotionLab_NTroje/rub115/0015_sitting1.pkl,61,0.52438873
BioMotionLab_NTroje/rub115/0015_sitting1.pkl,62,0.52438873
BioMotionLab_NTroje/rub115/0015_sitting1.pkl,65,0.52438873
BioMotionLab_NTroje/rub115/0015_sitting1.pkl,66,0.52438873
BioMotionLab_NTroje/rub115/0015_sitting1.pkl,67,0.52438873
BioMotionLab_NTroje/rub115/0015_sitting1.pkl,68,0.52438873
BioMotionLab_NTroje/rub115/0015_sitting1.pkl,69,0.52438873
BioMotionLab_NTroje/rub115/0015_sitting1.pkl,70,0.52438873
BioMotionLab_NTroje/rub115/0015_sitting1.pkl,71,0.52438873
BioMotionLab_NTroje/rub115/0015_sitting1.pkl,72,0.52438873
BioMotionLab_NTroje/rub115/0015_sitting1.pkl,73,0.52438873
BioMotionLab_NTroje/rub115/0015_sitting1.pkl,74,0.52438873
BioMotionLab_NTroje/rub115/0015_sitting1.pkl,75,0.52438873
BioMotionLab_NTroje/rub115/0015_sitting1.pkl,76,0.52438873
BioMotionLab_NTroje/rub115/0015_sitting1.pkl,77,0.52438873
BioMotionLab_NTroje/rub115/0015_sitting1.pkl,78,0.52438873
BioMotionLab_NTroje/rub115/0015_sitting1.pkl,79,0.52438873
BioMotionLab_NTroje/rub115/0015_sitting1.pkl,80,0.52438873
BioMotionLab_NTroje/rub115/0015_sitting1.pkl,81,0.52438873
BioMotionLab_NTroje/rub115/0015_sitting1.pkl,82,0.52438873
BioMotionLab_NTroje/rub115/0015_sitting1.pkl,83,0.52438873
BioMotionLab_NTroje/rub115/0015_sitting1.pkl,84,0.52438873
BioMotionLab_NTroje/rub115/0015_sitting1.pkl,85,0.52438873
BioMotionLab_NTroje/rub115/0015_sitting1.pkl,86,0.52438873
BioMotionLab_NTroje/rub115/0015_sitting1.pkl,87,0.52438873
BioMotionLab_NTroje/rub115/0015_sitting1.pkl,88,0.52438873
BioMotionLab_NTroje/rub115/0015_sitting1.pkl,89,0.52438873
BioMotionLab_NTroje/rub115/0015_sitting1.pkl,90,0.52438873
BioMotionLab_NTroje/rub115/0015_sitting1.pkl,91,0.52438873
BioMotionLab_NTroje/rub115/0015_sitting1.pkl,92,0.52438873
BioMotionLab_NTroje/rub115/0015_sitting1.pkl,93,0.52438873
BioMotionLab_NTroje/rub115/0015_sitting1.pkl,94,0.52438873
BioMotionLab_NTroje/rub115/0015_sitting1.pkl,95,0.52438873
BioMotionLab_NTroje/rub115/0015_sitting1.pkl,96,0.52438873
BioMotionLab_NTroje/rub115/0015_sitting1.pkl,97,0.52438873
BioMotionLab_NTroje/rub115/0015_sitting1.pkl,98,0.52438873
BioMotionLab_NTroje/rub115/0015_sitting1.pkl,99,0.52438873
BioMotionLab_NTroje/rub115/0015_sitting1.pkl,100,0.52438873
BioMotionLab_NTroje/rub115/0015_sitting1.pkl,101,0.52438873
BioMotionLab_NTroje/rub115/0015_sitting1.pkl,102,0.52438873
BioMotionLab_NTroje/rub115/0015_sitting1.pkl,103,0.52438873
BioMotionLab_NTroje/rub115/0015_sitting1.pkl,104,0.52438873
BioMotionLab_NTroje/rub115/0015_sitting1.pkl,105,0.52438873
BioMotionLab_NTroje/rub115/0015_sitting1.pkl,106,0.52438873
BioMotionLab_NTroje/rub115/0015_sitting1.pkl,107,0.52438873
BioMotionLab_NTroje/rub115/0015_sitting1.pkl,108,0.52438873
BioMotionLab_NTroje/rub115/0015_sitting1.pkl,109,0.52438873
BioMotionLab_NTroje/rub115/0015_sitting1.pkl,110,0.52438873
BioMotionLab_NTroje/rub115/0015_sitting1.pkl,111,0.52438873
BioMotionLab_NTroje/rub115/0015_sitting1.pkl,112,0.52438873
BioMotionLab_NTroje/rub115/0015_sitting1.pkl,113,0.52438873
BioMotionLab_NTroje/rub115/0015_sitting1.pkl,114,0.52438873
BioMotionLab_NTroje/rub115/0015_sitting1.pkl,115,0.52438873
BioMotionLab_NTroje/rub115/0015_sitting1.pkl,116,0.52438873
BioMotionLab_NTroje/rub115/0015_sitting1.pkl,117,0.52438873
BioMotionLab_NTroje/rub115/0015_sitting1.pkl,118,0.52438873
BioMotionLab_NTroje/rub115/0015_sitting1.pkl,119,0.52438873
BioMotionLab_NTroje/rub115/0015_sitting1.pkl,120,0.52438873
BioMotionLab_NTroje/rub115/0015_sitting1.pkl,121,0.52438873
BioMotionLab_NTroje/rub115/0015_sitting1.pkl,122,0.52438873
BioMotionLab_NTroje/rub115/0015_sitting1.pkl,123,0.52438873
BioMotionLab_NTroje/rub115/0015_sitting1.pkl,124,0.52438873
BioMotionLab_NTroje/rub115/0015_sitting1.pkl,125,0.52438873
BioMotionLab_NTroje/rub115/0015_sitting1.pkl,126,0.52438873
BioMotionLab_NTroje/rub115/0015_sitting1.pkl,127,0.52438873
BioMotionLab_NTroje/rub115/0015_sitting1.pkl,128,0.52438873
BioMotionLab_NTroje/rub115/0015_sitting1.pkl,129,0.52438873
BioMotionLab_NTroje/rub115/0015_sitting1.pkl,130,0.52438873
BioMotionLab_NTroje/rub115/0015_sitting1.pkl,131,0.52438873
BioMotionLab_NTroje/rub115/0015_sitting1.pkl,132,0.52438873
BioMotionLab_NTroje/rub115/0015_sitting1.pkl,133,0.52438873
BioMotionLab_NTroje/rub115/0015_sitting1.pkl,134,0.52438873
BioMotionLab_NTroje/rub115/0015_sitting1.pkl,135,0.52438873
BioMotionLab_NTroje/rub115/0015_sitting1.pkl,136,0.52438873
CMU/13/13_03.pkl,73,0.7141074
CMU/13/13_03.pkl,74,0.7141074
CMU/13/13_03.pkl,75,0.7141074
CMU/13/13_03.pkl,76,0.7141074
CMU/13/13_03.pkl,77,0.7141074
CMU/13/13_03.pkl,78,0.7141074
CMU/13/13_03.pkl,79,0.7141074
CMU/13/13_03.pkl,80,0.7141074
CMU/13/13_03.pkl,81,0.7141074
CMU/13/13_03.pkl,82,0.7141074
CMU/13/13_03.pkl,83,0.7141074
CMU/13/13_03.pkl,84,0.7141074
CMU/13/13_03.pkl,85,0.7141074
CMU/13/13_03.pkl,86,0.7141074
CMU/13/13_03.pkl,264,0.71713245
CMU/13/13_03.pkl,265,0.71713245
CMU/13/13_03.pkl,266,0.71713245
CMU/13/13_03.pkl,267,0.71713245
CMU/13/13_03.pkl,268,0.71713245
CMU/13/13_03.pkl,269,0.71713245
CMU/13/13_03.pkl,270,0.71713245
CMU/13/13_03.pkl,271,0.71713245
CMU/13/13_03.pkl,272,0.71713245
CMU/13/13_03.pkl,565,0.7013664
CMU/13/13_03.pkl,566,0.7013664
CMU/13/13_03.pkl,567,0.7013664
CMU/13/13_03.pkl,568,0.7013664
CMU/13/13_03.pkl,569,0.7013664
CMU/13/13_03.pkl,570,0.7013664
CMU/143/143_18.pkl,18,0.5397596
CMU/143/143_18.pkl,19,0.5397596
CMU/143/143_18.pkl,20,0.5397596
CMU/143/143_18.pkl,21,0.5397596
CMU/143/143_18.pkl,22,0.5397596
CMU/143/143_18.pkl,23,0.5397596
CMU/143/143_18.pkl,24,0.5397596
CMU/143/143_18.pkl,25,0.5397596
CMU/143/143_18.pkl,85,0.5374753
CMU/143/143_18.pkl,86,0.5374753
CMU/143/143_18.pkl,87,0.5374753
Eyes_Japan_Dataset/aita/sitdown_standup-10-observe-aita.pkl,128,0.4984737
Eyes_Japan_Dataset/aita/sitdown_standup-10-observe-aita.pkl,129,0.4984737
Eyes_Japan_Dataset/aita/sitdown_standup-10-observe-aita.pkl,130,0.4984737
Eyes_Japan_Dataset/aita/sitdown_standup-10-observe-aita.pkl,131,0.4984737
Eyes_Japan_Dataset/aita/sitdown_standup-10-observe-aita.pkl,132,0.4984737
Eyes_Japan_Dataset/aita/sitdown_standup-10-observe-aita.pkl,133,0.4984737
Eyes_Japan_Dataset/aita/sitdown_standup-10-observe-aita.pkl,134,0.4984737
Eyes_Japan_Dataset/aita/sitdown_standup-10-observe-aita.pkl,135,0.4984737
Eyes_Japan_Dataset/aita/sitdown_standup-15-move chair-aita.pkl,120,0.5203184
Eyes_Japan_Dataset/aita/sitdown_standup-15-move chair-aita.pkl,421,0.5017996
Eyes_Japan_Dataset/aita/sitdown_standup-15-move chair-aita.pkl,422,0.5017996
Eyes_Japan_Dataset/aita/sitdown_standup-15-move chair-aita.pkl,423,0.5017996
Eyes_Japan_Dataset/aita/sitdown_standup-15-move chair-aita.pkl,424,0.5017996
Eyes_Japan_Dataset/aita/sitdown_standup-15-move chair-aita.pkl,425,0.5017996
Eyes_Japan_Dataset/aita/sitdown_standup-15-move chair-aita.pkl,426,0.5017996
Eyes_Japan_Dataset/aita/sitdown_standup-15-move chair-aita.pkl,427,0.5017996
Eyes_Japan_Dataset/hamada/gesture_etc-06-jiggle knee-hamada.pkl,126,0.5313791
Eyes_Japan_Dataset/hamada/gesture_etc-06-jiggle knee-hamada.pkl,127,0.5313791
Eyes_Japan_Dataset/hamada/gesture_etc-06-jiggle knee-hamada.pkl,128,0.5313791
Eyes_Japan_Dataset/hamada/gesture_etc-06-jiggle knee-hamada.pkl,129,0.5313791
Eyes_Japan_Dataset/hamada/gesture_etc-06-jiggle knee-hamada.pkl,130,0.5313791
Eyes_Japan_Dataset/hamada/gesture_etc-06-jiggle knee-hamada.pkl,131,0.5313791
Eyes_Japan_Dataset/hamada/gesture_etc-06-jiggle knee-hamada.pkl,132,0.5313791
Eyes_Japan_Dataset/hamada/gesture_etc-06-jiggle knee-hamada.pkl,133,0.5313791
Eyes_Japan_Dataset/hamada/gesture_etc-06-jiggle knee-hamada.pkl,134,0.5313791
Eyes_Japan_Dataset/hamada/gesture_etc-06-jiggle knee-hamada.pkl,135,0.5313791
Eyes_Japan_Dataset/hamada/gesture_etc-06-jiggle knee-hamada.pkl,136,0.5313791
Eyes_Japan_Dataset/hamada/gesture_etc-06-jiggle knee-hamada.pkl,137,0.5313791
Eyes_Japan_Dataset/hamada/gesture_etc-06-jiggle knee-hamada.pkl,138,0.5313791
Eyes_Japan_Dataset/hamada/gesture_etc-06-jiggle knee-hamada.pkl,139,0.5313791
Eyes_Japan_Dataset/hamada/gesture_etc-06-jiggle knee-hamada.pkl,140,0.5313791
Eyes_Japan_Dataset/hamada/gesture_etc-06-jiggle knee-hamada.pkl,141,0.5313791
Eyes_Japan_Dataset/hamada/gesture_etc-06-jiggle knee-hamada.pkl,142,0.5313791
Eyes_Japan_Dataset/hamada/gesture_etc-06-jiggle knee-hamada.pkl,143,0.5313791
Eyes_Japan_Dataset/hamada/gesture_etc-06-jiggle knee-hamada.pkl,144,0.5313791
Eyes_Japan_Dataset/hamada/gesture_etc-06-jiggle knee-hamada.pkl,145,0.5313791
Eyes_Japan_Dataset/hamada/gesture_etc-06-jiggle knee-hamada.pkl,146,0.5313791
Eyes_Japan_Dataset/hamada/gesture_etc-06-jiggle knee-hamada.pkl,147,0.5313791
Eyes_Japan_Dataset/hamada/gesture_etc-06-jiggle knee-hamada.pkl,148,0.5313791
Eyes_Japan_Dataset/hamada/gesture_etc-06-jiggle knee-hamada.pkl,149,0.5313791
Eyes_Japan_Dataset/hamada/gesture_etc-06-jiggle knee-hamada.pkl,150,0.5313791
Eyes_Japan_Dataset/hamada/gesture_etc-06-jiggle knee-hamada.pkl,151,0.5313791
Eyes_Japan_Dataset/hamada/gesture_etc-06-jiggle knee-hamada.pkl,152,0.5313791
Eyes_Japan_Dataset/hamada/gesture_etc-06-jiggle knee-hamada.pkl,153,0.5313791
Eyes_Japan_Dataset/hamada/gesture_etc-06-jiggle knee-hamada.pkl,154,0.5313791
Eyes_Japan_Dataset/hamada/gesture_etc-06-jiggle knee-hamada.pkl,155,0.5313791
Eyes_Japan_Dataset/hamada/gesture_etc-06-jiggle knee-hamada.pkl,156,0.5313791
Eyes_Japan_Dataset/hamada/gesture_etc-06-jiggle knee-hamada.pkl,157,0.5313791
Eyes_Japan_Dataset/hamada/gesture_etc-06-jiggle knee-hamada.pkl,158,0.5313791
Eyes_Japan_Dataset/hamada/gesture_etc-06-jiggle knee-hamada.pkl,159,0.5313791
Eyes_Japan_Dataset/hamada/gesture_etc-06-jiggle knee-hamada.pkl,160,0.5313791
Eyes_Japan_Dataset/hamada/gesture_etc-06-jiggle knee-hamada.pkl,161,0.5313791
Eyes_Japan_Dataset/hamada/gesture_etc-06-jiggle knee-hamada.pkl,162,0.5313791
Eyes_Japan_Dataset/hamada/gesture_etc-06-jiggle knee-hamada.pkl,163,0.5313791
Eyes_Japan_Dataset/hamada/sitdown_standup-04-chair elbow-hamada.pkl,113,0.53907794
Eyes_Japan_Dataset/hamada/sitdown_standup-04-chair elbow-hamada.pkl,510,0.5277481
Eyes_Japan_Dataset/hamada/sitdown_standup-04-chair elbow-hamada.pkl,511,0.5277481
Eyes_Japan_Dataset/hamada/sitdown_standup-04-chair elbow-hamada.pkl,512,0.5277481
Eyes_Japan_Dataset/hamada/sitdown_standup-04-chair elbow-hamada.pkl,513,0.5277481
Eyes_Japan_Dataset/hamada/sitdown_standup-04-chair elbow-hamada.pkl,514,0.5277481
Eyes_Japan_Dataset/hamada/sitdown_standup-04-chair elbow-hamada.pkl,515,0.5277481
Eyes_Japan_Dataset/hamada/sitdown_standup-04-chair elbow-hamada.pkl,516,0.5277481
Eyes_Japan_Dataset/hamada/sitdown_standup-04-chair elbow-hamada.pkl,517,0.5277481
Eyes_Japan_Dataset/hamada/sitdown_standup-04-chair elbow-hamada.pkl,520,0.5277481
Eyes_Japan_Dataset/hamada/sitdown_standup-04-chair elbow-hamada.pkl,521,0.5277481
Eyes_Japan_Dataset/hamada/sitdown_standup-04-chair elbow-hamada.pkl,522,0.5277481
Eyes_Japan_Dataset/hamada/sitdown_standup-14-hold chair-hamada.pkl,121,0.5369209
Eyes_Japan_Dataset/hamada/sitdown_standup-14-hold chair-hamada.pkl,122,0.5369209
Eyes_Japan_Dataset/hamada/sitdown_standup-14-hold chair-hamada.pkl,123,0.5369209
Eyes_Japan_Dataset/hamada/sitdown_standup-14-hold chair-hamada.pkl,124,0.5369209
Eyes_Japan_Dataset/hamada/sitdown_standup-14-hold chair-hamada.pkl,125,0.5369209
Eyes_Japan_Dataset/hamada/sitdown_standup-14-hold chair-hamada.pkl,126,0.5369209
Eyes_Japan_Dataset/hamada/sitdown_standup-14-hold chair-hamada.pkl,127,0.5369209
Eyes_Japan_Dataset/hamada/sitdown_standup-14-hold chair-hamada.pkl,128,0.5369209
Eyes_Japan_Dataset/hamada/sitdown_standup-14-hold chair-hamada.pkl,129,0.5369209
Eyes_Japan_Dataset/hamada/sitdown_standup-14-hold chair-hamada.pkl,130,0.5369209
Eyes_Japan_Dataset/hamada/sitdown_standup-14-hold chair-hamada.pkl,131,0.5369209
Eyes_Japan_Dataset/hamada/sitdown_standup-14-hold chair-hamada.pkl,132,0.5369209
Eyes_Japan_Dataset/hamada/sitdown_standup-14-hold chair-hamada.pkl,133,0.5369209
Eyes_Japan_Dataset/hamada/sitdown_standup-14-hold chair-hamada.pkl,134,0.5369209
Eyes_Japan_Dataset/hamada/sitdown_standup-14-hold chair-hamada.pkl,135,0.5369209
Eyes_Japan_Dataset/hamada/sitdown_standup-14-hold chair-hamada.pkl,136,0.5369209
Eyes_Japan_Dataset/hamada/sitdown_standup-14-hold chair-hamada.pkl,137,0.5369209
Eyes_Japan_Dataset/hamada/sitdown_standup-14-hold chair-hamada.pkl,138,0.5369209
Eyes_Japan_Dataset/hamada/sitdown_standup-14-hold chair-hamada.pkl,139,0.5369209
Eyes_Japan_Dataset/hamada/sitdown_standup-14-hold chair-hamada.pkl,140,0.5369209
Eyes_Japan_Dataset/hamada/sitdown_standup-14-hold chair-hamada.pkl,141,0.5369209
Eyes_Japan_Dataset/hamada/sitdown_standup-14-hold chair-hamada.pkl,142,0.5369209
Eyes_Japan_Dataset/hamada/sitdown_standup-14-hold chair-hamada.pkl,143,0.5369209
Eyes_Japan_Dataset/hamada/sitdown_standup-14-hold chair-hamada.pkl,144,0.5369209
Eyes_Japan_Dataset/hamada/sitdown_standup-14-hold chair-hamada.pkl,145,0.5369209
Eyes_Japan_Dataset/hamada/sitdown_standup-14-hold chair-hamada.pkl,146,0.5369209
Eyes_Japan_Dataset/hamada/sitdown_standup-14-hold chair-hamada.pkl,147,0.5369209
Eyes_Japan_Dataset/hamada/sitdown_standup-14-hold chair-hamada.pkl,148,0.5369209
Eyes_Japan_Dataset/hamada/sitdown_standup-14-hold chair-hamada.pkl,149,0.5369209
Eyes_Japan_Dataset/hamada/sitdown_standup-14-hold chair-hamada.pkl,150,0.5369209
Eyes_Japan_Dataset/hamada/sitdown_standup-14-hold chair-hamada.pkl,151,0.5369209
Eyes_Japan_Dataset/hamada/sitdown_standup-14-hold chair-hamada.pkl,152,0.5369209
Eyes_Japan_Dataset/hamada/sitdown_standup-14-hold chair-hamada.pkl,153,0.5369209
Eyes_Japan_Dataset/hamada/sitdown_standup-14-hold chair-hamada.pkl,154,0.5369209
Eyes_Japan_Dataset/hamada/sitdown_standup-14-hold chair-hamada.pkl,155,0.5369209
Eyes_Japan_Dataset/hamada/sitdown_standup-14-hold chair-hamada.pkl,156,0.5369209
Eyes_Japan_Dataset/hamada/sitdown_standup-14-hold chair-hamada.pkl,157,0.5369209
Eyes_Japan_Dataset/hamada/sitdown_standup-14-hold chair-hamada.pkl,158,0.5369209
Eyes_Japan_Dataset/hamada/sitdown_standup-14-hold chair-hamada.pkl,159,0.5369209
Eyes_Japan_Dataset/hamada/sitdown_standup-14-hold chair-hamada.pkl,160,0.5369209
Eyes_Japan_Dataset/hamada/sitdown_standup-14-hold chair-hamada.pkl,161,0.5369209
Eyes_Japan_Dataset/hamada/sitdown_standup-14-hold chair-hamada.pkl,162,0.5369209
Eyes_Japan_Dataset/hamada/sitdown_standup-14-hold chair-hamada.pkl,163,0.5369209
Eyes_Japan_Dataset/hamada/sitdown_standup-14-hold chair-hamada.pkl,164,0.5369209
Eyes_Japan_Dataset/hamada/sitdown_standup-14-hold chair-hamada.pkl,165,0.5369209
Eyes_Japan_Dataset/hamada/sitdown_standup-14-hold chair-hamada.pkl,166,0.5369209
Eyes_Japan_Dataset/hamada/sitdown_standup-14-hold chair-hamada.pkl,167,0.5369209
Eyes_Japan_Dataset/hamada/sitdown_standup-14-hold chair-hamada.pkl,168,0.5369209
Eyes_Japan_Dataset/hamada/sitdown_standup-14-hold chair-hamada.pkl,169,0.5369209
Eyes_Japan_Dataset/hamada/sitdown_standup-14-hold chair-hamada.pkl,170,0.5369209
Eyes_Japan_Dataset/hamada/sitdown_standup-14-hold chair-hamada.pkl,171,0.5369209
Eyes_Japan_Dataset/hamada/sitdown_standup-14-hold chair-hamada.pkl,172,0.5369209
Eyes_Japan_Dataset/hamada/sitdown_standup-14-hold chair-hamada.pkl,173,0.5369209
Eyes_Japan_Dataset/hamada/sitdown_standup-14-hold chair-hamada.pkl,174,0.5369209
Eyes_Japan_Dataset/hamada/sitdown_standup-14-hold chair-hamada.pkl,175,0.5369209
Eyes_Japan_Dataset/hamada/sitdown_standup-14-hold chair-hamada.pkl,176,0.5369209
Eyes_Japan_Dataset/hamada/sitdown_standup-14-hold chair-hamada.pkl,177,0.5369209
Eyes_Japan_Dataset/hamada/sitdown_standup-14-hold chair-hamada.pkl,178,0.5369209
Eyes_Japan_Dataset/hamada/sitdown_standup-14-hold chair-hamada.pkl,179,0.5369209
Eyes_Japan_Dataset/hamada/sitdown_standup-14-hold chair-hamada.pkl,180,0.5369209
Eyes_Japan_Dataset/hamada/sitdown_standup-14-hold chair-hamada.pkl,181,0.5369209
Eyes_Japan_Dataset/hamada/sitdown_standup-14-hold chair-hamada.pkl,182,0.5369209
Eyes_Japan_Dataset/hamada/sitdown_standup-14-hold chair-hamada.pkl,183,0.5369209
Eyes_Japan_Dataset/hamada/sitdown_standup-14-hold chair-hamada.pkl,184,0.5369209
Eyes_Japan_Dataset/hamada/sitdown_standup-14-hold chair-hamada.pkl,185,0.5369209
Eyes_Japan_Dataset/hamada/sitdown_standup-14-hold chair-hamada.pkl,186,0.5369209
Eyes_Japan_Dataset/hamada/sitdown_standup-14-hold chair-hamada.pkl,187,0.5369209
Eyes_Japan_Dataset/hamada/sitdown_standup-14-hold chair-hamada.pkl,188,0.5369209
Eyes_Japan_Dataset/hamada/sitdown_standup-14-hold chair-hamada.pkl,189,0.5369209
Eyes_Japan_Dataset/hamada/sitdown_standup-14-hold chair-hamada.pkl,190,0.5369209
Eyes_Japan_Dataset/hamada/sitdown_standup-14-hold chair-hamada.pkl,191,0.5369209
Eyes_Japan_Dataset/hamada/sitdown_standup-14-hold chair-hamada.pkl,192,0.5369209
Eyes_Japan_Dataset/hamada/sitdown_standup-14-hold chair-hamada.pkl,193,0.5369209
Eyes_Japan_Dataset/hamada/sitdown_standup-14-hold chair-hamada.pkl,194,0.5369209
Eyes_Japan_Dataset/hamada/sitdown_standup-14-hold chair-hamada.pkl,195,0.5369209
Eyes_Japan_Dataset/hamada/sitdown_standup-14-hold chair-hamada.pkl,196,0.5369209
Eyes_Japan_Dataset/hamada/sitdown_standup-14-hold chair-hamada.pkl,197,0.5369209
Eyes_Japan_Dataset/hamada/sitdown_standup-14-hold chair-hamada.pkl,198,0.5369209
Eyes_Japan_Dataset/hamada/sitdown_standup-14-hold chair-hamada.pkl,199,0.5369209
Eyes_Japan_Dataset/hamada/sitdown_standup-14-hold chair-hamada.pkl,200,0.5369209
Eyes_Japan_Dataset/hamada/sitdown_standup-14-hold chair-hamada.pkl,201,0.5369209
Eyes_Japan_Dataset/hamada/sitdown_standup-14-hold chair-hamada.pkl,202,0.5369209
Eyes_Japan_Dataset/hamada/sitdown_standup-14-hold chair-hamada.pkl,203,0.5369209
Eyes_Japan_Dataset/hamada/sitdown_standup-14-hold chair-hamada.pkl,204,0.5369209
Eyes_Japan_Dataset/hamada/sitdown_standup-14-hold chair-hamada.pkl,205,0.5369209
Eyes_Japan_Dataset/hamada/sitdown_standup-14-hold chair-hamada.pkl,206,0.5369209
Eyes_Japan_Dataset/hamada/sitdown_standup-14-hold chair-hamada.pkl,207,0.5369209
Eyes_Japan_Dataset/hamada/sitdown_standup-14-hold chair-hamada.pkl,208,0.5369209
Eyes_Japan_Dataset/hamada/sitdown_standup-14-hold chair-hamada.pkl,209,0.5369209
Eyes_Japan_Dataset/hamada/sitdown_standup-14-hold chair-hamada.pkl,210,0.5369209
Eyes_Japan_Dataset/hamada/sitdown_standup-14-hold chair-hamada.pkl,211,0.5369209
Eyes_Japan_Dataset/hamada/sitdown_standup-14-hold chair-hamada.pkl,212,0.5369209
Eyes_Japan_Dataset/hamada/sitdown_standup-14-hold chair-hamada.pkl,213,0.5369209
Eyes_Japan_Dataset/hamada/sitdown_standup-14-hold chair-hamada.pkl,214,0.5369209
Eyes_Japan_Dataset/hamada/sitdown_standup-14-hold chair-hamada.pkl,215,0.5369209
Eyes_Japan_Dataset/hamada/sitdown_standup-14-hold chair-hamada.pkl,216,0.5369209
Eyes_Japan_Dataset/hamada/sitdown_standup-14-hold chair-hamada.pkl,217,0.5369209
Eyes_Japan_Dataset/hamada/sitdown_standup-14-hold chair-hamada.pkl,218,0.5369209
Eyes_Japan_Dataset/hamada/sitdown_standup-14-hold chair-hamada.pkl,219,0.5369209
Eyes_Japan_Dataset/hamada/sitdown_standup-14-hold chair-hamada.pkl,220,0.5369209
Eyes_Japan_Dataset/hamada/sitdown_standup-14-hold chair-hamada.pkl,221,0.5369209
Eyes_Japan_Dataset/hamada/sitdown_standup-14-hold chair-hamada.pkl,222,0.5369209
Eyes_Japan_Dataset/hamada/sitdown_standup-14-hold chair-hamada.pkl,223,0.5369209
Eyes_Japan_Dataset/hamada/sitdown_standup-14-hold chair-hamada.pkl,224,0.5369209
Eyes_Japan_Dataset/hamada/sitdown_standup-14-hold chair-hamada.pkl,225,0.5369209
Eyes_Japan_Dataset/hamada/sitdown_standup-14-hold chair-hamada.pkl,226,0.5369209
Eyes_Japan_Dataset/hamada/sitdown_standup-14-hold chair-hamada.pkl,227,0.5369209
Eyes_Japan_Dataset/hamada/sitdown_standup-14-hold chair-hamada.pkl,228,0.5369209
Eyes_Japan_Dataset/hamada/sitdown_standup-14-hold chair-hamada.pkl,229,0.5369209
Eyes_Japan_Dataset/hamada/sitdown_standup-14-hold chair-hamada.pkl,230,0.5369209
Eyes_Japan_Dataset/hamada/sitdown_standup-14-hold chair-hamada.pkl,231,0.5369209
Eyes_Japan_Dataset/hamada/sitdown_standup-14-hold chair-hamada.pkl,232,0.5369209
Eyes_Japan_Dataset/hamada/sitdown_standup-14-hold chair-hamada.pkl,233,0.5369209
Eyes_Japan_Dataset/hamada/sitdown_standup-14-hold chair-hamada.pkl,234,0.5369209
Eyes_Japan_Dataset/hamada/sitdown_standup-14-hold chair-hamada.pkl,235,0.5369209
Eyes_Japan_Dataset/hamada/sitdown_standup-14-hold chair-hamada.pkl,236,0.5369209
Eyes_Japan_Dataset/hamada/sitdown_standup-14-hold chair-hamada.pkl,237,0.5369209
Eyes_Japan_Dataset/hamada/sitdown_standup-14-hold chair-hamada.pkl,238,0.5369209
Eyes_Japan_Dataset/hamada/sitdown_standup-14-hold chair-hamada.pkl,239,0.5369209
Eyes_Japan_Dataset/hamada/sitdown_standup-14-hold chair-hamada.pkl,240,0.5369209
Eyes_Japan_Dataset/hamada/sitdown_standup-14-hold chair-hamada.pkl,241,0.5369209
Eyes_Japan_Dataset/hamada/sitdown_standup-14-hold chair-hamada.pkl,242,0.5369209
Eyes_Japan_Dataset/hamada/sitdown_standup-14-hold chair-hamada.pkl,243,0.5369209
Eyes_Japan_Dataset/hamada/sitdown_standup-14-hold chair-hamada.pkl,244,0.5369209
Eyes_Japan_Dataset/hamada/sitdown_standup-14-hold chair-hamada.pkl,245,0.5369209
Eyes_Japan_Dataset/hamada/sitdown_standup-14-hold chair-hamada.pkl,246,0.5369209
Eyes_Japan_Dataset/hamada/sitdown_standup-14-hold chair-hamada.pkl,247,0.5369209
Eyes_Japan_Dataset/hamada/sitdown_standup-14-hold chair-hamada.pkl,248,0.5369209
Eyes_Japan_Dataset/hamada/sitdown_standup-14-hold chair-hamada.pkl,249,0.5369209
Eyes_Japan_Dataset/hamada/sitdown_standup-14-hold chair-hamada.pkl,250,0.5369209
Eyes_Japan_Dataset/hamada/sitdown_standup-14-hold chair-hamada.pkl,251,0.5369209
Eyes_Japan_Dataset/hamada/sitdown_standup-14-hold chair-hamada.pkl,252,0.5369209
Eyes_Japan_Dataset/hamada/sitdown_standup-14-hold chair-hamada.pkl,253,0.5369209
Eyes_Japan_Dataset/hamada/sitdown_standup-14-hold chair-hamada.pkl,254,0.5369209
Eyes_Japan_Dataset/hamada/sitdown_standup-14-hold chair-hamada.pkl,255,0.5369209
Eyes_Japan_Dataset/hamada/sitdown_standup-14-hold chair-hamada.pkl,256,0.5369209
Eyes_Japan_Dataset/hamada/sitdown_standup-14-hold chair-hamada.pkl,257,0.5369209
Eyes_Japan_Dataset/hamada/sitdown_standup-14-hold chair-hamada.pkl,258,0.5369209
Eyes_Japan_Dataset/hamada/sitdown_standup-14-hold chair-hamada.pkl,259,0.5369209
Eyes_Japan_Dataset/hamada/sitdown_standup-14-hold chair-hamada.pkl,260,0.5369209
Eyes_Japan_Dataset/hamada/sitdown_standup-14-hold chair-hamada.pkl,261,0.5369209
Eyes_Japan_Dataset/hamada/sitdown_standup-14-hold chair-hamada.pkl,262,0.5369209
Eyes_Japan_Dataset/hamada/sitdown_standup-14-hold chair-hamada.pkl,263,0.5369209
Eyes_Japan_Dataset/hamada/sitdown_standup-14-hold chair-hamada.pkl,264,0.5369209
Eyes_Japan_Dataset/hamada/sitdown_standup-14-hold chair-hamada.pkl,265,0.5369209
Eyes_Japan_Dataset/hamada/sitdown_standup-14-hold chair-hamada.pkl,266,0.5369209
Eyes_Japan_Dataset/hamada/sitdown_standup-14-hold chair-hamada.pkl,267,0.5369209
Eyes_Japan_Dataset/hamada/sitdown_standup-14-hold chair-hamada.pkl,268,0.5369209
Eyes_Japan_Dataset/hamada/sitdown_standup-14-hold chair-hamada.pkl,269,0.5369209
Eyes_Japan_Dataset/hamada/sitdown_standup-14-hold chair-hamada.pkl,270,0.5369209
Eyes_Japan_Dataset/hamada/sitdown_standup-14-hold chair-hamada.pkl,271,0.5369209
Eyes_Japan_Dataset/hamada/sitdown_standup-14-hold chair-hamada.pkl,272,0.5369209
Eyes_Japan_Dataset/hamada/sitdown_standup-14-hold chair-hamada.pkl,273,0.5369209
Eyes_Japan_Dataset/hamada/sitdown_standup-14-hold chair-hamada.pkl,274,0.5369209
Eyes_Japan_Dataset/hamada/sitdown_standup-14-hold chair-hamada.pkl,275,0.5369209
Eyes_Japan_Dataset/hamada/sitdown_standup-14-hold chair-hamada.pkl,276,0.5369209
Eyes_Japan_Dataset/hamada/sitdown_standup-14-hold chair-hamada.pkl,277,0.5369209
Eyes_Japan_Dataset/hamada/sitdown_standup-14-hold chair-hamada.pkl,278,0.5369209
Eyes_Japan_Dataset/hamada/sitdown_standup-14-hold chair-hamada.pkl,279,0.5369209
Eyes_Japan_Dataset/hamada/sitdown_standup-14-hold chair-hamada.pkl,280,0.5369209
Eyes_Japan_Dataset/hamada/sitdown_standup-14-hold chair-hamada.pkl,281,0.5369209
Eyes_Japan_Dataset/hamada/sitdown_standup-14-hold chair-hamada.pkl,282,0.5369209
Eyes_Japan_Dataset/hamada/sitdown_standup-14-hold chair-hamada.pkl,283,0.5369209
Eyes_Japan_Dataset/hamada/sitdown_standup-14-hold chair-hamada.pkl,284,0.5369209
Eyes_Japan_Dataset/hamada/sitdown_standup-14-hold chair-hamada.pkl,285,0.5369209
Eyes_Japan_Dataset/hamada/sitdown_standup-14-hold chair-hamada.pkl,286,0.5369209
Eyes_Japan_Dataset/hamada/sitdown_standup-14-hold chair-hamada.pkl,287,0.5369209
Eyes_Japan_Dataset/hamada/sitdown_standup-14-hold chair-hamada.pkl,288,0.5369209
Eyes_Japan_Dataset/hamada/sitdown_standup-14-hold chair-hamada.pkl,289,0.5369209
Eyes_Japan_Dataset/hamada/sitdown_standup-14-hold chair-hamada.pkl,290,0.5369209
Eyes_Japan_Dataset/hamada/sitdown_standup-14-hold chair-hamada.pkl,291,0.5369209
Eyes_Japan_Dataset/hamada/sitdown_standup-14-hold chair-hamada.pkl,292,0.5369209
Eyes_Japan_Dataset/hamada/sitdown_standup-14-hold chair-hamada.pkl,293,0.5369209
Eyes_Japan_Dataset/hamada/sitdown_standup-14-hold chair-hamada.pkl,294,0.5369209
Eyes_Japan_Dataset/hamada/sitdown_standup-14-hold chair-hamada.pkl,295,0.5369209
Eyes_Japan_Dataset/hamada/sitdown_standup-14-hold chair-hamada.pkl,296,0.5369209
Eyes_Japan_Dataset/hamada/sitdown_standup-14-hold chair-hamada.pkl,297,0.5369209
Eyes_Japan_Dataset/hamada/sitdown_standup-14-hold chair-hamada.pkl,298,0.5369209
Eyes_Japan_Dataset/hamada/sitdown_standup-14-hold chair-hamada.pkl,299,0.5369209
Eyes_Japan_Dataset/hamada/sitdown_standup-14-hold chair-hamada.pkl,300,0.5369209
Eyes_Japan_Dataset/hamada/sitdown_standup-14-hold chair-hamada.pkl,301,0.5369209
Eyes_Japan_Dataset/hamada/sitdown_standup-14-hold chair-hamada.pkl,302,0.5369209
Eyes_Japan_Dataset/hamada/sitdown_standup-14-hold chair-hamada.pkl,303,0.5369209
Eyes_Japan_Dataset/hamada/sitdown_standup-14-hold chair-hamada.pkl,304,0.5369209
Eyes_Japan_Dataset/hamada/sitdown_standup-14-hold chair-hamada.pkl,305,0.5369209
Eyes_Japan_Dataset/hamada/sitdown_standup-14-hold chair-hamada.pkl,306,0.5369209
Eyes_Japan_Dataset/hamada/sitdown_standup-14-hold chair-hamada.pkl,307,0.5369209
Eyes_Japan_Dataset/hamada/sitdown_standup-14-hold chair-hamada.pkl,308,0.5369209
Eyes_Japan_Dataset/hamada/sitdown_standup-14-hold chair-hamada.pkl,309,0.5369209
Eyes_Japan_Dataset/hamada/sitdown_standup-14-hold chair-hamada.pkl,310,0.5369209
Eyes_Japan_Dataset/hamada/sitdown_standup-14-hold chair-hamada.pkl,311,0.5369209
Eyes_Japan_Dataset/hamada/sitdown_standup-14-hold chair-hamada.pkl,312,0.5369209
Eyes_Japan_Dataset/hamada/sitdown_standup-14-hold chair-hamada.pkl,313,0.5369209
Eyes_Japan_Dataset/hamada/sitdown_standup-14-hold chair-hamada.pkl,314,0.5369209
Eyes_Japan_Dataset/hamada/sitdown_standup-14-hold chair-hamada.pkl,315,0.5369209
Eyes_Japan_Dataset/hamada/sitdown_standup-14-hold chair-hamada.pkl,316,0.5369209
Eyes_Japan_Dataset/hamada/sitdown_standup-14-hold chair-hamada.pkl,317,0.5369209
Eyes_Japan_Dataset/hamada/sitdown_standup-14-hold chair-hamada.pkl,318,0.5369209
Eyes_Japan_Dataset/hamada/sitdown_standup-14-hold chair-hamada.pkl,319,0.5369209
Eyes_Japan_Dataset/hamada/sitdown_standup-14-hold chair-hamada.pkl,320,0.5369209
Eyes_Japan_Dataset/hamada/sitdown_standup-14-hold chair-hamada.pkl,321,0.5369209
Eyes_Japan_Dataset/hamada/sitdown_standup-14-hold chair-hamada.pkl,322,0.5369209
Eyes_Japan_Dataset/hamada/sitdown_standup-14-hold chair-hamada.pkl,323,0.5369209
Eyes_Japan_Dataset/hamada/sitdown_standup-14-hold chair-hamada.pkl,324,0.5369209
Eyes_Japan_Dataset/hamada/sitdown_standup-14-hold chair-hamada.pkl,325,0.5369209
Eyes_Japan_Dataset/hamada/sitdown_standup-14-hold chair-hamada.pkl,326,0.5369209
Eyes_Japan_Dataset/hamada/sitdown_standup-14-hold chair-hamada.pkl,327,0.5369209
Eyes_Japan_Dataset/hamada/sitdown_standup-14-hold chair-hamada.pkl,328,0.5369209
Eyes_Japan_Dataset/hamada/sitdown_standup-14-hold chair-hamada.pkl,329,0.5369209
Eyes_Japan_Dataset/hamada/sitdown_standup-14-hold chair-hamada.pkl,330,0.5369209
Eyes_Japan_Dataset/hamada/sitdown_standup-14-hold chair-hamada.pkl,331,0.5369209
Eyes_Japan_Dataset/hamada/sitdown_standup-14-hold chair-hamada.pkl,332,0.5369209
Eyes_Japan_Dataset/hamada/sitdown_standup-14-hold chair-hamada.pkl,333,0.5369209
Eyes_Japan_Dataset/hamada/sitdown_standup-14-hold chair-hamada.pkl,334,0.5369209
Eyes_Japan_Dataset/hamada/sitdown_standup-14-hold chair-hamada.pkl,335,0.5369209
Eyes_Japan_Dataset/hamada/sitdown_standup-14-hold chair-hamada.pkl,336,0.5369209
Eyes_Japan_Dataset/hamada/sitdown_standup-14-hold chair-hamada.pkl,337,0.5369209
Eyes_Japan_Dataset/hamada/sitdown_standup-14-hold chair-hamada.pkl,338,0.5369209
Eyes_Japan_Dataset/hamada/sitdown_standup-14-hold chair-hamada.pkl,339,0.5369209
Eyes_Japan_Dataset/hamada/sitdown_standup-14-hold chair-hamada.pkl,340,0.5369209
Eyes_Japan_Dataset/hamada/sitdown_standup-14-hold chair-hamada.pkl,341,0.5369209
Eyes_Japan_Dataset/hamada/sitdown_standup-14-hold chair-hamada.pkl,342,0.5369209
Eyes_Japan_Dataset/hamada/sitdown_standup-14-hold chair-hamada.pkl,343,0.5369209
Eyes_Japan_Dataset/hamada/sitdown_standup-14-hold chair-hamada.pkl,344,0.5369209
Eyes_Japan_Dataset/hamada/sitdown_standup-14-hold chair-hamada.pkl,345,0.5369209
Eyes_Japan_Dataset/hamada/sitdown_standup-14-hold chair-hamada.pkl,346,0.5369209
Eyes_Japan_Dataset/hamada/sitdown_standup-14-hold chair-hamada.pkl,347,0.5369209
Eyes_Japan_Dataset/hamada/sitdown_standup-14-hold chair-hamada.pkl,348,0.5369209
Eyes_Japan_Dataset/hamada/sitdown_standup-14-hold chair-hamada.pkl,349,0.5369209
Eyes_Japan_Dataset/hamada/sitdown_standup-14-hold chair-hamada.pkl,350,0.5369209
Eyes_Japan_Dataset/hamada/sitdown_standup-14-hold chair-hamada.pkl,351,0.5369209
Eyes_Japan_Dataset/hamada/sitdown_standup-14-hold chair-hamada.pkl,352,0.5369209
Eyes_Japan_Dataset/hamada/sitdown_standup-14-hold chair-hamada.pkl,353,0.5369209
Eyes_Japan_Dataset/hamada/sitdown_standup-14-hold chair-hamada.pkl,354,0.5369209
Eyes_Japan_Dataset/hamada/sitdown_standup-14-hold chair-hamada.pkl,355,0.5369209
Eyes_Japan_Dataset/hamada/sitdown_standup-14-hold chair-hamada.pkl,356,0.5369209
Eyes_Japan_Dataset/hamada/sitdown_standup-14-hold chair-hamada.pkl,357,0.5369209
Eyes_Japan_Dataset/hamada/sitdown_standup-14-hold chair-hamada.pkl,358,0.5369209
Eyes_Japan_Dataset/hamada/sitdown_standup-14-hold chair-hamada.pkl,359,0.5369209
Eyes_Japan_Dataset/hamada/sitdown_standup-14-hold chair-hamada.pkl,360,0.5369209
Eyes_Japan_Dataset/hamada/sitdown_standup-14-hold chair-hamada.pkl,361,0.5369209
Eyes_Japan_Dataset/hamada/sitdown_standup-14-hold chair-hamada.pkl,362,0.5369209
Eyes_Japan_Dataset/hamada/sitdown_standup-14-hold chair-hamada.pkl,363,0.5369209
Eyes_Japan_Dataset/hamada/sitdown_standup-14-hold chair-hamada.pkl,364,0.5369209
Eyes_Japan_Dataset/hamada/sitdown_standup-14-hold chair-hamada.pkl,365,0.5369209
Eyes_Japan_Dataset/hamada/sitdown_standup-14-hold chair-hamada.pkl,366,0.5369209
Eyes_Japan_Dataset/hamada/sitdown_standup-14-hold chair-hamada.pkl,367,0.5369209
Eyes_Japan_Dataset/hamada/sitdown_standup-14-hold chair-hamada.pkl,368,0.5369209
Eyes_Japan_Dataset/hamada/sitdown_standup-14-hold chair-hamada.pkl,369,0.5369209
Eyes_Japan_Dataset/hamada/sitdown_standup-14-hold chair-hamada.pkl,370,0.5369209
Eyes_Japan_Dataset/hamada/sitdown_standup-14-hold chair-hamada.pkl,371,0.5369209
Eyes_Japan_Dataset/hamada/sitdown_standup-14-hold chair-hamada.pkl,372,0.5369209
Eyes_Japan_Dataset/hamada/sitdown_standup-14-hold chair-hamada.pkl,373,0.5369209
Eyes_Japan_Dataset/hamada/sitdown_standup-14-hold chair-hamada.pkl,374,0.5369209
Eyes_Japan_Dataset/hamada/sitdown_standup-14-hold chair-hamada.pkl,375,0.5369209
Eyes_Japan_Dataset/hamada/sitdown_standup-14-hold chair-hamada.pkl,376,0.5369209
Eyes_Japan_Dataset/hamada/sitdown_standup-14-hold chair-hamada.pkl,377,0.5369209
Eyes_Japan_Dataset/hamada/sitdown_standup-14-hold chair-hamada.pkl,378,0.5369209
Eyes_Japan_Dataset/hamada/sitdown_standup-14-hold chair-hamada.pkl,379,0.5369209
Eyes_Japan_Dataset/hamada/sitdown_standup-14-hold chair-hamada.pkl,380,0.5369209
Eyes_Japan_Dataset/hamada/sitdown_standup-14-hold chair-hamada.pkl,381,0.5369209
Eyes_Japan_Dataset/hamada/sitdown_standup-14-hold chair-hamada.pkl,382,0.5369209
Eyes_Japan_Dataset/hamada/sitdown_standup-14-hold chair-hamada.pkl,383,0.5369209
Eyes_Japan_Dataset/hamada/sitdown_standup-14-hold chair-hamada.pkl,384,0.5369209
Eyes_Japan_Dataset/hamada/sitdown_standup-14-hold chair-hamada.pkl,385,0.5369209
Eyes_Japan_Dataset/hamada/sitdown_standup-14-hold chair-hamada.pkl,386,0.5369209
Eyes_Japan_Dataset/hamada/sitdown_standup-14-hold chair-hamada.pkl,387,0.5369209
Eyes_Japan_Dataset/hamada/sitdown_standup-14-hold chair-hamada.pkl,388,0.5369209
Eyes_Japan_Dataset/hamada/sitdown_standup-14-hold chair-hamada.pkl,389,0.5369209
Eyes_Japan_Dataset/hamada/sitdown_standup-14-hold chair-hamada.pkl,390,0.5369209
Eyes_Japan_Dataset/hamada/sitdown_standup-14-hold chair-hamada.pkl,391,0.5369209
Eyes_Japan_Dataset/hamada/sitdown_standup-14-hold chair-hamada.pkl,392,0.5369209
Eyes_Japan_Dataset/hamada/sitdown_standup-14-hold chair-hamada.pkl,393,0.5369209
Eyes_Japan_Dataset/hamada/sitdown_standup-14-hold chair-hamada.pkl,394,0.5369209
Eyes_Japan_Dataset/hamada/sitdown_standup-14-hold chair-hamada.pkl,395,0.5369209
Eyes_Japan_Dataset/hamada/sitdown_standup-14-hold chair-hamada.pkl,396,0.5369209
Eyes_Japan_Dataset/hamada/sitdown_standup-14-hold chair-hamada.pkl,397,0.5369209
Eyes_Japan_Dataset/hamada/sitdown_standup-14-hold chair-hamada.pkl,398,0.5369209
Eyes_Japan_Dataset/hamada/sitdown_standup-14-hold chair-hamada.pkl,399,0.5369209
Eyes_Japan_Dataset/hamada/sitdown_standup-14-hold chair-hamada.pkl,400,0.5369209
Eyes_Japan_Dataset/hamada/sitdown_standup-14-hold chair-hamada.pkl,401,0.5369209
Eyes_Japan_Dataset/hamada/sitdown_standup-14-hold chair-hamada.pkl,402,0.5369209
Eyes_Japan_Dataset/hamada/sitdown_standup-14-hold chair-hamada.pkl,403,0.5369209
Eyes_Japan_Dataset/hamada/sitdown_standup-14-hold chair-hamada.pkl,404,0.5369209
Eyes_Japan_Dataset/hamada/sitdown_standup-14-hold chair-hamada.pkl,405,0.5369209
Eyes_Japan_Dataset/hamada/sitdown_standup-14-hold chair-hamada.pkl,406,0.5369209
Eyes_Japan_Dataset/hamada/sitdown_standup-14-hold chair-hamada.pkl,407,0.5369209
Eyes_Japan_Dataset/hamada/sitdown_standup-14-hold chair-hamada.pkl,408,0.5369209
Eyes_Japan_Dataset/hamada/sitdown_standup-14-hold chair-hamada.pkl,409,0.5369209
Eyes_Japan_Dataset/hamada/sitdown_standup-14-hold chair-hamada.pkl,410,0.5369209
Eyes_Japan_Dataset/hamada/sitdown_standup-14-hold chair-hamada.pkl,411,0.5369209
Eyes_Japan_Dataset/hamada/sitdown_standup-14-hold chair-hamada.pkl,412,0.5369209
Eyes_Japan_Dataset/hamada/sitdown_standup-14-hold chair-hamada.pkl,413,0.5369209
Eyes_Japan_Dataset/hamada/sitdown_standup-14-hold chair-hamada.pkl,414,0.5369209
Eyes_Japan_Dataset/hamada/sitdown_standup-14-hold chair-hamada.pkl,415,0.5369209
Eyes_Japan_Dataset/hamada/sitdown_standup-14-hold chair-hamada.pkl,416,0.5369209
Eyes_Japan_Dataset/hamada/sitdown_standup-14-hold chair-hamada.pkl,417,0.5369209
Eyes_Japan_Dataset/hamada/sitdown_standup-14-hold chair-hamada.pkl,418,0.5369209
Eyes_Japan_Dataset/hamada/sitdown_standup-14-hold chair-hamada.pkl,419,0.5369209
Eyes_Japan_Dataset/hamada/sitdown_standup-14-hold chair-hamada.pkl,420,0.5369209
Eyes_Japan_Dataset/hamada/sitdown_standup-14-hold chair-hamada.pkl,421,0.5369209
Eyes_Japan_Dataset/hamada/sitdown_standup-14-hold chair-hamada.pkl,422,0.5369209
Eyes_Japan_Dataset/hamada/sitdown_standup-14-hold chair-hamada.pkl,423,0.5369209
Eyes_Japan_Dataset/hamada/sitdown_standup-14-hold chair-hamada.pkl,424,0.5369209
Eyes_Japan_Dataset/hamada/sitdown_standup-14-hold chair-hamada.pkl,425,0.5369209
Eyes_Japan_Dataset/hamada/sitdown_standup-14-hold chair-hamada.pkl,426,0.5369209
Eyes_Japan_Dataset/hamada/sitdown_standup-14-hold chair-hamada.pkl,427,0.5369209
Eyes_Japan_Dataset/hamada/sitdown_standup-14-hold chair-hamada.pkl,428,0.5369209
Eyes_Japan_Dataset/hamada/sitdown_standup-14-hold chair-hamada.pkl,429,0.5369209
Eyes_Japan_Dataset/hamada/sitdown_standup-14-hold chair-hamada.pkl,430,0.5369209
Eyes_Japan_Dataset/hamada/sitdown_standup-14-hold chair-hamada.pkl,431,0.5369209
Eyes_Japan_Dataset/hamada/sitdown_standup-14-hold chair-hamada.pkl,432,0.5369209
Eyes_Japan_Dataset/hamada/sitdown_standup-14-hold chair-hamada.pkl,433,0.5369209
Eyes_Japan_Dataset/hamada/sitdown_standup-14-hold chair-hamada.pkl,434,0.5369209
Eyes_Japan_Dataset/hamada/sitdown_standup-14-hold chair-hamada.pkl,435,0.5369209
Eyes_Japan_Dataset/hamada/sitdown_standup-14-hold chair-hamada.pkl,436,0.5369209
Eyes_Japan_Dataset/hamada/sitdown_standup-14-hold chair-hamada.pkl,437,0.5369209
Eyes_Japan_Dataset/hamada/sitdown_standup-14-hold chair-hamada.pkl,438,0.5369209
Eyes_Japan_Dataset/hamada/sitdown_standup-14-hold chair-hamada.pkl,439,0.5369209
Eyes_Japan_Dataset/hamada/sitdown_standup-14-hold chair-hamada.pkl,440,0.5369209
Eyes_Japan_Dataset/hamada/sitdown_standup-14-hold chair-hamada.pkl,441,0.5369209
Eyes_Japan_Dataset/hamada/sitdown_standup-14-hold chair-hamada.pkl,442,0.5369209
Eyes_Japan_Dataset/hamada/sitdown_standup-14-hold chair-hamada.pkl,443,0.5369209
Eyes_Japan_Dataset/hamada/sitdown_standup-14-hold chair-hamada.pkl,444,0.5369209
Eyes_Japan_Dataset/hamada/sitdown_standup-14-hold chair-hamada.pkl,445,0.5369209
Eyes_Japan_Dataset/hamada/sitdown_standup-14-hold chair-hamada.pkl,446,0.5369209
Eyes_Japan_Dataset/hamada/sitdown_standup-14-hold chair-hamada.pkl,447,0.5369209
Eyes_Japan_Dataset/hamada/sitdown_standup-14-hold chair-hamada.pkl,448,0.5369209
Eyes_Japan_Dataset/hamada/sitdown_standup-14-hold chair-hamada.pkl,449,0.5369209
Eyes_Japan_Dataset/hamada/sitdown_standup-14-hold chair-hamada.pkl,450,0.5369209
Eyes_Japan_Dataset/hamada/sitdown_standup-14-hold chair-hamada.pkl,451,0.5369209
Eyes_Japan_Dataset/hamada/sitdown_standup-14-hold chair-hamada.pkl,452,0.5369209
Eyes_Japan_Dataset/hamada/sitdown_standup-14-hold chair-hamada.pkl,453,0.5369209
Eyes_Japan_Dataset/hamada/sitdown_standup-14-hold chair-hamada.pkl,454,0.5369209
Eyes_Japan_Dataset/hamada/sitdown_standup-14-hold chair-hamada.pkl,455,0.5369209
Eyes_Japan_Dataset/hamada/sitdown_standup-14-hold chair-hamada.pkl,456,0.5369209
Eyes_Japan_Dataset/hamada/sitdown_standup-14-hold chair-hamada.pkl,457,0.5369209
Eyes_Japan_Dataset/hamada/sitdown_standup-14-hold chair-hamada.pkl,458,0.5369209
Eyes_Japan_Dataset/hamada/sitdown_standup-14-hold chair-hamada.pkl,459,0.5369209
Eyes_Japan_Dataset/hamada/sitdown_standup-14-hold chair-hamada.pkl,460,0.5369209
Eyes_Japan_Dataset/hamada/sitdown_standup-14-hold chair-hamada.pkl,461,0.5369209
Eyes_Japan_Dataset/hamada/sitdown_standup-14-hold chair-hamada.pkl,462,0.5369209
Eyes_Japan_Dataset/hamada/sitdown_standup-14-hold chair-hamada.pkl,463,0.5369209
Eyes_Japan_Dataset/hamada/sitdown_standup-14-hold chair-hamada.pkl,464,0.5369209
Eyes_Japan_Dataset/hamada/sitdown_standup-14-hold chair-hamada.pkl,465,0.5369209
Eyes_Japan_Dataset/hamada/sitdown_standup-14-hold chair-hamada.pkl,466,0.5369209
Eyes_Japan_Dataset/hamada/sitdown_standup-14-hold chair-hamada.pkl,467,0.5369209
Eyes_Japan_Dataset/hamada/sitdown_standup-14-hold chair-hamada.pkl,468,0.5369209
Eyes_Japan_Dataset/hamada/sitdown_standup-14-hold chair-hamada.pkl,469,0.5369209
Eyes_Japan_Dataset/hamada/sitdown_standup-14-hold chair-hamada.pkl,470,0.5369209
Eyes_Japan_Dataset/hamada/sitdown_standup-14-hold chair-hamada.pkl,471,0.5369209
Eyes_Japan_Dataset/hamada/sitdown_standup-14-hold chair-hamada.pkl,472,0.5369209
Eyes_Japan_Dataset/hamada/sitdown_standup-14-hold chair-hamada.pkl,473,0.5369209
Eyes_Japan_Dataset/hamada/sitdown_standup-14-hold chair-hamada.pkl,474,0.5369209
Eyes_Japan_Dataset/hamada/sitdown_standup-14-hold chair-hamada.pkl,475,0.5369209
Eyes_Japan_Dataset/hamada/sitdown_standup-14-hold chair-hamada.pkl,476,0.5369209
Eyes_Japan_Dataset/hamada/sitdown_standup-14-hold chair-hamada.pkl,477,0.5369209
Eyes_Japan_Dataset/hamada/sitdown_standup-14-hold chair-hamada.pkl,478,0.5369209
Eyes_Japan_Dataset/hamada/sitdown_standup-14-hold chair-hamada.pkl,479,0.5369209
Eyes_Japan_Dataset/hamada/sitdown_standup-14-hold chair-hamada.pkl,480,0.5369209
Eyes_Japan_Dataset/hamada/sitdown_standup-14-hold chair-hamada.pkl,481,0.5369209
Eyes_Japan_Dataset/hamada/sitdown_standup-14-hold chair-hamada.pkl,482,0.5369209
Eyes_Japan_Dataset/hamada/sitdown_standup-14-hold chair-hamada.pkl,483,0.5369209
Eyes_Japan_Dataset/hamada/sitdown_standup-14-hold chair-hamada.pkl,484,0.5369209
Eyes_Japan_Dataset/hamada/sitdown_standup-14-hold chair-hamada.pkl,485,0.5369209
Eyes_Japan_Dataset/hamada/sitdown_standup-14-hold chair-hamada.pkl,486,0.5369209
Eyes_Japan_Dataset/hamada/sitdown_standup-14-hold chair-hamada.pkl,487,0.5369209
Eyes_Japan_Dataset/hamada/sitdown_standup-14-hold chair-hamada.pkl,488,0.5369209
Eyes_Japan_Dataset/hamada/sitdown_standup-14-hold chair-hamada.pkl,489,0.5369209
Eyes_Japan_Dataset/hamada/sitdown_standup-14-hold chair-hamada.pkl,490,0.5369209
Eyes_Japan_Dataset/hamada/sitdown_standup-14-hold chair-hamada.pkl,491,0.5369209
Eyes_Japan_Dataset/hamada/sitdown_standup-14-hold chair-hamada.pkl,492,0.5369209
Eyes_Japan_Dataset/hamada/sitdown_standup-14-hold chair-hamada.pkl,493,0.5369209
Eyes_Japan_Dataset/hamada/sitdown_standup-14-hold chair-hamada.pkl,494,0.5369209
Eyes_Japan_Dataset/hamada/sitdown_standup-14-hold chair-hamada.pkl,495,0.5369209
Eyes_Japan_Dataset/hamada/sitdown_standup-14-hold chair-hamada.pkl,496,0.5369209
Eyes_Japan_Dataset/hamada/sitdown_standup-14-hold chair-hamada.pkl,497,0.5369209
Eyes_Japan_Dataset/hamada/sitdown_standup-14-hold chair-hamada.pkl,498,0.5369209
Eyes_Japan_Dataset/hamada/sitdown_standup-14-hold chair-hamada.pkl,499,0.5369209
Eyes_Japan_Dataset/hamada/sitdown_standup-14-hold chair-hamada.pkl,500,0.5369209
Eyes_Japan_Dataset/hamada/sitdown_standup-14-hold chair-hamada.pkl,501,0.5369209
Eyes_Japan_Dataset/hamada/sitdown_standup-14-hold chair-hamada.pkl,502,0.5369209
Eyes_Japan_Dataset/hamada/sitdown_standup-14-hold chair-hamada.pkl,503,0.5369209
Eyes_Japan_Dataset/hamada/sitdown_standup-14-hold chair-hamada.pkl,504,0.5369209
Eyes_Japan_Dataset/hamada/sitdown_standup-14-hold chair-hamada.pkl,505,0.5369209
Eyes_Japan_Dataset/hamada/sitdown_standup-14-hold chair-hamada.pkl,506,0.5369209
Eyes_Japan_Dataset/hamada/sitdown_standup-14-hold chair-hamada.pkl,507,0.5369209
Eyes_Japan_Dataset/hamada/sitdown_standup-14-hold chair-hamada.pkl,508,0.5369209
Eyes_Japan_Dataset/hamada/sitdown_standup-14-hold chair-hamada.pkl,509,0.5369209
Eyes_Japan_Dataset/hamada/sitdown_standup-14-hold chair-hamada.pkl,510,0.5369209
Eyes_Japan_Dataset/hamada/sitdown_standup-14-hold chair-hamada.pkl,511,0.5369209
Eyes_Japan_Dataset/hamada/sitdown_standup-14-hold chair-hamada.pkl,512,0.5369209
Eyes_Japan_Dataset/hamada/sitdown_standup-14-hold chair-hamada.pkl,513,0.5369209
Eyes_Japan_Dataset/hamada/sitdown_standup-14-hold chair-hamada.pkl,514,0.5369209
Eyes_Japan_Dataset/hamada/sitdown_standup-14-hold chair-hamada.pkl,515,0.5369209
Eyes_Japan_Dataset/hamada/sitdown_standup-14-hold chair-hamada.pkl,516,0.5369209
Eyes_Japan_Dataset/hamada/sitdown_standup-14-hold chair-hamada.pkl,517,0.5369209
Eyes_Japan_Dataset/hamada/sitdown_standup-14-hold chair-hamada.pkl,518,0.5369209
Eyes_Japan_Dataset/hamada/sitdown_standup-14-hold chair-hamada.pkl,519,0.5369209
Eyes_Japan_Dataset/hamada/sitdown_standup-14-hold chair-hamada.pkl,520,0.5369209
Eyes_Japan_Dataset/hamada/sitdown_standup-14-hold chair-hamada.pkl,521,0.5369209
Eyes_Japan_Dataset/hamada/sitdown_standup-14-hold chair-hamada.pkl,522,0.5369209
Eyes_Japan_Dataset/hamada/sitdown_standup-14-hold chair-hamada.pkl,523,0.5369209
Eyes_Japan_Dataset/hamada/sitdown_standup-14-hold chair-hamada.pkl,524,0.5369209
Eyes_Japan_Dataset/hamada/sitdown_standup-14-hold chair-hamada.pkl,525,0.5369209
Eyes_Japan_Dataset/hamada/sitdown_standup-14-hold chair-hamada.pkl,526,0.5369209
Eyes_Japan_Dataset/hamada/sitdown_standup-14-hold chair-hamada.pkl,527,0.5369209
Eyes_Japan_Dataset/hamada/sitdown_standup-14-hold chair-hamada.pkl,528,0.5369209
Eyes_Japan_Dataset/hamada/sitdown_standup-14-hold chair-hamada.pkl,529,0.5369209
Eyes_Japan_Dataset/hamada/sitdown_standup-14-hold chair-hamada.pkl,530,0.5369209
Eyes_Japan_Dataset/hamada/sitdown_standup-14-hold chair-hamada.pkl,531,0.5369209
Eyes_Japan_Dataset/hamada/sitdown_standup-14-hold chair-hamada.pkl,532,0.5369209
Eyes_Japan_Dataset/hamada/sitdown_standup-14-hold chair-hamada.pkl,533,0.5369209
Eyes_Japan_Dataset/hamada/sitdown_standup-14-hold chair-hamada.pkl,534,0.5369209
Eyes_Japan_Dataset/hamada/sitdown_standup-14-hold chair-hamada.pkl,535,0.5369209
Eyes_Japan_Dataset/hamada/sitdown_standup-14-hold chair-hamada.pkl,536,0.5369209
Eyes_Japan_Dataset/hamada/sitdown_standup-14-hold chair-hamada.pkl,537,0.5369209
Eyes_Japan_Dataset/hamada/sitdown_standup-14-hold chair-hamada.pkl,538,0.5369209
Eyes_Japan_Dataset/hamada/sitdown_standup-14-hold chair-hamada.pkl,539,0.5369209
Eyes_Japan_Dataset/hamada/sitdown_standup-14-hold chair-hamada.pkl,540,0.5369209
Eyes_Japan_Dataset/hamada/sitdown_standup-14-hold chair-hamada.pkl,541,0.5369209
Eyes_Japan_Dataset/hamada/sitdown_standup-14-hold chair-hamada.pkl,542,0.5369209
Eyes_Japan_Dataset/hamada/sitdown_standup-14-hold chair-hamada.pkl,543,0.5369209
Eyes_Japan_Dataset/hamada/sitdown_standup-14-hold chair-hamada.pkl,544,0.5369209
Eyes_Japan_Dataset/hamada/sitdown_standup-14-hold chair-hamada.pkl,545,0.5369209
Eyes_Japan_Dataset/hamada/sitdown_standup-14-hold chair-hamada.pkl,546,0.5369209
Eyes_Japan_Dataset/hamada/sitdown_standup-14-hold chair-hamada.pkl,547,0.5369209
Eyes_Japan_Dataset/hamada/sitdown_standup-14-hold chair-hamada.pkl,548,0.5369209
Eyes_Japan_Dataset/hamada/sitdown_standup-14-hold chair-hamada.pkl,549,0.5369209
Eyes_Japan_Dataset/hamada/sitdown_standup-14-hold chair-hamada.pkl,550,0.5369209
Eyes_Japan_Dataset/hamada/sitdown_standup-14-hold chair-hamada.pkl,551,0.5369209
Eyes_Japan_Dataset/hamada/sitdown_standup-14-hold chair-hamada.pkl,552,0.5369209
Eyes_Japan_Dataset/hamada/sitdown_standup-14-hold chair-hamada.pkl,553,0.5369209
Eyes_Japan_Dataset/hamada/sitdown_standup-14-hold chair-hamada.pkl,554,0.5369209
Eyes_Japan_Dataset/hamada/sitdown_standup-14-hold chair-hamada.pkl,555,0.5369209
Eyes_Japan_Dataset/hamada/sitdown_standup-14-hold chair-hamada.pkl,556,0.5369209
Eyes_Japan_Dataset/hamada/sitdown_standup-14-hold chair-hamada.pkl,557,0.5369209
Eyes_Japan_Dataset/hamada/sitdown_standup-14-hold chair-hamada.pkl,558,0.5369209
Eyes_Japan_Dataset/hamada/sitdown_standup-14-hold chair-hamada.pkl,559,0.5369209
Eyes_Japan_Dataset/hamada/sitdown_standup-14-hold chair-hamada.pkl,560,0.5369209
Eyes_Japan_Dataset/hamada/sitdown_standup-14-hold chair-hamada.pkl,561,0.5369209
Eyes_Japan_Dataset/hamada/sitdown_standup-14-hold chair-hamada.pkl,562,0.5369209
Eyes_Japan_Dataset/hamada/sitdown_standup-14-hold chair-hamada.pkl,563,0.5369209
Eyes_Japan_Dataset/hamada/sitdown_standup-14-hold chair-hamada.pkl,564,0.5369209
Eyes_Japan_Dataset/hamada/sitdown_standup-14-hold chair-hamada.pkl,565,0.5369209
Eyes_Japan_Dataset/hamada/sitdown_standup-14-hold chair-hamada.pkl,566,0.5369209
Eyes_Japan_Dataset/hamada/sitdown_standup-14-hold chair-hamada.pkl,567,0.5369209
Eyes_Japan_Dataset/hamada/sitdown_standup-14-hold chair-hamada.pkl,568,0.5369209
Eyes_Japan_Dataset/hamada/sitdown_standup-14-hold chair-hamada.pkl,569,0.5369209
Eyes_Japan_Dataset/hamada/sitdown_standup-14-hold chair-hamada.pkl,570,0.5369209
Eyes_Japan_Dataset/hamada/sitdown_standup-14-hold chair-hamada.pkl,571,0.5369209
Eyes_Japan_Dataset/hamada/sitdown_standup-14-hold chair-hamada.pkl,572,0.5369209
Eyes_Japan_Dataset/hamada/sitdown_standup-14-hold chair-hamada.pkl,573,0.5369209
Eyes_Japan_Dataset/hamada/sitdown_standup-14-hold chair-hamada.pkl,574,0.5369209
Eyes_Japan_Dataset/hamada/sitdown_standup-14-hold chair-hamada.pkl,575,0.5369209
Eyes_Japan_Dataset/hamada/sitdown_standup-14-hold chair-hamada.pkl,576,0.5369209
Eyes_Japan_Dataset/hamada/sitdown_standup-14-hold chair-hamada.pkl,577,0.5369209
Eyes_Japan_Dataset/hamada/sitdown_standup-14-hold chair-hamada.pkl,578,0.5369209
Eyes_Japan_Dataset/hamada/sitdown_standup-14-hold chair-hamada.pkl,579,0.5369209
Eyes_Japan_Dataset/hamada/sitdown_standup-14-hold chair-hamada.pkl,580,0.5369209
Eyes_Japan_Dataset/hamada/sitdown_standup-14-hold chair-hamada.pkl,581,0.5369209
Eyes_Japan_Dataset/hamada/sitdown_standup-14-hold chair-hamada.pkl,582,0.5369209
Eyes_Japan_Dataset/hamada/sitdown_standup-14-hold chair-hamada.pkl,583,0.5369209
Eyes_Japan_Dataset/hamada/sitdown_standup-14-hold chair-hamada.pkl,584,0.5369209
Eyes_Japan_Dataset/hamada/sitdown_standup-14-hold chair-hamada.pkl,585,0.5369209
Eyes_Japan_Dataset/hamada/sitdown_standup-14-hold chair-hamada.pkl,586,0.5369209
Eyes_Japan_Dataset/hamada/sitdown_standup-14-hold chair-hamada.pkl,587,0.5369209
Eyes_Japan_Dataset/hamada/sitdown_standup-14-hold chair-hamada.pkl,588,0.5369209
Eyes_Japan_Dataset/hamada/sitdown_standup-14-hold chair-hamada.pkl,589,0.5369209
Eyes_Japan_Dataset/hamada/sitdown_standup-14-hold chair-hamada.pkl,590,0.5369209
Eyes_Japan_Dataset/hamada/sitdown_standup-14-hold chair-hamada.pkl,591,0.5369209
Eyes_Japan_Dataset/hamada/sitdown_standup-14-hold chair-hamada.pkl,592,0.5369209
Eyes_Japan_Dataset/hamada/sitdown_standup-14-hold chair-hamada.pkl,593,0.5369209
Eyes_Japan_Dataset/hamada/sitdown_standup-14-hold chair-hamada.pkl,594,0.5369209
Eyes_Japan_Dataset/hamada/sitdown_standup-14-hold chair-hamada.pkl,595,0.5369209
Eyes_Japan_Dataset/hamada/sitdown_standup-14-hold chair-hamada.pkl,596,0.5369209
Eyes_Japan_Dataset/hamada/sitdown_standup-14-hold chair-hamada.pkl,597,0.5369209
Eyes_Japan_Dataset/hamada/sitdown_standup-14-hold chair-hamada.pkl,598,0.5369209
Eyes_Japan_Dataset/hamada/sitdown_standup-14-hold chair-hamada.pkl,599,0.5369209
Eyes_Japan_Dataset/hamada/sitdown_standup-14-hold chair-hamada.pkl,600,0.5369209
Eyes_Japan_Dataset/hamada/sitdown_standup-14-hold chair-hamada.pkl,601,0.5369209
Eyes_Japan_Dataset/hamada/sitdown_standup-14-hold chair-hamada.pkl,602,0.5369209
Eyes_Japan_Dataset/hamada/sitdown_standup-14-hold chair-hamada.pkl,603,0.5369209
Eyes_Japan_Dataset/hamada/sitdown_standup-14-hold chair-hamada.pkl,604,0.5369209
Eyes_Japan_Dataset/kanno/sitdown_standup-01-impolite-kanno.pkl,337,0.53331983
Eyes_Japan_Dataset/kanno/sitdown_standup-01-impolite-kanno.pkl,338,0.53331983
Eyes_Japan_Dataset/kanno/sitdown_standup-01-impolite-kanno.pkl,339,0.53331983
Eyes_Japan_Dataset/kanno/sitdown_standup-01-impolite-kanno.pkl,340,0.53331983
Eyes_Japan_Dataset/kanno/sitdown_standup-03-chair back-kanno.pkl,115,0.55106455
Eyes_Japan_Dataset/kanno/sitdown_standup-03-chair back-kanno.pkl,116,0.55106455
Eyes_Japan_Dataset/kanno/sitdown_standup-13-applause-kanno.pkl,103,0.53419566
Eyes_Japan_Dataset/kanno/sitdown_standup-13-applause-kanno.pkl,104,0.53419566
Eyes_Japan_Dataset/kanno/sitdown_standup-13-applause-kanno.pkl,105,0.53419566
Eyes_Japan_Dataset/kanno/sitdown_standup-13-applause-kanno.pkl,106,0.53419566
Eyes_Japan_Dataset/kanno/sitdown_standup-13-applause-kanno.pkl,107,0.53419566
Eyes_Japan_Dataset/kanno/sitdown_standup-13-applause-kanno.pkl,108,0.53419566
Eyes_Japan_Dataset/kanno/sitdown_standup-13-applause-kanno.pkl,109,0.53419566
Eyes_Japan_Dataset/kanno/sitdown_standup-13-applause-kanno.pkl,110,0.53419566
Eyes_Japan_Dataset/kanno/sitdown_standup-13-applause-kanno.pkl,111,0.53419566
Eyes_Japan_Dataset/kanno/sitdown_standup-13-applause-kanno.pkl,112,0.53419566
Eyes_Japan_Dataset/kanno/sitdown_standup-13-applause-kanno.pkl,113,0.53419566
Eyes_Japan_Dataset/kanno/sitdown_standup-13-applause-kanno.pkl,114,0.53419566
Eyes_Japan_Dataset/kanno/sitdown_standup-13-applause-kanno.pkl,115,0.53419566
Eyes_Japan_Dataset/kanno/sitdown_standup-13-applause-kanno.pkl,116,0.53419566
Eyes_Japan_Dataset/kanno/sitdown_standup-13-applause-kanno.pkl,117,0.53419566
Eyes_Japan_Dataset/kanno/sitdown_standup-13-applause-kanno.pkl,118,0.53419566
Eyes_Japan_Dataset/kanno/sitdown_standup-13-applause-kanno.pkl,119,0.53419566
Eyes_Japan_Dataset/kanno/sitdown_standup-13-applause-kanno.pkl,120,0.53419566
Eyes_Japan_Dataset/kanno/sitdown_standup-13-applause-kanno.pkl,121,0.53419566
Eyes_Japan_Dataset/kanno/sitdown_standup-13-applause-kanno.pkl,122,0.53419566
Eyes_Japan_Dataset/kanno/sitdown_standup-13-applause-kanno.pkl,123,0.53419566
Eyes_Japan_Dataset/kanno/sitdown_standup-13-applause-kanno.pkl,124,0.53419566
Eyes_Japan_Dataset/kudo/gesture_etc-19-fold legs-kudo.pkl,152,0.57288176
Eyes_Japan_Dataset/kudo/gesture_etc-19-fold legs-kudo.pkl,153,0.57288176
Eyes_Japan_Dataset/kudo/gesture_etc-19-fold legs-kudo.pkl,154,0.57288176
Eyes_Japan_Dataset/kudo/gesture_etc-19-fold legs-kudo.pkl,155,0.57288176
Eyes_Japan_Dataset/kudo/gesture_etc-19-fold legs-kudo.pkl,156,0.57288176
Eyes_Japan_Dataset/kudo/gesture_etc-19-fold legs-kudo.pkl,167,0.57288176
Eyes_Japan_Dataset/kudo/gesture_etc-19-fold legs-kudo.pkl,169,0.57288176
Eyes_Japan_Dataset/kudo/gesture_etc-19-fold legs-kudo.pkl,170,0.57288176
Eyes_Japan_Dataset/kudo/gesture_etc-19-fold legs-kudo.pkl,171,0.57288176
Eyes_Japan_Dataset/kudo/gesture_etc-19-fold legs-kudo.pkl,172,0.57288176
Eyes_Japan_Dataset/takiguchi/gesture_etc-20-swing chair-takiguchi.pkl,237,0.49657547
Eyes_Japan_Dataset/takiguchi/gesture_etc-20-swing chair-takiguchi.pkl,238,0.49657547
Eyes_Japan_Dataset/takiguchi/gesture_etc-20-swing chair-takiguchi.pkl,239,0.49657547
Eyes_Japan_Dataset/takiguchi/gesture_etc-20-swing chair-takiguchi.pkl,240,0.49657547
Eyes_Japan_Dataset/takiguchi/gesture_etc-20-swing chair-takiguchi.pkl,241,0.49657547
Eyes_Japan_Dataset/takiguchi/gesture_etc-20-swing chair-takiguchi.pkl,242,0.49657547
Eyes_Japan_Dataset/takiguchi/gesture_etc-20-swing chair-takiguchi.pkl,243,0.49657547
Eyes_Japan_Dataset/takiguchi/gesture_etc-20-swing chair-takiguchi.pkl,244,0.49657547
Eyes_Japan_Dataset/takiguchi/gesture_etc-20-swing chair-takiguchi.pkl,245,0.49657547
Eyes_Japan_Dataset/takiguchi/gesture_etc-20-swing chair-takiguchi.pkl,246,0.49657547
Eyes_Japan_Dataset/takiguchi/gesture_etc-20-swing chair-takiguchi.pkl,247,0.49657547
Eyes_Japan_Dataset/takiguchi/gesture_etc-20-swing chair-takiguchi.pkl,248,0.49657547
Eyes_Japan_Dataset/takiguchi/gesture_etc-20-swing chair-takiguchi.pkl,249,0.49657547
Eyes_Japan_Dataset/takiguchi/gesture_etc-20-swing chair-takiguchi.pkl,250,0.49657547
Eyes_Japan_Dataset/takiguchi/gesture_etc-20-swing chair-takiguchi.pkl,251,0.49657547
Eyes_Japan_Dataset/takiguchi/gesture_etc-20-swing chair-takiguchi.pkl,252,0.49657547
Eyes_Japan_Dataset/takiguchi/gesture_etc-20-swing chair-takiguchi.pkl,253,0.49657547
Eyes_Japan_Dataset/takiguchi/gesture_etc-20-swing chair-takiguchi.pkl,254,0.49657547
Eyes_Japan_Dataset/takiguchi/gesture_etc-20-swing chair-takiguchi.pkl,255,0.49657547
Eyes_Japan_Dataset/takiguchi/gesture_etc-20-swing chair-takiguchi.pkl,256,0.49657547
Eyes_Japan_Dataset/takiguchi/gesture_etc-20-swing chair-takiguchi.pkl,257,0.49657547
Eyes_Japan_Dataset/takiguchi/gesture_etc-20-swing chair-takiguchi.pkl,258,0.49657547
Eyes_Japan_Dataset/takiguchi/gesture_etc-20-swing chair-takiguchi.pkl,259,0.49657547
Eyes_Japan_Dataset/takiguchi/gesture_etc-20-swing chair-takiguchi.pkl,260,0.49657547
Eyes_Japan_Dataset/takiguchi/gesture_etc-20-swing chair-takiguchi.pkl,261,0.49657547
Eyes_Japan_Dataset/takiguchi/gesture_etc-20-swing chair-takiguchi.pkl,262,0.49657547
Eyes_Japan_Dataset/takiguchi/gesture_etc-20-swing chair-takiguchi.pkl,263,0.49657547
Eyes_Japan_Dataset/takiguchi/gesture_etc-20-swing chair-takiguchi.pkl,264,0.49657547
Eyes_Japan_Dataset/takiguchi/gesture_etc-20-swing chair-takiguchi.pkl,265,0.49657547
Eyes_Japan_Dataset/takiguchi/gesture_etc-20-swing chair-takiguchi.pkl,266,0.49657547
Eyes_Japan_Dataset/takiguchi/gesture_etc-20-swing chair-takiguchi.pkl,267,0.49657547
Eyes_Japan_Dataset/takiguchi/gesture_etc-20-swing chair-takiguchi.pkl,268,0.49657547
Eyes_Japan_Dataset/takiguchi/gesture_etc-20-swing chair-takiguchi.pkl,269,0.49657547
Eyes_Japan_Dataset/takiguchi/gesture_etc-20-swing chair-takiguchi.pkl,270,0.49657547
Eyes_Japan_Dataset/takiguchi/gesture_etc-20-swing chair-takiguchi.pkl,271,0.49657547
Eyes_Japan_Dataset/takiguchi/gesture_etc-20-swing chair-takiguchi.pkl,272,0.49657547
Eyes_Japan_Dataset/takiguchi/gesture_etc-20-swing chair-takiguchi.pkl,273,0.49657547
Eyes_Japan_Dataset/takiguchi/gesture_etc-20-swing chair-takiguchi.pkl,274,0.49657547
Eyes_Japan_Dataset/takiguchi/gesture_etc-20-swing chair-takiguchi.pkl,275,0.49657547
Eyes_Japan_Dataset/takiguchi/gesture_etc-20-swing chair-takiguchi.pkl,276,0.49657547
Eyes_Japan_Dataset/takiguchi/gesture_etc-20-swing chair-takiguchi.pkl,277,0.49657547
Eyes_Japan_Dataset/takiguchi/gesture_etc-20-swing chair-takiguchi.pkl,278,0.49657547
KIT/1346/Experiment3_subject1346_wash_back_position_horizontal_01.pkl,189,0.5860175
KIT/1346/Experiment3_subject1346_wash_back_position_horizontal_01.pkl,190,0.5860175
KIT/1346/Experiment3_subject1346_wash_back_position_horizontal_01.pkl,191,0.5860175
KIT/1346/Experiment3_subject1346_wash_back_position_horizontal_01.pkl,192,0.5860175
KIT/1346/Experiment3_subject1346_wash_back_position_horizontal_01.pkl,193,0.5860175
KIT/1346/Experiment3_subject1346_wash_back_position_horizontal_01.pkl,194,0.5860175
KIT/1346/Experiment3_subject1346_wash_back_position_horizontal_01.pkl,195,0.5860175
KIT/1346/Experiment3_subject1346_wash_back_position_horizontal_01.pkl,196,0.5860175
KIT/1346/Experiment3_subject1346_wash_back_position_horizontal_01.pkl,197,0.5860175
KIT/1346/Experiment3_subject1346_wash_back_position_horizontal_01.pkl,198,0.5860175
KIT/1346/Experiment3_subject1346_wash_back_position_horizontal_01.pkl,199,0.5860175
KIT/1346/Experiment3_subject1346_wash_leg_position_smallcircles_02.pkl,193,0.58786464
KIT/1346/Experiment3_subject1346_wash_leg_position_smallcircles_02.pkl,194,0.58786464
KIT/1346/Experiment3_subject1346_wash_leg_position_smallcircles_02.pkl,195,0.58786464
KIT/1346/Experiment3_subject1346_wash_leg_position_smallcircles_02.pkl,196,0.58786464
KIT/1346/Experiment3_subject1346_wash_leg_position_smallcircles_02.pkl,197,0.58786464
KIT/1346/Experiment3_subject1346_wash_leg_position_smallcircles_02.pkl,198,0.58786464
KIT/1346/Experiment3_subject1346_wash_leg_position_smallcircles_02.pkl,199,0.58786464
KIT/1346/Experiment3_subject1346_wash_leg_position_smallcircles_02.pkl,200,0.58786464
KIT/1346/Experiment3_subject1346_wash_leg_position_smallcircles_02.pkl,201,0.58786464
KIT/1346/Experiment3_subject1346_wash_leg_position_vertical_02.pkl,120,0.5876833
KIT/1346/Experiment3_subject1346_wash_leg_position_vertical_02.pkl,121,0.5876833
KIT/1346/Experiment3_subject1346_wash_leg_position_vertical_02.pkl,122,0.5876833
KIT/1346/Experiment3_subject1346_wash_leg_position_vertical_02.pkl,123,0.5876833
KIT/1346/Experiment3_subject1346_wash_leg_position_vertical_02.pkl,124,0.5876833
KIT/1346/Experiment3_subject1346_wash_leg_position_vertical_02.pkl,125,0.5876833
KIT/1346/Experiment3_subject1346_wash_leg_position_vertical_02.pkl,126,0.5876833
KIT/1346/Experiment3_subject1346_wash_leg_position_vertical_02.pkl,127,0.5876833
KIT/1346/Experiment3_subject1346_wash_leg_position_vertical_02.pkl,128,0.5876833
KIT/1346/Experiment3_subject1346_wash_leg_position_vertical_02.pkl,129,0.5876833
KIT/1346/Experiment3_subject1346_wash_leg_position_vertical_02.pkl,130,0.5876833
KIT/1346/Experiment3_subject1346_wash_leg_position_vertical_02.pkl,131,0.5876833
KIT/1346/Experiment3a_subject1346_back_01.pkl,97,0.59003115
KIT/1346/Experiment3a_subject1346_back_01.pkl,98,0.59003115
KIT/1346/Experiment3a_subject1346_back_01.pkl,99,0.59003115
KIT/1346/Experiment3a_subject1346_back_01.pkl,100,0.59003115
KIT/1346/Experiment3a_subject1346_back_01.pkl,101,0.59003115
KIT/1346/Experiment3a_subject1346_back_01.pkl,102,0.59003115
KIT/1347/Experiment3a_subject1347_back_02.pkl,149,0.54432213
KIT/1347/Experiment3a_subject1347_back_02.pkl,150,0.54432213
KIT/1347/Experiment3a_subject1347_back_02.pkl,151,0.54432213
KIT/1347/Experiment3a_subject1347_back_02.pkl,152,0.54432213
KIT/1347/Experiment3a_subject1347_back_02.pkl,156,0.54432213
KIT/1347/Experiment3a_subject1347_back_02.pkl,157,0.54432213
KIT/1347/Experiment3a_subject1347_back_02.pkl,158,0.54432213
KIT/1347/Experiment3a_subject1347_back_02.pkl,159,0.54432213
KIT/1347/Experiment3a_subject1347_back_03.pkl,171,0.5491805
KIT/1347/Experiment3a_subject1347_back_03.pkl,172,0.5491805
KIT/1347/Experiment3a_subject1347_back_03.pkl,173,0.5491805
KIT/1347/Experiment3a_subject1347_back_03.pkl,174,0.5491805
KIT/1347/Experiment3a_subject1347_back_03.pkl,175,0.5491805
KIT/1347/Experiment3a_subject1347_back_03.pkl,176,0.5491805
KIT/1347/Experiment3a_subject1347_back_03.pkl,177,0.5491805
KIT/1347/Experiment3a_subject1347_back_03.pkl,178,0.5491805
KIT/1347/Experiment3a_subject1347_back_03.pkl,179,0.5491805
KIT/1347/Experiment3a_subject1347_back_03.pkl,180,0.5491805
KIT/1347/Experiment3a_subject1347_back_03.pkl,181,0.5491805
KIT/1347/Experiment3a_subject1347_back_03.pkl,182,0.5491805
KIT/1347/Experiment3a_subject1347_back_03.pkl,183,0.5491805
KIT/1347/Experiment3a_subject1347_back_03.pkl,184,0.5491805
KIT/1347/Experiment3a_subject1347_back_03.pkl,185,0.5491805
KIT/1347/Experiment3a_subject1347_back_03.pkl,186,0.5491805
KIT/1347/Experiment3a_subject1347_back_03.pkl,191,0.5491805
KIT/1347/Experiment3a_subject1347_back_03.pkl,192,0.5491805
KIT/1347/Experiment3a_subject1347_back_03.pkl,193,0.5491805
KIT/1347/Experiment3a_subject1347_back_03.pkl,194,0.5491805
KIT/1347/Experiment3a_subject1347_back_03.pkl,201,0.5491805
KIT/1347/Experiment3a_subject1347_back_03.pkl,202,0.5491805
KIT/1347/Experiment3a_subject1347_back_03.pkl,211,0.5491805
KIT/1347/Experiment3a_subject1347_back_03.pkl,212,0.5491805
KIT/1347/Experiment3a_subject1347_back_03.pkl,213,0.5491805
KIT/1347/Experiment3a_subject1347_back_03.pkl,214,0.5491805
KIT/1347/Experiment3a_subject1347_back_03.pkl,215,0.5491805
KIT/1347/Experiment3a_subject1347_back_03.pkl,216,0.5491805
KIT/1347/Experiment3a_subject1347_back_03.pkl,217,0.5491805
KIT/1347/Experiment3a_subject1347_back_03.pkl,218,0.5491805
KIT/1347/Experiment3a_subject1347_back_03.pkl,219,0.5491805
KIT/1347/Experiment3a_subject1347_back_03.pkl,220,0.5491805
KIT/1347/Experiment3a_subject1347_back_03.pkl,221,0.5491805
KIT/1347/Experiment3a_subject1347_back_03.pkl,222,0.5491805
KIT/1347/Experiment3a_subject1347_back_03.pkl,223,0.5491805
KIT/1347/Experiment3a_subject1347_back_03.pkl,224,0.5491805
KIT/1347/Experiment3a_subject1347_back_03.pkl,225,0.5491805
KIT/1347/Experiment3a_subject1347_back_03.pkl,226,0.5491805
KIT/1347/Experiment3a_subject1347_back_03.pkl,227,0.5491805
KIT/1347/Experiment3a_subject1347_back_03.pkl,228,0.5491805
KIT/1347/Experiment3a_subject1347_back_03.pkl,229,0.5491805
KIT/1347/Experiment3a_subject1347_back_03.pkl,230,0.5491805
KIT/1347/Experiment3a_subject1347_back_03.pkl,231,0.5491805
KIT/1347/Experiment3a_subject1347_back_03.pkl,232,0.5491805
KIT/1347/Experiment3a_subject1347_back_03.pkl,233,0.5491805
KIT/1347/Experiment3a_subject1347_back_03.pkl,234,0.5491805
KIT/1347/Experiment3a_subject1347_back_03.pkl,235,0.5491805
KIT/1347/Experiment3a_subject1347_back_03.pkl,236,0.5491805
KIT/1347/Experiment3a_subject1347_back_03.pkl,237,0.5491805
KIT/1347/Experiment3a_subject1347_back_03.pkl,238,0.5491805
KIT/1347/Experiment3a_subject1347_back_03.pkl,239,0.5491805
KIT/1347/Experiment3a_subject1347_back_03.pkl,240,0.5491805
KIT/1347/Experiment3a_subject1347_back_03.pkl,241,0.5491805
KIT/1347/Experiment3a_subject1347_back_03.pkl,242,0.5491805
KIT/1347/Experiment3a_subject1347_back_03.pkl,243,0.5491805
KIT/1347/Experiment3a_subject1347_back_03.pkl,244,0.5491805
KIT/1347/Experiment3a_subject1347_back_03.pkl,245,0.5491805
KIT/1347/Experiment3a_subject1347_back_03.pkl,246,0.5491805
KIT/1347/Experiment3a_subject1347_back_03.pkl,247,0.5491805
KIT/1347/Experiment3a_subject1347_back_03.pkl,248,0.5491805
KIT/1347/Experiment3a_subject1347_back_03.pkl,249,0.5491805
KIT/1347/Experiment3a_subject1347_back_03.pkl,250,0.5491805
KIT/1347/Experiment3a_subject1347_back_03.pkl,251,0.5491805
KIT/1347/Experiment3a_subject1347_back_03.pkl,252,0.5491805
KIT/1347/Experiment3a_subject1347_back_03.pkl,253,0.5491805
KIT/1347/Experiment3a_subject1347_back_03.pkl,254,0.5491805
KIT/1347/Experiment3a_subject1347_back_03.pkl,255,0.5491805
KIT/1347/Experiment3a_subject1347_back_03.pkl,256,0.5491805
KIT/1347/Experiment3a_subject1347_back_03.pkl,257,0.5491805
KIT/1347/Experiment3a_subject1347_back_03.pkl,258,0.5491805
KIT/1347/Experiment3a_subject1347_back_03.pkl,259,0.5491805
KIT/1347/Experiment3a_subject1347_back_03.pkl,260,0.5491805
KIT/1347/Experiment3a_subject1347_back_03.pkl,261,0.5491805
KIT/1347/Experiment3a_subject1347_back_03.pkl,262,0.5491805
KIT/1347/Experiment3a_subject1347_back_03.pkl,263,0.5491805
KIT/1347/Experiment3a_subject1347_back_03.pkl,264,0.5491805
KIT/1347/Experiment3a_subject1347_back_03.pkl,265,0.5491805
KIT/1347/Experiment3a_subject1347_back_03.pkl,266,0.5491805
KIT/1347/Experiment3a_subject1347_back_03.pkl,267,0.5491805
KIT/1347/Experiment3a_subject1347_back_03.pkl,268,0.5491805
KIT/1347/Experiment3a_subject1347_back_03.pkl,269,0.5491805
KIT/1347/Experiment3a_subject1347_back_03.pkl,270,0.5491805
KIT/1347/Experiment3a_subject1347_back_03.pkl,271,0.5491805
KIT/1347/Experiment3a_subject1347_back_03.pkl,272,0.5491805
KIT/1347/Experiment3a_subject1347_back_03.pkl,273,0.5491805
KIT/1347/Experiment3a_subject1347_back_03.pkl,274,0.5491805
KIT/1347/Experiment3a_subject1347_back_03.pkl,275,0.5491805
KIT/1347/Experiment3a_subject1347_back_03.pkl,276,0.5491805
KIT/1347/Experiment3a_subject1347_back_03.pkl,277,0.5491805
KIT/1347/Experiment3a_subject1347_back_03.pkl,278,0.5491805
KIT/1347/Experiment3a_subject1347_back_03.pkl,279,0.5491805
KIT/1347/Experiment3a_subject1347_back_03.pkl,280,0.5491805
KIT/1347/Experiment3a_subject1347_back_03.pkl,281,0.5491805
KIT/1347/Experiment3a_subject1347_back_03.pkl,282,0.5491805
KIT/1347/Experiment3a_subject1347_back_03.pkl,283,0.5491805
KIT/1347/Experiment3a_subject1347_back_03.pkl,284,0.5491805
KIT/1347/Experiment3a_subject1347_back_03.pkl,285,0.5491805
KIT/1347/Experiment3a_subject1347_back_03.pkl,286,0.5491805
KIT/1347/Experiment3a_subject1347_back_03.pkl,287,0.5491805
KIT/1347/Experiment3a_subject1347_back_03.pkl,288,0.5491805
KIT/1347/Experiment3a_subject1347_back_03.pkl,289,0.5491805
KIT/1347/Experiment3a_subject1347_back_03.pkl,290,0.5491805
KIT/1347/Experiment3a_subject1347_back_03.pkl,291,0.5491805
KIT/1347/Experiment3a_subject1347_back_03.pkl,292,0.5491805
KIT/1347/Experiment3a_subject1347_back_03.pkl,293,0.5491805
KIT/1347/Experiment3a_subject1347_back_03.pkl,294,0.5491805
KIT/1347/Experiment3a_subject1347_back_03.pkl,295,0.5491805
KIT/1347/Experiment3a_subject1347_back_03.pkl,296,0.5491805
KIT/1347/Experiment3a_subject1347_back_03.pkl,297,0.5491805
KIT/1347/Experiment3a_subject1347_back_03.pkl,298,0.5491805
KIT/1347/Experiment3a_subject1347_back_03.pkl,299,0.5491805
KIT/1347/Experiment3a_subject1347_back_03.pkl,300,0.5491805
KIT/1347/Experiment3a_subject1347_back_03.pkl,301,0.5491805
KIT/1347/Experiment3a_subject1347_back_03.pkl,302,0.5491805
KIT/1347/Experiment3a_subject1347_back_03.pkl,303,0.5491805
KIT/1347/Experiment3a_subject1347_back_03.pkl,304,0.5491805
KIT/1347/Experiment3a_subject1347_back_03.pkl,305,0.5491805
KIT/1347/Experiment3a_subject1347_back_03.pkl,306,0.5491805
KIT/1347/Experiment3a_subject1347_back_03.pkl,307,0.5491805
KIT/1347/Experiment3a_subject1347_back_03.pkl,308,0.5491805
KIT/1347/Experiment3a_subject1347_back_03.pkl,309,0.5491805
KIT/1347/Experiment3a_subject1347_back_03.pkl,310,0.5491805
KIT/1347/Experiment3a_subject1347_back_03.pkl,311,0.5491805
KIT/1347/Experiment3a_subject1347_back_03.pkl,312,0.5491805
KIT/1347/Experiment3a_subject1347_back_03.pkl,313,0.5491805
KIT/1347/Experiment3a_subject1347_back_03.pkl,314,0.5491805
KIT/1347/Experiment3a_subject1347_back_03.pkl,315,0.5491805
KIT/1347/Experiment3a_subject1347_back_03.pkl,316,0.5491805
KIT/1347/Experiment3a_subject1347_back_03.pkl,317,0.5491805
KIT/1347/Experiment3a_subject1347_back_03.pkl,318,0.5491805
KIT/1347/Experiment3a_subject1347_back_03.pkl,319,0.5491805
KIT/1347/Experiment3a_subject1347_back_03.pkl,320,0.5491805
KIT/1347/Experiment3a_subject1347_back_03.pkl,321,0.5491805
KIT/1347/Experiment3a_subject1347_back_03.pkl,322,0.5491805
KIT/1347/Experiment3a_subject1347_back_03.pkl,323,0.5491805
KIT/1347/Experiment3a_subject1347_back_03.pkl,324,0.5491805
KIT/1347/Experiment3a_subject1347_back_03.pkl,325,0.5491805
KIT/1347/Experiment3a_subject1347_back_03.pkl,326,0.5491805
KIT/1347/Experiment3a_subject1347_back_03.pkl,327,0.5491805
KIT/1347/Experiment3a_subject1347_back_03.pkl,328,0.5491805
KIT/1347/Experiment3a_subject1347_back_03.pkl,329,0.5491805
KIT/1347/Experiment3a_subject1347_back_03.pkl,330,0.5491805
KIT/1347/Experiment3a_subject1347_back_03.pkl,331,0.5491805
KIT/1347/Experiment3a_subject1347_back_03.pkl,332,0.5491805
KIT/1347/Experiment3a_subject1347_back_03.pkl,333,0.5491805
KIT/1347/Experiment3a_subject1347_back_03.pkl,334,0.5491805
KIT/1347/Experiment3a_subject1347_back_03.pkl,335,0.5491805
KIT/1347/Experiment3a_subject1347_back_03.pkl,336,0.5491805
KIT/1347/Experiment3a_subject1347_back_03.pkl,337,0.5491805
KIT/1347/Experiment3a_subject1347_back_03.pkl,338,0.5491805
KIT/1347/Experiment3a_subject1347_back_03.pkl,339,0.5491805
KIT/1347/Experiment3a_subject1347_back_03.pkl,340,0.5491805
KIT/1347/Experiment3a_subject1347_back_03.pkl,341,0.5491805
KIT/1347/Experiment3a_subject1347_back_03.pkl,342,0.5491805
KIT/1347/Experiment3a_subject1347_back_03.pkl,343,0.5491805
KIT/1347/Experiment3a_subject1347_back_03.pkl,344,0.5491805
KIT/1347/Experiment3a_subject1347_back_03.pkl,345,0.5491805
KIT/1347/Experiment3a_subject1347_back_03.pkl,346,0.5491805
KIT/1347/Experiment3a_subject1347_back_03.pkl,347,0.5491805
KIT/1347/Experiment3a_subject1347_back_03.pkl,348,0.5491805
KIT/1347/Experiment3a_subject1347_back_03.pkl,349,0.5491805
KIT/1347/Experiment3a_subject1347_back_03.pkl,350,0.5491805
KIT/1347/Experiment3a_subject1347_back_03.pkl,351,0.5491805
KIT/1347/Experiment3a_subject1347_back_03.pkl,352,0.5491805
KIT/1347/Experiment3a_subject1347_back_03.pkl,353,0.5491805
KIT/1347/Experiment3a_subject1347_back_03.pkl,354,0.5491805
KIT/1347/Experiment3a_subject1347_back_03.pkl,355,0.5491805
KIT/1347/Experiment3a_subject1347_back_03.pkl,356,0.5491805
KIT/1347/Experiment3a_subject1347_back_03.pkl,357,0.5491805
KIT/1347/Experiment3a_subject1347_back_03.pkl,358,0.5491805
KIT/1347/Experiment3a_subject1347_back_03.pkl,359,0.5491805
KIT/1347/Experiment3a_subject1347_back_03.pkl,360,0.5491805
KIT/1347/Experiment3a_subject1347_back_03.pkl,361,0.5491805
KIT/1347/Experiment3a_subject1347_back_03.pkl,362,0.5491805
KIT/1347/Experiment3a_subject1347_back_03.pkl,363,0.5491805
KIT/1347/Experiment3a_subject1347_back_03.pkl,364,0.5491805
KIT/1347/Experiment3a_subject1347_back_03.pkl,365,0.5491805
KIT/1347/Experiment3a_subject1347_back_03.pkl,366,0.5491805
KIT/1347/Experiment3a_subject1347_back_03.pkl,367,0.5491805
KIT/1347/Experiment3a_subject1347_back_03.pkl,368,0.5491805
KIT/1347/Experiment3a_subject1347_back_03.pkl,369,0.5491805
KIT/1347/Experiment3a_subject1347_back_03.pkl,370,0.5491805
KIT/1347/Experiment3a_subject1347_back_03.pkl,371,0.5491805
KIT/1347/Experiment3a_subject1347_back_03.pkl,372,0.5491805
KIT/1347/Experiment3a_subject1347_back_03.pkl,373,0.5491805
KIT/1347/Experiment3a_subject1347_back_03.pkl,374,0.5491805
KIT/1347/Experiment3a_subject1347_back_03.pkl,375,0.5491805
KIT/1347/Experiment3a_subject1347_back_03.pkl,376,0.5491805
KIT/1347/Experiment3a_subject1347_back_03.pkl,377,0.5491805
KIT/1347/Experiment3a_subject1347_back_03.pkl,378,0.5491805
KIT/1347/Experiment3a_subject1347_back_03.pkl,379,0.5491805
KIT/1347/Experiment3a_subject1347_back_03.pkl,380,0.5491805
KIT/1347/Experiment3a_subject1347_back_03.pkl,381,0.5491805
KIT/1347/Experiment3a_subject1347_back_03.pkl,382,0.5491805
KIT/1347/Experiment3a_subject1347_back_03.pkl,383,0.5491805
KIT/1347/Experiment3a_subject1347_back_03.pkl,384,0.5491805
KIT/1347/Experiment3a_subject1347_back_03.pkl,385,0.5491805
KIT/1347/Experiment3a_subject1347_back_03.pkl,386,0.5491805
KIT/1347/Experiment3a_subject1347_back_03.pkl,387,0.5491805
KIT/1347/Experiment3a_subject1347_back_03.pkl,388,0.5491805
KIT/1347/Experiment3a_subject1347_back_03.pkl,389,0.5491805
KIT/1347/Experiment3a_subject1347_back_03.pkl,390,0.5491805
KIT/1347/Experiment3a_subject1347_back_03.pkl,391,0.5491805
KIT/1347/Experiment3a_subject1347_back_03.pkl,392,0.5491805
KIT/1347/Experiment3a_subject1347_back_03.pkl,393,0.5491805
KIT/1347/Experiment3a_subject1347_back_03.pkl,394,0.5491805
KIT/1347/Experiment3a_subject1347_back_03.pkl,395,0.5491805
KIT/1347/Experiment3a_subject1347_back_03.pkl,396,0.5491805
KIT/1347/Experiment3a_subject1347_back_03.pkl,397,0.5491805
KIT/1347/Experiment3a_subject1347_back_03.pkl,398,0.5491805
KIT/1347/Experiment3a_subject1347_back_03.pkl,399,0.5491805
KIT/1347/Experiment3a_subject1347_back_03.pkl,400,0.5491805
KIT/1347/Experiment3a_subject1347_back_03.pkl,401,0.5491805
KIT/1347/Experiment3a_subject1347_back_03.pkl,402,0.5491805
KIT/1347/Experiment3a_subject1347_back_03.pkl,403,0.5491805
KIT/1347/Experiment3a_subject1347_back_03.pkl,404,0.5491805
KIT/1347/Experiment3a_subject1347_back_03.pkl,405,0.5491805
KIT/1347/Experiment3a_subject1347_back_03.pkl,406,0.5491805
KIT/1347/Experiment3a_subject1347_back_03.pkl,407,0.5491805
KIT/1347/Experiment3a_subject1347_back_03.pkl,408,0.5491805
KIT/1347/Experiment3a_subject1347_back_03.pkl,409,0.5491805
KIT/1347/Experiment3a_subject1347_back_03.pkl,410,0.5491805
KIT/1347/Experiment3a_subject1347_back_03.pkl,411,0.5491805
KIT/1347/Experiment3a_subject1347_back_03.pkl,412,0.5491805
KIT/1347/Experiment3a_subject1347_back_03.pkl,413,0.5491805
KIT/1347/Experiment3a_subject1347_back_03.pkl,414,0.5491805
KIT/1347/Experiment3a_subject1347_back_03.pkl,415,0.5491805
KIT/1347/Experiment3a_subject1347_back_03.pkl,416,0.5491805
KIT/1347/Experiment3a_subject1347_back_03.pkl,417,0.5491805
KIT/1347/Experiment3a_subject1347_back_03.pkl,418,0.5491805
KIT/1347/Experiment3a_subject1347_back_03.pkl,419,0.5491805
KIT/1347/Experiment3a_subject1347_back_03.pkl,420,0.5491805
KIT/1347/Experiment3a_subject1347_back_03.pkl,421,0.5491805
KIT/1347/Experiment3a_subject1347_back_03.pkl,422,0.5491805
KIT/1347/Experiment3a_subject1347_back_03.pkl,423,0.5491805
KIT/1347/Experiment3a_subject1347_back_03.pkl,424,0.5491805
KIT/1347/Experiment3a_subject1347_back_03.pkl,425,0.5491805
KIT/1347/Experiment3a_subject1347_back_03.pkl,426,0.5491805
KIT/1347/Experiment3a_subject1347_back_03.pkl,427,0.5491805
KIT/1347/Experiment3a_subject1347_back_03.pkl,428,0.5491805
KIT/1347/Experiment3a_subject1347_back_03.pkl,429,0.5491805
KIT/1347/Experiment3a_subject1347_back_03.pkl,430,0.5491805
KIT/1347/Experiment3a_subject1347_back_03.pkl,431,0.5491805
KIT/1347/Experiment3a_subject1347_back_03.pkl,432,0.5491805
KIT/1347/Experiment3a_subject1347_back_03.pkl,433,0.5491805
KIT/1347/Experiment3a_subject1347_back_03.pkl,434,0.5491805
KIT/1347/Experiment3a_subject1347_back_03.pkl,435,0.5491805
KIT/1347/Experiment3a_subject1347_back_03.pkl,436,0.5491805
KIT/1347/Experiment3a_subject1347_back_03.pkl,437,0.5491805
KIT/1347/Experiment3a_subject1347_back_03.pkl,438,0.5491805
KIT/1347/Experiment3a_subject1347_back_03.pkl,439,0.5491805
KIT/1347/Experiment3a_subject1347_back_03.pkl,440,0.5491805
KIT/1347/Experiment3a_subject1347_back_03.pkl,441,0.5491805
KIT/1347/Experiment3a_subject1347_back_03.pkl,442,0.5491805
KIT/1347/Experiment3a_subject1347_back_03.pkl,443,0.5491805
KIT/1347/Experiment3a_subject1347_back_03.pkl,444,0.5491805
KIT/1347/Experiment3a_subject1347_back_03.pkl,445,0.5491805
KIT/1347/Experiment3a_subject1347_back_03.pkl,446,0.5491805
KIT/1347/Experiment3a_subject1347_back_03.pkl,447,0.5491805
KIT/1347/Experiment3a_subject1347_back_03.pkl,448,0.5491805
KIT/1347/Experiment3a_subject1347_back_03.pkl,449,0.5491805
KIT/1347/Experiment3a_subject1347_back_03.pkl,450,0.5491805
KIT/1347/Experiment3a_subject1347_back_03.pkl,451,0.5491805
KIT/1347/Experiment3a_subject1347_back_03.pkl,452,0.5491805
KIT/1347/Experiment3a_subject1347_back_03.pkl,453,0.5491805
KIT/1347/Experiment3a_subject1347_back_03.pkl,454,0.5491805
KIT/1347/Experiment3a_subject1347_back_03.pkl,455,0.5491805
KIT/1347/Experiment3a_subject1347_back_03.pkl,456,0.5491805
KIT/1347/Experiment3a_subject1347_back_03.pkl,457,0.5491805
KIT/1347/Experiment3a_subject1347_back_03.pkl,458,0.5491805
KIT/1347/Experiment3a_subject1347_back_03.pkl,459,0.5491805
KIT/1347/Experiment3a_subject1347_back_03.pkl,460,0.5491805
KIT/1347/Experiment3a_subject1347_back_03.pkl,461,0.5491805
KIT/1347/Experiment3a_subject1347_back_03.pkl,462,0.5491805
KIT/1347/Experiment3a_subject1347_back_03.pkl,463,0.5491805
KIT/1347/Experiment3a_subject1347_back_03.pkl,464,0.5491805
KIT/1347/Experiment3a_subject1347_back_03.pkl,465,0.5491805
KIT/1347/Experiment3a_subject1347_back_03.pkl,466,0.5491805
KIT/1347/Experiment3a_subject1347_back_03.pkl,467,0.5491805
KIT/1347/Experiment3a_subject1347_back_03.pkl,468,0.5491805
KIT/1347/Experiment3a_subject1347_back_03.pkl,469,0.5491805
KIT/1347/Experiment3a_subject1347_back_03.pkl,470,0.5491805
KIT/1347/Experiment3a_subject1347_back_03.pkl,471,0.5491805
KIT/1347/Experiment3a_subject1347_back_03.pkl,472,0.5491805
KIT/1347/Experiment3a_subject1347_back_03.pkl,473,0.5491805
KIT/1347/Experiment3a_subject1347_back_03.pkl,474,0.5491805
KIT/1347/Experiment3a_subject1347_back_03.pkl,475,0.5491805
KIT/1347/Experiment3a_subject1347_back_03.pkl,476,0.5491805
KIT/1347/Experiment3a_subject1347_back_03.pkl,477,0.5491805
KIT/1347/Experiment3a_subject1347_back_03.pkl,478,0.5491805
KIT/1347/Experiment3a_subject1347_back_03.pkl,479,0.5491805
KIT/1347/Experiment3a_subject1347_back_03.pkl,480,0.5491805
KIT/1347/Experiment3a_subject1347_back_03.pkl,481,0.5491805
KIT/1347/Experiment3a_subject1347_back_03.pkl,482,0.5491805
KIT/1347/Experiment3a_subject1347_back_03.pkl,483,0.5491805
KIT/1347/Experiment3a_subject1347_back_03.pkl,484,0.5491805
KIT/1347/Experiment3a_subject1347_back_03.pkl,485,0.5491805
KIT/1347/Experiment3a_subject1347_back_03.pkl,486,0.5491805
KIT/1347/Experiment3a_subject1347_back_03.pkl,487,0.5491805
KIT/1347/Experiment3a_subject1347_back_03.pkl,488,0.5491805
KIT/1347/Experiment3a_subject1347_back_03.pkl,489,0.5491805
KIT/1347/Experiment3a_subject1347_back_03.pkl,490,0.5491805
KIT/1347/Experiment3a_subject1347_back_03.pkl,491,0.5491805
KIT/1347/Experiment3a_subject1347_back_03.pkl,492,0.5491805
KIT/1347/Experiment3a_subject1347_back_03.pkl,493,0.5491805
KIT/1347/Experiment3a_subject1347_back_03.pkl,494,0.5491805
KIT/1347/Experiment3a_subject1347_back_03.pkl,495,0.5491805
KIT/1347/Experiment3a_subject1347_back_03.pkl,496,0.5491805
KIT/1347/Experiment3a_subject1347_back_03.pkl,497,0.5491805
KIT/1347/Experiment3a_subject1347_back_03.pkl,498,0.5491805
KIT/1347/Experiment3a_subject1347_back_03.pkl,499,0.5491805
KIT/1347/Experiment3a_subject1347_back_03.pkl,500,0.5491805
KIT/1347/Experiment3a_subject1347_back_03.pkl,501,0.5491805
KIT/1347/Experiment3a_subject1347_back_03.pkl,502,0.5491805
KIT/1347/Experiment3a_subject1347_back_03.pkl,503,0.5491805
KIT/1347/Experiment3a_subject1347_back_03.pkl,504,0.5491805
KIT/1347/Experiment3a_subject1347_back_03.pkl,505,0.5491805
KIT/1347/Experiment3a_subject1347_back_03.pkl,506,0.5491805
KIT/1347/Experiment3a_subject1347_back_03.pkl,507,0.5491805
KIT/1347/Experiment3a_subject1347_back_03.pkl,508,0.5491805
KIT/1347/Experiment3a_subject1347_back_03.pkl,509,0.5491805
KIT/1347/Experiment3a_subject1347_back_03.pkl,510,0.5491805
KIT/1347/Experiment3a_subject1347_back_03.pkl,511,0.5491805
KIT/1347/Experiment3a_subject1347_back_03.pkl,512,0.5491805
KIT/1347/Experiment3a_subject1347_back_03.pkl,513,0.5491805
KIT/1347/Experiment3a_subject1347_back_03.pkl,514,0.5491805
KIT/1347/Experiment3a_subject1347_back_03.pkl,515,0.5491805
KIT/1347/Experiment3a_subject1347_back_03.pkl,516,0.5491805
KIT/1347/Experiment3a_subject1347_back_03.pkl,517,0.5491805
KIT/1347/Experiment3a_subject1347_back_03.pkl,518,0.5491805
KIT/1347/Experiment3a_subject1347_back_03.pkl,519,0.5491805
KIT/1347/Experiment3a_subject1347_back_03.pkl,520,0.5491805
KIT/1347/Experiment3a_subject1347_back_03.pkl,521,0.5491805
KIT/1347/Experiment3a_subject1347_back_03.pkl,522,0.5491805
KIT/1347/Experiment3a_subject1347_back_03.pkl,523,0.5491805
KIT/1347/Experiment3a_subject1347_back_03.pkl,524,0.5491805
KIT/1347/Experiment3a_subject1347_back_03.pkl,525,0.5491805
KIT/1347/Experiment3a_subject1347_back_03.pkl,526,0.5491805
KIT/1347/Experiment3a_subject1347_back_03.pkl,527,0.5491805
KIT/1347/Experiment3a_subject1347_back_03.pkl,528,0.5491805
KIT/1347/Experiment3a_subject1347_back_03.pkl,529,0.5491805
KIT/1347/Experiment3a_subject1347_back_03.pkl,530,0.5491805
KIT/1347/Experiment3a_subject1347_back_03.pkl,531,0.5491805
KIT/1347/Experiment3a_subject1347_back_03.pkl,532,0.5491805
KIT/1347/Experiment3a_subject1347_back_03.pkl,533,0.5491805
KIT/1347/Experiment3a_subject1347_back_03.pkl,534,0.5491805
KIT/1347/Experiment3a_subject1347_back_03.pkl,535,0.5491805
KIT/1347/Experiment3a_subject1347_back_03.pkl,536,0.5491805
KIT/1347/Experiment3a_subject1347_back_03.pkl,537,0.5491805
KIT/1347/Experiment3a_subject1347_back_03.pkl,538,0.5491805
KIT/1347/Experiment3a_subject1347_back_03.pkl,539,0.5491805
KIT/1347/Experiment3a_subject1347_back_03.pkl,540,0.5491805
KIT/1347/Experiment3a_subject1347_back_03.pkl,541,0.5491805
KIT/1347/Experiment3a_subject1347_back_03.pkl,542,0.5491805
KIT/1347/Experiment3a_subject1347_back_03.pkl,543,0.5491805
KIT/1347/Experiment3a_subject1347_back_03.pkl,544,0.5491805
KIT/1347/Experiment3a_subject1347_back_03.pkl,545,0.5491805
KIT/1347/Experiment3a_subject1347_back_03.pkl,546,0.5491805
KIT/1347/Experiment3a_subject1347_back_03.pkl,547,0.5491805
KIT/1347/Experiment3a_subject1347_back_03.pkl,548,0.5491805
KIT/1347/Experiment3a_subject1347_back_03.pkl,549,0.5491805
KIT/1347/Experiment3a_subject1347_back_03.pkl,550,0.5491805
KIT/1347/Experiment3a_subject1347_back_03.pkl,551,0.5491805
KIT/1347/Experiment3a_subject1347_back_03.pkl,552,0.5491805
KIT/1347/Experiment3a_subject1347_back_03.pkl,553,0.5491805
KIT/1347/Experiment3a_subject1347_back_03.pkl,554,0.5491805
KIT/1347/Experiment3a_subject1347_back_03.pkl,555,0.5491805
KIT/1347/Experiment3a_subject1347_back_03.pkl,556,0.5491805
KIT/1347/Experiment3a_subject1347_back_03.pkl,557,0.5491805
KIT/1347/Experiment3a_subject1347_back_03.pkl,558,0.5491805
KIT/1347/Experiment3a_subject1347_back_03.pkl,559,0.5491805
KIT/1347/Experiment3a_subject1347_back_03.pkl,560,0.5491805
KIT/1347/Experiment3a_subject1347_back_03.pkl,561,0.5491805
KIT/1347/Experiment3a_subject1347_back_03.pkl,562,0.5491805
KIT/1347/Experiment3a_subject1347_back_03.pkl,563,0.5491805
KIT/1347/Experiment3a_subject1347_back_03.pkl,564,0.5491805
KIT/1347/Experiment3a_subject1347_back_03.pkl,565,0.5491805
KIT/1347/Experiment3a_subject1347_back_03.pkl,566,0.5491805
KIT/1347/Experiment3a_subject1347_back_03.pkl,567,0.5491805
KIT/1347/Experiment3a_subject1347_back_03.pkl,568,0.5491805
KIT/1347/Experiment3a_subject1347_back_03.pkl,569,0.5491805
KIT/1347/Experiment3a_subject1347_back_03.pkl,570,0.5491805
KIT/1347/Experiment3a_subject1347_back_03.pkl,571,0.5491805
KIT/1347/Experiment3a_subject1347_back_03.pkl,572,0.5491805
KIT/1347/Experiment3a_subject1347_back_03.pkl,573,0.5491805
KIT/1347/Experiment3a_subject1347_back_03.pkl,574,0.5491805
KIT/1347/Experiment3a_subject1347_back_03.pkl,575,0.5491805
KIT/1347/Experiment3a_subject1347_back_03.pkl,576,0.5491805
KIT/1347/Experiment3a_subject1347_back_03.pkl,577,0.5491805
KIT/1347/Experiment3a_subject1347_back_03.pkl,578,0.5491805
KIT/1347/Experiment3a_subject1347_back_03.pkl,579,0.5491805
KIT/1347/Experiment3a_subject1347_back_03.pkl,580,0.5491805
KIT/1347/Experiment3a_subject1347_back_03.pkl,581,0.5491805
KIT/1347/Experiment3a_subject1347_back_03.pkl,582,0.5491805
KIT/1347/Experiment3a_subject1347_back_03.pkl,583,0.5491805
KIT/1347/Experiment3a_subject1347_back_03.pkl,584,0.5491805
KIT/1347/Experiment3a_subject1347_back_03.pkl,585,0.5491805
KIT/1347/Experiment3a_subject1347_back_03.pkl,586,0.5491805
KIT/1347/Experiment3a_subject1347_back_03.pkl,587,0.5491805
KIT/1347/Experiment3a_subject1347_back_03.pkl,588,0.5491805
KIT/1347/Experiment3a_subject1347_back_03.pkl,589,0.5491805
KIT/1347/Experiment3a_subject1347_back_03.pkl,590,0.5491805
KIT/1347/Experiment3a_subject1347_back_03.pkl,591,0.5491805
KIT/1347/Experiment3a_subject1347_back_03.pkl,592,0.5491805
KIT/1347/Experiment3a_subject1347_back_03.pkl,593,0.5491805
KIT/1347/Experiment3a_subject1347_back_03.pkl,594,0.5491805
KIT/1347/Experiment3a_subject1347_back_03.pkl,595,0.5491805
KIT/1347/Experiment3a_subject1347_back_03.pkl,596,0.5491805
KIT/1347/Experiment3a_subject1347_back_03.pkl,597,0.5491805
KIT/1347/Experiment3a_subject1347_back_03.pkl,598,0.5491805
KIT/1347/Experiment3a_subject1347_back_03.pkl,599,0.5491805
KIT/1347/Experiment3a_subject1347_back_03.pkl,600,0.5491805
KIT/1347/Experiment3a_subject1347_back_03.pkl,601,0.5491805
KIT/1347/Experiment3a_subject1347_back_03.pkl,602,0.5491805
KIT/1347/Experiment3a_subject1347_back_03.pkl,603,0.5491805
KIT/1347/Experiment3a_subject1347_back_03.pkl,604,0.5491805
KIT/1347/Experiment3a_subject1347_back_03.pkl,605,0.5491805
KIT/1347/Experiment3a_subject1347_back_03.pkl,606,0.5491805
KIT/1347/Experiment3a_subject1347_back_03.pkl,607,0.5491805
KIT/1347/Experiment3a_subject1347_back_03.pkl,608,0.5491805
KIT/1347/Experiment3a_subject1347_back_03.pkl,609,0.5491805
KIT/1347/Experiment3a_subject1347_back_03.pkl,610,0.5491805
KIT/1347/Experiment3a_subject1347_back_03.pkl,611,0.5491805
KIT/1347/Experiment3a_subject1347_back_03.pkl,612,0.5491805
KIT/1347/Experiment3a_subject1347_back_03.pkl,613,0.5491805
KIT/1347/Experiment3a_subject1347_back_03.pkl,614,0.5491805
KIT/1347/Experiment3a_subject1347_back_03.pkl,615,0.5491805
KIT/1347/Experiment3a_subject1347_back_03.pkl,616,0.5491805
KIT/1347/Experiment3a_subject1347_back_03.pkl,617,0.5491805
KIT/1347/Experiment3a_subject1347_back_03.pkl,618,0.5491805
KIT/1347/Experiment3a_subject1347_back_03.pkl,619,0.5491805
KIT/1347/Experiment3a_subject1347_back_03.pkl,620,0.5491805
KIT/1347/Experiment3a_subject1347_back_03.pkl,621,0.5491805
KIT/1347/Experiment3a_subject1347_back_03.pkl,622,0.5491805
KIT/1347/Experiment3a_subject1347_back_03.pkl,623,0.5491805
KIT/1347/Experiment3a_subject1347_back_03.pkl,624,0.5491805
KIT/1347/Experiment3a_subject1347_back_03.pkl,625,0.5491805
KIT/1347/Experiment3a_subject1347_back_03.pkl,626,0.5491805
KIT/1347/Experiment3a_subject1347_back_03.pkl,627,0.5491805
KIT/1347/Experiment3a_subject1347_back_03.pkl,628,0.5491805
KIT/1347/Experiment3a_subject1347_back_03.pkl,629,0.5491805
KIT/1347/Experiment3a_subject1347_back_03.pkl,630,0.5491805
KIT/1347/Experiment3a_subject1347_back_03.pkl,631,0.5491805
KIT/1347/Experiment3a_subject1347_back_03.pkl,632,0.5491805
KIT/1347/Experiment3a_subject1347_back_03.pkl,633,0.5491805
KIT/1347/Experiment3a_subject1347_back_03.pkl,634,0.5491805
KIT/1347/Experiment3a_subject1347_back_03.pkl,635,0.5491805
KIT/1347/Experiment3a_subject1347_back_03.pkl,636,0.5491805
KIT/1347/Experiment3a_subject1347_back_03.pkl,637,0.5491805
KIT/1347/Experiment3a_subject1347_back_03.pkl,638,0.5491805
KIT/1347/Experiment3a_subject1347_back_03.pkl,639,0.5491805
KIT/1347/Experiment3a_subject1347_back_03.pkl,640,0.5491805
KIT/1347/Experiment3a_subject1347_back_03.pkl,641,0.5491805
KIT/1347/Experiment3a_subject1347_back_03.pkl,642,0.5491805
KIT/1347/Experiment3a_subject1347_back_03.pkl,643,0.5491805
KIT/1347/Experiment3a_subject1347_back_03.pkl,644,0.5491805
KIT/1347/Experiment3a_subject1347_back_03.pkl,645,0.5491805
KIT/1347/Experiment3a_subject1347_back_03.pkl,646,0.5491805
KIT/1347/Experiment3a_subject1347_back_03.pkl,647,0.5491805
KIT/1347/Experiment3a_subject1347_back_03.pkl,648,0.5491805
KIT/1347/Experiment3a_subject1347_back_03.pkl,649,0.5491805
KIT/1347/Experiment3a_subject1347_back_03.pkl,650,0.5491805
KIT/1347/Experiment3a_subject1347_back_03.pkl,651,0.5491805
KIT/1347/Experiment3a_subject1347_back_03.pkl,652,0.5491805
KIT/1347/Experiment3a_subject1347_back_03.pkl,653,0.5491805
KIT/1347/Experiment3a_subject1347_back_03.pkl,654,0.5491805
KIT/1347/Experiment3a_subject1347_back_03.pkl,655,0.5491805
KIT/1347/Experiment3a_subject1347_back_03.pkl,656,0.5491805
KIT/1347/Experiment3a_subject1347_back_03.pkl,657,0.5491805
KIT/1347/Experiment3a_subject1347_back_03.pkl,658,0.5491805
KIT/1347/Experiment3a_subject1347_back_03.pkl,659,0.5491805
KIT/1347/Experiment3a_subject1347_back_03.pkl,660,0.5491805
KIT/1347/Experiment3a_subject1347_back_03.pkl,661,0.5491805
KIT/1347/Experiment3a_subject1347_back_03.pkl,662,0.5491805
KIT/1347/Experiment3a_subject1347_back_03.pkl,663,0.5491805
KIT/1347/Experiment3a_subject1347_back_03.pkl,664,0.5491805
KIT/1347/Experiment3a_subject1347_back_03.pkl,665,0.5491805
KIT/1347/Experiment3a_subject1347_back_03.pkl,666,0.5491805
KIT/1347/Experiment3a_subject1347_back_03.pkl,667,0.5491805
KIT/1347/Experiment3a_subject1347_back_03.pkl,668,0.5491805
KIT/1347/Experiment3a_subject1347_back_03.pkl,669,0.5491805
KIT/1347/Experiment3a_subject1347_back_03.pkl,670,0.5491805
KIT/1347/Experiment3a_subject1347_back_03.pkl,671,0.5491805
KIT/1347/Experiment3a_subject1347_back_03.pkl,672,0.5491805
KIT/1347/Experiment3a_subject1347_back_03.pkl,673,0.5491805
KIT/1347/Experiment3a_subject1347_back_03.pkl,674,0.5491805
KIT/1347/Experiment3a_subject1347_back_03.pkl,675,0.5491805
KIT/1347/Experiment3a_subject1347_back_03.pkl,676,0.5491805
KIT/1347/Experiment3a_subject1347_back_03.pkl,677,0.5491805
KIT/1347/Experiment3a_subject1347_back_03.pkl,678,0.5491805
KIT/1347/Experiment3a_subject1347_back_03.pkl,679,0.5491805
KIT/1347/Experiment3a_subject1347_back_03.pkl,680,0.5491805
KIT/1347/Experiment3a_subject1347_back_03.pkl,681,0.5491805
KIT/1347/Experiment3a_subject1347_back_03.pkl,682,0.5491805
KIT/1347/Experiment3a_subject1347_back_03.pkl,683,0.5491805
KIT/1347/Experiment3a_subject1347_back_03.pkl,684,0.5491805
KIT/1347/Experiment3a_subject1347_back_03.pkl,685,0.5491805
KIT/1347/Experiment3a_subject1347_back_03.pkl,686,0.5491805
KIT/1347/Experiment3a_subject1347_back_03.pkl,687,0.5491805
KIT/1347/Experiment3a_subject1347_back_03.pkl,688,0.5491805
KIT/1347/Experiment3a_subject1347_back_03.pkl,689,0.5491805
KIT/1347/Experiment3a_subject1347_back_03.pkl,690,0.5491805
KIT/1347/Experiment3a_subject1347_back_03.pkl,691,0.5491805
KIT/1347/Experiment3a_subject1347_back_03.pkl,692,0.5491805
KIT/1347/Experiment3a_subject1347_back_03.pkl,693,0.5491805
KIT/1347/Experiment3a_subject1347_back_03.pkl,694,0.5491805
KIT/1347/Experiment3a_subject1347_back_03.pkl,695,0.5491805
KIT/1347/Experiment3a_subject1347_back_03.pkl,696,0.5491805
KIT/1347/Experiment3a_subject1347_back_03.pkl,697,0.5491805
KIT/1347/Experiment3a_subject1347_back_03.pkl,698,0.5491805
KIT/1347/Experiment3a_subject1347_back_03.pkl,699,0.5491805
KIT/1347/Experiment3a_subject1347_back_03.pkl,700,0.5491805
KIT/1347/Experiment3a_subject1347_back_03.pkl,701,0.5491805
KIT/1347/Experiment3a_subject1347_back_03.pkl,702,0.5491805
KIT/1347/Experiment3a_subject1347_back_03.pkl,703,0.5491805
KIT/1347/Experiment3a_subject1347_back_03.pkl,704,0.5491805
KIT/1347/Experiment3a_subject1347_back_03.pkl,705,0.5491805
KIT/1347/Experiment3a_subject1347_back_03.pkl,706,0.5491805
KIT/1347/Experiment3a_subject1347_back_03.pkl,707,0.5491805
KIT/1347/Experiment3a_subject1347_back_03.pkl,708,0.5491805
KIT/1347/Experiment3a_subject1347_back_03.pkl,709,0.5491805
KIT/1347/Experiment3a_subject1347_back_03.pkl,710,0.5491805
KIT/1347/Experiment3a_subject1347_back_03.pkl,711,0.5491805
KIT/1347/Experiment3a_subject1347_back_03.pkl,712,0.5491805
KIT/1347/Experiment3a_subject1347_back_03.pkl,713,0.5491805
KIT/1347/Experiment3a_subject1347_back_03.pkl,714,0.5491805
KIT/1347/Experiment3a_subject1347_back_03.pkl,715,0.5491805
KIT/1347/Experiment3a_subject1347_back_03.pkl,716,0.5491805
KIT/1347/Experiment3a_subject1347_back_03.pkl,717,0.5491805
KIT/1347/Experiment3a_subject1347_back_03.pkl,718,0.5491805
KIT/1347/Experiment3a_subject1347_back_03.pkl,719,0.5491805
KIT/1347/Experiment3a_subject1347_back_03.pkl,720,0.5491805
KIT/1347/Experiment3a_subject1347_back_03.pkl,721,0.5491805
KIT/1347/Experiment3a_subject1347_back_03.pkl,722,0.5491805
KIT/1347/Experiment3a_subject1347_back_03.pkl,723,0.5491805
KIT/1347/Experiment3a_subject1347_back_03.pkl,724,0.5491805
KIT/1347/Experiment3a_subject1347_back_03.pkl,725,0.5491805
KIT/1347/Experiment3a_subject1347_back_03.pkl,726,0.5491805
KIT/1347/Experiment3a_subject1347_back_03.pkl,727,0.5491805
KIT/1347/Experiment3a_subject1347_back_03.pkl,728,0.5491805
KIT/1347/Experiment3a_subject1347_back_03.pkl,729,0.5491805
KIT/1347/Experiment3a_subject1347_back_03.pkl,730,0.5491805
KIT/1347/Experiment3a_subject1347_back_03.pkl,731,0.5491805
KIT/1347/Experiment3a_subject1347_back_03.pkl,732,0.5491805
KIT/1347/Experiment3a_subject1347_back_03.pkl,733,0.5491805
KIT/1347/Experiment3a_subject1347_back_03.pkl,734,0.5491805
KIT/1347/Experiment3a_subject1347_back_03.pkl,735,0.5491805
KIT/1347/Experiment3a_subject1347_back_03.pkl,736,0.5491805
KIT/1347/Experiment3a_subject1347_back_03.pkl,737,0.5491805
KIT/1347/Experiment3a_subject1347_back_03.pkl,738,0.5491805
KIT/1347/Experiment3a_subject1347_back_03.pkl,739,0.5491805
KIT/1347/Experiment3a_subject1347_back_03.pkl,740,0.5491805
KIT/1347/Experiment3a_subject1347_back_03.pkl,741,0.5491805
KIT/1347/Experiment3a_subject1347_back_03.pkl,742,0.5491805
KIT/1347/Experiment3a_subject1347_back_03.pkl,743,0.5491805
KIT/1347/Experiment3a_subject1347_back_03.pkl,744,0.5491805
KIT/1347/Experiment3a_subject1347_back_03.pkl,745,0.5491805
KIT/1347/Experiment3a_subject1347_back_03.pkl,746,0.5491805
KIT/1347/Experiment3a_subject1347_back_03.pkl,747,0.5491805
KIT/1347/Experiment3a_subject1347_back_03.pkl,748,0.5491805
KIT/1347/Experiment3a_subject1347_back_03.pkl,749,0.5491805
KIT/1347/Experiment3a_subject1347_back_03.pkl,750,0.5491805
KIT/1347/Experiment3a_subject1347_back_03.pkl,751,0.5491805
KIT/1347/Experiment3a_subject1347_back_03.pkl,752,0.5491805
KIT/1347/Experiment3a_subject1347_back_03.pkl,753,0.5491805
KIT/1347/Experiment3a_subject1347_back_03.pkl,754,0.5491805
KIT/1347/Experiment3a_subject1347_back_03.pkl,755,0.5491805
KIT/1347/Experiment3a_subject1347_back_03.pkl,756,0.5491805
KIT/1347/Experiment3a_subject1347_back_03.pkl,757,0.5491805
KIT/1347/Experiment3a_subject1347_back_03.pkl,758,0.5491805
KIT/1347/Experiment3a_subject1347_back_03.pkl,759,0.5491805
KIT/1347/Experiment3a_subject1347_back_03.pkl,760,0.5491805
KIT/1347/Experiment3a_subject1347_back_03.pkl,761,0.5491805
KIT/1347/Experiment3a_subject1347_back_03.pkl,762,0.5491805
KIT/1347/Experiment3a_subject1347_back_03.pkl,763,0.5491805
KIT/1347/Experiment3a_subject1347_back_03.pkl,764,0.5491805
KIT/1347/Experiment3a_subject1347_back_03.pkl,765,0.5491805
KIT/1347/Experiment3a_subject1347_back_03.pkl,766,0.5491805
KIT/1347/Experiment3a_subject1347_back_03.pkl,767,0.5491805
KIT/1347/Experiment3a_subject1347_back_03.pkl,768,0.5491805
KIT/1347/Experiment3a_subject1347_back_03.pkl,769,0.5491805
KIT/1347/Experiment3a_subject1347_back_03.pkl,770,0.5491805
KIT/1347/Experiment3a_subject1347_back_03.pkl,771,0.5491805
KIT/1347/Experiment3a_subject1347_back_03.pkl,772,0.5491805
KIT/1347/Experiment3a_subject1347_back_03.pkl,773,0.5491805
KIT/1347/Experiment3a_subject1347_back_03.pkl,774,0.5491805
KIT/1347/Experiment3a_subject1347_back_03.pkl,775,0.5491805
KIT/1347/Experiment3a_subject1347_back_03.pkl,776,0.5491805
KIT/1347/Experiment3a_subject1347_back_03.pkl,777,0.5491805
KIT/1347/Experiment3a_subject1347_back_03.pkl,778,0.5491805
KIT/1347/Experiment3a_subject1347_back_03.pkl,779,0.5491805
KIT/1347/Experiment3a_subject1347_back_03.pkl,780,0.5491805
KIT/1347/Experiment3a_subject1347_back_03.pkl,781,0.5491805
KIT/1347/Experiment3a_subject1347_back_03.pkl,782,0.5491805
KIT/1347/Experiment3a_subject1347_back_03.pkl,783,0.5491805
KIT/1347/Experiment3a_subject1347_back_03.pkl,784,0.5491805
KIT/1347/Experiment3a_subject1347_back_03.pkl,785,0.5491805
KIT/1347/Experiment3a_subject1347_back_03.pkl,786,0.5491805
KIT/1347/Experiment3a_subject1347_back_03.pkl,787,0.5491805
KIT/1347/Experiment3a_subject1347_back_03.pkl,788,0.5491805
KIT/1347/Experiment3a_subject1347_back_03.pkl,789,0.5491805
KIT/1347/Experiment3a_subject1347_back_03.pkl,790,0.5491805
KIT/1347/Experiment3a_subject1347_back_03.pkl,791,0.5491805
KIT/1347/Experiment3a_subject1347_back_03.pkl,792,0.5491805
KIT/1347/Experiment3a_subject1347_back_03.pkl,793,0.5491805
KIT/1347/Experiment3a_subject1347_back_03.pkl,794,0.5491805
KIT/1347/Experiment3a_subject1347_back_03.pkl,795,0.5491805
KIT/1347/Experiment3a_subject1347_back_03.pkl,796,0.5491805
KIT/1347/Experiment3a_subject1347_back_03.pkl,797,0.5491805
KIT/1347/Experiment3a_subject1347_back_03.pkl,798,0.5491805
KIT/1347/Experiment3a_subject1347_back_03.pkl,799,0.5491805
KIT/1347/Experiment3a_subject1347_back_03.pkl,800,0.5491805
KIT/1347/Experiment3a_subject1347_back_03.pkl,801,0.5491805
KIT/1347/Experiment3a_subject1347_back_03.pkl,802,0.5491805
KIT/1347/Experiment3a_subject1347_back_03.pkl,803,0.5491805
KIT/1347/Experiment3a_subject1347_back_03.pkl,804,0.5491805
KIT/1347/Experiment3a_subject1347_back_03.pkl,805,0.5491805
KIT/1347/Experiment3a_subject1347_back_03.pkl,806,0.5491805
KIT/1347/Experiment3a_subject1347_back_03.pkl,807,0.5491805
KIT/1347/Experiment3a_subject1347_back_03.pkl,808,0.5491805
KIT/1347/Experiment3a_subject1347_back_03.pkl,809,0.5491805
KIT/1347/Experiment3a_subject1347_back_03.pkl,810,0.5491805
KIT/1347/Experiment3a_subject1347_back_03.pkl,811,0.5491805
KIT/1347/Experiment3a_subject1347_back_03.pkl,812,0.5491805
KIT/1347/Experiment3a_subject1347_back_03.pkl,813,0.5491805
KIT/1347/Experiment3a_subject1347_back_03.pkl,814,0.5491805
KIT/1347/Experiment3a_subject1347_back_03.pkl,815,0.5491805
KIT/1347/Experiment3a_subject1347_back_03.pkl,816,0.5491805
KIT/1347/Experiment3a_subject1347_back_03.pkl,817,0.5491805
KIT/1347/Experiment3a_subject1347_back_03.pkl,818,0.5491805
KIT/1347/Experiment3a_subject1347_back_03.pkl,819,0.5491805
KIT/1347/Experiment3a_subject1347_back_03.pkl,820,0.5491805
KIT/1347/Experiment3a_subject1347_back_03.pkl,821,0.5491805
KIT/1347/Experiment3a_subject1347_back_03.pkl,822,0.5491805
KIT/1347/Experiment3a_subject1347_back_03.pkl,823,0.5491805
KIT/1347/Experiment3a_subject1347_back_03.pkl,824,0.5491805
KIT/1347/Experiment3a_subject1347_back_03.pkl,825,0.5491805
KIT/1347/Experiment3a_subject1347_back_03.pkl,826,0.5491805
KIT/1347/Experiment3a_subject1347_back_03.pkl,827,0.5491805
KIT/1347/Experiment3a_subject1347_back_03.pkl,828,0.5491805
KIT/1347/Experiment3a_subject1347_back_03.pkl,829,0.5491805
KIT/1347/Experiment3a_subject1347_back_03.pkl,830,0.5491805
KIT/1347/Experiment3a_subject1347_back_03.pkl,831,0.5491805
KIT/1347/Experiment3a_subject1347_back_03.pkl,832,0.5491805
KIT/1347/Experiment3a_subject1347_back_03.pkl,833,0.5491805
KIT/1347/Experiment3a_subject1347_back_03.pkl,834,0.5491805
KIT/1347/Experiment3a_subject1347_back_03.pkl,835,0.5491805
KIT/1347/Experiment3a_subject1347_back_03.pkl,836,0.5491805
KIT/1347/Experiment3a_subject1347_back_03.pkl,837,0.5491805
KIT/1347/Experiment3a_subject1347_back_03.pkl,838,0.5491805
KIT/1347/Experiment3a_subject1347_back_03.pkl,839,0.5491805
KIT/1347/Experiment3a_subject1347_back_03.pkl,840,0.5491805
KIT/1347/Experiment3a_subject1347_back_03.pkl,841,0.5491805
KIT/1347/Experiment3a_subject1347_back_03.pkl,842,0.5491805
KIT/1347/Experiment3a_subject1347_back_03.pkl,843,0.5491805
KIT/1347/Experiment3a_subject1347_back_03.pkl,844,0.5491805
KIT/1347/Experiment3a_subject1347_back_03.pkl,845,0.5491805
KIT/1347/Experiment3a_subject1347_back_03.pkl,846,0.5491805
KIT/1347/Experiment3a_subject1347_back_03.pkl,847,0.5491805
KIT/1347/Experiment3a_subject1347_back_03.pkl,848,0.5491805
KIT/1347/Experiment3a_subject1347_back_03.pkl,849,0.5491805
KIT/1347/Experiment3a_subject1347_back_03.pkl,850,0.5491805
KIT/1347/Experiment3a_subject1347_back_03.pkl,851,0.5491805
KIT/1347/Experiment3a_subject1347_back_03.pkl,852,0.5491805
KIT/1347/Experiment3a_subject1347_back_03.pkl,853,0.5491805
KIT/1347/Experiment3a_subject1347_back_03.pkl,854,0.5491805
KIT/1347/Experiment3a_subject1347_back_03.pkl,855,0.5491805
KIT/1347/Experiment3a_subject1347_back_03.pkl,856,0.5491805
KIT/1347/Experiment3a_subject1347_back_03.pkl,857,0.5491805
KIT/1347/Experiment3a_subject1347_back_03.pkl,858,0.5491805
KIT/1347/Experiment3a_subject1347_back_03.pkl,859,0.5491805
KIT/1347/Experiment3a_subject1347_back_03.pkl,860,0.5491805
KIT/1347/Experiment3a_subject1347_back_03.pkl,861,0.5491805
KIT/1347/Experiment3a_subject1347_back_03.pkl,862,0.5491805
KIT/1347/Experiment3a_subject1347_back_03.pkl,863,0.5491805
KIT/1347/Experiment3a_subject1347_back_03.pkl,864,0.5491805
KIT/1347/Experiment3a_subject1347_back_03.pkl,865,0.5491805
KIT/1347/Experiment3a_subject1347_back_03.pkl,866,0.5491805
KIT/1347/Experiment3a_subject1347_back_03.pkl,867,0.5491805
KIT/1347/Experiment3a_subject1347_back_03.pkl,868,0.5491805
KIT/1347/Experiment3a_subject1347_back_03.pkl,869,0.5491805
KIT/1347/Experiment3a_subject1347_back_03.pkl,870,0.5491805
KIT/1347/Experiment3a_subject1347_back_03.pkl,871,0.5491805
KIT/1347/Experiment3a_subject1347_back_03.pkl,872,0.5491805
KIT/1347/Experiment3a_subject1347_back_03.pkl,873,0.5491805
KIT/1347/Experiment3a_subject1347_back_03.pkl,874,0.5491805
KIT/1347/Experiment3a_subject1347_back_03.pkl,875,0.5491805
KIT/1347/Experiment3a_subject1347_back_03.pkl,876,0.5491805
KIT/1347/Experiment3a_subject1347_back_03.pkl,877,0.5491805
KIT/1347/Experiment3a_subject1347_back_03.pkl,878,0.5491805
KIT/1347/Experiment3a_subject1347_back_03.pkl,879,0.5491805
KIT/1347/Experiment3a_subject1347_back_03.pkl,880,0.5491805
KIT/1347/Experiment3a_subject1347_back_03.pkl,881,0.5491805
KIT/1347/Experiment3a_subject1347_back_03.pkl,882,0.5491805
KIT/1347/Experiment3a_subject1347_back_03.pkl,883,0.5491805
KIT/1347/Experiment3a_subject1347_back_03.pkl,884,0.5491805
KIT/1347/Experiment3a_subject1347_back_03.pkl,885,0.5491805
KIT/1347/Experiment3a_subject1347_back_03.pkl,886,0.5491805
KIT/1347/Experiment3a_subject1347_back_03.pkl,887,0.5491805
KIT/1347/Experiment3a_subject1347_back_03.pkl,888,0.5491805
KIT/1347/Experiment3a_subject1347_back_03.pkl,889,0.5491805
KIT/1347/Experiment3a_subject1347_back_03.pkl,890,0.5491805
KIT/1347/Experiment3a_subject1347_back_03.pkl,891,0.5491805
KIT/1347/Experiment3a_subject1347_back_03.pkl,892,0.5491805
KIT/1347/Experiment3a_subject1347_back_03.pkl,893,0.5491805
KIT/1347/Experiment3a_subject1347_back_03.pkl,894,0.5491805
KIT/1347/Experiment3a_subject1347_back_03.pkl,895,0.5491805
KIT/1347/Experiment3a_subject1347_back_03.pkl,896,0.5491805
KIT/1347/Experiment3a_subject1347_back_03.pkl,897,0.5491805
KIT/1347/Experiment3a_subject1347_back_03.pkl,898,0.5491805
KIT/1347/Experiment3a_subject1347_back_03.pkl,899,0.5491805
KIT/1347/Experiment3a_subject1347_back_03.pkl,900,0.5491805
KIT/1347/Experiment3a_subject1347_back_03.pkl,901,0.5491805
KIT/1347/Experiment3a_subject1347_back_03.pkl,902,0.5491805
KIT/1347/Experiment3a_subject1347_back_03.pkl,903,0.5491805
KIT/1347/Experiment3a_subject1347_back_03.pkl,904,0.5491805
KIT/1347/Experiment3a_subject1347_back_03.pkl,905,0.5491805
KIT/1347/Experiment3a_subject1347_back_03.pkl,906,0.5491805
KIT/1347/Experiment3a_subject1347_back_03.pkl,907,0.5491805
KIT/1347/Experiment3a_subject1347_back_03.pkl,908,0.5491805
KIT/1347/Experiment3a_subject1347_back_03.pkl,909,0.5491805
KIT/1347/Experiment3a_subject1347_back_03.pkl,910,0.5491805
KIT/1347/Experiment3a_subject1347_back_03.pkl,911,0.5491805
KIT/1347/Experiment3a_subject1347_back_03.pkl,912,0.5491805
KIT/1347/Experiment3a_subject1347_back_03.pkl,913,0.5491805
KIT/1347/Experiment3a_subject1347_back_03.pkl,914,0.5491805
KIT/1347/Experiment3a_subject1347_back_03.pkl,915,0.5491805
KIT/1347/Experiment3a_subject1347_back_03.pkl,916,0.5491805
KIT/1347/Experiment3b_subject1347_back_01.pkl,149,0.5511445
KIT/1347/Experiment3b_subject1347_back_01.pkl,150,0.5511445
KIT/1347/Experiment3b_subject1347_back_01.pkl,151,0.5511445
KIT/1347/Experiment3b_subject1347_back_01.pkl,152,0.5511445
KIT/1347/Experiment3b_subject1347_back_01.pkl,153,0.5511445
KIT/1347/Experiment3b_subject1347_back_01.pkl,154,0.5511445
KIT/1347/Experiment3b_subject1347_back_01.pkl,155,0.5511445
KIT/1347/Experiment3b_subject1347_back_03.pkl,149,0.54983795
KIT/1347/Experiment3b_subject1347_back_03.pkl,150,0.54983795
KIT/1347/Experiment3b_subject1347_back_03.pkl,151,0.54983795
KIT/1347/Experiment3b_subject1347_back_03.pkl,152,0.54983795
KIT/1347/Experiment3b_subject1347_back_03.pkl,153,0.54983795
KIT/1347/Experiment3b_subject1347_back_03.pkl,154,0.54983795
KIT/1347/Experiment3b_subject1347_back_03.pkl,155,0.54983795
KIT/1347/Experiment3b_subject1347_back_03.pkl,156,0.54983795
KIT/1347/Experiment3b_subject1347_back_03.pkl,157,0.54983795
KIT/1347/Experiment3b_subject1347_back_03.pkl,158,0.54983795
KIT/1347/Experiment3b_subject1347_back_03.pkl,159,0.54983795
KIT/1347/Experiment3b_subject1347_back_03.pkl,160,0.54983795
KIT/1347/Experiment3b_subject1347_back_03.pkl,161,0.54983795
KIT/3/Experiment3a_03.pkl,88,0.5750114
KIT/3/Experiment3a_03.pkl,89,0.5750114
KIT/3/Experiment3a_03.pkl,90,0.5750114
KIT/3/Experiment3a_03.pkl,91,0.5750114
KIT/3/Experiment3a_03.pkl,92,0.5750114
KIT/3/Experiment3a_03.pkl,93,0.5750114
KIT/3/Experiment3a_03.pkl,94,0.5750114
KIT/3/Experiment3a_03.pkl,95,0.5750114
KIT/3/Experiment3a_03.pkl,96,0.5750114
KIT/3/Experiment3a_03.pkl,97,0.5750114
KIT/3/Experiment3a_03.pkl,98,0.5750114
KIT/3/Experiment3a_03.pkl,99,0.5750114
KIT/3/Experiment3a_03.pkl,100,0.5750114
KIT/3/Experiment3a_03.pkl,101,0.5750114
KIT/3/Experiment3a_03.pkl,102,0.5750114
KIT/3/Experiment3a_03.pkl,103,0.5750114
KIT/3/Experiment3a_03.pkl,104,0.5750114
KIT/3/Experiment3a_03.pkl,105,0.5750114
KIT/3/Experiment3a_legs_01.pkl,72,0.51688933
KIT/3/Experiment3a_legs_01.pkl,73,0.51688933
KIT/3/Experiment3a_legs_01.pkl,74,0.51688933
KIT/3/Experiment3a_legs_01.pkl,75,0.51688933
KIT/3/Experiment3a_legs_01.pkl,76,0.51688933
KIT/3/Experiment3a_legs_01.pkl,77,0.51688933
KIT/3/Experiment3a_legs_01.pkl,78,0.51688933
KIT/3/Experiment3a_legs_01.pkl,79,0.51688933
KIT/3/Experiment3a_legs_01.pkl,80,0.51688933
KIT/3/Experiment3a_legs_01.pkl,81,0.51688933
KIT/3/Experiment3a_legs_01.pkl,82,0.51688933
KIT/3/Experiment3a_legs_01.pkl,83,0.51688933
KIT/3/Experiment3a_legs_01.pkl,84,0.51688933
KIT/3/Experiment3a_legs_01.pkl,85,0.51688933
KIT/3/Experiment3a_legs_01.pkl,86,0.51688933
KIT/3/Experiment3a_legs_01.pkl,87,0.51688933
KIT/3/Experiment3a_legs_01.pkl,88,0.51688933
KIT/3/Experiment3a_legs_01.pkl,89,0.51688933
KIT/3/Experiment3a_legs_01.pkl,90,0.51688933
KIT/3/Experiment3b_04.pkl,89,0.55626583
KIT/3/Experiment3b_04.pkl,90,0.55626583
KIT/3/Experiment3b_04.pkl,91,0.55626583
KIT/3/Experiment3b_04.pkl,92,0.55626583
KIT/3/Experiment3b_04.pkl,93,0.55626583
KIT/3/Experiment3b_04.pkl,94,0.55626583
KIT/3/Experiment3b_04.pkl,95,0.55626583
KIT/3/Experiment3b_04.pkl,96,0.55626583
KIT/3/Experiment3b_04.pkl,97,0.55626583
KIT/3/Experiment3b_04.pkl,98,0.55626583
KIT/3/Experiment3b_04.pkl,99,0.55626583
KIT/3/Experiment3b_04.pkl,100,0.55626583
KIT/3/Experiment3b_04.pkl,101,0.55626583
KIT/3/Experiment3b_04.pkl,102,0.55626583
KIT/3/Experiment3b_04.pkl,103,0.55626583
KIT/3/Experiment3b_04.pkl,104,0.55626583
KIT/3/Experiment3b_04.pkl,105,0.55626583
KIT/3/Experiment3b_04.pkl,106,0.55626583
KIT/3/Experiment3b_04.pkl,107,0.55626583
KIT/3/Experiment3b_04.pkl,108,0.55626583
KIT/3/Experiment3b_04.pkl,109,0.55626583
KIT/3/Experiment3b_04.pkl,110,0.55626583
KIT/3/Experiment3b_04.pkl,111,0.55626583
KIT/3/Experiment3b_04.pkl,112,0.55626583
KIT/3/Experiment3b_04.pkl,113,0.55626583
KIT/3/Experiment3b_04.pkl,114,0.55626583
KIT/3/Experiment3b_04.pkl,115,0.55626583
KIT/3/Experiment3b_04.pkl,116,0.55626583
KIT/3/Experiment3b_04.pkl,117,0.55626583
KIT/3/Experiment3b_04.pkl,118,0.55626583
KIT/3/Experiment3b_04.pkl,119,0.55626583
KIT/3/Experiment3b_legs_02.pkl,41,0.5279573
KIT/3/Experiment3b_legs_02.pkl,42,0.5279573
KIT/3/Experiment3b_legs_02.pkl,43,0.5279573
KIT/3/Experiment3b_legs_02.pkl,44,0.5279573
KIT/3/Experiment3b_legs_02.pkl,45,0.5279573
KIT/3/Experiment3b_legs_02.pkl,46,0.5279573
KIT/3/Experiment3b_legs_02.pkl,47,0.5279573
KIT/3/Experiment3b_legs_02.pkl,48,0.5279573
KIT/3/Experiment3b_legs_02.pkl,49,0.5279573
KIT/3/Experiment3b_legs_02.pkl,50,0.5279573
KIT/3/Experiment3b_legs_02.pkl,51,0.5279573
KIT/3/Experiment3b_legs_02.pkl,52,0.5279573
KIT/3/Experiment3b_legs_02.pkl,53,0.5279573
KIT/3/Experiment3b_legs_02.pkl,54,0.5279573
KIT/3/Experiment3b_legs_02.pkl,55,0.5279573
KIT/3/Experiment3b_legs_02.pkl,56,0.5279573
KIT/3/Experiment3b_legs_02.pkl,57,0.5279573
KIT/3/Experiment3b_legs_03.pkl,59,0.52837324
KIT/3/Experiment3b_legs_03.pkl,60,0.52837324
KIT/3/Experiment3b_legs_03.pkl,61,0.52837324
KIT/3/Experiment3b_legs_03.pkl,62,0.52837324
KIT/3/Experiment3b_legs_03.pkl,63,0.52837324
KIT/3/Experiment3b_legs_03.pkl,64,0.52837324
KIT/3/Experiment3b_legs_03.pkl,65,0.52837324
KIT/3/Experiment3b_legs_03.pkl,66,0.52837324
KIT/3/Experiment3b_legs_03.pkl,67,0.52837324
KIT/3/Experiment3b_legs_03.pkl,68,0.52837324
KIT/3/Experiment3b_legs_03.pkl,69,0.52837324
KIT/3/Experiment3b_legs_03.pkl,70,0.52837324
KIT/3/Experiment3b_legs_03.pkl,71,0.52837324
KIT/3/Experiment3b_legs_03.pkl,72,0.52837324
KIT/3/Experiment3b_legs_03.pkl,73,0.52837324
KIT/3/Experiment3b_legs_03.pkl,74,0.52837324
KIT/3/Experiment3b_legs_03.pkl,75,0.52837324
KIT/3/Experiment3b_legs_03.pkl,76,0.52837324
KIT/3/Experiment3b_legs_03.pkl,77,0.52837324
KIT/3/Experiment3b_legs_03.pkl,78,0.52837324
KIT/675/Experiment3a_06.pkl,64,0.5849986
KIT/675/Experiment3a_06.pkl,65,0.5849986
KIT/675/Experiment3a_06.pkl,66,0.5849986
KIT/675/Experiment3a_06.pkl,67,0.5849986
KIT/675/Experiment3a_06.pkl,68,0.5849986
KIT/675/Experiment3a_06.pkl,69,0.5849986
KIT/675/Experiment3a_06.pkl,70,0.5849986
KIT/675/Experiment3a_06.pkl,71,0.5849986
KIT/675/Experiment3a_06.pkl,72,0.5849986
KIT/675/Experiment3a_06.pkl,73,0.5849986
KIT/675/Experiment3a_06.pkl,74,0.5849986
KIT/675/Experiment3a_06.pkl,75,0.5849986
KIT/675/Experiment3a_06.pkl,76,0.5849986
KIT/675/Experiment3a_06.pkl,77,0.5849986
KIT/675/Experiment3a_06.pkl,78,0.5849986
KIT/675/Experiment3a_06.pkl,79,0.5849986
KIT/675/Experiment3a_06.pkl,80,0.5849986
KIT/675/Experiment3a_06.pkl,81,0.5849986
KIT/675/Experiment3a_06.pkl,82,0.5849986
KIT/675/Experiment3a_06.pkl,83,0.5849986
KIT/675/Experiment3a_06.pkl,84,0.5849986
KIT/675/Experiment3a_06.pkl,85,0.5849986
KIT/675/Experiment3a_06.pkl,86,0.5849986
KIT/675/Experiment3a_06.pkl,87,0.5849986
KIT/675/Experiment3a_06.pkl,88,0.5849986
KIT/675/Experiment3a_06.pkl,89,0.5849986
KIT/675/Experiment3a_06.pkl,90,0.5849986
KIT/675/Experiment3a_06.pkl,91,0.5849986
KIT/675/Experiment3a_06.pkl,92,0.5849986
KIT/675/Experiment3a_06.pkl,93,0.5849986
KIT/675/Experiment3a_06.pkl,94,0.5849986
KIT/675/Experiment3a_06.pkl,95,0.5849986
KIT/675/Experiment3a_06.pkl,96,0.5849986
KIT/675/Experiment3a_06.pkl,97,0.5849986
KIT/675/Experiment3a_06.pkl,98,0.5849986
KIT/675/Experiment3a_06.pkl,99,0.5849986
KIT/675/Experiment3a_06.pkl,100,0.5849986
KIT/675/Experiment3a_06.pkl,101,0.5849986
KIT/675/Experiment3a_06.pkl,102,0.5849986
KIT/675/Experiment3a_06.pkl,103,0.5849986
KIT/675/Experiment3a_06.pkl,104,0.5849986
KIT/675/Experiment3a_06.pkl,105,0.5849986
KIT/675/Experiment3a_06.pkl,106,0.5849986
KIT/675/Experiment3a_06.pkl,107,0.5849986
KIT/675/Experiment3a_06.pkl,108,0.5849986
KIT/675/Experiment3a_06.pkl,109,0.5849986
KIT/675/Experiment3a_06.pkl,110,0.5849986
KIT/675/Experiment3a_06.pkl,111,0.5849986
KIT/675/Experiment3a_06.pkl,112,0.5849986
KIT/675/Experiment3a_06.pkl,113,0.5849986
KIT/675/Experiment3a_06.pkl,114,0.5849986
KIT/675/Experiment3a_06.pkl,115,0.5849986
KIT/675/Experiment3a_06.pkl,116,0.5849986
KIT/675/Experiment3a_06.pkl,117,0.5849986
KIT/675/Experiment3a_06.pkl,118,0.5849986
KIT/675/Experiment3a_06.pkl,119,0.5849986
KIT/675/Experiment3a_06.pkl,120,0.5849986
KIT/675/Experiment3a_06.pkl,121,0.5849986
KIT/675/Experiment3a_06.pkl,122,0.5849986
KIT/675/Experiment3a_06.pkl,123,0.5849986
KIT/675/Experiment3a_06.pkl,124,0.5849986
KIT/675/Experiment3a_06.pkl,125,0.5849986
KIT/675/Experiment3a_06.pkl,126,0.5849986
KIT/675/Experiment3a_06.pkl,127,0.5849986
KIT/675/Experiment3a_06.pkl,128,0.5849986
KIT/675/Experiment3a_06.pkl,129,0.5849986
KIT/675/Experiment3a_06.pkl,130,0.5849986
KIT/675/Experiment3a_06.pkl,131,0.5849986
KIT/675/Experiment3a_06.pkl,132,0.5849986
KIT/675/Experiment3a_06.pkl,133,0.5849986
KIT/675/Experiment3a_06.pkl,134,0.5849986
KIT/675/Experiment3a_06.pkl,135,0.5849986
KIT/675/Experiment3a_06.pkl,136,0.5849986
KIT/675/Experiment3a_06.pkl,137,0.5849986
KIT/675/Experiment3a_06.pkl,138,0.5849986
KIT/675/Experiment3a_06.pkl,139,0.5849986
KIT/675/Experiment3a_06.pkl,140,0.5849986
KIT/675/Experiment3a_06.pkl,141,0.5849986
KIT/675/Experiment3a_06.pkl,142,0.5849986
KIT/675/Experiment3a_06.pkl,143,0.5849986
KIT/675/Experiment3a_06.pkl,144,0.5849986
KIT/675/Experiment3a_06.pkl,145,0.5849986
KIT/675/Experiment3a_06.pkl,146,0.5849986
KIT/675/Experiment3a_06.pkl,147,0.5849986
KIT/675/Experiment3a_06.pkl,148,0.5849986
KIT/675/Experiment3a_06.pkl,149,0.5849986
KIT/675/Experiment3a_06.pkl,150,0.5849986
KIT/675/Experiment3a_06.pkl,151,0.5849986
KIT/675/Experiment3a_06.pkl,152,0.5849986
KIT/675/Experiment3a_06.pkl,153,0.5849986
KIT/675/Experiment3a_06.pkl,154,0.5849986
KIT/675/Experiment3a_06.pkl,155,0.5849986
KIT/675/Experiment3a_06.pkl,156,0.5849986
KIT/675/Experiment3a_06.pkl,157,0.5849986
KIT/675/Experiment3a_06.pkl,158,0.5849986
KIT/675/Experiment3a_06.pkl,159,0.5849986
KIT/675/Experiment3a_06.pkl,160,0.5849986
KIT/675/Experiment3a_06.pkl,161,0.5849986
KIT/675/Experiment3a_06.pkl,162,0.5849986
KIT/675/Experiment3a_06.pkl,163,0.5849986
KIT/675/Experiment3a_06.pkl,164,0.5849986
KIT/675/Experiment3a_06.pkl,165,0.5849986
KIT/675/Experiment3a_06.pkl,166,0.5849986
KIT/675/Experiment3a_06.pkl,167,0.5849986
KIT/675/Experiment3a_06.pkl,168,0.5849986
KIT/675/Experiment3a_06.pkl,169,0.5849986
KIT/675/Experiment3a_06.pkl,170,0.5849986
KIT/675/Experiment3a_06.pkl,171,0.5849986
KIT/675/Experiment3a_06.pkl,172,0.5849986
KIT/675/Experiment3a_06.pkl,173,0.5849986
KIT/675/Experiment3a_06.pkl,174,0.5849986
KIT/675/Experiment3a_06.pkl,175,0.5849986
KIT/675/Experiment3a_06.pkl,176,0.5849986
KIT/675/Experiment3a_06.pkl,177,0.5849986
KIT/675/Experiment3a_06.pkl,178,0.5849986
KIT/675/Experiment3a_06.pkl,179,0.5849986
KIT/675/Experiment3a_06.pkl,180,0.5849986
KIT/675/Experiment3a_06.pkl,181,0.5849986
KIT/675/Experiment3a_06.pkl,182,0.5849986
KIT/675/Experiment3a_06.pkl,183,0.5849986
KIT/675/Experiment3a_06.pkl,184,0.5849986
KIT/675/Experiment3a_06.pkl,185,0.5849986
KIT/675/Experiment3a_06.pkl,186,0.5849986
KIT/675/Experiment3a_06.pkl,187,0.5849986
KIT/675/Experiment3a_06.pkl,188,0.5849986
KIT/675/Experiment3a_06.pkl,189,0.5849986
KIT/675/Experiment3a_06.pkl,190,0.5849986
KIT/675/Experiment3a_06.pkl,191,0.5849986
KIT/675/Experiment3a_06.pkl,192,0.5849986
KIT/675/Experiment3a_06.pkl,193,0.5849986
KIT/675/Experiment3a_06.pkl,194,0.5849986
KIT/675/Experiment3a_06.pkl,195,0.5849986
KIT/675/Experiment3a_06.pkl,196,0.5849986
KIT/675/Experiment3a_06.pkl,197,0.5849986
KIT/675/Experiment3a_06.pkl,198,0.5849986
KIT/675/Experiment3a_06.pkl,199,0.5849986
KIT/675/Experiment3a_06.pkl,200,0.5849986
KIT/675/Experiment3a_06.pkl,201,0.5849986
KIT/675/Experiment3a_06.pkl,202,0.5849986
KIT/675/Experiment3a_06.pkl,203,0.5849986
KIT/675/Experiment3a_06.pkl,204,0.5849986
KIT/675/Experiment3a_06.pkl,205,0.5849986
KIT/675/Experiment3a_06.pkl,206,0.5849986
KIT/675/Experiment3a_06.pkl,207,0.5849986
KIT/675/Experiment3a_06.pkl,208,0.5849986
KIT/675/Experiment3a_06.pkl,209,0.5849986
KIT/675/Experiment3a_06.pkl,210,0.5849986
KIT/675/Experiment3a_06.pkl,211,0.5849986
KIT/675/Experiment3a_06.pkl,212,0.5849986
KIT/675/Experiment3a_06.pkl,213,0.5849986
KIT/675/Experiment3a_06.pkl,214,0.5849986
KIT/675/Experiment3a_06.pkl,215,0.5849986
KIT/675/Experiment3a_06.pkl,216,0.5849986
KIT/675/Experiment3a_06.pkl,217,0.5849986
KIT/675/Experiment3a_06.pkl,218,0.5849986
KIT/675/Experiment3a_06.pkl,219,0.5849986
KIT/675/Experiment3a_06.pkl,220,0.5849986
KIT/675/Experiment3a_06.pkl,221,0.5849986
KIT/675/Experiment3a_06.pkl,222,0.5849986
KIT/675/Experiment3a_06.pkl,223,0.5849986
KIT/675/Experiment3a_06.pkl,224,0.5849986
KIT/675/Experiment3a_06.pkl,225,0.5849986
KIT/675/Experiment3a_06.pkl,226,0.5849986
KIT/675/Experiment3a_06.pkl,227,0.5849986
KIT/675/Experiment3a_06.pkl,228,0.5849986
KIT/675/Experiment3a_06.pkl,229,0.5849986
KIT/675/Experiment3a_06.pkl,230,0.5849986
KIT/675/Experiment3a_06.pkl,231,0.5849986
KIT/675/Experiment3a_06.pkl,232,0.5849986
KIT/675/Experiment3a_06.pkl,233,0.5849986
KIT/675/Experiment3a_06.pkl,234,0.5849986
KIT/675/Experiment3a_06.pkl,235,0.5849986
KIT/675/Experiment3a_06.pkl,236,0.5849986
KIT/675/Experiment3a_06.pkl,237,0.5849986
KIT/675/Experiment3a_06.pkl,238,0.5849986
KIT/675/Experiment3a_06.pkl,239,0.5849986
KIT/675/Experiment3a_06.pkl,240,0.5849986
KIT/675/Experiment3a_06.pkl,241,0.5849986
KIT/675/Experiment3a_06.pkl,242,0.5849986
KIT/675/Experiment3a_06.pkl,243,0.5849986
KIT/675/Experiment3a_06.pkl,244,0.5849986
KIT/675/Experiment3a_06.pkl,245,0.5849986
KIT/675/Experiment3a_06.pkl,246,0.5849986
KIT/675/Experiment3a_06.pkl,247,0.5849986
KIT/675/Experiment3a_06.pkl,248,0.5849986
KIT/675/Experiment3a_06.pkl,249,0.5849986
KIT/675/Experiment3a_06.pkl,250,0.5849986
KIT/675/Experiment3a_06.pkl,251,0.5849986
KIT/675/Experiment3a_06.pkl,252,0.5849986
KIT/675/Experiment3a_06.pkl,253,0.5849986
KIT/675/Experiment3a_06.pkl,254,0.5849986
KIT/675/Experiment3a_06.pkl,255,0.5849986
KIT/675/Experiment3a_06.pkl,256,0.5849986
KIT/675/Experiment3a_06.pkl,257,0.5849986
KIT/675/Experiment3a_06.pkl,258,0.5849986
KIT/675/Experiment3a_06.pkl,259,0.5849986
KIT/675/Experiment3a_06.pkl,260,0.5849986
KIT/675/Experiment3a_06.pkl,261,0.5849986
KIT/675/Experiment3a_06.pkl,262,0.5849986
KIT/675/Experiment3a_06.pkl,263,0.5849986
KIT/675/Experiment3a_06.pkl,264,0.5849986
KIT/675/Experiment3a_06.pkl,265,0.5849986
KIT/675/Experiment3a_06.pkl,266,0.5849986
KIT/675/Experiment3a_06.pkl,267,0.5849986
KIT/675/Experiment3a_06.pkl,268,0.5849986
KIT/675/Experiment3a_06.pkl,269,0.5849986
KIT/675/Experiment3a_06.pkl,270,0.5849986
KIT/675/Experiment3a_06.pkl,271,0.5849986
KIT/675/Experiment3a_06.pkl,272,0.5849986
KIT/675/Experiment3a_06.pkl,273,0.5849986
KIT/675/Experiment3a_06.pkl,274,0.5849986
KIT/675/Experiment3a_06.pkl,275,0.5849986
KIT/675/Experiment3a_06.pkl,276,0.5849986
KIT/675/Experiment3a_06.pkl,277,0.5849986
KIT/675/Experiment3a_06.pkl,278,0.5849986
KIT/675/Experiment3a_06.pkl,279,0.5849986
KIT/675/Experiment3a_06.pkl,280,0.5849986
KIT/675/Experiment3a_06.pkl,281,0.5849986
KIT/675/Experiment3a_06.pkl,282,0.5849986
KIT/675/Experiment3a_06.pkl,283,0.5849986
KIT/675/Experiment3a_06.pkl,284,0.5849986
KIT/675/Experiment3a_06.pkl,285,0.5849986
KIT/675/Experiment3a_06.pkl,286,0.5849986
KIT/675/Experiment3a_06.pkl,287,0.5849986
KIT/675/Experiment3a_06.pkl,288,0.5849986
KIT/675/Experiment3a_06.pkl,289,0.5849986
KIT/675/Experiment3a_06.pkl,290,0.5849986
KIT/675/Experiment3a_06.pkl,291,0.5849986
KIT/675/Experiment3a_06.pkl,292,0.5849986
KIT/675/Experiment3a_06.pkl,293,0.5849986
KIT/675/Experiment3a_06.pkl,294,0.5849986
KIT/675/Experiment3a_06.pkl,295,0.5849986
KIT/675/Experiment3a_06.pkl,296,0.5849986
KIT/675/Experiment3a_06.pkl,297,0.5849986
KIT/675/Experiment3a_06.pkl,298,0.5849986
KIT/675/Experiment3a_06.pkl,299,0.5849986
KIT/675/Experiment3a_06.pkl,300,0.5849986
KIT/675/Experiment3a_06.pkl,301,0.5849986
KIT/675/Experiment3a_06.pkl,302,0.5849986
KIT/675/Experiment3a_06.pkl,303,0.5849986
KIT/675/Experiment3a_06.pkl,304,0.5849986
KIT/675/Experiment3a_06.pkl,305,0.5849986
KIT/675/Experiment3a_06.pkl,306,0.5849986
KIT/675/Experiment3a_06.pkl,307,0.5849986
KIT/675/Experiment3a_06.pkl,308,0.5849986
KIT/675/Experiment3a_06.pkl,309,0.5849986
KIT/675/Experiment3a_06.pkl,310,0.5849986
KIT/675/Experiment3a_06.pkl,311,0.5849986
KIT/675/Experiment3a_06.pkl,312,0.5849986
KIT/675/Experiment3a_06.pkl,313,0.5849986
KIT/675/Experiment3a_06.pkl,314,0.5849986
KIT/675/Experiment3a_06.pkl,315,0.5849986
KIT/675/Experiment3a_06.pkl,316,0.5849986
KIT/675/Experiment3a_06.pkl,317,0.5849986
KIT/675/Experiment3a_06.pkl,318,0.5849986
KIT/675/Experiment3a_06.pkl,319,0.5849986
KIT/675/Experiment3a_06.pkl,320,0.5849986
KIT/675/Experiment3a_06.pkl,321,0.5849986
KIT/675/Experiment3a_06.pkl,322,0.5849986
KIT/675/Experiment3a_06.pkl,323,0.5849986
KIT/675/Experiment3a_06.pkl,324,0.5849986
KIT/675/Experiment3a_06.pkl,325,0.5849986
KIT/675/Experiment3a_06.pkl,326,0.5849986
KIT/675/Experiment3a_06.pkl,327,0.5849986
KIT/675/Experiment3a_06.pkl,328,0.5849986
KIT/675/Experiment3a_06.pkl,329,0.5849986
KIT/675/Experiment3a_06.pkl,330,0.5849986
KIT/675/Experiment3a_06.pkl,331,0.5849986
KIT/675/Experiment3a_06.pkl,332,0.5849986
KIT/675/Experiment3a_06.pkl,333,0.5849986
KIT/675/Experiment3a_06.pkl,334,0.5849986
KIT/675/Experiment3a_06.pkl,335,0.5849986
KIT/675/Experiment3a_06.pkl,336,0.5849986
KIT/675/Experiment3a_06.pkl,337,0.5849986
KIT/675/Experiment3a_06.pkl,338,0.5849986
KIT/675/Experiment3a_06.pkl,339,0.5849986
KIT/675/Experiment3a_06.pkl,340,0.5849986
KIT/675/Experiment3a_06.pkl,341,0.5849986
KIT/675/Experiment3a_06.pkl,342,0.5849986
KIT/675/Experiment3a_06.pkl,343,0.5849986
KIT/675/Experiment3a_06.pkl,344,0.5849986
KIT/675/Experiment3a_06.pkl,345,0.5849986
KIT/675/Experiment3a_06.pkl,346,0.5849986
KIT/675/Experiment3a_06.pkl,347,0.5849986
KIT/675/Experiment3a_06.pkl,348,0.5849986
KIT/675/Experiment3a_06.pkl,349,0.5849986
KIT/675/Experiment3a_06.pkl,350,0.5849986
KIT/675/Experiment3a_06.pkl,351,0.5849986
KIT/675/Experiment3a_06.pkl,352,0.5849986
KIT/675/Experiment3a_06.pkl,353,0.5849986
KIT/675/Experiment3a_06.pkl,354,0.5849986
KIT/675/Experiment3a_06.pkl,355,0.5849986
KIT/675/Experiment3a_06.pkl,356,0.5849986
KIT/675/Experiment3a_06.pkl,357,0.5849986
KIT/675/Experiment3a_06.pkl,358,0.5849986
KIT/675/Experiment3a_06.pkl,359,0.5849986
KIT/675/Experiment3a_06.pkl,360,0.5849986
KIT/675/Experiment3a_06.pkl,361,0.5849986
KIT/675/Experiment3a_06.pkl,362,0.5849986
KIT/675/Experiment3a_06.pkl,363,0.5849986
KIT/675/Experiment3a_06.pkl,364,0.5849986
KIT/675/Experiment3a_06.pkl,365,0.5849986
KIT/675/Experiment3a_06.pkl,366,0.5849986
KIT/675/Experiment3a_06.pkl,367,0.5849986
KIT/675/Experiment3a_06.pkl,368,0.5849986
KIT/675/Experiment3a_06.pkl,369,0.5849986
KIT/675/Experiment3a_06.pkl,370,0.5849986
KIT/675/Experiment3a_06.pkl,371,0.5849986
KIT/675/Experiment3a_06.pkl,372,0.5849986
KIT/675/Experiment3a_06.pkl,373,0.5849986
KIT/675/Experiment3a_06.pkl,374,0.5849986
KIT/675/Experiment3a_06.pkl,375,0.5849986
KIT/675/Experiment3a_06.pkl,376,0.5849986
KIT/675/Experiment3a_06.pkl,377,0.5849986
KIT/675/Experiment3a_06.pkl,378,0.5849986
KIT/675/Experiment3a_06.pkl,379,0.5849986
KIT/675/Experiment3a_06.pkl,380,0.5849986
KIT/675/Experiment3a_06.pkl,381,0.5849986
KIT/675/Experiment3a_06.pkl,382,0.5849986
KIT/675/Experiment3a_06.pkl,383,0.5849986
KIT/675/Experiment3a_06.pkl,384,0.5849986
KIT/675/Experiment3a_06.pkl,385,0.5849986
KIT/675/Experiment3a_06.pkl,386,0.5849986
KIT/675/Experiment3a_06.pkl,387,0.5849986
KIT/675/Experiment3a_06.pkl,388,0.5849986
KIT/675/Experiment3a_06.pkl,389,0.5849986
KIT/675/Experiment3a_06.pkl,390,0.5849986
KIT/675/Experiment3a_06.pkl,391,0.5849986
KIT/675/Experiment3a_06.pkl,392,0.5849986
KIT/675/Experiment3a_06.pkl,393,0.5849986
KIT/675/Experiment3a_06.pkl,394,0.5849986
KIT/675/Experiment3a_06.pkl,395,0.5849986
KIT/675/Experiment3a_06.pkl,396,0.5849986
KIT/675/Experiment3a_06.pkl,397,0.5849986
KIT/675/Experiment3a_06.pkl,398,0.5849986
KIT/675/Experiment3a_06.pkl,399,0.5849986
KIT/675/Experiment3a_06.pkl,400,0.5849986
KIT/675/Experiment3a_06.pkl,401,0.5849986
KIT/675/Experiment3a_06.pkl,402,0.5849986
KIT/675/Experiment3a_06.pkl,403,0.5849986
KIT/675/Experiment3a_06.pkl,404,0.5849986
KIT/675/Experiment3a_06.pkl,405,0.5849986
KIT/675/Experiment3a_06.pkl,406,0.5849986
KIT/675/Experiment3a_06.pkl,407,0.5849986
KIT/675/Experiment3a_06.pkl,408,0.5849986
KIT/675/Experiment3a_06.pkl,409,0.5849986
KIT/675/Experiment3a_06.pkl,410,0.5849986
KIT/675/Experiment3a_06.pkl,411,0.5849986
KIT/675/Experiment3a_06.pkl,412,0.5849986
KIT/675/Experiment3a_06.pkl,413,0.5849986
KIT/675/Experiment3a_06.pkl,414,0.5849986
KIT/675/Experiment3a_06.pkl,415,0.5849986
KIT/675/Experiment3a_06.pkl,416,0.5849986
KIT/675/Experiment3a_06.pkl,417,0.5849986
KIT/675/Experiment3a_06.pkl,418,0.5849986
KIT/675/Experiment3a_06.pkl,419,0.5849986
KIT/675/Experiment3a_06.pkl,420,0.5849986
KIT/675/Experiment3a_06.pkl,421,0.5849986
KIT/675/Experiment3a_06.pkl,422,0.5849986
KIT/675/Experiment3a_06.pkl,423,0.5849986
KIT/675/Experiment3a_06.pkl,424,0.5849986
KIT/675/Experiment3a_06.pkl,425,0.5849986
KIT/675/Experiment3a_06.pkl,426,0.5849986
KIT/675/Experiment3a_06.pkl,427,0.5849986
KIT/675/Experiment3a_06.pkl,428,0.5849986
KIT/675/Experiment3a_06.pkl,429,0.5849986
KIT/675/Experiment3a_06.pkl,430,0.5849986
KIT/675/Experiment3a_06.pkl,431,0.5849986
KIT/675/Experiment3a_06.pkl,432,0.5849986
KIT/675/Experiment3a_06.pkl,433,0.5849986
KIT/675/Experiment3a_06.pkl,434,0.5849986
KIT/675/Experiment3a_06.pkl,435,0.5849986
KIT/675/Experiment3a_06.pkl,436,0.5849986
KIT/675/Experiment3a_06.pkl,437,0.5849986
KIT/675/Experiment3a_06.pkl,438,0.5849986
KIT/675/Experiment3a_06.pkl,439,0.5849986
KIT/675/Experiment3a_06.pkl,440,0.5849986
KIT/675/Experiment3a_06.pkl,441,0.5849986
KIT/675/Experiment3a_06.pkl,442,0.5849986
KIT/675/Experiment3a_06.pkl,443,0.5849986
KIT/675/Experiment3a_06.pkl,444,0.5849986
KIT/675/Experiment3a_06.pkl,445,0.5849986
KIT/675/Experiment3a_06.pkl,446,0.5849986
KIT/675/Experiment3a_06.pkl,447,0.5849986
KIT/675/Experiment3a_06.pkl,448,0.5849986
KIT/675/Experiment3a_06.pkl,449,0.5849986
KIT/675/Experiment3a_06.pkl,450,0.5849986
KIT/675/Experiment3a_06.pkl,451,0.5849986
KIT/675/Experiment3a_06.pkl,452,0.5849986
KIT/675/Experiment3a_06.pkl,453,0.5849986
KIT/675/Experiment3a_06.pkl,454,0.5849986
KIT/675/Experiment3a_06.pkl,455,0.5849986
KIT/675/Experiment3a_06.pkl,456,0.5849986
KIT/675/Experiment3a_06.pkl,457,0.5849986
KIT/675/Experiment3a_06.pkl,458,0.5849986
KIT/675/Experiment3a_06.pkl,459,0.5849986
KIT/675/Experiment3a_06.pkl,460,0.5849986
KIT/675/Experiment3a_06.pkl,461,0.5849986
KIT/675/Experiment3a_06.pkl,462,0.5849986
KIT/675/Experiment3a_06.pkl,463,0.5849986
KIT/675/Experiment3a_06.pkl,464,0.5849986
KIT/675/Experiment3a_06.pkl,465,0.5849986
KIT/675/Experiment3a_06.pkl,466,0.5849986
KIT/675/Experiment3a_06.pkl,467,0.5849986
KIT/675/Experiment3a_06.pkl,468,0.5849986
KIT/675/Experiment3a_06.pkl,469,0.5849986
KIT/675/Experiment3a_06.pkl,470,0.5849986
KIT/675/Experiment3a_06.pkl,471,0.5849986
KIT/675/Experiment3a_06.pkl,472,0.5849986
KIT/675/Experiment3a_06.pkl,473,0.5849986
KIT/675/Experiment3a_06.pkl,474,0.5849986
KIT/675/Experiment3a_06.pkl,475,0.5849986
KIT/675/Experiment3a_06.pkl,476,0.5849986
KIT/675/Experiment3a_06.pkl,477,0.5849986
KIT/675/Experiment3a_06.pkl,478,0.5849986
KIT/675/Experiment3a_06.pkl,479,0.5849986
KIT/675/Experiment3a_06.pkl,480,0.5849986
KIT/675/Experiment3a_06.pkl,481,0.5849986
KIT/675/Experiment3a_06.pkl,482,0.5849986
KIT/675/Experiment3a_06.pkl,483,0.5849986
KIT/675/Experiment3a_06.pkl,484,0.5849986
KIT/675/Experiment3a_06.pkl,485,0.5849986
KIT/675/Experiment3a_06.pkl,486,0.5849986
KIT/675/Experiment3a_06.pkl,487,0.5849986
KIT/675/Experiment3a_06.pkl,488,0.5849986
KIT/675/Experiment3a_06.pkl,489,0.5849986
KIT/675/Experiment3a_06.pkl,490,0.5849986
KIT/675/Experiment3a_06.pkl,491,0.5849986
KIT/675/Experiment3a_06.pkl,492,0.5849986
KIT/675/Experiment3a_06.pkl,493,0.5849986
KIT/675/Experiment3a_06.pkl,494,0.5849986
KIT/675/Experiment3a_06.pkl,495,0.5849986
KIT/675/Experiment3a_06.pkl,496,0.5849986
KIT/675/Experiment3a_06.pkl,497,0.5849986
KIT/675/Experiment3a_06.pkl,498,0.5849986
KIT/675/Experiment3a_06.pkl,499,0.5849986
KIT/675/Experiment3a_06.pkl,500,0.5849986
KIT/675/Experiment3a_06.pkl,501,0.5849986
KIT/675/Experiment3a_06.pkl,502,0.5849986
KIT/675/Experiment3a_06.pkl,503,0.5849986
KIT/675/Experiment3a_06.pkl,504,0.5849986
KIT/675/Experiment3a_06.pkl,505,0.5849986
KIT/675/Experiment3a_06.pkl,506,0.5849986
KIT/675/Experiment3a_06.pkl,507,0.5849986
KIT/675/Experiment3a_06.pkl,508,0.5849986
KIT/675/Experiment3a_06.pkl,509,0.5849986
KIT/675/Experiment3a_06.pkl,510,0.5849986
KIT/675/Experiment3a_06.pkl,511,0.5849986
KIT/675/Experiment3a_06.pkl,512,0.5849986
KIT/675/Experiment3a_06.pkl,513,0.5849986
KIT/675/Experiment3a_06.pkl,514,0.5849986
KIT/675/Experiment3a_06.pkl,515,0.5849986
KIT/675/Experiment3a_06.pkl,516,0.5849986
KIT/675/Experiment3a_06.pkl,517,0.5849986
KIT/675/Experiment3a_06.pkl,518,0.5849986
KIT/675/Experiment3a_06.pkl,519,0.5849986
KIT/675/Experiment3a_06.pkl,520,0.5849986
KIT/675/Experiment3a_06.pkl,521,0.5849986
KIT/675/Experiment3a_06.pkl,522,0.5849986
KIT/675/Experiment3a_06.pkl,523,0.5849986
KIT/675/Experiment3a_06.pkl,524,0.5849986
KIT/675/Experiment3a_06.pkl,525,0.5849986
KIT/675/Experiment3a_06.pkl,526,0.5849986
KIT/675/Experiment3a_06.pkl,527,0.5849986
KIT/675/Experiment3a_06.pkl,528,0.5849986
KIT/675/Experiment3a_06.pkl,529,0.5849986
KIT/675/Experiment3a_06.pkl,530,0.5849986
KIT/675/Experiment3a_06.pkl,531,0.5849986
KIT/675/Experiment3a_06.pkl,532,0.5849986
KIT/675/Experiment3a_06.pkl,533,0.5849986
KIT/675/Experiment3a_06.pkl,534,0.5849986
KIT/675/Experiment3a_06.pkl,535,0.5849986
KIT/675/Experiment3a_06.pkl,536,0.5849986
KIT/675/Experiment3a_06.pkl,537,0.5849986
KIT/675/Experiment3a_06.pkl,538,0.5849986
KIT/675/Experiment3a_06.pkl,539,0.5849986
KIT/675/Experiment3a_06.pkl,540,0.5849986
KIT/675/Experiment3a_06.pkl,541,0.5849986
KIT/675/Experiment3a_06.pkl,542,0.5849986
KIT/675/Experiment3a_06.pkl,543,0.5849986
KIT/675/Experiment3a_06.pkl,544,0.5849986
KIT/675/Experiment3a_06.pkl,545,0.5849986
KIT/675/Experiment3a_06.pkl,546,0.5849986
KIT/675/Experiment3a_06.pkl,547,0.5849986
KIT/675/Experiment3a_06.pkl,548,0.5849986
KIT/675/Experiment3a_06.pkl,549,0.5849986
KIT/675/Experiment3a_06.pkl,550,0.5849986
KIT/675/Experiment3a_06.pkl,551,0.5849986
KIT/675/Experiment3a_06.pkl,552,0.5849986
KIT/675/Experiment3a_06.pkl,553,0.5849986
KIT/675/Experiment3a_06.pkl,554,0.5849986
KIT/675/Experiment3a_06.pkl,555,0.5849986
KIT/675/Experiment3a_06.pkl,556,0.5849986
KIT/675/Experiment3a_06.pkl,557,0.5849986
KIT/675/Experiment3a_06.pkl,558,0.5849986
KIT/675/Experiment3a_06.pkl,559,0.5849986
KIT/675/Experiment3a_06.pkl,560,0.5849986
KIT/675/Experiment3a_06.pkl,561,0.5849986
KIT/675/Experiment3a_06.pkl,562,0.5849986
KIT/675/Experiment3a_06.pkl,563,0.5849986
KIT/675/Experiment3a_06.pkl,564,0.5849986
KIT/675/Experiment3a_06.pkl,565,0.5849986
KIT/675/Experiment3a_06.pkl,566,0.5849986
KIT/675/Experiment3a_06.pkl,567,0.5849986
KIT/675/Experiment3a_06.pkl,568,0.5849986
KIT/675/Experiment3a_06.pkl,569,0.5849986
KIT/675/Experiment3a_06.pkl,570,0.5849986
KIT/675/Experiment3a_06.pkl,571,0.5849986
KIT/675/Experiment3a_06.pkl,572,0.5849986
KIT/675/Experiment3a_06.pkl,573,0.5849986
KIT/675/Experiment3a_06.pkl,574,0.5849986
KIT/675/Experiment3a_06.pkl,575,0.5849986
KIT/675/Experiment3a_06.pkl,576,0.5849986
KIT/675/Experiment3a_06.pkl,577,0.5849986
KIT/675/Experiment3a_06.pkl,578,0.5849986
KIT/675/Experiment3a_06.pkl,579,0.5849986
KIT/675/Experiment3a_06.pkl,580,0.5849986
KIT/675/Experiment3a_06.pkl,581,0.5849986
KIT/675/Experiment3a_06.pkl,582,0.5849986
KIT/675/Experiment3a_06.pkl,583,0.5849986
KIT/675/Experiment3a_06.pkl,584,0.5849986
KIT/675/Experiment3a_06.pkl,585,0.5849986
KIT/675/Experiment3a_06.pkl,586,0.5849986
KIT/675/Experiment3a_06.pkl,587,0.5849986
KIT/675/Experiment3a_06.pkl,588,0.5849986
KIT/675/Experiment3a_06.pkl,589,0.5849986
KIT/675/Experiment3a_06.pkl,590,0.5849986
KIT/675/Experiment3a_06.pkl,591,0.5849986
KIT/675/Experiment3a_06.pkl,592,0.5849986
KIT/675/Experiment3a_06.pkl,593,0.5849986
KIT/675/Experiment3a_06.pkl,594,0.5849986
KIT/675/Experiment3a_06.pkl,595,0.5849986
KIT/675/Experiment3a_06.pkl,596,0.5849986
KIT/675/Experiment3a_06.pkl,597,0.5849986
KIT/675/Experiment3a_06.pkl,598,0.5849986
KIT/675/Experiment3a_06.pkl,599,0.5849986
KIT/675/Experiment3a_06.pkl,600,0.5849986
KIT/675/Experiment3a_06.pkl,601,0.5849986
KIT/675/Experiment3a_06.pkl,602,0.5849986
KIT/675/Experiment3a_06.pkl,603,0.5849986
KIT/675/Experiment3a_06.pkl,604,0.5849986
KIT/675/Experiment3a_06.pkl,605,0.5849986
KIT/675/Experiment3a_06.pkl,606,0.5849986
KIT/675/Experiment3a_06.pkl,607,0.5849986
KIT/675/Experiment3a_06.pkl,608,0.5849986
KIT/675/Experiment3a_06.pkl,609,0.5849986
KIT/675/Experiment3a_06.pkl,610,0.5849986
KIT/675/Experiment3a_06.pkl,611,0.5849986
KIT/675/Experiment3a_06.pkl,612,0.5849986
KIT/675/Experiment3a_06.pkl,613,0.5849986
KIT/675/Experiment3a_06.pkl,614,0.5849986
KIT/675/Experiment3a_06.pkl,615,0.5849986
KIT/675/Experiment3a_06.pkl,616,0.5849986
KIT/675/Experiment3a_06.pkl,617,0.5849986
KIT/675/Experiment3a_06.pkl,618,0.5849986
KIT/675/Experiment3a_06.pkl,619,0.5849986
KIT/675/Experiment3a_06.pkl,620,0.5849986
KIT/675/Experiment3a_06.pkl,621,0.5849986
KIT/675/Experiment3a_06.pkl,622,0.5849986
KIT/675/Experiment3a_06.pkl,623,0.5849986
KIT/675/Experiment3a_06.pkl,624,0.5849986
KIT/675/Experiment3a_06.pkl,625,0.5849986
KIT/675/Experiment3a_06.pkl,626,0.5849986
KIT/675/Experiment3a_06.pkl,627,0.5849986
KIT/675/Experiment3a_06.pkl,628,0.5849986
KIT/675/Experiment3a_06.pkl,629,0.5849986
KIT/675/Experiment3a_06.pkl,630,0.5849986
KIT/675/Experiment3a_06.pkl,631,0.5849986
KIT/675/Experiment3a_06.pkl,632,0.5849986
KIT/675/Experiment3a_06.pkl,633,0.5849986
KIT/675/Experiment3a_06.pkl,634,0.5849986
KIT/675/Experiment3a_06.pkl,635,0.5849986
KIT/675/Experiment3a_06.pkl,636,0.5849986
KIT/675/Experiment3a_06.pkl,637,0.5849986
KIT/675/Experiment3a_06.pkl,638,0.5849986
KIT/675/Experiment3a_06.pkl,639,0.5849986
KIT/675/Experiment3a_06.pkl,640,0.5849986
KIT/675/Experiment3a_06.pkl,641,0.5849986
KIT/675/Experiment3a_06.pkl,642,0.5849986
KIT/675/Experiment3a_06.pkl,643,0.5849986
KIT/675/Experiment3a_06.pkl,644,0.5849986
KIT/675/Experiment3a_06.pkl,645,0.5849986
KIT/675/Experiment3a_06.pkl,646,0.5849986
KIT/675/Experiment3a_06.pkl,647,0.5849986
KIT/675/Experiment3a_06.pkl,648,0.5849986
KIT/675/Experiment3a_06.pkl,649,0.5849986
KIT/675/Experiment3a_06.pkl,650,0.5849986
KIT/675/Experiment3a_06.pkl,651,0.5849986
KIT/675/Experiment3a_06.pkl,652,0.5849986
KIT/675/Experiment3a_06.pkl,653,0.5849986
KIT/675/Experiment3a_06.pkl,654,0.5849986
KIT/675/Experiment3a_06.pkl,655,0.5849986
KIT/675/Experiment3a_06.pkl,656,0.5849986
KIT/675/Experiment3a_06.pkl,657,0.5849986
KIT/675/Experiment3a_06.pkl,658,0.5849986
KIT/675/Experiment3a_06.pkl,659,0.5849986
KIT/675/Experiment3a_06.pkl,660,0.5849986
KIT/675/Experiment3a_06.pkl,661,0.5849986
KIT/675/Experiment3a_06.pkl,662,0.5849986
KIT/675/Experiment3a_06.pkl,663,0.5849986
KIT/675/Experiment3a_06.pkl,664,0.5849986
KIT/675/Experiment3a_06.pkl,665,0.5849986
KIT/675/Experiment3a_06.pkl,666,0.5849986
KIT/675/Experiment3a_06.pkl,667,0.5849986
KIT/675/Experiment3a_06.pkl,668,0.5849986
KIT/675/Experiment3a_06.pkl,669,0.5849986
KIT/675/Experiment3a_06.pkl,670,0.5849986
KIT/675/Experiment3a_06.pkl,671,0.5849986
KIT/675/Experiment3a_06.pkl,672,0.5849986
KIT/675/Experiment3a_06.pkl,673,0.5849986
KIT/675/Experiment3a_06.pkl,674,0.5849986
KIT/675/Experiment3a_06.pkl,675,0.5849986
KIT/675/Experiment3a_06.pkl,676,0.5849986
KIT/675/Experiment3a_06.pkl,677,0.5849986
KIT/675/Experiment3a_06.pkl,678,0.5849986
KIT/675/Experiment3a_06.pkl,679,0.5849986
KIT/675/Experiment3a_06.pkl,680,0.5849986
KIT/675/Experiment3a_06.pkl,681,0.5849986
KIT/675/Experiment3a_06.pkl,682,0.5849986
KIT/675/Experiment3a_06.pkl,683,0.5849986
KIT/675/Experiment3a_06.pkl,684,0.5849986
KIT/675/Experiment3a_06.pkl,685,0.5849986
KIT/675/Experiment3a_06.pkl,686,0.5849986
KIT/675/Experiment3a_06.pkl,687,0.5849986
KIT/675/Experiment3a_06.pkl,688,0.5849986
KIT/675/Experiment3a_06.pkl,689,0.5849986
KIT/675/Experiment3a_06.pkl,690,0.5849986
KIT/675/Experiment3a_06.pkl,691,0.5849986
KIT/675/Experiment3a_06.pkl,692,0.5849986
KIT/675/Experiment3a_06.pkl,693,0.5849986
KIT/675/Experiment3a_06.pkl,694,0.5849986
KIT/675/Experiment3a_06.pkl,695,0.5849986
KIT/675/Experiment3a_06.pkl,696,0.5849986
KIT/675/Experiment3a_06.pkl,697,0.5849986
KIT/675/Experiment3a_06.pkl,698,0.5849986
KIT/675/Experiment3a_06.pkl,699,0.5849986
KIT/675/Experiment3a_06.pkl,700,0.5849986
KIT/675/Experiment3a_06.pkl,701,0.5849986
KIT/675/Experiment3a_06.pkl,702,0.5849986
KIT/675/Experiment3a_06.pkl,703,0.5849986
KIT/675/Experiment3a_06.pkl,704,0.5849986
KIT/675/Experiment3a_06.pkl,705,0.5849986
KIT/675/Experiment3a_06.pkl,706,0.5849986
KIT/675/Experiment3a_06.pkl,707,0.5849986
KIT/675/Experiment3a_06.pkl,708,0.5849986
KIT/675/Experiment3a_06.pkl,709,0.5849986
KIT/675/Experiment3a_06.pkl,710,0.5849986
KIT/675/Experiment3a_06.pkl,711,0.5849986
KIT/675/Experiment3a_06.pkl,712,0.5849986
KIT/675/Experiment3a_06.pkl,713,0.5849986
KIT/675/Experiment3a_06.pkl,714,0.5849986
KIT/675/Experiment3a_06.pkl,715,0.5849986
KIT/675/Experiment3a_06.pkl,716,0.5849986
KIT/675/Experiment3a_06.pkl,717,0.5849986
KIT/675/Experiment3a_06.pkl,718,0.5849986
KIT/675/Experiment3a_06.pkl,719,0.5849986
KIT/675/Experiment3a_06.pkl,720,0.5849986
KIT/675/Experiment3a_06.pkl,721,0.5849986
KIT/675/Experiment3a_06.pkl,722,0.5849986
KIT/675/Experiment3a_06.pkl,723,0.5849986
KIT/675/Experiment3a_06.pkl,724,0.5849986
KIT/675/Experiment3a_06.pkl,725,0.5849986
KIT/675/Experiment3a_06.pkl,726,0.5849986
KIT/675/Experiment3a_06.pkl,727,0.5849986
KIT/675/Experiment3a_06.pkl,728,0.5849986
KIT/675/Experiment3a_06.pkl,729,0.5849986
KIT/675/Experiment3a_06.pkl,730,0.5849986
KIT/675/Experiment3a_06.pkl,731,0.5849986
KIT/675/Experiment3a_06.pkl,732,0.5849986
KIT/675/Experiment3a_06.pkl,733,0.5849986
KIT/675/Experiment3a_06.pkl,734,0.5849986
KIT/675/Experiment3a_06.pkl,735,0.5849986
KIT/675/Experiment3a_06.pkl,736,0.5849986
KIT/675/Experiment3a_06.pkl,737,0.5849986
KIT/675/Experiment3a_06.pkl,738,0.5849986
KIT/675/Experiment3a_06.pkl,739,0.5849986
KIT/675/Experiment3a_06.pkl,740,0.5849986
KIT/675/Experiment3a_06.pkl,741,0.5849986
KIT/675/Experiment3a_06.pkl,742,0.5849986
KIT/675/Experiment3a_06.pkl,743,0.5849986
KIT/675/Experiment3a_06.pkl,744,0.5849986
KIT/675/Experiment3a_06.pkl,745,0.5849986
KIT/675/Experiment3a_06.pkl,746,0.5849986
KIT/675/Experiment3a_06.pkl,747,0.5849986
KIT/675/Experiment3a_06.pkl,748,0.5849986
KIT/675/Experiment3a_06.pkl,749,0.5849986
KIT/675/Experiment3a_06.pkl,750,0.5849986
KIT/675/Experiment3a_06.pkl,751,0.5849986
KIT/675/Experiment3a_06.pkl,752,0.5849986
KIT/675/Experiment3a_06.pkl,753,0.5849986
KIT/675/Experiment3a_06.pkl,754,0.5849986
KIT/675/Experiment3a_06.pkl,755,0.5849986
KIT/675/Experiment3a_06.pkl,756,0.5849986
KIT/675/Experiment3a_06.pkl,757,0.5849986
KIT/675/Experiment3a_06.pkl,758,0.5849986
KIT/675/Experiment3a_06.pkl,759,0.5849986
KIT/675/Experiment3a_06.pkl,760,0.5849986
KIT/675/Experiment3a_06.pkl,761,0.5849986
KIT/675/Experiment3a_06.pkl,762,0.5849986
KIT/675/Experiment3a_06.pkl,763,0.5849986
KIT/675/Experiment3a_06.pkl,764,0.5849986
KIT/675/Experiment3a_06.pkl,765,0.5849986
KIT/675/Experiment3a_06.pkl,766,0.5849986
KIT/675/Experiment3a_06.pkl,767,0.5849986
KIT/675/Experiment3a_06.pkl,768,0.5849986
KIT/675/Experiment3a_06.pkl,769,0.5849986
KIT/675/Experiment3a_06.pkl,770,0.5849986
KIT/675/Experiment3a_06.pkl,771,0.5849986
KIT/675/Experiment3a_06.pkl,772,0.5849986
KIT/675/Experiment3a_06.pkl,773,0.5849986
KIT/675/Experiment3a_06.pkl,774,0.5849986
KIT/675/Experiment3a_06.pkl,775,0.5849986
KIT/675/Experiment3a_06.pkl,776,0.5849986
KIT/675/Experiment3a_06.pkl,777,0.5849986
KIT/675/Experiment3a_06.pkl,778,0.5849986
KIT/675/Experiment3a_06.pkl,779,0.5849986
KIT/675/Experiment3a_06.pkl,780,0.5849986
KIT/675/Experiment3a_06.pkl,781,0.5849986
KIT/675/Experiment3a_06.pkl,782,0.5849986
KIT/675/Experiment3a_06.pkl,783,0.5849986
KIT/675/Experiment3a_06.pkl,784,0.5849986
KIT/675/Experiment3a_06.pkl,785,0.5849986
KIT/675/Experiment3a_06.pkl,786,0.5849986
KIT/675/Experiment3a_06.pkl,787,0.5849986
KIT/675/Experiment3a_06.pkl,788,0.5849986
KIT/675/Experiment3a_06.pkl,789,0.5849986
KIT/675/Experiment3a_06.pkl,790,0.5849986
KIT/675/Experiment3a_06.pkl,791,0.5849986
KIT/675/Experiment3a_06.pkl,792,0.5849986
KIT/675/Experiment3a_06.pkl,793,0.5849986
KIT/675/Experiment3a_06.pkl,794,0.5849986
KIT/675/Experiment3a_06.pkl,795,0.5849986
KIT/675/Experiment3a_06.pkl,796,0.5849986
KIT/675/Experiment3a_06.pkl,797,0.5849986
KIT/675/Experiment3a_06.pkl,798,0.5849986
KIT/675/Experiment3a_06.pkl,799,0.5849986
KIT/675/Experiment3a_06.pkl,800,0.5849986
KIT/675/Experiment3a_06.pkl,801,0.5849986
KIT/675/Experiment3a_06.pkl,802,0.5849986
KIT/675/Experiment3a_06.pkl,803,0.5849986
KIT/675/Experiment3a_06.pkl,804,0.5849986
KIT/675/Experiment3a_06.pkl,805,0.5849986
KIT/675/Experiment3a_06.pkl,806,0.5849986
KIT/675/Experiment3a_06.pkl,807,0.5849986
KIT/675/Experiment3a_06.pkl,808,0.5849986
KIT/675/Experiment3a_06.pkl,809,0.5849986
KIT/675/Experiment3a_06.pkl,810,0.5849986
KIT/675/Experiment3a_06.pkl,811,0.5849986
KIT/675/Experiment3a_06.pkl,812,0.5849986
KIT/675/Experiment3a_06.pkl,813,0.5849986
KIT/675/Experiment3a_06.pkl,814,0.5849986
KIT/675/Experiment3a_06.pkl,815,0.5849986
KIT/675/Experiment3a_06.pkl,816,0.5849986
KIT/675/Experiment3a_06.pkl,817,0.5849986
KIT/675/Experiment3a_06.pkl,818,0.5849986
KIT/675/Experiment3a_06.pkl,819,0.5849986
KIT/675/Experiment3a_06.pkl,820,0.5849986
KIT/675/Experiment3a_06.pkl,821,0.5849986
KIT/675/Experiment3a_06.pkl,822,0.5849986
KIT/675/Experiment3a_06.pkl,823,0.5849986
KIT/675/Experiment3a_06.pkl,824,0.5849986
KIT/675/Experiment3a_06.pkl,825,0.5849986
KIT/675/Experiment3a_06.pkl,826,0.5849986
KIT/675/Experiment3a_06.pkl,827,0.5849986
KIT/675/Experiment3a_06.pkl,828,0.5849986
KIT/675/Experiment3a_06.pkl,829,0.5849986
KIT/675/Experiment3a_06.pkl,830,0.5849986
KIT/675/Experiment3a_06.pkl,831,0.5849986
KIT/675/Experiment3a_06.pkl,832,0.5849986
KIT/675/Experiment3a_06.pkl,833,0.5849986
KIT/675/Experiment3a_06.pkl,834,0.5849986
KIT/675/Experiment3a_06.pkl,835,0.5849986
KIT/675/Experiment3a_06.pkl,836,0.5849986
KIT/675/Experiment3a_06.pkl,837,0.5849986
KIT/675/Experiment3a_06.pkl,838,0.5849986
KIT/675/Experiment3a_06.pkl,839,0.5849986
KIT/675/Experiment3a_06.pkl,840,0.5849986
KIT/675/Experiment3a_06.pkl,841,0.5849986
KIT/675/Experiment3a_06.pkl,842,0.5849986
KIT/675/Experiment3a_06.pkl,843,0.5849986
KIT/675/Experiment3a_06.pkl,844,0.5849986
KIT/675/Experiment3a_06.pkl,845,0.5849986
KIT/675/Experiment3a_06.pkl,846,0.5849986
KIT/675/Experiment3a_06.pkl,847,0.5849986
KIT/675/Experiment3a_06.pkl,848,0.5849986
KIT/675/Experiment3a_06.pkl,849,0.5849986
KIT/675/Experiment3a_06.pkl,850,0.5849986
KIT/675/Experiment3a_06.pkl,851,0.5849986
KIT/675/Experiment3a_06.pkl,852,0.5849986
KIT/675/Experiment3a_06.pkl,853,0.5849986
KIT/675/Experiment3a_06.pkl,854,0.5849986
KIT/675/Experiment3a_06.pkl,855,0.5849986
KIT/675/Experiment3a_06.pkl,856,0.5849986
KIT/675/Experiment3a_06.pkl,857,0.5849986
KIT/675/Experiment3a_06.pkl,858,0.5849986
KIT/675/Experiment3a_06.pkl,859,0.5849986
KIT/675/Experiment3a_06.pkl,860,0.5849986
KIT/675/Experiment3a_06.pkl,861,0.5849986
KIT/675/Experiment3a_06.pkl,862,0.5849986
KIT/675/Experiment3a_06.pkl,863,0.5849986
KIT/675/Experiment3a_06.pkl,864,0.5849986
KIT/675/Experiment3a_06.pkl,865,0.5849986
KIT/675/Experiment3a_06.pkl,866,0.5849986
KIT/675/Experiment3a_06.pkl,867,0.5849986
KIT/675/Experiment3a_06.pkl,868,0.5849986
KIT/675/Experiment3a_06.pkl,869,0.5849986
KIT/675/Experiment3a_06.pkl,870,0.5849986
KIT/675/Experiment3a_06.pkl,871,0.5849986
KIT/675/Experiment3a_06.pkl,872,0.5849986
KIT/675/Experiment3a_06.pkl,873,0.5849986
KIT/675/Experiment3a_06.pkl,874,0.5849986
KIT/675/Experiment3a_06.pkl,875,0.5849986
KIT/675/Experiment3a_06.pkl,876,0.5849986
KIT/675/Experiment3a_06.pkl,877,0.5849986
KIT/675/Experiment3a_06.pkl,878,0.5849986
KIT/675/Experiment3a_06.pkl,879,0.5849986
KIT/675/Experiment3a_06.pkl,880,0.5849986
KIT/675/Experiment3a_06.pkl,881,0.5849986
KIT/675/Experiment3a_06.pkl,882,0.5849986
KIT/675/Experiment3a_06.pkl,883,0.5849986
KIT/675/Experiment3a_06.pkl,884,0.5849986
KIT/675/Experiment3a_06.pkl,885,0.5849986
KIT/675/Experiment3a_06.pkl,886,0.5849986
KIT/675/Experiment3a_06.pkl,887,0.5849986
KIT/675/Experiment3a_06.pkl,888,0.5849986
KIT/675/Experiment3a_06.pkl,889,0.5849986
KIT/675/Experiment3a_06.pkl,890,0.5849986
KIT/675/Experiment3a_06.pkl,891,0.5849986
KIT/675/Experiment3a_06.pkl,892,0.5849986
KIT/675/Experiment3a_06.pkl,893,0.5849986
KIT/675/Experiment3a_06.pkl,894,0.5849986
KIT/675/Experiment3a_06.pkl,895,0.5849986
KIT/675/Experiment3a_06.pkl,896,0.5849986
KIT/675/Experiment3a_06.pkl,897,0.5849986
KIT/675/Experiment3a_06.pkl,898,0.5849986
KIT/675/Experiment3a_06.pkl,899,0.5849986
KIT/675/Experiment3a_06.pkl,900,0.5849986
KIT/675/Experiment3a_06.pkl,901,0.5849986
KIT/675/Experiment3a_06.pkl,902,0.5849986
KIT/675/Experiment3a_06.pkl,903,0.5849986
KIT/675/Experiment3a_06.pkl,904,0.5849986
KIT/675/Experiment3a_06.pkl,905,0.5849986
KIT/675/Experiment3a_06.pkl,906,0.5849986
KIT/675/Experiment3a_06.pkl,907,0.5849986
KIT/675/Experiment3a_06.pkl,908,0.5849986
KIT/675/Experiment3a_06.pkl,909,0.5849986
KIT/675/Experiment3a_06.pkl,910,0.5849986
KIT/675/Experiment3a_06.pkl,911,0.5849986
KIT/675/Experiment3a_06.pkl,912,0.5849986
KIT/675/Experiment3a_06.pkl,913,0.5849986
KIT/675/Experiment3a_06.pkl,914,0.5849986
KIT/675/Experiment3a_06.pkl,915,0.5849986
KIT/675/Experiment3a_06.pkl,916,0.5849986
KIT/675/Experiment3a_06.pkl,917,0.5849986
KIT/675/Experiment3a_06.pkl,918,0.5849986
KIT/675/Experiment3a_06.pkl,919,0.5849986
KIT/675/Experiment3a_06.pkl,920,0.5849986
KIT/675/Experiment3a_06.pkl,921,0.5849986
KIT/675/Experiment3a_06.pkl,922,0.5849986
KIT/675/Experiment3a_06.pkl,923,0.5849986
KIT/675/Experiment3a_06.pkl,924,0.5849986
KIT/675/Experiment3a_06.pkl,925,0.5849986
KIT/675/Experiment3a_06.pkl,926,0.5849986
KIT/675/Experiment3a_06.pkl,927,0.5849986
KIT/675/Experiment3a_06.pkl,928,0.5849986
KIT/675/Experiment3a_06.pkl,929,0.5849986
KIT/675/Experiment3a_06.pkl,930,0.5849986
KIT/675/Experiment3a_06.pkl,931,0.5849986
KIT/675/Experiment3a_06.pkl,932,0.5849986
KIT/675/Experiment3a_06.pkl,933,0.5849986
KIT/675/Experiment3a_06.pkl,934,0.5849986
KIT/675/Experiment3a_06.pkl,935,0.5849986
KIT/675/Experiment3a_06.pkl,936,0.5849986
KIT/675/Experiment3a_06.pkl,937,0.5849986
KIT/675/Experiment3a_06.pkl,938,0.5849986
KIT/675/Experiment3a_06.pkl,939,0.5849986
KIT/675/Experiment3a_06.pkl,940,0.5849986
KIT/675/Experiment3a_06.pkl,941,0.5849986
KIT/675/Experiment3a_06.pkl,942,0.5849986
KIT/675/Experiment3a_06.pkl,943,0.5849986
KIT/675/Experiment3a_06.pkl,944,0.5849986
KIT/675/Experiment3a_06.pkl,945,0.5849986
KIT/675/Experiment3a_06.pkl,946,0.5849986
KIT/675/Experiment3a_06.pkl,947,0.5849986
KIT/675/Experiment3a_06.pkl,948,0.5849986
KIT/675/Experiment3a_06.pkl,949,0.5849986
KIT/675/Experiment3a_06.pkl,950,0.5849986
KIT/675/Experiment3a_06.pkl,951,0.5849986
KIT/675/Experiment3a_06.pkl,952,0.5849986
KIT/675/Experiment3a_06.pkl,953,0.5849986
KIT/675/Experiment3a_06.pkl,954,0.5849986
KIT/675/Experiment3a_06.pkl,955,0.5849986
KIT/675/Experiment3a_06.pkl,956,0.5849986
KIT/675/Experiment3a_06.pkl,957,0.5849986
KIT/675/Experiment3a_06.pkl,958,0.5849986
KIT/675/Experiment3a_06.pkl,959,0.5849986
KIT/675/Experiment3a_06.pkl,960,0.5849986
KIT/675/Experiment3a_06.pkl,961,0.5849986
KIT/675/Experiment3a_06.pkl,962,0.5849986
KIT/675/Experiment3a_06.pkl,963,0.5849986
KIT/675/Experiment3a_06.pkl,964,0.5849986
KIT/675/Experiment3a_06.pkl,965,0.5849986
KIT/675/Experiment3a_06.pkl,966,0.5849986
KIT/675/Experiment3a_06.pkl,967,0.5849986
KIT/675/Experiment3a_06.pkl,968,0.5849986
KIT/675/Experiment3a_06.pkl,969,0.5849986
KIT/675/Experiment3a_06.pkl,970,0.5849986
KIT/675/Experiment3a_06.pkl,971,0.5849986
KIT/675/Experiment3a_06.pkl,972,0.5849986
KIT/675/Experiment3a_06.pkl,973,0.5849986
KIT/675/Experiment3a_06.pkl,974,0.5849986
KIT/675/Experiment3a_06.pkl,975,0.5849986
KIT/675/Experiment3a_06.pkl,976,0.5849986
KIT/675/Experiment3a_06.pkl,977,0.5849986
KIT/675/Experiment3a_06.pkl,978,0.5849986
KIT/675/Experiment3a_06.pkl,979,0.5849986
KIT/675/Experiment3a_06.pkl,980,0.5849986
KIT/675/Experiment3a_06.pkl,981,0.5849986
KIT/675/Experiment3a_06.pkl,982,0.5849986
KIT/675/Experiment3a_06.pkl,983,0.5849986
KIT/675/Experiment3a_06.pkl,984,0.5849986
KIT/675/Experiment3a_06.pkl,985,0.5849986
KIT/675/Experiment3a_06.pkl,986,0.5849986
KIT/675/Experiment3a_06.pkl,987,0.5849986
KIT/675/Experiment3a_06.pkl,988,0.5849986
KIT/675/Experiment3a_06.pkl,989,0.5849986
KIT/675/Experiment3a_06.pkl,990,0.5849986
KIT/675/Experiment3a_06.pkl,991,0.5849986
KIT/675/Experiment3a_06.pkl,992,0.5849986
KIT/675/Experiment3a_06.pkl,993,0.5849986
KIT/675/Experiment3a_06.pkl,994,0.5849986
KIT/675/Experiment3a_06.pkl,995,0.5849986
KIT/675/Experiment3a_06.pkl,996,0.5849986
KIT/675/Experiment3a_06.pkl,997,0.5849986
KIT/675/Experiment3a_06.pkl,998,0.5849986
KIT/675/Experiment3a_06.pkl,999,0.5849986
KIT/675/Experiment3a_06.pkl,1000,0.5849986
KIT/675/Experiment3a_06.pkl,1001,0.5849986
KIT/675/Experiment3a_06.pkl,1002,0.5849986
KIT/675/Experiment3a_06.pkl,1003,0.5849986
KIT/675/Experiment3a_06.pkl,1004,0.5849986
KIT/675/Experiment3a_06.pkl,1005,0.5849986
KIT/675/Experiment3a_06.pkl,1006,0.5849986
KIT/675/Experiment3a_06.pkl,1007,0.5849986
KIT/675/Experiment3a_06.pkl,1008,0.5849986
KIT/675/Experiment3a_06.pkl,1009,0.5849986
KIT/675/Experiment3a_06.pkl,1010,0.5849986
KIT/675/Experiment3a_06.pkl,1011,0.5849986
KIT/675/Experiment3a_06.pkl,1012,0.5849986
KIT/675/Experiment3a_06.pkl,1013,0.5849986
KIT/675/Experiment3a_06.pkl,1014,0.5849986
KIT/675/Experiment3a_06.pkl,1015,0.5849986
KIT/675/Experiment3a_06.pkl,1016,0.5849986
KIT/675/Experiment3a_06.pkl,1017,0.5849986
KIT/675/Experiment3a_06.pkl,1018,0.5849986
KIT/675/Experiment3a_06.pkl,1019,0.5849986
KIT/675/Experiment3a_06.pkl,1020,0.5849986
KIT/675/Experiment3a_06.pkl,1021,0.5849986
KIT/675/Experiment3a_06.pkl,1022,0.5849986
KIT/675/Experiment3a_06.pkl,1023,0.5849986
KIT/675/Experiment3a_06.pkl,1024,0.5849986
KIT/675/Experiment3a_06.pkl,1025,0.5849986
KIT/675/Experiment3a_06.pkl,1026,0.5849986
KIT/675/Experiment3a_06.pkl,1027,0.5849986
KIT/675/Experiment3a_06.pkl,1028,0.5849986
KIT/675/Experiment3a_06.pkl,1029,0.5849986
KIT/675/Experiment3a_06.pkl,1030,0.5849986
KIT/675/Experiment3a_06.pkl,1031,0.5849986
KIT/675/Experiment3a_06.pkl,1032,0.5849986
KIT/675/Experiment3a_06.pkl,1033,0.5849986
KIT/675/Experiment3a_06.pkl,1034,0.5849986
KIT/675/Experiment3a_06.pkl,1035,0.5849986
KIT/675/Experiment3a_06.pkl,1036,0.5849986
KIT/675/Experiment3a_06.pkl,1037,0.5849986
KIT/675/Experiment3a_06.pkl,1038,0.5849986
KIT/675/Experiment3a_06.pkl,1039,0.5849986
KIT/675/Experiment3a_06.pkl,1040,0.5849986
KIT/675/Experiment3a_06.pkl,1041,0.5849986
KIT/675/Experiment3a_06.pkl,1042,0.5849986
KIT/675/Experiment3a_06.pkl,1043,0.5849986
KIT/675/Experiment3a_06.pkl,1044,0.5849986
KIT/675/Experiment3a_06.pkl,1045,0.5849986
KIT/675/Experiment3a_06.pkl,1046,0.5849986
KIT/675/Experiment3a_06.pkl,1047,0.5849986
KIT/675/Experiment3a_06.pkl,1048,0.5849986
KIT/675/Experiment3a_06.pkl,1049,0.5849986
KIT/675/Experiment3a_06.pkl,1050,0.5849986
KIT/675/Experiment3a_06.pkl,1051,0.5849986
KIT/675/Experiment3a_06.pkl,1052,0.5849986
KIT/675/Experiment3a_06.pkl,1053,0.5849986
KIT/675/Experiment3a_06.pkl,1054,0.5849986
KIT/675/Experiment3a_06.pkl,1055,0.5849986
KIT/675/Experiment3a_06.pkl,1056,0.5849986
KIT/675/Experiment3a_06.pkl,1057,0.5849986
KIT/675/Experiment3a_06.pkl,1058,0.5849986
KIT/675/Experiment3a_06.pkl,1059,0.5849986
KIT/675/Experiment3a_06.pkl,1060,0.5849986
KIT/675/Experiment3a_06.pkl,1061,0.5849986
KIT/675/Experiment3a_06.pkl,1062,0.5849986
KIT/675/Experiment3a_06.pkl,1063,0.5849986
KIT/675/Experiment3a_06.pkl,1064,0.5849986
KIT/675/Experiment3a_06.pkl,1065,0.5849986
KIT/675/Experiment3a_06.pkl,1066,0.5849986
KIT/675/Experiment3a_06.pkl,1067,0.5849986
KIT/675/Experiment3a_06.pkl,1068,0.5849986
KIT/675/Experiment3a_06.pkl,1069,0.5849986
KIT/675/Experiment3a_06.pkl,1070,0.5849986
KIT/675/Experiment3a_06.pkl,1071,0.5849986
KIT/675/Experiment3a_06.pkl,1072,0.5849986
KIT/675/Experiment3a_06.pkl,1073,0.5849986
KIT/675/Experiment3a_06.pkl,1074,0.5849986
KIT/675/Experiment3a_06.pkl,1075,0.5849986
KIT/675/Experiment3a_06.pkl,1076,0.5849986
KIT/675/Experiment3a_06.pkl,1077,0.5849986
KIT/675/Experiment3a_06.pkl,1078,0.5849986
KIT/675/Experiment3a_06.pkl,1079,0.5849986
KIT/675/Experiment3a_06.pkl,1080,0.5849986
KIT/675/Experiment3a_06.pkl,1081,0.5849986
KIT/675/Experiment3a_06.pkl,1082,0.5849986
KIT/675/Experiment3a_06.pkl,1083,0.5849986
KIT/675/Experiment3a_06.pkl,1084,0.5849986
KIT/675/Experiment3a_06.pkl,1085,0.5849986
KIT/675/Experiment3a_06.pkl,1086,0.5849986
KIT/675/Experiment3a_06.pkl,1087,0.5849986
KIT/675/Experiment3a_06.pkl,1088,0.5849986
KIT/675/Experiment3a_06.pkl,1089,0.5849986
KIT/675/Experiment3a_06.pkl,1090,0.5849986
KIT/675/Experiment3a_06.pkl,1091,0.5849986
KIT/675/Experiment3a_06.pkl,1092,0.5849986
KIT/675/Experiment3a_06.pkl,1093,0.5849986
KIT/675/Experiment3a_06.pkl,1094,0.5849986
KIT/675/Experiment3a_06.pkl,1095,0.5849986
KIT/675/Experiment3a_06.pkl,1096,0.5849986
KIT/675/Experiment3a_06.pkl,1097,0.5849986
KIT/675/Experiment3a_06.pkl,1098,0.5849986
KIT/675/Experiment3a_06.pkl,1099,0.5849986
KIT/675/Experiment3a_06.pkl,1100,0.5849986
KIT/675/Experiment3a_06.pkl,1101,0.5849986
KIT/675/Experiment3a_06.pkl,1102,0.5849986
KIT/675/Experiment3a_06.pkl,1103,0.5849986
KIT/675/Experiment3a_06.pkl,1104,0.5849986
KIT/675/Experiment3a_06.pkl,1105,0.5849986
KIT/675/Experiment3a_06.pkl,1106,0.5849986
KIT/675/Experiment3a_06.pkl,1107,0.5849986
KIT/675/Experiment3a_06.pkl,1108,0.5849986
KIT/675/Experiment3a_06.pkl,1109,0.5849986
KIT/675/Experiment3a_06.pkl,1110,0.5849986
KIT/675/Experiment3a_06.pkl,1111,0.5849986
KIT/675/Experiment3a_06.pkl,1112,0.5849986
KIT/675/Experiment3a_06.pkl,1113,0.5849986
KIT/675/Experiment3a_06.pkl,1114,0.5849986
KIT/675/Experiment3a_06.pkl,1115,0.5849986
KIT/675/Experiment3a_06.pkl,1116,0.5849986
KIT/675/Experiment3a_06.pkl,1117,0.5849986
KIT/675/Experiment3a_06.pkl,1118,0.5849986
KIT/675/Experiment3a_06.pkl,1119,0.5849986
KIT/675/Experiment3a_06.pkl,1120,0.5849986
KIT/675/Experiment3a_06.pkl,1121,0.5849986
KIT/675/Experiment3a_06.pkl,1122,0.5849986
KIT/675/Experiment3a_06.pkl,1123,0.5849986
KIT/675/Experiment3a_06.pkl,1124,0.5849986
KIT/675/Experiment3a_06.pkl,1125,0.5849986
KIT/675/Experiment3a_06.pkl,1126,0.5849986
KIT/675/Experiment3a_06.pkl,1127,0.5849986
KIT/675/Experiment3a_06.pkl,1128,0.5849986
KIT/675/Experiment3a_06.pkl,1129,0.5849986
KIT/675/Experiment3a_06.pkl,1130,0.5849986
KIT/675/Experiment3a_06.pkl,1131,0.5849986
KIT/675/Experiment3a_06.pkl,1132,0.5849986
KIT/675/Experiment3a_06.pkl,1133,0.5849986
KIT/675/Experiment3a_06.pkl,1134,0.5849986
KIT/675/Experiment3a_06.pkl,1135,0.5849986
KIT/675/Experiment3a_06.pkl,1136,0.5849986
KIT/675/Experiment3a_06.pkl,1137,0.5849986
KIT/675/Experiment3a_06.pkl,1138,0.5849986
KIT/675/Experiment3a_06.pkl,1139,0.5849986
KIT/675/Experiment3a_06.pkl,1140,0.5849986
KIT/675/Experiment3a_06.pkl,1141,0.5849986
KIT/675/Experiment3a_06.pkl,1142,0.5849986
KIT/675/Experiment3a_06.pkl,1143,0.5849986
KIT/675/Experiment3a_06.pkl,1144,0.5849986
KIT/675/Experiment3a_06.pkl,1145,0.5849986
KIT/675/Experiment3a_06.pkl,1146,0.5849986
KIT/675/Experiment3a_06.pkl,1147,0.5849986
KIT/675/Experiment3a_06.pkl,1148,0.5849986
KIT/675/Experiment3a_06.pkl,1149,0.5849986
KIT/675/Experiment3a_06.pkl,1150,0.5849986
KIT/675/Experiment3a_06.pkl,1151,0.5849986
KIT/675/Experiment3a_06.pkl,1152,0.5849986
KIT/675/Experiment3a_06.pkl,1153,0.5849986
KIT/675/Experiment3a_06.pkl,1154,0.5849986
KIT/675/Experiment3a_06.pkl,1155,0.5849986
KIT/675/Experiment3a_06.pkl,1156,0.5849986
KIT/675/Experiment3a_06.pkl,1157,0.5849986
KIT/675/Experiment3a_06.pkl,1158,0.5849986
KIT/675/Experiment3a_06.pkl,1159,0.5849986
KIT/675/Experiment3a_06.pkl,1160,0.5849986
KIT/675/Experiment3a_06.pkl,1161,0.5849986
KIT/675/Experiment3a_06.pkl,1162,0.5849986
KIT/675/Experiment3a_06.pkl,1163,0.5849986
KIT/675/Experiment3a_06.pkl,1164,0.5849986
KIT/675/Experiment3a_06.pkl,1165,0.5849986
KIT/675/Experiment3a_06.pkl,1166,0.5849986
KIT/675/Experiment3a_06.pkl,1167,0.5849986
KIT/675/Experiment3a_06.pkl,1168,0.5849986
KIT/675/Experiment3a_06.pkl,1169,0.5849986
KIT/675/Experiment3a_06.pkl,1170,0.5849986
KIT/675/Experiment3a_06.pkl,1171,0.5849986
KIT/675/Experiment3a_06.pkl,1172,0.5849986
KIT/675/Experiment3a_06.pkl,1173,0.5849986
KIT/675/Experiment3a_06.pkl,1174,0.5849986
KIT/675/Experiment3a_06.pkl,1175,0.5849986
KIT/675/Experiment3a_06.pkl,1176,0.5849986
KIT/675/Experiment3a_06.pkl,1177,0.5849986
KIT/675/Experiment3a_06.pkl,1178,0.5849986
KIT/675/Experiment3a_06.pkl,1179,0.5849986
KIT/675/Experiment3a_06.pkl,1180,0.5849986
KIT/675/Experiment3a_06.pkl,1181,0.5849986
KIT/675/Experiment3a_06.pkl,1182,0.5849986
KIT/675/Experiment3a_06.pkl,1183,0.5849986
KIT/675/Experiment3a_06.pkl,1184,0.5849986
KIT/675/Experiment3a_06.pkl,1185,0.5849986
KIT/675/Experiment3a_06.pkl,1186,0.5849986
KIT/675/Experiment3a_06.pkl,1187,0.5849986
KIT/675/Experiment3a_06.pkl,1188,0.5849986
KIT/675/Experiment3a_06.pkl,1189,0.5849986
KIT/675/Experiment3a_06.pkl,1190,0.5849986
KIT/675/Experiment3a_06.pkl,1191,0.5849986
KIT/675/Experiment3a_06.pkl,1192,0.5849986
KIT/675/Experiment3a_06.pkl,1193,0.5849986
KIT/675/Experiment3a_06.pkl,1194,0.5849986
KIT/675/Experiment3a_06.pkl,1195,0.5849986
KIT/675/Experiment3a_06.pkl,1196,0.5849986
KIT/675/Experiment3a_06.pkl,1197,0.5849986
KIT/675/Experiment3a_06.pkl,1198,0.5849986
KIT/675/Experiment3a_06.pkl,1199,0.5849986
KIT/675/Experiment3a_06.pkl,1200,0.5849986
KIT/675/Experiment3a_06.pkl,1201,0.5849986
KIT/675/Experiment3a_06.pkl,1202,0.5849986
KIT/675/Experiment3a_06.pkl,1203,0.5849986
KIT/675/Experiment3a_06.pkl,1204,0.5849986
KIT/675/Experiment3a_06.pkl,1205,0.5849986
KIT/675/Experiment3a_06.pkl,1206,0.5849986
KIT/675/Experiment3a_06.pkl,1207,0.5849986
KIT/675/Experiment3a_06.pkl,1208,0.5849986
KIT/675/Experiment3a_06.pkl,1209,0.5849986
KIT/675/Experiment3a_06.pkl,1210,0.5849986
KIT/675/Experiment3a_06.pkl,1211,0.5849986
KIT/675/Experiment3a_06.pkl,1212,0.5849986
KIT/675/Experiment3a_06.pkl,1213,0.5849986
KIT/675/Experiment3a_06.pkl,1214,0.5849986
KIT/675/Experiment3a_06.pkl,1215,0.5849986
KIT/675/Experiment3a_06.pkl,1216,0.5849986
KIT/675/Experiment3a_06.pkl,1217,0.5849986
KIT/675/Experiment3a_06.pkl,1218,0.5849986
KIT/675/Experiment3a_06.pkl,1219,0.5849986
KIT/675/Experiment3a_06.pkl,1220,0.5849986
KIT/675/Experiment3a_06.pkl,1221,0.5849986
KIT/675/Experiment3a_06.pkl,1222,0.5849986
KIT/675/Experiment3a_06.pkl,1223,0.5849986
KIT/675/Experiment3a_06.pkl,1224,0.5849986
KIT/675/Experiment3a_06.pkl,1225,0.5849986
KIT/675/Experiment3a_06.pkl,1226,0.5849986
KIT/675/Experiment3a_06.pkl,1227,0.5849986
KIT/675/Experiment3a_06.pkl,1228,0.5849986
KIT/675/Experiment3a_06.pkl,1229,0.5849986
KIT/675/Experiment3a_06.pkl,1230,0.5849986
KIT/675/Experiment3a_06.pkl,1231,0.5849986
KIT/675/Experiment3a_06.pkl,1232,0.5849986
KIT/675/Experiment3a_06.pkl,1233,0.5849986
KIT/675/Experiment3a_06.pkl,1234,0.5849986
KIT/675/Experiment3a_06.pkl,1235,0.5849986
KIT/675/Experiment3a_06.pkl,1236,0.5849986
KIT/675/Experiment3a_06.pkl,1237,0.5849986
KIT/675/Experiment3a_06.pkl,1238,0.5849986
KIT/675/Experiment3a_06.pkl,1239,0.5849986
KIT/675/Experiment3a_06.pkl,1240,0.5849986
KIT/675/Experiment3a_06.pkl,1241,0.5849986
KIT/675/Experiment3a_06.pkl,1242,0.5849986
KIT/675/Experiment3a_06.pkl,1243,0.5849986
KIT/675/Experiment3a_06.pkl,1244,0.5849986
KIT/675/Experiment3a_06.pkl,1245,0.5849986
KIT/675/Experiment3a_06.pkl,1246,0.5849986
KIT/675/Experiment3a_06.pkl,1247,0.5849986
KIT/675/Experiment3a_06.pkl,1248,0.5849986
KIT/675/Experiment3a_06.pkl,1249,0.5849986
KIT/675/Experiment3a_06.pkl,1250,0.5849986
KIT/675/Experiment3a_06.pkl,1251,0.5849986
KIT/675/Experiment3a_06.pkl,1252,0.5849986
KIT/675/Experiment3a_06.pkl,1253,0.5849986
KIT/675/Experiment3a_06.pkl,1254,0.5849986
KIT/675/Experiment3a_06.pkl,1255,0.5849986
KIT/675/Experiment3a_06.pkl,1256,0.5849986
KIT/675/Experiment3a_06.pkl,1257,0.5849986
KIT/675/Experiment3a_06.pkl,1258,0.5849986
KIT/675/Experiment3a_06.pkl,1259,0.5849986
KIT/675/Experiment3a_06.pkl,1260,0.5849986
KIT/675/Experiment3a_06.pkl,1261,0.5849986
KIT/675/Experiment3a_06.pkl,1262,0.5849986
KIT/675/Experiment3a_06.pkl,1263,0.5849986
KIT/675/Experiment3a_06.pkl,1264,0.5849986
KIT/675/Experiment3a_06.pkl,1265,0.5849986
KIT/675/Experiment3a_06.pkl,1266,0.5849986
KIT/675/Experiment3a_06.pkl,1267,0.5849986
KIT/675/Experiment3a_06.pkl,1268,0.5849986
KIT/675/Experiment3a_06.pkl,1269,0.5849986
KIT/675/Experiment3a_06.pkl,1270,0.5849986
KIT/675/Experiment3a_06.pkl,1271,0.5849986
KIT/675/Experiment3a_06.pkl,1272,0.5849986
KIT/675/Experiment3a_06.pkl,1273,0.5849986
KIT/675/Experiment3a_06.pkl,1274,0.5849986
KIT/675/Experiment3a_06.pkl,1275,0.5849986
KIT/675/Experiment3a_06.pkl,1276,0.5849986
KIT/675/Experiment3a_06.pkl,1277,0.5849986
KIT/675/Experiment3a_06.pkl,1278,0.5849986
KIT/675/Experiment3a_06.pkl,1279,0.5849986
KIT/675/Experiment3a_06.pkl,1280,0.5849986
KIT/675/Experiment3a_06.pkl,1281,0.5849986
KIT/675/Experiment3a_06.pkl,1282,0.5849986
KIT/675/Experiment3a_06.pkl,1283,0.5849986
KIT/675/Experiment3a_06.pkl,1284,0.5849986
KIT/675/Experiment3a_06.pkl,1285,0.5849986
KIT/675/Experiment3a_06.pkl,1286,0.5849986
KIT/675/Experiment3a_06.pkl,1287,0.5849986
KIT/675/Experiment3a_06.pkl,1288,0.5849986
KIT/675/Experiment3a_06.pkl,1289,0.5849986
KIT/675/Experiment3a_06.pkl,1290,0.5849986
KIT/675/Experiment3a_06.pkl,1291,0.5849986
KIT/675/Experiment3a_06.pkl,1292,0.5849986
KIT/675/Experiment3a_06.pkl,1293,0.5849986
KIT/675/Experiment3a_06.pkl,1294,0.5849986
KIT/675/Experiment3a_06.pkl,1295,0.5849986
KIT/675/Experiment3a_06.pkl,1296,0.5849986
KIT/675/Experiment3a_06.pkl,1297,0.5849986
KIT/675/Experiment3a_06.pkl,1298,0.5849986
KIT/675/Experiment3a_06.pkl,1299,0.5849986
KIT/675/Experiment3a_06.pkl,1300,0.5849986
KIT/675/Experiment3a_06.pkl,1301,0.5849986
KIT/675/Experiment3a_06.pkl,1302,0.5849986
KIT/675/Experiment3a_06.pkl,1303,0.5849986
KIT/675/Experiment3a_06.pkl,1304,0.5849986
KIT/675/Experiment3a_06.pkl,1305,0.5849986
KIT/675/Experiment3a_06.pkl,1306,0.5849986
KIT/675/Experiment3a_06.pkl,1307,0.5849986
KIT/675/Experiment3a_06.pkl,1308,0.5849986
KIT/675/Experiment3a_06.pkl,1309,0.5849986
KIT/675/Experiment3a_06.pkl,1310,0.5849986
KIT/675/Experiment3a_06.pkl,1311,0.5849986
KIT/675/Experiment3a_06.pkl,1312,0.5849986
KIT/675/Experiment3a_06.pkl,1313,0.5849986
KIT/675/Experiment3a_06.pkl,1314,0.5849986
KIT/675/Experiment3a_06.pkl,1315,0.5849986
KIT/675/Experiment3a_06.pkl,1316,0.5849986
KIT/675/Experiment3a_06.pkl,1317,0.5849986
KIT/675/Experiment3a_06.pkl,1318,0.5849986
KIT/675/Experiment3a_06.pkl,1319,0.5849986
KIT/675/Experiment3a_06.pkl,1320,0.5849986
KIT/675/Experiment3a_06.pkl,1321,0.5849986
KIT/675/Experiment3a_06.pkl,1322,0.5849986
KIT/675/Experiment3a_06.pkl,1323,0.5849986
KIT/675/Experiment3a_06.pkl,1324,0.5849986
KIT/675/Experiment3a_06.pkl,1325,0.5849986
KIT/675/Experiment3a_06.pkl,1326,0.5849986
KIT/675/Experiment3a_06.pkl,1327,0.5849986
KIT/675/Experiment3a_06.pkl,1328,0.5849986
KIT/675/Experiment3a_06.pkl,1329,0.5849986
KIT/675/Experiment3a_06.pkl,1330,0.5849986
KIT/675/Experiment3a_06.pkl,1331,0.5849986
KIT/675/Experiment3a_06.pkl,1332,0.5849986
KIT/675/Experiment3a_06.pkl,1333,0.5849986
KIT/675/Experiment3a_06.pkl,1334,0.5849986
KIT/675/Experiment3a_06.pkl,1335,0.5849986
KIT/675/Experiment3a_06.pkl,1336,0.5849986
KIT/675/Experiment3a_06.pkl,1337,0.5849986
KIT/675/Experiment3a_06.pkl,1338,0.5849986
KIT/675/Experiment3a_06.pkl,1339,0.5849986
KIT/675/Experiment3a_06.pkl,1340,0.5849986
KIT/675/Experiment3a_06.pkl,1341,0.5849986
KIT/675/Experiment3a_06.pkl,1342,0.5849986
KIT/675/Experiment3a_06.pkl,1343,0.5849986
KIT/675/Experiment3a_06.pkl,1344,0.5849986
KIT/675/Experiment3a_06.pkl,1345,0.5849986
KIT/675/Experiment3a_06.pkl,1346,0.5849986
KIT/675/Experiment3a_06.pkl,1347,0.5849986
KIT/675/Experiment3a_06.pkl,1348,0.5849986
KIT/675/Experiment3a_06.pkl,1349,0.5849986
KIT/675/Experiment3a_06.pkl,1350,0.5849986
KIT/675/Experiment3a_06.pkl,1351,0.5849986
KIT/675/Experiment3a_06.pkl,1352,0.5849986
KIT/675/Experiment3a_06.pkl,1353,0.5849986
KIT/675/Experiment3a_06.pkl,1354,0.5849986
KIT/675/Experiment3a_06.pkl,1355,0.5849986
KIT/675/Experiment3a_06.pkl,1356,0.5849986
KIT/675/Experiment3a_06.pkl,1357,0.5849986
KIT/675/Experiment3a_06.pkl,1358,0.5849986
KIT/675/Experiment3a_06.pkl,1359,0.5849986
KIT/675/Experiment3a_06.pkl,1360,0.5849986
KIT/675/Experiment3a_06.pkl,1361,0.5849986
KIT/675/Experiment3a_06.pkl,1362,0.5849986
KIT/675/Experiment3a_06.pkl,1363,0.5849986
KIT/675/Experiment3a_06.pkl,1364,0.5849986
KIT/675/Experiment3a_06.pkl,1365,0.5849986
KIT/675/Experiment3a_06.pkl,1366,0.5849986
KIT/675/Experiment3a_06.pkl,1367,0.5849986
KIT/675/Experiment3a_06.pkl,1368,0.5849986
KIT/675/Experiment3a_06.pkl,1369,0.5849986
KIT/675/Experiment3a_06.pkl,1370,0.5849986
KIT/675/Experiment3a_06.pkl,1371,0.5849986
KIT/675/Experiment3a_06.pkl,1372,0.5849986
KIT/675/Experiment3a_06.pkl,1373,0.5849986
KIT/675/Experiment3a_06.pkl,1374,0.5849986
KIT/675/Experiment3a_06.pkl,1375,0.5849986
KIT/675/Experiment3a_06.pkl,1376,0.5849986
KIT/675/Experiment3a_06.pkl,1377,0.5849986
KIT/675/Experiment3a_06.pkl,1378,0.5849986
KIT/675/Experiment3a_06.pkl,1379,0.5849986
KIT/675/Experiment3a_06.pkl,1380,0.5849986
KIT/675/Experiment3a_06.pkl,1381,0.5849986
KIT/675/Experiment3a_06.pkl,1382,0.5849986
KIT/675/Experiment3a_06.pkl,1383,0.5849986
KIT/675/Experiment3a_06.pkl,1384,0.5849986
KIT/675/Experiment3a_06.pkl,1385,0.5849986
KIT/675/Experiment3a_06.pkl,1386,0.5849986
KIT/675/Experiment3a_06.pkl,1387,0.5849986
KIT/675/Experiment3a_06.pkl,1388,0.5849986
KIT/675/Experiment3a_06.pkl,1389,0.5849986
KIT/675/Experiment3a_06.pkl,1390,0.5849986
KIT/675/Experiment3a_06.pkl,1391,0.5849986
KIT/675/Experiment3a_06.pkl,1392,0.5849986
KIT/675/Experiment3a_06.pkl,1393,0.5849986
KIT/675/Experiment3a_06.pkl,1394,0.5849986
KIT/675/Experiment3a_06.pkl,1395,0.5849986
KIT/675/Experiment3a_06.pkl,1396,0.5849986
KIT/675/Experiment3a_06.pkl,1397,0.5849986
KIT/675/Experiment3a_06.pkl,1398,0.5849986
KIT/675/Experiment3a_06.pkl,1399,0.5849986
KIT/675/Experiment3a_06.pkl,1400,0.5849986
KIT/675/Experiment3a_06.pkl,1401,0.5849986
KIT/675/Experiment3a_06.pkl,1402,0.5849986
KIT/675/Experiment3a_06.pkl,1403,0.5849986
KIT/675/Experiment3a_06.pkl,1404,0.5849986
KIT/675/Experiment3a_06.pkl,1405,0.5849986
KIT/675/Experiment3a_06.pkl,1406,0.5849986
KIT/675/Experiment3a_06.pkl,1407,0.5849986
KIT/675/Experiment3a_06.pkl,1408,0.5849986
KIT/675/Experiment3a_06.pkl,1409,0.5849986
KIT/675/Experiment3a_06.pkl,1410,0.5849986
KIT/675/Experiment3a_06.pkl,1411,0.5849986
KIT/675/Experiment3a_06.pkl,1412,0.5849986
KIT/675/Experiment3a_06.pkl,1413,0.5849986
KIT/675/Experiment3a_06.pkl,1414,0.5849986
KIT/675/Experiment3a_06.pkl,1415,0.5849986
KIT/675/Experiment3a_06.pkl,1416,0.5849986
KIT/675/Experiment3a_06.pkl,1417,0.5849986
KIT/675/Experiment3a_06.pkl,1418,0.5849986
KIT/675/Experiment3a_06.pkl,1419,0.5849986
KIT/675/Experiment3a_06.pkl,1420,0.5849986
KIT/675/Experiment3a_06.pkl,1421,0.5849986
KIT/675/Experiment3a_06.pkl,1422,0.5849986
KIT/675/Experiment3a_06.pkl,1423,0.5849986
KIT/675/Experiment3a_06.pkl,1424,0.5849986
KIT/675/Experiment3a_06.pkl,1425,0.5849986
KIT/675/Experiment3a_06.pkl,1426,0.5849986
KIT/675/Experiment3a_06.pkl,1427,0.5849986
KIT/675/Experiment3a_06.pkl,1428,0.5849986
KIT/675/Experiment3a_06.pkl,1429,0.5849986
KIT/675/Experiment3a_06.pkl,1430,0.5849986
KIT/675/Experiment3a_06.pkl,1431,0.5849986
KIT/675/Experiment3a_06.pkl,1432,0.5849986
KIT/675/Experiment3a_06.pkl,1433,0.5849986
KIT/675/Experiment3a_06.pkl,1434,0.5849986
KIT/675/Experiment3a_06.pkl,1435,0.5849986
KIT/675/Experiment3a_06.pkl,1436,0.5849986
KIT/675/Experiment3a_06.pkl,1437,0.5849986
KIT/675/Experiment3a_06.pkl,1438,0.5849986
KIT/675/Experiment3a_06.pkl,1439,0.5849986
KIT/675/Experiment3a_06.pkl,1440,0.5849986
KIT/675/Experiment3a_06.pkl,1441,0.5849986
KIT/675/Experiment3a_06.pkl,1442,0.5849986
KIT/675/Experiment3a_06.pkl,1443,0.5849986
KIT/675/Experiment3a_06.pkl,1444,0.5849986
KIT/675/Experiment3a_06.pkl,1445,0.5849986
KIT/675/Experiment3a_06.pkl,1446,0.5849986
KIT/675/Experiment3a_06.pkl,1447,0.5849986
KIT/675/Experiment3a_06.pkl,1448,0.5849986
KIT/675/Experiment3a_06.pkl,1449,0.5849986
KIT/675/Experiment3a_06.pkl,1450,0.5849986
KIT/675/Experiment3a_06.pkl,1451,0.5849986
KIT/675/Experiment3a_06.pkl,1452,0.5849986
KIT/675/Experiment3a_06.pkl,1453,0.5849986
KIT/675/Experiment3a_06.pkl,1454,0.5849986
KIT/675/Experiment3a_06.pkl,1455,0.5849986
KIT/675/Experiment3a_06.pkl,1456,0.5849986
KIT/675/Experiment3a_06.pkl,1457,0.5849986
KIT/675/Experiment3a_06.pkl,1458,0.5849986
KIT/675/Experiment3a_06.pkl,1459,0.5849986
KIT/675/Experiment3a_06.pkl,1460,0.5849986
KIT/675/Experiment3a_06.pkl,1461,0.5849986
KIT/675/Experiment3a_06.pkl,1462,0.5849986
KIT/675/Experiment3a_06.pkl,1463,0.5849986
KIT/675/Experiment3a_06.pkl,1464,0.5849986
KIT/675/Experiment3a_06.pkl,1465,0.5849986
KIT/675/Experiment3a_06.pkl,1466,0.5849986
KIT/675/Experiment3a_06.pkl,1467,0.5849986
KIT/675/Experiment3a_06.pkl,1468,0.5849986
KIT/675/Experiment3a_06.pkl,1469,0.5849986
KIT/675/Experiment3a_06.pkl,1470,0.5849986
KIT/675/Experiment3a_06.pkl,1471,0.5849986
KIT/675/Experiment3a_06.pkl,1472,0.5849986
KIT/675/Experiment3a_06.pkl,1473,0.5849986
KIT/675/Experiment3a_06.pkl,1474,0.5849986
KIT/675/Experiment3a_06.pkl,1475,0.5849986
KIT/675/Experiment3a_06.pkl,1476,0.5849986
KIT/675/Experiment3a_06.pkl,1477,0.5849986
KIT/675/Experiment3a_06.pkl,1478,0.5849986
KIT/675/Experiment3a_06.pkl,1479,0.5849986
KIT/675/Experiment3a_06.pkl,1480,0.5849986
KIT/675/Experiment3a_06.pkl,1481,0.5849986
KIT/675/Experiment3a_06.pkl,1482,0.5849986
KIT/675/Experiment3a_06.pkl,1483,0.5849986
KIT/675/Experiment3a_06.pkl,1484,0.5849986
KIT/675/Experiment3a_06.pkl,1485,0.5849986
KIT/675/Experiment3a_06.pkl,1486,0.5849986
KIT/675/Experiment3a_06.pkl,1487,0.5849986
KIT/675/Experiment3a_06.pkl,1488,0.5849986
KIT/675/Experiment3a_06.pkl,1489,0.5849986
KIT/675/Experiment3a_06.pkl,1490,0.5849986
KIT/675/Experiment3a_06.pkl,1491,0.5849986
KIT/675/Experiment3a_06.pkl,1492,0.5849986
KIT/675/Experiment3a_06.pkl,1493,0.5849986
KIT/675/Experiment3a_06.pkl,1494,0.5849986
KIT/675/Experiment3a_06.pkl,1495,0.5849986
KIT/675/Experiment3a_06.pkl,1496,0.5849986
KIT/675/Experiment3a_06.pkl,1497,0.5849986
KIT/675/Experiment3a_06.pkl,1498,0.5849986
KIT/675/Experiment3a_06.pkl,1499,0.5849986
KIT/675/Experiment3a_06.pkl,1500,0.5849986
KIT/675/Experiment3a_06.pkl,1501,0.5849986
KIT/675/Experiment3a_06.pkl,1502,0.5849986
KIT/675/Experiment3a_06.pkl,1503,0.5849986
KIT/675/Experiment3a_06.pkl,1504,0.5849986
KIT/675/Experiment3a_06.pkl,1505,0.5849986
KIT/675/Experiment3a_06.pkl,1506,0.5849986
KIT/675/Experiment3a_06.pkl,1507,0.5849986
KIT/675/Experiment3a_06.pkl,1508,0.5849986
KIT/675/Experiment3a_06.pkl,1509,0.5849986
KIT/675/Experiment3a_06.pkl,1510,0.5849986
KIT/675/Experiment3a_06.pkl,1511,0.5849986
KIT/675/Experiment3a_06.pkl,1512,0.5849986
KIT/675/Experiment3a_06.pkl,1513,0.5849986
KIT/675/Experiment3a_06.pkl,1514,0.5849986
KIT/675/Experiment3a_06.pkl,1515,0.5849986
KIT/675/Experiment3a_06.pkl,1516,0.5849986
KIT/675/Experiment3a_06.pkl,1517,0.5849986
KIT/675/Experiment3a_06.pkl,1518,0.5849986
KIT/675/Experiment3a_06.pkl,1519,0.5849986
KIT/675/Experiment3a_06.pkl,1520,0.5849986
KIT/675/Experiment3a_06.pkl,1521,0.5849986
KIT/675/Experiment3a_06.pkl,1522,0.5849986
KIT/675/Experiment3a_06.pkl,1523,0.5849986
KIT/675/Experiment3a_06.pkl,1524,0.5849986
KIT/675/Experiment3a_06.pkl,1525,0.5849986
KIT/675/Experiment3a_06.pkl,1526,0.5849986
KIT/675/Experiment3a_06.pkl,1527,0.5849986
KIT/675/Experiment3a_06.pkl,1528,0.5849986
KIT/675/Experiment3a_06.pkl,1529,0.5849986
KIT/675/Experiment3a_06.pkl,1530,0.5849986
KIT/675/Experiment3a_06.pkl,1531,0.5849986
KIT/675/Experiment3a_06.pkl,1532,0.5849986
KIT/675/Experiment3a_06.pkl,1533,0.5849986
KIT/675/Experiment3a_06.pkl,1534,0.5849986
KIT/675/Experiment3a_06.pkl,1535,0.5849986
KIT/675/Experiment3a_06.pkl,1536,0.5849986
KIT/675/Experiment3a_06.pkl,1537,0.5849986
KIT/675/Experiment3a_06.pkl,1538,0.5849986
KIT/675/Experiment3a_06.pkl,1539,0.5849986
KIT/675/Experiment3a_06.pkl,1540,0.5849986
KIT/675/Experiment3a_06.pkl,1541,0.5849986
KIT/675/Experiment3a_06.pkl,1542,0.5849986
KIT/675/Experiment3a_06.pkl,1543,0.5849986
KIT/675/Experiment3a_06.pkl,1544,0.5849986
KIT/675/Experiment3a_06.pkl,1545,0.5849986
KIT/675/Experiment3a_06.pkl,1546,0.5849986
KIT/675/Experiment3a_06.pkl,1547,0.5849986
KIT/675/Experiment3a_06.pkl,1548,0.5849986
KIT/675/Experiment3a_06.pkl,1549,0.5849986
KIT/675/Experiment3a_06.pkl,1550,0.5849986
KIT/675/Experiment3a_06.pkl,1551,0.5849986
KIT/675/Experiment3a_06.pkl,1552,0.5849986
KIT/675/Experiment3a_06.pkl,1553,0.5849986
KIT/675/Experiment3a_06.pkl,1554,0.5849986
KIT/675/Experiment3a_06.pkl,1555,0.5849986
KIT/675/Experiment3a_06.pkl,1556,0.5849986
KIT/675/Experiment3a_06.pkl,1557,0.5849986
KIT/675/Experiment3a_06.pkl,1558,0.5849986
KIT/675/Experiment3a_06.pkl,1559,0.5849986
KIT/675/Experiment3a_06.pkl,1560,0.5849986
KIT/675/Experiment3a_06.pkl,1561,0.5849986
KIT/675/Experiment3a_06.pkl,1562,0.5849986
KIT/675/Experiment3a_06.pkl,1563,0.5849986
KIT/675/Experiment3a_06.pkl,1564,0.5849986
KIT/675/Experiment3a_06.pkl,1565,0.5849986
KIT/675/Experiment3a_06.pkl,1566,0.5849986
KIT/675/Experiment3a_06.pkl,1567,0.5849986
KIT/675/Experiment3a_06.pkl,1568,0.5849986
KIT/675/Experiment3a_06.pkl,1569,0.5849986
KIT/675/Experiment3a_06.pkl,1570,0.5849986
KIT/675/Experiment3a_06.pkl,1571,0.5849986
KIT/675/Experiment3a_06.pkl,1572,0.5849986
KIT/675/Experiment3a_06.pkl,1573,0.5849986
KIT/675/Experiment3a_06.pkl,1574,0.5849986
KIT/675/Experiment3a_06.pkl,1575,0.5849986
KIT/675/Experiment3a_06.pkl,1576,0.5849986
KIT/675/Experiment3a_06.pkl,1577,0.5849986
KIT/675/Experiment3a_06.pkl,1578,0.5849986
KIT/675/Experiment3a_06.pkl,1579,0.5849986
KIT/675/Experiment3a_06.pkl,1580,0.5849986
KIT/675/Experiment3a_06.pkl,1581,0.5849986
KIT/675/Experiment3a_06.pkl,1582,0.5849986
KIT/675/Experiment3a_06.pkl,1583,0.5849986
KIT/675/Experiment3a_06.pkl,1584,0.5849986
KIT/675/Experiment3a_06.pkl,1585,0.5849986
KIT/675/Experiment3a_06.pkl,1586,0.5849986
KIT/675/Experiment3a_06.pkl,1587,0.5849986
KIT/675/Experiment3a_06.pkl,1588,0.5849986
KIT/675/Experiment3a_06.pkl,1589,0.5849986
KIT/675/Experiment3a_06.pkl,1590,0.5849986
KIT/675/Experiment3a_06.pkl,1591,0.5849986
KIT/675/Experiment3a_06.pkl,1592,0.5849986
KIT/675/Experiment3a_06.pkl,1593,0.5849986
KIT/675/Experiment3a_06.pkl,1594,0.5849986
KIT/675/Experiment3a_06.pkl,1595,0.5849986
KIT/675/Experiment3a_06.pkl,1596,0.5849986
KIT/675/Experiment3a_06.pkl,1597,0.5849986
KIT/675/Experiment3a_06.pkl,1598,0.5849986
KIT/675/Experiment3a_06.pkl,1599,0.5849986
KIT/675/Experiment3a_06.pkl,1600,0.5849986
KIT/675/Experiment3a_06.pkl,1601,0.5849986
KIT/675/Experiment3a_06.pkl,1602,0.5849986
KIT/675/Experiment3a_06.pkl,1603,0.5849986
KIT/675/Experiment3a_06.pkl,1604,0.5849986
KIT/675/Experiment3a_06.pkl,1605,0.5849986
KIT/675/Experiment3a_06.pkl,1606,0.5849986
KIT/675/Experiment3a_06.pkl,1607,0.5849986
KIT/675/Experiment3a_06.pkl,1608,0.5849986
KIT/675/Experiment3a_06.pkl,1609,0.5849986
KIT/675/Experiment3a_06.pkl,1610,0.5849986
KIT/675/Experiment3a_06.pkl,1611,0.5849986
KIT/675/Experiment3a_06.pkl,1612,0.5849986
KIT/675/Experiment3a_06.pkl,1613,0.5849986
KIT/675/Experiment3a_06.pkl,1614,0.5849986
KIT/675/Experiment3a_06.pkl,1615,0.5849986
KIT/675/Experiment3a_06.pkl,1616,0.5849986
KIT/675/Experiment3a_06.pkl,1617,0.5849986
KIT/675/Experiment3a_06.pkl,1618,0.5849986
KIT/675/Experiment3a_06.pkl,1619,0.5849986
KIT/675/Experiment3a_06.pkl,1620,0.5849986
KIT/675/Experiment3a_06.pkl,1621,0.5849986
KIT/675/Experiment3a_06.pkl,1622,0.5849986
KIT/675/Experiment3a_06.pkl,1623,0.5849986
KIT/675/Experiment3a_06.pkl,1624,0.5849986
KIT/675/Experiment3a_06.pkl,1625,0.5849986
KIT/675/Experiment3a_06.pkl,1626,0.5849986
KIT/675/Experiment3a_06.pkl,1627,0.5849986
KIT/675/Experiment3a_06.pkl,1628,0.5849986
KIT/675/Experiment3a_06.pkl,1629,0.5849986
KIT/675/Experiment3a_06.pkl,1630,0.5849986
KIT/675/Experiment3a_06.pkl,1631,0.5849986
KIT/675/Experiment3a_06.pkl,1632,0.5849986
KIT/675/Experiment3a_06.pkl,1633,0.5849986
KIT/675/Experiment3a_06.pkl,1634,0.5849986
KIT/675/Experiment3a_06.pkl,1635,0.5849986
KIT/675/Experiment3a_06.pkl,1636,0.5849986
KIT/675/Experiment3a_06.pkl,1637,0.5849986
KIT/675/Experiment3a_06.pkl,1638,0.5849986
KIT/675/Experiment3a_06.pkl,1639,0.5849986
KIT/675/Experiment3a_06.pkl,1640,0.5849986
KIT/675/Experiment3a_06.pkl,1641,0.5849986
KIT/675/Experiment3a_06.pkl,1642,0.5849986
KIT/675/Experiment3a_06.pkl,1643,0.5849986
KIT/675/Experiment3a_06.pkl,1644,0.5849986
KIT/675/Experiment3a_06.pkl,1645,0.5849986
KIT/675/Experiment3a_06.pkl,1646,0.5849986
KIT/675/Experiment3a_06.pkl,1647,0.5849986
KIT/675/Experiment3a_06.pkl,1648,0.5849986
KIT/675/Experiment3a_06.pkl,1649,0.5849986
KIT/675/Experiment3a_06.pkl,1650,0.5849986
KIT/675/Experiment3a_06.pkl,1651,0.5849986
KIT/675/Experiment3a_06.pkl,1652,0.5849986
KIT/675/Experiment3a_06.pkl,1653,0.5849986
KIT/675/Experiment3a_06.pkl,1654,0.5849986
KIT/675/Experiment3a_06.pkl,1655,0.5849986
KIT/675/Experiment3a_06.pkl,1656,0.5849986
KIT/675/Experiment3a_06.pkl,1657,0.5849986
KIT/675/Experiment3a_06.pkl,1658,0.5849986
KIT/675/Experiment3a_06.pkl,1659,0.5849986
KIT/675/Experiment3a_06.pkl,1660,0.5849986
KIT/675/Experiment3a_06.pkl,1661,0.5849986
KIT/675/Experiment3a_06.pkl,1662,0.5849986
KIT/675/Experiment3a_06.pkl,1663,0.5849986
KIT/675/Experiment3a_06.pkl,1664,0.5849986
KIT/675/Experiment3a_06.pkl,1665,0.5849986
KIT/675/Experiment3a_06.pkl,1666,0.5849986
KIT/675/Experiment3a_06.pkl,1667,0.5849986
KIT/675/Experiment3a_06.pkl,1668,0.5849986
KIT/675/Experiment3a_06.pkl,1669,0.5849986
KIT/675/Experiment3a_06.pkl,1670,0.5849986
KIT/675/Experiment3a_06.pkl,1671,0.5849986
KIT/675/Experiment3a_06.pkl,1672,0.5849986
KIT/675/Experiment3a_06.pkl,1673,0.5849986
KIT/675/Experiment3a_06.pkl,1674,0.5849986
KIT/675/Experiment3a_06.pkl,1675,0.5849986
KIT/675/Experiment3a_06.pkl,1676,0.5849986
KIT/675/Experiment3a_06.pkl,1677,0.5849986
KIT/675/Experiment3a_06.pkl,1678,0.5849986
KIT/675/Experiment3a_06.pkl,1679,0.5849986
KIT/675/Experiment3a_06.pkl,1680,0.5849986
KIT/675/Experiment3a_06.pkl,1681,0.5849986
KIT/675/Experiment3a_06.pkl,1682,0.5849986
KIT/675/Experiment3a_06.pkl,1683,0.5849986
KIT/675/Experiment3a_06.pkl,1684,0.5849986
KIT/675/Experiment3a_06.pkl,1685,0.5849986
KIT/675/Experiment3a_06.pkl,1686,0.5849986
KIT/675/Experiment3a_06.pkl,1687,0.5849986
KIT/675/Experiment3a_06.pkl,1688,0.5849986
KIT/675/Experiment3a_06.pkl,1689,0.5849986
KIT/675/Experiment3a_06.pkl,1690,0.5849986
KIT/675/Experiment3a_06.pkl,1691,0.5849986
KIT/675/Experiment3a_06.pkl,1692,0.5849986
KIT/675/Experiment3a_06.pkl,1693,0.5849986
KIT/675/Experiment3a_06.pkl,1694,0.5849986
KIT/675/Experiment3a_06.pkl,1695,0.5849986
KIT/675/Experiment3a_06.pkl,1696,0.5849986
KIT/675/Experiment3a_06.pkl,1697,0.5849986
KIT/675/Experiment3a_06.pkl,1698,0.5849986
KIT/675/Experiment3a_06.pkl,1699,0.5849986
KIT/675/Experiment3a_06.pkl,1700,0.5849986
KIT/675/Experiment3a_06.pkl,1701,0.5849986
KIT/675/Experiment3a_06.pkl,1702,0.5849986
KIT/675/Experiment3a_06.pkl,1703,0.5849986
KIT/675/Experiment3a_06.pkl,1704,0.5849986
KIT/675/Experiment3a_06.pkl,1705,0.5849986
KIT/675/Experiment3a_06.pkl,1706,0.5849986
KIT/675/Experiment3a_06.pkl,1707,0.5849986
KIT/675/Experiment3a_06.pkl,1708,0.5849986
KIT/675/Experiment3a_06.pkl,1709,0.5849986
KIT/675/Experiment3a_06.pkl,1710,0.5849986
KIT/675/Experiment3a_06.pkl,1711,0.5849986
KIT/675/Experiment3a_07.pkl,73,0.613482
KIT/675/Experiment3a_07.pkl,74,0.613482
KIT/675/Experiment3a_07.pkl,75,0.613482
KIT/675/Experiment3a_07.pkl,76,0.613482
KIT/675/Experiment3a_07.pkl,77,0.613482
KIT/675/Experiment3a_07.pkl,78,0.613482
KIT/675/Experiment3a_07.pkl,79,0.613482
KIT/675/Experiment3a_07.pkl,80,0.613482
KIT/675/Experiment3a_07.pkl,81,0.613482
KIT/675/Experiment3a_07.pkl,82,0.613482
KIT/675/Experiment3a_07.pkl,83,0.613482
KIT/675/Experiment3a_07.pkl,84,0.613482
KIT/675/Experiment3a_07.pkl,85,0.613482
KIT/675/Experiment3a_07.pkl,86,0.613482
KIT/675/Experiment3a_07.pkl,87,0.613482
KIT/675/Experiment3a_07.pkl,88,0.613482
KIT/675/Experiment3a_07.pkl,89,0.613482
KIT/675/Experiment3a_07.pkl,90,0.613482
KIT/675/Experiment3a_07.pkl,91,0.613482
KIT/675/Experiment3a_07.pkl,92,0.613482
KIT/675/Experiment3a_07.pkl,93,0.613482
KIT/675/Experiment3a_07.pkl,100,0.613482
KIT/675/Experiment4a_01.pkl,75,0.6168353
KIT/675/Experiment4a_01.pkl,76,0.6168353
KIT/675/Experiment4a_01.pkl,77,0.6168353
KIT/675/Experiment4a_01.pkl,78,0.6168353
KIT/675/Experiment4a_01.pkl,79,0.6168353
KIT/675/Experiment4a_01.pkl,80,0.6168353
KIT/675/Experiment4a_01.pkl,81,0.6168353
KIT/675/Experiment4a_01.pkl,82,0.6168353
KIT/675/Experiment4a_01.pkl,83,0.6168353
KIT/675/Experiment4a_01.pkl,84,0.6168353
KIT/675/Experiment4a_01.pkl,85,0.6168353
KIT/987/Experiment3b_05.pkl,38,0.5928192
KIT/987/Experiment3b_05.pkl,39,0.5928192
KIT/987/Experiment3b_05.pkl,40,0.5928192
KIT/987/Experiment3b_05.pkl,41,0.5928192
KIT/987/Experiment3b_05.pkl,42,0.5928192
KIT/987/Experiment3b_05.pkl,43,0.5928192
KIT/987/Experiment3b_05.pkl,44,0.5928192
KIT/987/Experiment3b_05.pkl,45,0.5928192
KIT/987/Experiment3b_05.pkl,46,0.5928192
KIT/987/Experiment3b_05.pkl,47,0.5928192
KIT/987/Experiment3b_05.pkl,48,0.5928192
KIT/987/Experiment3b_05.pkl,49,0.5928192
KIT/987/Experiment3b_05.pkl,50,0.5928192
KIT/987/Experiment3b_05.pkl,51,0.5928192
KIT/987/Experiment3b_05.pkl,52,0.5928192
KIT/987/Experiment3b_05.pkl,53,0.5928192
KIT/987/Experiment3b_05.pkl,54,0.5928192
KIT/987/Experiment3b_05.pkl,55,0.5928192
KIT/987/Experiment3b_05.pkl,56,0.5928192
KIT/987/Experiment3b_05.pkl,57,0.5928192
KIT/987/Experiment3b_05.pkl,58,0.5928192
KIT/987/Experiment3b_05.pkl,59,0.5928192
KIT/987/Experiment3b_05.pkl,60,0.5928192
KIT/987/Experiment3b_05.pkl,61,0.5928192
KIT/987/Experiment3b_05.pkl,62,0.5928192
KIT/987/Experiment3b_05.pkl,63,0.5928192
KIT/987/Experiment3b_05.pkl,64,0.5928192
KIT/987/Experiment3b_05.pkl,65,0.5928192
KIT/987/Experiment3b_05.pkl,66,0.5928192
KIT/987/Experiment3b_05.pkl,67,0.5928192
KIT/987/Experiment3b_05.pkl,68,0.5928192
KIT/987/Experiment3b_05.pkl,69,0.5928192
KIT/987/Experiment3b_05.pkl,70,0.5928192
KIT/987/Experiment3b_05.pkl,71,0.5928192
KIT/987/Experiment3b_05.pkl,72,0.5928192
KIT/987/Experiment3b_05.pkl,73,0.5928192
KIT/987/Experiment3b_05.pkl,74,0.5928192
KIT/987/Experiment3b_05.pkl,75,0.5928192
KIT/987/Experiment3b_05.pkl,76,0.5928192
KIT/987/Experiment3b_05.pkl,77,0.5928192
KIT/987/Experiment3b_05.pkl,78,0.5928192
KIT/987/Experiment3b_05.pkl,79,0.5928192
KIT/987/Experiment3b_05.pkl,80,0.5928192
KIT/987/Experiment3b_05.pkl,81,0.5928192
KIT/987/Experiment3b_08.pkl,46,0.5398241
KIT/987/Experiment3b_08.pkl,47,0.5398241
KIT/987/Experiment3b_08.pkl,48,0.5398241
KIT/987/Experiment3b_08.pkl,49,0.5398241
KIT/987/Experiment3b_08.pkl,50,0.5398241
KIT/987/Experiment3b_08.pkl,51,0.5398241
KIT/987/Experiment3b_08.pkl,52,0.5398241
KIT/987/Experiment3b_08.pkl,53,0.5398241
KIT/987/Experiment3b_08.pkl,54,0.5398241
KIT/987/Experiment3b_08.pkl,55,0.5398241
KIT/987/Experiment3b_08.pkl,56,0.5398241
KIT/987/Experiment3b_08.pkl,57,0.5398241
KIT/987/Experiment3b_08.pkl,58,0.5398241
KIT/987/Experiment3b_08.pkl,59,0.5398241
KIT/987/Experiment3b_08.pkl,60,0.5398241
KIT/987/Experiment3b_08.pkl,61,0.5398241
KIT/987/Experiment3b_08.pkl,62,0.5398241
KIT/987/Experiment3b_08.pkl,63,0.5398241
KIT/987/Experiment3b_08.pkl,64,0.5398241
KIT/987/Experiment3b_08.pkl,65,0.5398241
KIT/987/Experiment3b_08.pkl,66,0.5398241
KIT/987/Experiment3b_08.pkl,67,0.5398241
KIT/987/Experiment3b_08.pkl,68,0.5398241
KIT/987/Experiment3b_08.pkl,70,0.5398241
MPI_HDM05/bk/HDM_bk_03-03_01_120.pkl,55,0.07561165
MPI_HDM05/bk/HDM_bk_03-03_01_120.pkl,56,0.07561165
MPI_HDM05/bk/HDM_bk_03-03_01_120.pkl,57,0.07561165
MPI_HDM05/bk/HDM_bk_03-03_01_120.pkl,58,0.07561165
MPI_HDM05/bk/HDM_bk_03-03_01_120.pkl,59,0.07561165
MPI_HDM05/bk/HDM_bk_03-03_01_120.pkl,60,0.07561165
MPI_HDM05/bk/HDM_bk_03-03_01_120.pkl,61,0.07561165
MPI_HDM05/bk/HDM_bk_03-03_01_120.pkl,62,0.07561165
MPI_HDM05/bk/HDM_bk_03-03_01_120.pkl,63,0.07561165
MPI_HDM05/bk/HDM_bk_03-03_01_120.pkl,72,0.07561165
MPI_HDM05/bk/HDM_bk_03-03_01_120.pkl,73,0.07561165
MPI_HDM05/bk/HDM_bk_03-03_01_120.pkl,74,0.07561165
MPI_HDM05/bk/HDM_bk_03-03_01_120.pkl,85,0.07561165
MPI_HDM05/bk/HDM_bk_03-03_01_120.pkl,86,0.07561165
MPI_HDM05/bk/HDM_bk_03-03_01_120.pkl,96,0.07561165
MPI_HDM05/bk/HDM_bk_03-03_01_120.pkl,97,0.07561165
MPI_HDM05/bk/HDM_bk_03-03_01_120.pkl,112,0.07561165
MPI_HDM05/bk/HDM_bk_03-03_01_120.pkl,113,0.07561165
MPI_HDM05/bk/HDM_bk_03-03_01_120.pkl,114,0.07561165
MPI_HDM05/bk/HDM_bk_03-03_01_120.pkl,115,0.07561165
MPI_HDM05/bk/HDM_bk_03-03_01_120.pkl,116,0.07561165
MPI_HDM05/bk/HDM_bk_03-03_01_120.pkl,117,0.07561165
MPI_HDM05/bk/HDM_bk_03-03_01_120.pkl,118,0.07561165
MPI_HDM05/bk/HDM_bk_03-03_01_120.pkl,119,0.07561165
MPI_HDM05/bk/HDM_bk_03-03_01_120.pkl,120,0.07561165
MPI_HDM05/bk/HDM_bk_03-03_01_120.pkl,121,0.07561165
MPI_HDM05/bk/HDM_bk_03-03_01_120.pkl,122,0.07561165
MPI_HDM05/bk/HDM_bk_03-03_01_120.pkl,123,0.07561165
MPI_HDM05/bk/HDM_bk_03-03_01_120.pkl,124,0.07561165
MPI_HDM05/bk/HDM_bk_03-03_01_120.pkl,125,0.07561165
MPI_HDM05/bk/HDM_bk_03-03_01_120.pkl,126,0.07561165
MPI_HDM05/bk/HDM_bk_03-03_01_120.pkl,127,0.07561165
MPI_HDM05/bk/HDM_bk_03-03_01_120.pkl,128,0.07561165
MPI_HDM05/bk/HDM_bk_03-03_01_120.pkl,129,0.07561165
MPI_HDM05/bk/HDM_bk_03-03_01_120.pkl,130,0.07561165
MPI_HDM05/bk/HDM_bk_03-03_01_120.pkl,131,0.07561165
MPI_HDM05/bk/HDM_bk_03-03_01_120.pkl,132,0.07561165
MPI_HDM05/bk/HDM_bk_03-03_01_120.pkl,133,0.07561165
MPI_HDM05/bk/HDM_bk_03-03_01_120.pkl,134,0.07561165
MPI_HDM05/bk/HDM_bk_03-03_01_120.pkl,135,0.07561165
MPI_HDM05/bk/HDM_bk_03-03_01_120.pkl,136,0.07561165
MPI_HDM05/bk/HDM_bk_03-03_01_120.pkl,137,0.07561165
MPI_HDM05/bk/HDM_bk_03-03_01_120.pkl,138,0.07561165
MPI_HDM05/bk/HDM_bk_03-03_01_120.pkl,139,0.07561165
MPI_HDM05/bk/HDM_bk_03-03_01_120.pkl,140,0.07561165
MPI_HDM05/bk/HDM_bk_03-03_01_120.pkl,141,0.07561165
MPI_HDM05/bk/HDM_bk_03-03_01_120.pkl,142,0.07561165
MPI_HDM05/bk/HDM_bk_03-03_01_120.pkl,143,0.07561165
MPI_HDM05/bk/HDM_bk_03-03_01_120.pkl,144,0.07561165
MPI_HDM05/bk/HDM_bk_03-03_01_120.pkl,145,0.07561165
MPI_HDM05/bk/HDM_bk_03-03_01_120.pkl,146,0.07561165
MPI_HDM05/bk/HDM_bk_03-03_01_120.pkl,147,0.07561165
MPI_HDM05/bk/HDM_bk_03-03_01_120.pkl,148,0.07561165
MPI_HDM05/bk/HDM_bk_03-03_01_120.pkl,149,0.07561165
MPI_HDM05/bk/HDM_bk_03-03_01_120.pkl,150,0.07561165
MPI_HDM05/bk/HDM_bk_03-03_01_120.pkl,151,0.07561165
MPI_HDM05/bk/HDM_bk_03-03_01_120.pkl,152,0.07561165
MPI_HDM05/bk/HDM_bk_03-03_01_120.pkl,153,0.07561165
MPI_HDM05/bk/HDM_bk_03-03_01_120.pkl,154,0.07561165
MPI_HDM05/bk/HDM_bk_03-03_01_120.pkl,155,0.07561165
MPI_HDM05/bk/HDM_bk_03-03_01_120.pkl,156,0.07561165
MPI_HDM05/bk/HDM_bk_03-03_01_120.pkl,157,0.07561165
MPI_HDM05/bk/HDM_bk_03-03_01_120.pkl,158,0.07561165
MPI_HDM05/bk/HDM_bk_03-03_01_120.pkl,159,0.07561165
MPI_HDM05/bk/HDM_bk_03-03_01_120.pkl,160,0.07561165
MPI_HDM05/bk/HDM_bk_03-03_01_120.pkl,161,0.07561165
MPI_HDM05/bk/HDM_bk_03-03_01_120.pkl,187,0.07561165
MPI_HDM05/bk/HDM_bk_03-03_01_120.pkl,207,0.07561165
MPI_HDM05/bk/HDM_bk_03-03_01_120.pkl,208,0.07561165
MPI_HDM05/bk/HDM_bk_03-03_01_120.pkl,209,0.07561165
MPI_HDM05/bk/HDM_bk_03-03_01_120.pkl,251,0.07561165
MPI_HDM05/bk/HDM_bk_03-03_01_120.pkl,252,0.07561165
MPI_HDM05/bk/HDM_bk_03-03_01_120.pkl,275,0.07561165
MPI_HDM05/bk/HDM_bk_03-03_01_120.pkl,276,0.07561165
MPI_HDM05/bk/HDM_bk_03-03_01_120.pkl,277,0.07561165
MPI_HDM05/bk/HDM_bk_04-01_01_120.pkl,145,0.4914464
MPI_HDM05/bk/HDM_bk_04-01_01_120.pkl,146,0.4914464
MPI_HDM05/bk/HDM_bk_04-01_01_120.pkl,147,0.4914464
MPI_HDM05/bk/HDM_bk_04-01_01_120.pkl,148,0.4914464
MPI_HDM05/bk/HDM_bk_04-01_01_120.pkl,149,0.4914464
MPI_HDM05/bk/HDM_bk_04-01_01_120.pkl,150,0.4914464
MPI_HDM05/bk/HDM_bk_04-01_01_120.pkl,151,0.4914464
MPI_HDM05/bk/HDM_bk_04-01_01_120.pkl,152,0.4914464
MPI_HDM05/bk/HDM_bk_04-01_01_120.pkl,163,0.4914464
MPI_HDM05/bk/HDM_bk_04-01_01_120.pkl,164,0.4914464
MPI_HDM05/bk/HDM_bk_04-01_01_120.pkl,165,0.4914464
MPI_HDM05/bk/HDM_bk_04-01_01_120.pkl,166,0.4914464
MPI_HDM05/bk/HDM_bk_04-01_01_120.pkl,167,0.4914464
MPI_HDM05/bk/HDM_bk_04-01_01_120.pkl,168,0.4914464
MPI_HDM05/bk/HDM_bk_04-01_01_120.pkl,169,0.4914464
MPI_HDM05/bk/HDM_bk_04-01_01_120.pkl,170,0.4914464
MPI_HDM05/bk/HDM_bk_04-01_01_120.pkl,171,0.4914464
MPI_HDM05/bk/HDM_bk_04-01_01_120.pkl,172,0.4914464
MPI_HDM05/bk/HDM_bk_04-01_01_120.pkl,173,0.4914464
MPI_HDM05/bk/HDM_bk_04-01_01_120.pkl,174,0.4914464
MPI_HDM05/bk/HDM_bk_04-01_01_120.pkl,175,0.4914464
MPI_HDM05/bk/HDM_bk_04-01_01_120.pkl,176,0.4914464
MPI_HDM05/bk/HDM_bk_04-01_01_120.pkl,393,0.47642735
MPI_HDM05/bk/HDM_bk_04-01_01_120.pkl,394,0.47642735
MPI_HDM05/bk/HDM_bk_04-01_01_120.pkl,395,0.47642735
MPI_HDM05/bk/HDM_bk_04-01_01_120.pkl,396,0.47642735
MPI_HDM05/bk/HDM_bk_04-01_01_120.pkl,397,0.47642735
MPI_HDM05/bk/HDM_bk_04-01_01_120.pkl,398,0.47642735
MPI_HDM05/bk/HDM_bk_04-01_01_120.pkl,399,0.47642735
MPI_HDM05/bk/HDM_bk_04-01_01_120.pkl,400,0.47642735
MPI_HDM05/bk/HDM_bk_04-01_01_120.pkl,401,0.47642735
MPI_HDM05/bk/HDM_bk_04-01_01_120.pkl,402,0.47642735
MPI_HDM05/bk/HDM_bk_04-01_01_120.pkl,403,0.47642735
MPI_HDM05/bk/HDM_bk_04-01_01_120.pkl,404,0.47642735
MPI_HDM05/bk/HDM_bk_04-01_01_120.pkl,405,0.47642735
MPI_HDM05/bk/HDM_bk_04-01_01_120.pkl,406,0.47642735
MPI_HDM05/bk/HDM_bk_04-01_01_120.pkl,407,0.47642735
MPI_HDM05/bk/HDM_bk_04-01_01_120.pkl,408,0.47642735
MPI_HDM05/bk/HDM_bk_04-01_01_120.pkl,409,0.47642735
MPI_HDM05/bk/HDM_bk_04-01_01_120.pkl,410,0.47642735
MPI_HDM05/bk/HDM_bk_04-01_01_120.pkl,411,0.47642735
MPI_HDM05/bk/HDM_bk_04-01_01_120.pkl,412,0.47642735
MPI_HDM05/bk/HDM_bk_04-01_01_120.pkl,413,0.47642735
MPI_HDM05/bk/HDM_bk_04-01_01_120.pkl,414,0.47642735
MPI_HDM05/bk/HDM_bk_04-01_01_120.pkl,415,0.47642735
MPI_HDM05/bk/HDM_bk_04-01_01_120.pkl,416,0.47642735
MPI_HDM05/mm/HDM_mm_01-02_03_120.pkl,430,0.3293866
MPI_HDM05/mm/HDM_mm_01-02_03_120.pkl,431,0.3293866
MPI_HDM05/mm/HDM_mm_01-02_03_120.pkl,432,0.3293866
MPI_HDM05/mm/HDM_mm_01-02_03_120.pkl,433,0.3293866
MPI_HDM05/mm/HDM_mm_01-02_03_120.pkl,434,0.3293866
MPI_HDM05/mm/HDM_mm_01-02_03_120.pkl,435,0.3293866
MPI_HDM05/mm/HDM_mm_01-02_03_120.pkl,436,0.3293866
MPI_HDM05/mm/HDM_mm_01-02_03_120.pkl,437,0.3293866
MPI_HDM05/mm/HDM_mm_01-02_03_120.pkl,438,0.3293866
MPI_HDM05/mm/HDM_mm_01-02_03_120.pkl,439,0.3293866
