rel_pkl,source_chunk_idx
BMLmovi/Subject_27_F_MoSh/Subject_27_F_13.pkl,80
BMLmovi/Subject_46_F_MoSh/Subject_46_F_1.pkl,48
BMLmovi/Subject_54_F_MoSh/Subject_54_F_13.pkl,0
BMLmovi/Subject_74_F_MoSh/Subject_74_F_19.pkl,94
BMLmovi/Subject_74_F_MoSh/Subject_74_F_19.pkl,95
BMLmovi/Subject_74_F_MoSh/Subject_74_F_19.pkl,96
BMLmovi/Subject_79_F_MoSh/Subject_79_F_9.pkl,78
BMLmovi/Subject_79_F_MoSh/Subject_79_F_9.pkl,79
BMLmovi/Subject_79_F_MoSh/Subject_79_F_9.pkl,80
BMLmovi/Subject_79_F_MoSh/Subject_79_F_9.pkl,81
BMLmovi/Subject_79_F_MoSh/Subject_79_F_9.pkl,82
BioMotionLab_NTroje/rub002/0017_catching_and_throwing.pkl,0
BioMotionLab_NTroje/rub002/0017_catching_and_throwing.pkl,1
BioMotionLab_NTroje/rub002/0017_catching_and_throwing.pkl,2
BioMotionLab_NTroje/rub002/0017_catching_and_throwing.pkl,3
BioMotionLab_NTroje/rub002/0017_catching_and_throwing.pkl,4
BioMotionLab_NTroje/rub002/0017_catching_and_throwing.pkl,5
BioMotionLab_NTroje/rub002/0017_catching_and_throwing.pkl,6
BioMotionLab_NTroje/rub002/0017_catching_and_throwing.pkl,7
BioMotionLab_NTroje/rub002/0017_catching_and_throwing.pkl,8
BioMotionLab_NTroje/rub002/0017_catching_and_throwing.pkl,9
BioMotionLab_NTroje/rub002/0017_catching_and_throwing.pkl,10
BioMotionLab_NTroje/rub002/0017_catching_and_throwing.pkl,11
BioMotionLab_NTroje/rub002/0017_catching_and_throwing.pkl,12
BioMotionLab_NTroje/rub002/0017_catching_and_throwing.pkl,13
BioMotionLab_NTroje/rub002/0017_catching_and_throwing.pkl,14
BioMotionLab_NTroje/rub002/0017_catching_and_throwing.pkl,15
BioMotionLab_NTroje/rub002/0017_catching_and_throwing.pkl,16
BioMotionLab_NTroje/rub002/0017_catching_and_throwing.pkl,17
BioMotionLab_NTroje/rub002/0017_catching_and_throwing.pkl,18
BioMotionLab_NTroje/rub002/0017_catching_and_throwing.pkl,19
BioMotionLab_NTroje/rub002/0017_catching_and_throwing.pkl,20
BioMotionLab_NTroje/rub002/0017_catching_and_throwing.pkl,21
BioMotionLab_NTroje/rub002/0017_catching_and_throwing.pkl,22
BioMotionLab_NTroje/rub002/0017_catching_and_throwing.pkl,23
BioMotionLab_NTroje/rub002/0017_catching_and_throwing.pkl,24
BioMotionLab_NTroje/rub002/0017_catching_and_throwing.pkl,25
BioMotionLab_NTroje/rub002/0017_catching_and_throwing.pkl,26
BioMotionLab_NTroje/rub002/0017_catching_and_throwing.pkl,27
BioMotionLab_NTroje/rub002/0017_catching_and_throwing.pkl,28
BioMotionLab_NTroje/rub002/0017_catching_and_throwing.pkl,29
BioMotionLab_NTroje/rub002/0017_catching_and_throwing.pkl,30
BioMotionLab_NTroje/rub002/0017_catching_and_throwing.pkl,31
BioMotionLab_NTroje/rub002/0017_catching_and_throwing.pkl,32
BioMotionLab_NTroje/rub002/0017_catching_and_throwing.pkl,33
BioMotionLab_NTroje/rub002/0017_catching_and_throwing.pkl,34
BioMotionLab_NTroje/rub002/0017_catching_and_throwing.pkl,35
BioMotionLab_NTroje/rub002/0017_catching_and_throwing.pkl,36
BioMotionLab_NTroje/rub002/0017_catching_and_throwing.pkl,37
BioMotionLab_NTroje/rub002/0017_catching_and_throwing.pkl,38
BioMotionLab_NTroje/rub002/0017_catching_and_throwing.pkl,39
BioMotionLab_NTroje/rub002/0017_catching_and_throwing.pkl,40
BioMotionLab_NTroje/rub002/0017_catching_and_throwing.pkl,41
BioMotionLab_NTroje/rub002/0017_catching_and_throwing.pkl,42
BioMotionLab_NTroje/rub002/0017_catching_and_throwing.pkl,191
BioMotionLab_NTroje/rub002/0017_catching_and_throwing.pkl,192
BioMotionLab_NTroje/rub002/0017_catching_and_throwing.pkl,193
BioMotionLab_NTroje/rub002/0017_catching_and_throwing.pkl,194
BioMotionLab_NTroje/rub017/0013_knocking1.pkl,109
BioMotionLab_NTroje/rub017/0013_knocking1.pkl,110
BioMotionLab_NTroje/rub017/0013_knocking1.pkl,111
BioMotionLab_NTroje/rub017/0013_knocking1.pkl,112
BioMotionLab_NTroje/rub017/0013_knocking1.pkl,113
BioMotionLab_NTroje/rub017/0013_knocking1.pkl,114
BioMotionLab_NTroje/rub017/0013_knocking1.pkl,115
BioMotionLab_NTroje/rub017/0013_knocking1.pkl,116
BioMotionLab_NTroje/rub017/0013_knocking1.pkl,117
BioMotionLab_NTroje/rub017/0013_knocking1.pkl,118
BioMotionLab_NTroje/rub017/0013_knocking1.pkl,119
BioMotionLab_NTroje/rub017/0013_knocking1.pkl,120
BioMotionLab_NTroje/rub017/0013_knocking1.pkl,121
BioMotionLab_NTroje/rub017/0013_knocking1.pkl,122
BioMotionLab_NTroje/rub017/0013_knocking1.pkl,123
BioMotionLab_NTroje/rub017/0013_knocking1.pkl,124
BioMotionLab_NTroje/rub017/0013_knocking1.pkl,125
BioMotionLab_NTroje/rub017/0013_knocking1.pkl,126
BioMotionLab_NTroje/rub017/0013_knocking1.pkl,127
BioMotionLab_NTroje/rub017/0013_knocking1.pkl,128
BioMotionLab_NTroje/rub017/0013_knocking1.pkl,129
BioMotionLab_NTroje/rub017/0013_knocking1.pkl,130
BioMotionLab_NTroje/rub017/0013_knocking1.pkl,131
BioMotionLab_NTroje/rub017/0021_catching_and_throwing.pkl,0
BioMotionLab_NTroje/rub017/0021_catching_and_throwing.pkl,1
BioMotionLab_NTroje/rub017/0021_catching_and_throwing.pkl,2
BioMotionLab_NTroje/rub017/0021_catching_and_throwing.pkl,3
BioMotionLab_NTroje/rub017/0021_catching_and_throwing.pkl,4
BioMotionLab_NTroje/rub017/0021_catching_and_throwing.pkl,5
BioMotionLab_NTroje/rub017/0021_catching_and_throwing.pkl,6
BioMotionLab_NTroje/rub017/0021_catching_and_throwing.pkl,7
BioMotionLab_NTroje/rub017/0021_catching_and_throwing.pkl,8
BioMotionLab_NTroje/rub017/0021_catching_and_throwing.pkl,9
BioMotionLab_NTroje/rub017/0021_catching_and_throwing.pkl,10
BioMotionLab_NTroje/rub017/0021_catching_and_throwing.pkl,11
BioMotionLab_NTroje/rub017/0021_catching_and_throwing.pkl,12
BioMotionLab_NTroje/rub017/0021_catching_and_throwing.pkl,13
BioMotionLab_NTroje/rub017/0021_catching_and_throwing.pkl,14
BioMotionLab_NTroje/rub017/0021_catching_and_throwing.pkl,15
BioMotionLab_NTroje/rub017/0021_catching_and_throwing.pkl,16
BioMotionLab_NTroje/rub017/0021_catching_and_throwing.pkl,17
BioMotionLab_NTroje/rub017/0021_catching_and_throwing.pkl,18
BioMotionLab_NTroje/rub017/0021_catching_and_throwing.pkl,19
BioMotionLab_NTroje/rub017/0021_catching_and_throwing.pkl,20
BioMotionLab_NTroje/rub017/0021_catching_and_throwing.pkl,21
BioMotionLab_NTroje/rub017/0021_catching_and_throwing.pkl,22
BioMotionLab_NTroje/rub017/0021_catching_and_throwing.pkl,23
BioMotionLab_NTroje/rub017/0021_catching_and_throwing.pkl,24
BioMotionLab_NTroje/rub017/0021_catching_and_throwing.pkl,25
BioMotionLab_NTroje/rub017/0021_catching_and_throwing.pkl,26
BioMotionLab_NTroje/rub017/0021_catching_and_throwing.pkl,27
BioMotionLab_NTroje/rub017/0021_catching_and_throwing.pkl,28
BioMotionLab_NTroje/rub017/0021_catching_and_throwing.pkl,29
BioMotionLab_NTroje/rub017/0021_catching_and_throwing.pkl,30
BioMotionLab_NTroje/rub017/0021_catching_and_throwing.pkl,31
BioMotionLab_NTroje/rub017/0021_catching_and_throwing.pkl,32
BioMotionLab_NTroje/rub017/0021_catching_and_throwing.pkl,33
BioMotionLab_NTroje/rub017/0021_catching_and_throwing.pkl,34
BioMotionLab_NTroje/rub017/0021_catching_and_throwing.pkl,35
BioMotionLab_NTroje/rub017/0021_catching_and_throwing.pkl,36
BioMotionLab_NTroje/rub017/0021_catching_and_throwing.pkl,37
BioMotionLab_NTroje/rub017/0021_catching_and_throwing.pkl,38
BioMotionLab_NTroje/rub017/0021_catching_and_throwing.pkl,39
BioMotionLab_NTroje/rub017/0021_catching_and_throwing.pkl,40
BioMotionLab_NTroje/rub017/0021_catching_and_throwing.pkl,41
BioMotionLab_NTroje/rub017/0021_catching_and_throwing.pkl,42
BioMotionLab_NTroje/rub017/0021_catching_and_throwing.pkl,43
BioMotionLab_NTroje/rub017/0021_catching_and_throwing.pkl,44
BioMotionLab_NTroje/rub017/0021_catching_and_throwing.pkl,45
BioMotionLab_NTroje/rub017/0021_catching_and_throwing.pkl,46
BioMotionLab_NTroje/rub017/0021_catching_and_throwing.pkl,47
BioMotionLab_NTroje/rub017/0021_catching_and_throwing.pkl,48
BioMotionLab_NTroje/rub017/0021_catching_and_throwing.pkl,49
BioMotionLab_NTroje/rub017/0021_catching_and_throwing.pkl,50
BioMotionLab_NTroje/rub017/0021_catching_and_throwing.pkl,51
BioMotionLab_NTroje/rub017/0021_catching_and_throwing.pkl,52
BioMotionLab_NTroje/rub017/0021_catching_and_throwing.pkl,53
BioMotionLab_NTroje/rub017/0021_catching_and_throwing.pkl,54
BioMotionLab_NTroje/rub017/0021_catching_and_throwing.pkl,55
BioMotionLab_NTroje/rub017/0021_catching_and_throwing.pkl,56
BioMotionLab_NTroje/rub017/0021_catching_and_throwing.pkl,57
BioMotionLab_NTroje/rub017/0021_catching_and_throwing.pkl,58
BioMotionLab_NTroje/rub017/0021_catching_and_throwing.pkl,59
BioMotionLab_NTroje/rub017/0021_catching_and_throwing.pkl,60
BioMotionLab_NTroje/rub017/0021_catching_and_throwing.pkl,61
BioMotionLab_NTroje/rub017/0021_catching_and_throwing.pkl,62
BioMotionLab_NTroje/rub017/0021_catching_and_throwing.pkl,63
BioMotionLab_NTroje/rub017/0021_catching_and_throwing.pkl,64
BioMotionLab_NTroje/rub017/0021_catching_and_throwing.pkl,65
BioMotionLab_NTroje/rub017/0021_catching_and_throwing.pkl,66
BioMotionLab_NTroje/rub017/0021_catching_and_throwing.pkl,67
BioMotionLab_NTroje/rub017/0021_catching_and_throwing.pkl,68
BioMotionLab_NTroje/rub017/0021_catching_and_throwing.pkl,69
BioMotionLab_NTroje/rub017/0021_catching_and_throwing.pkl,70
BioMotionLab_NTroje/rub017/0021_catching_and_throwing.pkl,71
BioMotionLab_NTroje/rub017/0021_catching_and_throwing.pkl,72
BioMotionLab_NTroje/rub017/0021_catching_and_throwing.pkl,73
BioMotionLab_NTroje/rub017/0021_catching_and_throwing.pkl,74
BioMotionLab_NTroje/rub017/0021_catching_and_throwing.pkl,75
BioMotionLab_NTroje/rub017/0021_catching_and_throwing.pkl,76
BioMotionLab_NTroje/rub017/0021_catching_and_throwing.pkl,77
BioMotionLab_NTroje/rub017/0021_catching_and_throwing.pkl,78
BioMotionLab_NTroje/rub017/0021_catching_and_throwing.pkl,79
BioMotionLab_NTroje/rub017/0021_catching_and_throwing.pkl,80
BioMotionLab_NTroje/rub017/0021_catching_and_throwing.pkl,81
BioMotionLab_NTroje/rub017/0021_catching_and_throwing.pkl,82
BioMotionLab_NTroje/rub017/0021_catching_and_throwing.pkl,83
BioMotionLab_NTroje/rub017/0021_catching_and_throwing.pkl,84
BioMotionLab_NTroje/rub017/0021_catching_and_throwing.pkl,85
BioMotionLab_NTroje/rub017/0021_catching_and_throwing.pkl,150
BioMotionLab_NTroje/rub017/0021_catching_and_throwing.pkl,327
BioMotionLab_NTroje/rub017/0021_catching_and_throwing.pkl,328
BioMotionLab_NTroje/rub017/0021_catching_and_throwing.pkl,329
BioMotionLab_NTroje/rub017/0021_catching_and_throwing.pkl,330
BioMotionLab_NTroje/rub017/0021_catching_and_throwing.pkl,331
BioMotionLab_NTroje/rub017/0021_catching_and_throwing.pkl,332
BioMotionLab_NTroje/rub017/0021_catching_and_throwing.pkl,333
BioMotionLab_NTroje/rub017/0021_catching_and_throwing.pkl,334
BioMotionLab_NTroje/rub017/0021_catching_and_throwing.pkl,335
BioMotionLab_NTroje/rub017/0021_catching_and_throwing.pkl,336
BioMotionLab_NTroje/rub017/0021_catching_and_throwing.pkl,337
BioMotionLab_NTroje/rub017/0021_catching_and_throwing.pkl,338
BioMotionLab_NTroje/rub017/0021_catching_and_throwing.pkl,339
BioMotionLab_NTroje/rub017/0021_catching_and_throwing.pkl,340
BioMotionLab_NTroje/rub017/0021_catching_and_throwing.pkl,341
BioMotionLab_NTroje/rub017/0021_catching_and_throwing.pkl,342
BioMotionLab_NTroje/rub017/0021_catching_and_throwing.pkl,343
BioMotionLab_NTroje/rub017/0021_catching_and_throwing.pkl,344
BioMotionLab_NTroje/rub017/0021_catching_and_throwing.pkl,345
BioMotionLab_NTroje/rub017/0021_catching_and_throwing.pkl,346
BioMotionLab_NTroje/rub017/0021_catching_and_throwing.pkl,347
BioMotionLab_NTroje/rub017/0021_catching_and_throwing.pkl,348
BioMotionLab_NTroje/rub017/0021_catching_and_throwing.pkl,349
BioMotionLab_NTroje/rub017/0021_catching_and_throwing.pkl,350
BioMotionLab_NTroje/rub017/0021_catching_and_throwing.pkl,351
BioMotionLab_NTroje/rub017/0021_catching_and_throwing.pkl,352
BioMotionLab_NTroje/rub017/0021_catching_and_throwing.pkl,353
BioMotionLab_NTroje/rub017/0021_catching_and_throwing.pkl,354
BioMotionLab_NTroje/rub017/0021_catching_and_throwing.pkl,355
BioMotionLab_NTroje/rub017/0021_catching_and_throwing.pkl,356
BioMotionLab_NTroje/rub017/0021_catching_and_throwing.pkl,357
BioMotionLab_NTroje/rub017/0021_catching_and_throwing.pkl,358
BioMotionLab_NTroje/rub017/0021_catching_and_throwing.pkl,359
BioMotionLab_NTroje/rub017/0021_catching_and_throwing.pkl,360
BioMotionLab_NTroje/rub017/0021_catching_and_throwing.pkl,361
BioMotionLab_NTroje/rub017/0021_catching_and_throwing.pkl,362
BioMotionLab_NTroje/rub017/0021_catching_and_throwing.pkl,363
BioMotionLab_NTroje/rub017/0021_catching_and_throwing.pkl,364
BioMotionLab_NTroje/rub017/0021_catching_and_throwing.pkl,365
BioMotionLab_NTroje/rub017/0021_catching_and_throwing.pkl,366
BioMotionLab_NTroje/rub017/0021_catching_and_throwing.pkl,367
BioMotionLab_NTroje/rub017/0021_catching_and_throwing.pkl,368
BioMotionLab_NTroje/rub017/0021_catching_and_throwing.pkl,369
BioMotionLab_NTroje/rub017/0021_catching_and_throwing.pkl,370
BioMotionLab_NTroje/rub017/0021_catching_and_throwing.pkl,371
BioMotionLab_NTroje/rub017/0021_catching_and_throwing.pkl,372
BioMotionLab_NTroje/rub017/0021_catching_and_throwing.pkl,373
BioMotionLab_NTroje/rub017/0021_catching_and_throwing.pkl,374
BioMotionLab_NTroje/rub017/0021_catching_and_throwing.pkl,375
BioMotionLab_NTroje/rub017/0021_catching_and_throwing.pkl,376
BioMotionLab_NTroje/rub017/0021_catching_and_throwing.pkl,377
BioMotionLab_NTroje/rub017/0021_catching_and_throwing.pkl,378
BioMotionLab_NTroje/rub017/0021_catching_and_throwing.pkl,379
BioMotionLab_NTroje/rub017/0021_catching_and_throwing.pkl,380
BioMotionLab_NTroje/rub017/0021_catching_and_throwing.pkl,381
BioMotionLab_NTroje/rub017/0021_catching_and_throwing.pkl,382
BioMotionLab_NTroje/rub017/0021_catching_and_throwing.pkl,383
BioMotionLab_NTroje/rub017/0021_catching_and_throwing.pkl,384
BioMotionLab_NTroje/rub017/0021_catching_and_throwing.pkl,385
BioMotionLab_NTroje/rub017/0021_catching_and_throwing.pkl,386
BioMotionLab_NTroje/rub017/0021_catching_and_throwing.pkl,387
BioMotionLab_NTroje/rub017/0021_catching_and_throwing.pkl,388
BioMotionLab_NTroje/rub017/0021_catching_and_throwing.pkl,389
BioMotionLab_NTroje/rub017/0021_catching_and_throwing.pkl,390
BioMotionLab_NTroje/rub017/0021_catching_and_throwing.pkl,391
BioMotionLab_NTroje/rub017/0021_catching_and_throwing.pkl,392
BioMotionLab_NTroje/rub017/0021_catching_and_throwing.pkl,393
BioMotionLab_NTroje/rub017/0021_catching_and_throwing.pkl,394
BioMotionLab_NTroje/rub017/0021_catching_and_throwing.pkl,395
BioMotionLab_NTroje/rub017/0021_catching_and_throwing.pkl,396
BioMotionLab_NTroje/rub017/0021_catching_and_throwing.pkl,397
BioMotionLab_NTroje/rub017/0021_catching_and_throwing.pkl,398
BioMotionLab_NTroje/rub017/0021_catching_and_throwing.pkl,399
BioMotionLab_NTroje/rub017/0021_catching_and_throwing.pkl,400
BioMotionLab_NTroje/rub017/0021_catching_and_throwing.pkl,401
BioMotionLab_NTroje/rub017/0021_catching_and_throwing.pkl,402
BioMotionLab_NTroje/rub017/0021_catching_and_throwing.pkl,403
BioMotionLab_NTroje/rub017/0021_catching_and_throwing.pkl,404
BioMotionLab_NTroje/rub017/0021_catching_and_throwing.pkl,405
BioMotionLab_NTroje/rub017/0021_catching_and_throwing.pkl,406
BioMotionLab_NTroje/rub017/0021_catching_and_throwing.pkl,407
BioMotionLab_NTroje/rub017/0021_catching_and_throwing.pkl,408
BioMotionLab_NTroje/rub017/0021_catching_and_throwing.pkl,409
BioMotionLab_NTroje/rub017/0021_catching_and_throwing.pkl,410
BioMotionLab_NTroje/rub017/0021_catching_and_throwing.pkl,411
BioMotionLab_NTroje/rub017/0021_catching_and_throwing.pkl,412
BioMotionLab_NTroje/rub017/0021_catching_and_throwing.pkl,413
BioMotionLab_NTroje/rub017/0021_catching_and_throwing.pkl,414
BioMotionLab_NTroje/rub017/0021_catching_and_throwing.pkl,415
BioMotionLab_NTroje/rub017/0021_catching_and_throwing.pkl,416
BioMotionLab_NTroje/rub017/0021_catching_and_throwing.pkl,417
BioMotionLab_NTroje/rub022/0020_catching_and_throwing.pkl,91
BioMotionLab_NTroje/rub022/0020_catching_and_throwing.pkl,92
BioMotionLab_NTroje/rub022/0020_catching_and_throwing.pkl,93
BioMotionLab_NTroje/rub022/0020_catching_and_throwing.pkl,94
BioMotionLab_NTroje/rub022/0020_catching_and_throwing.pkl,95
BioMotionLab_NTroje/rub022/0020_catching_and_throwing.pkl,96
BioMotionLab_NTroje/rub022/0020_catching_and_throwing.pkl,97
BioMotionLab_NTroje/rub022/0020_catching_and_throwing.pkl,98
BioMotionLab_NTroje/rub022/0020_catching_and_throwing.pkl,99
BioMotionLab_NTroje/rub022/0020_catching_and_throwing.pkl,100
BioMotionLab_NTroje/rub022/0020_catching_and_throwing.pkl,101
BioMotionLab_NTroje/rub022/0020_catching_and_throwing.pkl,102
BioMotionLab_NTroje/rub022/0020_catching_and_throwing.pkl,103
BioMotionLab_NTroje/rub022/0020_catching_and_throwing.pkl,104
BioMotionLab_NTroje/rub022/0020_catching_and_throwing.pkl,105
BioMotionLab_NTroje/rub022/0020_catching_and_throwing.pkl,106
BioMotionLab_NTroje/rub022/0020_catching_and_throwing.pkl,107
BioMotionLab_NTroje/rub022/0020_catching_and_throwing.pkl,108
BioMotionLab_NTroje/rub022/0020_catching_and_throwing.pkl,109
BioMotionLab_NTroje/rub022/0020_catching_and_throwing.pkl,110
BioMotionLab_NTroje/rub022/0020_catching_and_throwing.pkl,111
BioMotionLab_NTroje/rub022/0020_catching_and_throwing.pkl,112
BioMotionLab_NTroje/rub022/0020_catching_and_throwing.pkl,113
BioMotionLab_NTroje/rub022/0020_catching_and_throwing.pkl,114
BioMotionLab_NTroje/rub022/0020_catching_and_throwing.pkl,115
BioMotionLab_NTroje/rub022/0020_catching_and_throwing.pkl,116
BioMotionLab_NTroje/rub022/0020_catching_and_throwing.pkl,117
BioMotionLab_NTroje/rub022/0020_catching_and_throwing.pkl,118
BioMotionLab_NTroje/rub022/0020_catching_and_throwing.pkl,119
BioMotionLab_NTroje/rub022/0020_catching_and_throwing.pkl,120
BioMotionLab_NTroje/rub022/0020_catching_and_throwing.pkl,121
BioMotionLab_NTroje/rub022/0020_catching_and_throwing.pkl,122
BioMotionLab_NTroje/rub022/0020_catching_and_throwing.pkl,123
BioMotionLab_NTroje/rub022/0020_catching_and_throwing.pkl,124
BioMotionLab_NTroje/rub022/0020_catching_and_throwing.pkl,125
BioMotionLab_NTroje/rub022/0020_catching_and_throwing.pkl,126
BioMotionLab_NTroje/rub022/0020_catching_and_throwing.pkl,127
BioMotionLab_NTroje/rub022/0020_catching_and_throwing.pkl,128
BioMotionLab_NTroje/rub022/0020_catching_and_throwing.pkl,129
BioMotionLab_NTroje/rub022/0020_catching_and_throwing.pkl,130
BioMotionLab_NTroje/rub022/0020_catching_and_throwing.pkl,451
BioMotionLab_NTroje/rub022/0020_catching_and_throwing.pkl,452
BioMotionLab_NTroje/rub022/0020_catching_and_throwing.pkl,453
BioMotionLab_NTroje/rub022/0020_catching_and_throwing.pkl,454
BioMotionLab_NTroje/rub022/0020_catching_and_throwing.pkl,455
BioMotionLab_NTroje/rub022/0020_catching_and_throwing.pkl,456
BioMotionLab_NTroje/rub022/0020_catching_and_throwing.pkl,457
BioMotionLab_NTroje/rub022/0020_catching_and_throwing.pkl,458
BioMotionLab_NTroje/rub022/0020_catching_and_throwing.pkl,459
BioMotionLab_NTroje/rub022/0020_catching_and_throwing.pkl,460
BioMotionLab_NTroje/rub022/0020_catching_and_throwing.pkl,461
BioMotionLab_NTroje/rub022/0020_catching_and_throwing.pkl,462
BioMotionLab_NTroje/rub022/0020_catching_and_throwing.pkl,463
BioMotionLab_NTroje/rub022/0020_catching_and_throwing.pkl,464
BioMotionLab_NTroje/rub022/0020_catching_and_throwing.pkl,465
BioMotionLab_NTroje/rub022/0020_catching_and_throwing.pkl,466
BioMotionLab_NTroje/rub022/0020_catching_and_throwing.pkl,467
BioMotionLab_NTroje/rub022/0020_catching_and_throwing.pkl,468
BioMotionLab_NTroje/rub022/0020_catching_and_throwing.pkl,469
BioMotionLab_NTroje/rub022/0020_catching_and_throwing.pkl,470
BioMotionLab_NTroje/rub022/0020_catching_and_throwing.pkl,471
BioMotionLab_NTroje/rub022/0020_catching_and_throwing.pkl,472
BioMotionLab_NTroje/rub022/0020_catching_and_throwing.pkl,473
BioMotionLab_NTroje/rub022/0020_catching_and_throwing.pkl,474
BioMotionLab_NTroje/rub022/0020_catching_and_throwing.pkl,475
BioMotionLab_NTroje/rub022/0020_catching_and_throwing.pkl,476
BioMotionLab_NTroje/rub022/0020_catching_and_throwing.pkl,477
BioMotionLab_NTroje/rub022/0020_catching_and_throwing.pkl,478
BioMotionLab_NTroje/rub022/0020_catching_and_throwing.pkl,479
BioMotionLab_NTroje/rub022/0020_catching_and_throwing.pkl,480
BioMotionLab_NTroje/rub022/0020_catching_and_throwing.pkl,481
BioMotionLab_NTroje/rub022/0020_catching_and_throwing.pkl,482
BioMotionLab_NTroje/rub022/0020_catching_and_throwing.pkl,483
BioMotionLab_NTroje/rub022/0020_catching_and_throwing.pkl,484
BioMotionLab_NTroje/rub022/0020_catching_and_throwing.pkl,485
BioMotionLab_NTroje/rub022/0020_catching_and_throwing.pkl,486
BioMotionLab_NTroje/rub022/0020_catching_and_throwing.pkl,487
BioMotionLab_NTroje/rub022/0020_catching_and_throwing.pkl,488
BioMotionLab_NTroje/rub022/0020_catching_and_throwing.pkl,489
BioMotionLab_NTroje/rub022/0020_catching_and_throwing.pkl,490
BioMotionLab_NTroje/rub030/0014_knocking2.pkl,103
BioMotionLab_NTroje/rub030/0014_knocking2.pkl,104
BioMotionLab_NTroje/rub030/0014_knocking2.pkl,105
BioMotionLab_NTroje/rub030/0014_knocking2.pkl,106
BioMotionLab_NTroje/rub030/0014_knocking2.pkl,107
BioMotionLab_NTroje/rub030/0014_knocking2.pkl,108
BioMotionLab_NTroje/rub030/0014_knocking2.pkl,109
BioMotionLab_NTroje/rub030/0014_knocking2.pkl,110
BioMotionLab_NTroje/rub030/0014_knocking2.pkl,111
BioMotionLab_NTroje/rub030/0014_knocking2.pkl,112
BioMotionLab_NTroje/rub030/0014_knocking2.pkl,113
BioMotionLab_NTroje/rub030/0014_knocking2.pkl,114
BioMotionLab_NTroje/rub030/0014_knocking2.pkl,115
BioMotionLab_NTroje/rub030/0014_knocking2.pkl,116
BioMotionLab_NTroje/rub030/0014_knocking2.pkl,117
BioMotionLab_NTroje/rub030/0014_knocking2.pkl,118
BioMotionLab_NTroje/rub030/0014_knocking2.pkl,119
BioMotionLab_NTroje/rub030/0014_knocking2.pkl,120
BioMotionLab_NTroje/rub030/0014_knocking2.pkl,121
BioMotionLab_NTroje/rub030/0014_knocking2.pkl,122
BioMotionLab_NTroje/rub030/0014_knocking2.pkl,123
BioMotionLab_NTroje/rub030/0014_knocking2.pkl,124
BioMotionLab_NTroje/rub030/0014_knocking2.pkl,125
BioMotionLab_NTroje/rub030/0014_knocking2.pkl,126
BioMotionLab_NTroje/rub030/0014_knocking2.pkl,127
BioMotionLab_NTroje/rub030/0014_knocking2.pkl,128
BioMotionLab_NTroje/rub030/0014_knocking2.pkl,129
BioMotionLab_NTroje/rub030/0014_knocking2.pkl,130
BioMotionLab_NTroje/rub030/0014_knocking2.pkl,131
BioMotionLab_NTroje/rub030/0014_knocking2.pkl,132
BioMotionLab_NTroje/rub030/0014_knocking2.pkl,133
BioMotionLab_NTroje/rub030/0014_knocking2.pkl,134
BioMotionLab_NTroje/rub030/0014_knocking2.pkl,135
BioMotionLab_NTroje/rub030/0014_knocking2.pkl,136
BioMotionLab_NTroje/rub030/0014_knocking2.pkl,137
BioMotionLab_NTroje/rub030/0014_knocking2.pkl,138
BioMotionLab_NTroje/rub030/0014_knocking2.pkl,139
BioMotionLab_NTroje/rub048/0029_jumping2.pkl,0
BioMotionLab_NTroje/rub048/0029_jumping2.pkl,1
BioMotionLab_NTroje/rub048/0029_jumping2.pkl,2
BioMotionLab_NTroje/rub048/0029_jumping2.pkl,3
BioMotionLab_NTroje/rub048/0029_jumping2.pkl,4
BioMotionLab_NTroje/rub048/0029_jumping2.pkl,5
BioMotionLab_NTroje/rub048/0029_jumping2.pkl,6
BioMotionLab_NTroje/rub048/0029_jumping2.pkl,7
BioMotionLab_NTroje/rub048/0029_jumping2.pkl,8
BioMotionLab_NTroje/rub048/0029_jumping2.pkl,9
BioMotionLab_NTroje/rub048/0029_jumping2.pkl,10
BioMotionLab_NTroje/rub048/0029_jumping2.pkl,11
BioMotionLab_NTroje/rub048/0029_jumping2.pkl,12
BioMotionLab_NTroje/rub048/0029_jumping2.pkl,13
BioMotionLab_NTroje/rub048/0029_jumping2.pkl,14
BioMotionLab_NTroje/rub048/0029_jumping2.pkl,15
BioMotionLab_NTroje/rub048/0029_jumping2.pkl,16
BioMotionLab_NTroje/rub048/0029_jumping2.pkl,17
BioMotionLab_NTroje/rub048/0029_jumping2.pkl,103
BioMotionLab_NTroje/rub048/0029_jumping2.pkl,104
BioMotionLab_NTroje/rub048/0029_jumping2.pkl,105
BioMotionLab_NTroje/rub048/0029_jumping2.pkl,106
BioMotionLab_NTroje/rub050/0013_knocking1.pkl,103
BioMotionLab_NTroje/rub050/0013_knocking1.pkl,104
BioMotionLab_NTroje/rub050/0013_knocking1.pkl,105
BioMotionLab_NTroje/rub050/0013_knocking1.pkl,106
BioMotionLab_NTroje/rub050/0013_knocking1.pkl,107
BioMotionLab_NTroje/rub050/0013_knocking1.pkl,108
BioMotionLab_NTroje/rub050/0013_knocking1.pkl,109
BioMotionLab_NTroje/rub050/0013_knocking1.pkl,110
BioMotionLab_NTroje/rub050/0013_knocking1.pkl,111
BioMotionLab_NTroje/rub050/0013_knocking1.pkl,177
BioMotionLab_NTroje/rub050/0013_knocking1.pkl,178
BioMotionLab_NTroje/rub050/0013_knocking1.pkl,179
BioMotionLab_NTroje/rub050/0013_knocking1.pkl,180
BioMotionLab_NTroje/rub050/0013_knocking1.pkl,181
BioMotionLab_NTroje/rub050/0013_knocking1.pkl,182
BioMotionLab_NTroje/rub050/0013_knocking1.pkl,183
BioMotionLab_NTroje/rub050/0013_knocking1.pkl,184
BioMotionLab_NTroje/rub050/0013_knocking1.pkl,185
BioMotionLab_NTroje/rub050/0013_knocking1.pkl,186
BioMotionLab_NTroje/rub050/0013_knocking1.pkl,187
BioMotionLab_NTroje/rub050/0013_knocking1.pkl,188
BioMotionLab_NTroje/rub050/0013_knocking1.pkl,189
BioMotionLab_NTroje/rub050/0013_knocking1.pkl,190
BioMotionLab_NTroje/rub050/0013_knocking1.pkl,191
BioMotionLab_NTroje/rub059/0013_knocking1.pkl,118
BioMotionLab_NTroje/rub059/0013_knocking1.pkl,119
BioMotionLab_NTroje/rub059/0013_knocking1.pkl,120
BioMotionLab_NTroje/rub059/0013_knocking1.pkl,121
BioMotionLab_NTroje/rub059/0013_knocking1.pkl,122
BioMotionLab_NTroje/rub059/0013_knocking1.pkl,123
BioMotionLab_NTroje/rub059/0013_knocking1.pkl,124
BioMotionLab_NTroje/rub059/0013_knocking1.pkl,125
BioMotionLab_NTroje/rub059/0013_knocking1.pkl,126
BioMotionLab_NTroje/rub059/0013_knocking1.pkl,127
BioMotionLab_NTroje/rub059/0013_knocking1.pkl,128
BioMotionLab_NTroje/rub059/0013_knocking1.pkl,129
BioMotionLab_NTroje/rub059/0013_knocking1.pkl,130
BioMotionLab_NTroje/rub059/0013_knocking1.pkl,131
BioMotionLab_NTroje/rub059/0013_knocking1.pkl,132
BioMotionLab_NTroje/rub059/0013_knocking1.pkl,133
BioMotionLab_NTroje/rub059/0013_knocking1.pkl,134
BioMotionLab_NTroje/rub059/0013_knocking1.pkl,135
BioMotionLab_NTroje/rub059/0013_knocking1.pkl,136
BioMotionLab_NTroje/rub059/0013_knocking1.pkl,137
BioMotionLab_NTroje/rub059/0013_knocking1.pkl,138
BioMotionLab_NTroje/rub059/0013_knocking1.pkl,139
BioMotionLab_NTroje/rub071/0021_catching_and_throwing.pkl,354
BioMotionLab_NTroje/rub071/0021_catching_and_throwing.pkl,355
BioMotionLab_NTroje/rub071/0021_catching_and_throwing.pkl,356
BioMotionLab_NTroje/rub071/0021_catching_and_throwing.pkl,357
BioMotionLab_NTroje/rub071/0021_catching_and_throwing.pkl,358
BioMotionLab_NTroje/rub071/0021_catching_and_throwing.pkl,359
CMU/108/108_27.pkl,27
CMU/108/108_27.pkl,28
CMU/108/108_27.pkl,29
CMU/108/108_27.pkl,30
CMU/108/108_27.pkl,31
CMU/108/108_27.pkl,32
CMU/108/108_27.pkl,33
CMU/122/122_03.pkl,0
CMU/122/122_03.pkl,1
CMU/122/122_03.pkl,2
CMU/122/122_03.pkl,3
CMU/122/122_03.pkl,4
CMU/122/122_03.pkl,5
CMU/122/122_03.pkl,6
CMU/122/122_03.pkl,7
CMU/122/122_03.pkl,8
CMU/122/122_03.pkl,9
CMU/122/122_03.pkl,10
CMU/122/122_03.pkl,11
CMU/122/122_03.pkl,12
CMU/122/122_03.pkl,13
CMU/122/122_03.pkl,14
CMU/122/122_03.pkl,15
CMU/122/122_03.pkl,16
CMU/122/122_03.pkl,17
CMU/122/122_03.pkl,18
CMU/122/122_03.pkl,19
CMU/122/122_03.pkl,20
CMU/122/122_03.pkl,21
CMU/122/122_03.pkl,22
CMU/122/122_03.pkl,23
CMU/122/122_03.pkl,24
CMU/122/122_03.pkl,25
CMU/122/122_03.pkl,26
CMU/122/122_03.pkl,27
CMU/122/122_03.pkl,28
CMU/122/122_03.pkl,29
CMU/122/122_03.pkl,30
CMU/122/122_03.pkl,31
CMU/122/122_03.pkl,32
CMU/122/122_03.pkl,33
CMU/122/122_03.pkl,34
CMU/122/122_03.pkl,35
CMU/122/122_03.pkl,36
CMU/122/122_03.pkl,37
CMU/122/122_03.pkl,38
CMU/122/122_03.pkl,39
CMU/122/122_03.pkl,40
CMU/122/122_03.pkl,115
CMU/122/122_03.pkl,116
CMU/122/122_03.pkl,117
CMU/122/122_18.pkl,0
CMU/122/122_18.pkl,1
CMU/122/122_18.pkl,2
CMU/122/122_18.pkl,3
CMU/122/122_18.pkl,4
CMU/122/122_18.pkl,69
CMU/122/122_18.pkl,70
CMU/122/122_18.pkl,71
CMU/122/122_18.pkl,72
CMU/122/122_18.pkl,73
CMU/122/122_18.pkl,74
CMU/122/122_18.pkl,75
CMU/122/122_18.pkl,76
CMU/122/122_18.pkl,77
CMU/132/132_37.pkl,419
CMU/132/132_37.pkl,420
CMU/132/132_37.pkl,421
CMU/132/132_37.pkl,422
CMU/132/132_37.pkl,423
CMU/132/132_37.pkl,424
CMU/132/132_37.pkl,425
CMU/132/132_37.pkl,426
CMU/132/132_37.pkl,850
CMU/132/132_37.pkl,851
CMU/132/132_37.pkl,852
CMU/132/132_37.pkl,853
CMU/132/132_37.pkl,854
CMU/132/132_37.pkl,855
CMU/132/132_37.pkl,856
CMU/133/133_13.pkl,9
CMU/133/133_13.pkl,10
CMU/133/133_13.pkl,11
CMU/133/133_13.pkl,12
CMU/133/133_13.pkl,13
CMU/133/133_13.pkl,14
CMU/133/133_13.pkl,15
CMU/32/32_11.pkl,713
CMU/32/32_11.pkl,714
CMU/32/32_11.pkl,715
CMU/32/32_11.pkl,716
CMU/32/32_11.pkl,717
CMU/32/32_11.pkl,718
CMU/32/32_11.pkl,719
CMU/32/32_11.pkl,720
CMU/32/32_11.pkl,794
CMU/32/32_11.pkl,795
CMU/32/32_11.pkl,796
CMU/32/32_11.pkl,797
CMU/32/32_11.pkl,1310
CMU/32/32_11.pkl,1311
CMU/32/32_11.pkl,1312
CMU/32/32_11.pkl,1313
CMU/32/32_11.pkl,1314
CMU/32/32_11.pkl,1315
CMU/32/32_11.pkl,1316
CMU/32/32_11.pkl,1317
CMU/32/32_11.pkl,1318
CMU/32/32_11.pkl,1319
CMU/32/32_11.pkl,1320
CMU/32/32_11.pkl,1321
CMU/32/32_11.pkl,1322
CMU/32/32_11.pkl,1323
CMU/32/32_11.pkl,1324
CMU/32/32_11.pkl,1325
CMU/32/32_11.pkl,1326
CMU/32/32_11.pkl,1327
CMU/32/32_11.pkl,1328
CMU/32/32_11.pkl,1329
CMU/32/32_11.pkl,2855
CMU/32/32_11.pkl,2856
CMU/32/32_11.pkl,2857
CMU/32/32_11.pkl,2858
CMU/32/32_11.pkl,2859
CMU/32/32_11.pkl,2860
CMU/32/32_11.pkl,2861
CMU/32/32_11.pkl,2862
CMU/32/32_11.pkl,2863
CMU/32/32_11.pkl,2864
CMU/32/32_11.pkl,2865
CMU/32/32_11.pkl,2866
CMU/32/32_11.pkl,2867
CMU/32/32_11.pkl,2868
CMU/32/32_11.pkl,2869
CMU/32/32_11.pkl,2870
CMU/32/32_11.pkl,2871
CMU/32/32_11.pkl,2872
CMU/32/32_11.pkl,2873
CMU/32/32_11.pkl,2874
CMU/32/32_11.pkl,2875
CMU/32/32_11.pkl,2876
CMU/32/32_11.pkl,2877
CMU/32/32_11.pkl,2878
CMU/32/32_11.pkl,2879
CMU/32/32_11.pkl,2880
CMU/32/32_11.pkl,2881
CMU/32/32_11.pkl,2882
CMU/32/32_11.pkl,2883
CMU/32/32_11.pkl,2884
CMU/32/32_11.pkl,2885
CMU/32/32_11.pkl,2886
CMU/32/32_11.pkl,2887
CMU/32/32_11.pkl,2888
CMU/32/32_11.pkl,2889
CMU/32/32_11.pkl,2890
CMU/32/32_11.pkl,2891
CMU/32/32_11.pkl,2892
CMU/32/32_11.pkl,2893
CMU/32/32_11.pkl,2894
CMU/32/32_11.pkl,2895
CMU/32/32_11.pkl,2896
CMU/32/32_11.pkl,2897
CMU/32/32_11.pkl,2898
CMU/32/32_11.pkl,2899
CMU/32/32_11.pkl,2900
CMU/32/32_11.pkl,2901
CMU/32/32_11.pkl,2902
CMU/32/32_11.pkl,2903
CMU/32/32_11.pkl,2904
CMU/32/32_11.pkl,2905
CMU/32/32_11.pkl,2906
CMU/32/32_11.pkl,2907
CMU/32/32_11.pkl,2908
CMU/32/32_11.pkl,2909
CMU/32/32_11.pkl,2910
CMU/32/32_11.pkl,2911
CMU/32/32_11.pkl,2912
CMU/32/32_11.pkl,2913
CMU/32/32_11.pkl,2914
CMU/32/32_11.pkl,2915
CMU/32/32_11.pkl,2916
CMU/32/32_11.pkl,2917
CMU/32/32_11.pkl,2918
CMU/32/32_11.pkl,2919
CMU/79/79_23.pkl,0
CMU/79/79_23.pkl,1
CMU/79/79_23.pkl,2
CMU/79/79_23.pkl,3
CMU/79/79_23.pkl,4
CMU/79/79_23.pkl,5
CMU/79/79_23.pkl,6
CMU/79/79_23.pkl,7
CMU/79/79_23.pkl,8
CMU/79/79_23.pkl,9
CMU/79/79_23.pkl,10
CMU/79/79_23.pkl,11
CMU/79/79_23.pkl,12
CMU/79/79_23.pkl,13
CMU/79/79_23.pkl,14
CMU/79/79_23.pkl,15
CMU/79/79_23.pkl,16
CMU/79/79_23.pkl,136
CMU/79/79_29.pkl,0
CMU/79/79_29.pkl,1
CMU/79/79_29.pkl,2
CMU/79/79_29.pkl,3
CMU/79/79_29.pkl,4
CMU/79/79_29.pkl,5
CMU/79/79_29.pkl,23
CMU/79/79_29.pkl,122
CMU/79/79_29.pkl,123
CMU/79/79_29.pkl,124
CMU/79/79_29.pkl,125
CMU/79/79_29.pkl,126
CMU/79/79_29.pkl,127
CMU/79/79_64.pkl,0
CMU/79/79_64.pkl,1
CMU/79/79_64.pkl,2
CMU/79/79_64.pkl,3
CMU/79/79_64.pkl,4
CMU/79/79_64.pkl,5
CMU/79/79_64.pkl,6
CMU/79/79_64.pkl,7
CMU/79/79_64.pkl,8
CMU/79/79_64.pkl,9
CMU/79/79_64.pkl,10
CMU/79/79_64.pkl,11
CMU/79/79_64.pkl,12
CMU/79/79_64.pkl,13
CMU/79/79_64.pkl,14
CMU/79/79_64.pkl,15
CMU/79/79_64.pkl,16
CMU/79/79_64.pkl,17
CMU/79/79_64.pkl,18
CMU/79/79_64.pkl,19
CMU/79/79_64.pkl,20
CMU/79/79_64.pkl,21
CMU/79/79_64.pkl,22
CMU/79/79_64.pkl,23
CMU/79/79_64.pkl,24
CMU/79/79_64.pkl,25
CMU/79/79_64.pkl,26
CMU/79/79_64.pkl,27
CMU/79/79_64.pkl,28
CMU/79/79_64.pkl,29
CMU/79/79_64.pkl,30
CMU/79/79_64.pkl,31
CMU/79/79_64.pkl,32
CMU/79/79_64.pkl,33
CMU/79/79_64.pkl,34
CMU/79/79_64.pkl,35
CMU/79/79_64.pkl,36
CMU/79/79_64.pkl,37
CMU/79/79_64.pkl,38
CMU/79/79_64.pkl,39
CMU/79/79_64.pkl,40
CMU/79/79_64.pkl,41
CMU/79/79_64.pkl,42
CMU/79/79_64.pkl,43
CMU/79/79_64.pkl,44
CMU/79/79_64.pkl,45
CMU/79/79_64.pkl,46
CMU/79/79_64.pkl,47
CMU/79/79_64.pkl,200
CMU/79/79_64.pkl,201
CMU/79/79_64.pkl,202
CMU/79/79_64.pkl,203
CMU/79/79_64.pkl,204
CMU/79/79_64.pkl,205
CMU/79/79_64.pkl,206
CMU/79/79_80.pkl,0
CMU/79/79_80.pkl,1
CMU/79/79_80.pkl,2
CMU/79/79_80.pkl,3
CMU/79/79_80.pkl,4
CMU/79/79_80.pkl,5
CMU/79/79_80.pkl,6
CMU/79/79_80.pkl,7
CMU/79/79_80.pkl,8
CMU/79/79_80.pkl,9
CMU/79/79_80.pkl,10
CMU/79/79_80.pkl,11
CMU/79/79_80.pkl,12
CMU/79/79_80.pkl,13
CMU/79/79_80.pkl,14
CMU/79/79_80.pkl,15
CMU/79/79_80.pkl,16
CMU/79/79_80.pkl,17
CMU/79/79_80.pkl,187
CMU/79/79_80.pkl,188
CMU/79/79_80.pkl,189
CMU/79/79_86.pkl,0
CMU/79/79_86.pkl,1
CMU/79/79_86.pkl,2
CMU/79/79_86.pkl,3
CMU/79/79_86.pkl,4
CMU/79/79_86.pkl,5
CMU/79/79_86.pkl,6
CMU/79/79_86.pkl,7
CMU/79/79_86.pkl,8
CMU/79/79_86.pkl,9
CMU/79/79_86.pkl,10
CMU/79/79_86.pkl,11
CMU/79/79_86.pkl,12
CMU/79/79_86.pkl,13
CMU/79/79_86.pkl,14
CMU/79/79_86.pkl,120
CMU/79/79_86.pkl,121
CMU/79/79_86.pkl,122
CMU/79/79_86.pkl,123
CMU/79/79_86.pkl,124
CMU/79/79_86.pkl,125
CMU/79/79_86.pkl,126
CMU/79/79_86.pkl,127
EKUT/300/PushStandOpen_04.pkl,0
EKUT/300/PushStandOpen_04.pkl,1
EKUT/300/PushStandOpen_04.pkl,2
EKUT/300/PushStandOpen_04.pkl,3
EKUT/300/PushStandOpen_04.pkl,4
EKUT/300/PushStandOpen_04.pkl,5
EKUT/300/PushStandOpen_04.pkl,6
EKUT/300/PushStandOpen_04.pkl,7
EKUT/300/PushStandOpen_04.pkl,8
EKUT/300/PushStandOpen_04.pkl,9
EKUT/300/PushStandOpen_04.pkl,10
EKUT/300/PushStandOpen_04.pkl,11
EKUT/300/PushStandOpen_04.pkl,12
EKUT/300/PushStandOpen_04.pkl,13
EKUT/300/PushStandOpen_04.pkl,14
EKUT/300/PushStandOpen_04.pkl,15
EKUT/300/PushStandOpen_04.pkl,16
EKUT/300/PushStandOpen_04.pkl,17
EKUT/300/PushStandOpen_04.pkl,18
EKUT/300/PushStandOpen_04.pkl,19
EKUT/300/PushStandOpen_04.pkl,20
EKUT/300/PushStandOpen_04.pkl,21
EKUT/300/PushStandOpen_04.pkl,22
EKUT/300/PushStandOpen_04.pkl,23
EKUT/300/PushStandOpen_04.pkl,24
EKUT/300/PushStandOpen_04.pkl,25
EKUT/300/PushStandOpen_04.pkl,26
EKUT/300/PushStandOpen_04.pkl,27
EKUT/300/PushStandOpen_04.pkl,28
EKUT/300/PushStandOpen_04.pkl,29
EKUT/300/PushStandOpen_04.pkl,30
EKUT/300/PushStandOpen_04.pkl,31
EKUT/300/PushStandOpen_04.pkl,32
EKUT/300/PushStandOpen_04.pkl,33
EKUT/300/PushStandOpen_04.pkl,34
EKUT/300/PushStandOpen_04.pkl,35
EKUT/300/PushStandOpen_04.pkl,36
EKUT/300/PushStandOpen_04.pkl,37
EKUT/300/PushStandOpen_04.pkl,38
EKUT/300/PushStandOpen_04.pkl,39
EKUT/300/PushStandOpen_04.pkl,40
EKUT/300/PushStandOpen_04.pkl,41
EKUT/300/PushStandOpen_04.pkl,42
EKUT/300/PushStandOpen_04.pkl,43
EKUT/300/PushStandOpen_04.pkl,44
EKUT/300/PushStandOpen_04.pkl,45
EKUT/300/PushStandOpen_04.pkl,46
EKUT/300/PushStandOpen_04.pkl,47
EKUT/300/PushStandOpen_04.pkl,48
EKUT/300/PushStandOpen_04.pkl,49
EKUT/300/PushStandOpen_04.pkl,50
EKUT/300/PushStandOpen_04.pkl,51
EKUT/300/PushStandOpen_04.pkl,52
EKUT/300/PushStandOpen_04.pkl,53
EKUT/300/PushStandOpen_04.pkl,54
EKUT/300/PushStandOpen_04.pkl,55
EKUT/300/PushStandOpen_04.pkl,56
EKUT/300/PushStandOpen_04.pkl,57
EKUT/300/PushStandOpen_04.pkl,58
EKUT/300/PushStandOpen_04.pkl,59
EKUT/300/PushStandOpen_04.pkl,60
EKUT/300/PushStandOpen_04.pkl,61
EKUT/300/PushStandOpen_04.pkl,62
EKUT/300/PushStandOpen_04.pkl,63
EKUT/300/PushStandOpen_04.pkl,64
EKUT/300/PushStandOpen_04.pkl,65
EKUT/300/PushStandOpen_04.pkl,66
EKUT/300/PushStandOpen_04.pkl,67
EKUT/300/PushStandOpen_04.pkl,68
EKUT/300/PushStandOpen_04.pkl,69
EKUT/300/PushStandOpen_04.pkl,70
EKUT/300/PushStandOpen_04.pkl,71
EKUT/300/PushStandOpen_04.pkl,72
EKUT/300/PushStandOpen_20.pkl,0
EKUT/300/PushStandOpen_20.pkl,1
EKUT/300/PushStandOpen_20.pkl,2
EKUT/300/PushStandOpen_20.pkl,3
EKUT/300/PushStandOpen_20.pkl,4
EKUT/300/PushStandOpen_20.pkl,5
EKUT/300/PushStandOpen_20.pkl,6
EKUT/300/PushStandOpen_20.pkl,7
EKUT/300/PushStandOpen_20.pkl,8
EKUT/300/PushStandOpen_20.pkl,9
EKUT/300/PushStandOpen_20.pkl,10
EKUT/300/PushStandOpen_20.pkl,11
EKUT/300/PushStandOpen_20.pkl,12
EKUT/300/PushStandOpen_20.pkl,13
EKUT/300/PushStandOpen_20.pkl,14
EKUT/300/PushStandOpen_20.pkl,15
EKUT/300/PushStandOpen_20.pkl,16
EKUT/300/PushStandOpen_20.pkl,17
EKUT/300/PushStandOpen_20.pkl,18
EKUT/300/PushStandOpen_20.pkl,19
EKUT/300/PushStandOpen_20.pkl,20
EKUT/300/PushStandOpen_20.pkl,21
EKUT/300/PushStandOpen_20.pkl,22
EKUT/300/PushStandOpen_20.pkl,23
EKUT/300/PushStandOpen_20.pkl,24
EKUT/300/PushStandOpen_20.pkl,25
EKUT/300/PushStandOpen_20.pkl,26
EKUT/300/PushStandOpen_20.pkl,27
EKUT/300/PushStandOpen_20.pkl,28
EKUT/300/PushStandOpen_20.pkl,29
EKUT/300/PushStandOpen_20.pkl,30
EKUT/300/PushStandOpen_20.pkl,31
EKUT/300/PushStandOpen_20.pkl,32
EKUT/300/PushStandOpen_20.pkl,33
EKUT/300/PushStandOpen_20.pkl,34
EKUT/300/PushStandOpen_20.pkl,35
EKUT/300/PushStandOpen_20.pkl,36
EKUT/300/PushStandOpen_20.pkl,37
EKUT/300/PushStandOpen_20.pkl,38
EKUT/300/PushStandOpen_20.pkl,39
EKUT/300/PushStandOpen_20.pkl,40
EKUT/300/PushStandOpen_20.pkl,88
EKUT/300/PushStandOpen_20.pkl,89
EKUT/300/PushStandOpen_20.pkl,90
EKUT/300/PushStandOpen_20.pkl,91
EKUT/300/PushStandTransPedar_05.pkl,0
EKUT/300/PushStandTransPedar_05.pkl,1
EKUT/300/PushStandTransPedar_05.pkl,2
EKUT/300/PushStandTransPedar_05.pkl,3
EKUT/300/PushStandTransPedar_05.pkl,4
EKUT/300/PushStandTransPedar_05.pkl,5
EKUT/300/PushStandTransPedar_05.pkl,6
EKUT/300/PushStandTransPedar_05.pkl,7
EKUT/300/PushStandTransPedar_05.pkl,8
EKUT/300/PushStandTransPedar_05.pkl,9
EKUT/300/PushStandTransPedar_05.pkl,10
EKUT/300/PushStandTransPedar_05.pkl,11
EKUT/300/PushStandTransPedar_05.pkl,12
EKUT/300/PushStandTransPedar_05.pkl,13
EKUT/300/PushStandTransPedar_05.pkl,14
EKUT/300/PushStandTransPedar_05.pkl,15
EKUT/300/PushStandTransPedar_05.pkl,16
EKUT/300/PushStandTransPedar_05.pkl,17
EKUT/300/PushStandTransPedar_05.pkl,18
EKUT/300/PushStandTransPedar_05.pkl,19
EKUT/300/PushStandTransPedar_05.pkl,20
EKUT/300/PushStandTransPedar_05.pkl,21
EKUT/300/PushStandTransPedar_05.pkl,22
EKUT/300/PushStandTransPedar_05.pkl,23
EKUT/300/PushStandTransPedar_05.pkl,24
EKUT/300/PushStandTransPedar_05.pkl,25
EKUT/300/PushStandTransPedar_05.pkl,26
EKUT/300/PushStandTransPedar_05.pkl,27
EKUT/300/PushStandTransPedar_05.pkl,28
EKUT/300/PushStandTransPedar_05.pkl,29
EKUT/300/PushStandTransPedar_05.pkl,30
EKUT/300/PushStandTransPedar_05.pkl,31
EKUT/300/PushStandTransPedar_05.pkl,32
EKUT/300/PushStandTransPedar_05.pkl,83
EKUT/300/PushStandTransPedar_05.pkl,84
EKUT/300/PushStandTransPedar_05.pkl,85
EKUT/300/PushStandTransPedar_05.pkl,86
EKUT/300/PushStandTransPedar_05.pkl,87
EKUT/300/PushStandTransPedar_05.pkl,88
Eyes_Japan_Dataset/hamada/gesture_etc-17-drink-hamada.pkl,285
Eyes_Japan_Dataset/hamada/gesture_etc-17-drink-hamada.pkl,286
Eyes_Japan_Dataset/hamada/gesture_etc-17-drink-hamada.pkl,287
Eyes_Japan_Dataset/hamada/gesture_etc-17-drink-hamada.pkl,288
Eyes_Japan_Dataset/hamada/gesture_etc-17-drink-hamada.pkl,289
Eyes_Japan_Dataset/hamada/gesture_etc-17-drink-hamada.pkl,290
Eyes_Japan_Dataset/hamada/gesture_etc-17-drink-hamada.pkl,291
Eyes_Japan_Dataset/hamada/gesture_etc-17-drink-hamada.pkl,292
Eyes_Japan_Dataset/hamada/gesture_etc-17-drink-hamada.pkl,293
Eyes_Japan_Dataset/hamada/gesture_etc-17-drink-hamada.pkl,294
Eyes_Japan_Dataset/hamada/gesture_etc-17-drink-hamada.pkl,295
Eyes_Japan_Dataset/hamada/gesture_etc-17-drink-hamada.pkl,296
Eyes_Japan_Dataset/hamada/gesture_etc-17-drink-hamada.pkl,297
Eyes_Japan_Dataset/hamada/gesture_etc-17-drink-hamada.pkl,298
Eyes_Japan_Dataset/hamada/gesture_etc-17-drink-hamada.pkl,299
Eyes_Japan_Dataset/hamada/gesture_etc-17-drink-hamada.pkl,300
Eyes_Japan_Dataset/hamada/gesture_etc-17-drink-hamada.pkl,301
Eyes_Japan_Dataset/hamada/gesture_etc-17-drink-hamada.pkl,302
Eyes_Japan_Dataset/hamada/gesture_etc-17-drink-hamada.pkl,303
Eyes_Japan_Dataset/hamada/gesture_etc-17-drink-hamada.pkl,304
Eyes_Japan_Dataset/hamada/gesture_etc-17-drink-hamada.pkl,305
Eyes_Japan_Dataset/hamada/gesture_etc-17-drink-hamada.pkl,306
Eyes_Japan_Dataset/hamada/gesture_etc-17-drink-hamada.pkl,307
Eyes_Japan_Dataset/hamada/gesture_etc-17-drink-hamada.pkl,308
Eyes_Japan_Dataset/hamada/gesture_etc-17-drink-hamada.pkl,309
Eyes_Japan_Dataset/hamada/gesture_etc-17-drink-hamada.pkl,310
Eyes_Japan_Dataset/hamada/gesture_etc-17-drink-hamada.pkl,311
Eyes_Japan_Dataset/hamada/gesture_etc-17-drink-hamada.pkl,312
Eyes_Japan_Dataset/hamada/gesture_etc-17-drink-hamada.pkl,313
Eyes_Japan_Dataset/hamada/gesture_etc-17-drink-hamada.pkl,314
Eyes_Japan_Dataset/hamada/gesture_etc-17-drink-hamada.pkl,315
Eyes_Japan_Dataset/hamada/gesture_etc-17-drink-hamada.pkl,316
Eyes_Japan_Dataset/hamada/gesture_etc-17-drink-hamada.pkl,317
Eyes_Japan_Dataset/hamada/gesture_etc-17-drink-hamada.pkl,318
Eyes_Japan_Dataset/hamada/gesture_etc-17-drink-hamada.pkl,319
Eyes_Japan_Dataset/hamada/gesture_etc-17-drink-hamada.pkl,320
Eyes_Japan_Dataset/hamada/gesture_etc-17-drink-hamada.pkl,321
Eyes_Japan_Dataset/hamada/gesture_etc-17-drink-hamada.pkl,322
Eyes_Japan_Dataset/hamada/gesture_etc-17-drink-hamada.pkl,323
Eyes_Japan_Dataset/hamada/gesture_etc-17-drink-hamada.pkl,324
Eyes_Japan_Dataset/hamada/gesture_etc-17-drink-hamada.pkl,325
Eyes_Japan_Dataset/hamada/gesture_etc-17-drink-hamada.pkl,326
Eyes_Japan_Dataset/hamada/gesture_etc-17-drink-hamada.pkl,327
Eyes_Japan_Dataset/hamada/gesture_etc-17-drink-hamada.pkl,328
Eyes_Japan_Dataset/hamada/gesture_etc-17-drink-hamada.pkl,329
Eyes_Japan_Dataset/hamada/gesture_etc-17-drink-hamada.pkl,330
Eyes_Japan_Dataset/hamada/gesture_etc-17-drink-hamada.pkl,331
Eyes_Japan_Dataset/hamada/gesture_etc-17-drink-hamada.pkl,332
Eyes_Japan_Dataset/hamada/gesture_etc-17-drink-hamada.pkl,333
Eyes_Japan_Dataset/hamada/gesture_etc-17-drink-hamada.pkl,334
Eyes_Japan_Dataset/hamada/gesture_etc-17-drink-hamada.pkl,335
Eyes_Japan_Dataset/hamada/gesture_etc-17-drink-hamada.pkl,336
Eyes_Japan_Dataset/hamada/gesture_etc-17-drink-hamada.pkl,337
Eyes_Japan_Dataset/hamada/gesture_etc-17-drink-hamada.pkl,338
Eyes_Japan_Dataset/hamada/gesture_etc-17-drink-hamada.pkl,339
Eyes_Japan_Dataset/hamada/gesture_etc-17-drink-hamada.pkl,340
Eyes_Japan_Dataset/hamada/gesture_etc-17-drink-hamada.pkl,341
Eyes_Japan_Dataset/hamada/gesture_etc-17-drink-hamada.pkl,342
Eyes_Japan_Dataset/hamada/gesture_etc-17-drink-hamada.pkl,343
Eyes_Japan_Dataset/hamada/gesture_etc-17-drink-hamada.pkl,344
Eyes_Japan_Dataset/hamada/gesture_etc-30-fxxk-hamada.pkl,363
Eyes_Japan_Dataset/hamada/gesture_etc-30-fxxk-hamada.pkl,364
Eyes_Japan_Dataset/hamada/gesture_etc-30-fxxk-hamada.pkl,365
Eyes_Japan_Dataset/hamada/gesture_etc-30-fxxk-hamada.pkl,366
Eyes_Japan_Dataset/hamada/gesture_etc-30-fxxk-hamada.pkl,367
Eyes_Japan_Dataset/hamada/gesture_etc-30-fxxk-hamada.pkl,368
Eyes_Japan_Dataset/hamada/gesture_etc-30-fxxk-hamada.pkl,369
Eyes_Japan_Dataset/hamada/sitdown_standup-09-squat down-hamada.pkl,604
Eyes_Japan_Dataset/hamada/sitdown_standup-09-squat down-hamada.pkl,605
Eyes_Japan_Dataset/hamada/sitdown_standup-09-squat down-hamada.pkl,606
Eyes_Japan_Dataset/hamada/sitdown_standup-09-squat down-hamada.pkl,607
Eyes_Japan_Dataset/hamada/sitdown_standup-09-squat down-hamada.pkl,608
Eyes_Japan_Dataset/hamada/sitdown_standup-09-squat down-hamada.pkl,609
Eyes_Japan_Dataset/hamada/sitdown_standup-09-squat down-hamada.pkl,610
Eyes_Japan_Dataset/hamada/sitdown_standup-09-squat down-hamada.pkl,611
Eyes_Japan_Dataset/hamada/sitdown_standup-09-squat down-hamada.pkl,612
Eyes_Japan_Dataset/hamada/sitdown_standup-09-squat down-hamada.pkl,613
Eyes_Japan_Dataset/hamada/sitdown_standup-09-squat down-hamada.pkl,614
Eyes_Japan_Dataset/hamada/sitdown_standup-09-squat down-hamada.pkl,615
Eyes_Japan_Dataset/hamada/sitdown_standup-09-squat down-hamada.pkl,616
Eyes_Japan_Dataset/hamada/sitdown_standup-09-squat down-hamada.pkl,617
Eyes_Japan_Dataset/hamada/sitdown_standup-09-squat down-hamada.pkl,618
Eyes_Japan_Dataset/hamada/sitdown_standup-09-squat down-hamada.pkl,619
Eyes_Japan_Dataset/hamada/sitdown_standup-09-squat down-hamada.pkl,620
Eyes_Japan_Dataset/hamada/sitdown_standup-09-squat down-hamada.pkl,621
Eyes_Japan_Dataset/hamada/sitdown_standup-09-squat down-hamada.pkl,622
Eyes_Japan_Dataset/hamada/sitdown_standup-09-squat down-hamada.pkl,623
Eyes_Japan_Dataset/hamada/sitdown_standup-09-squat down-hamada.pkl,624
Eyes_Japan_Dataset/takiguchi/walk-28-look up-takiguchi.pkl,578
Eyes_Japan_Dataset/takiguchi/walk-28-look up-takiguchi.pkl,579
Eyes_Japan_Dataset/takiguchi/walk-28-look up-takiguchi.pkl,580
Eyes_Japan_Dataset/takiguchi/walk-28-look up-takiguchi.pkl,581
Eyes_Japan_Dataset/takiguchi/walk-28-look up-takiguchi.pkl,582
Eyes_Japan_Dataset/takiguchi/walk-28-look up-takiguchi.pkl,583
KIT/12/WalkInCounterClockwiseCircle01.pkl,125
KIT/1226/Trial_22.pkl,22
KIT/1226/Trial_22.pkl,23
KIT/1226/Trial_22.pkl,24
KIT/1226/Trial_22.pkl,25
KIT/1226/Trial_22.pkl,26
KIT/1226/Trial_22.pkl,27
KIT/1226/Trial_30.pkl,28
KIT/1226/Trial_30.pkl,29
KIT/1226/Trial_64.pkl,36
KIT/1229/take_of_t-shirt_with_help_05.pkl,0
KIT/1229/take_of_t-shirt_with_help_05.pkl,1
KIT/1229/take_of_t-shirt_with_help_05.pkl,2
KIT/1229/take_of_t-shirt_with_help_05.pkl,3
KIT/1229/take_of_t-shirt_with_help_05.pkl,4
KIT/1229/take_of_t-shirt_with_help_05.pkl,5
KIT/1229/take_of_t-shirt_with_help_05.pkl,6
KIT/1229/take_of_t-shirt_with_help_05.pkl,118
KIT/1229/take_of_t-shirt_with_help_05.pkl,119
KIT/1229/take_of_t-shirt_with_help_05.pkl,120
KIT/1229/take_of_t-shirt_with_help_05.pkl,121
KIT/1229/take_of_t-shirt_with_help_05.pkl,122
KIT/1229/take_of_t-shirt_with_help_05.pkl,123
KIT/1229/take_of_t-shirt_with_help_05.pkl,124
KIT/1229/take_of_t-shirt_with_help_05.pkl,125
KIT/1229/take_of_t-shirt_with_help_05.pkl,126
KIT/1229/take_of_t-shirt_with_help_05.pkl,127
KIT/1229/take_of_t-shirt_with_help_05.pkl,128
KIT/1229/take_of_t-shirt_with_help_05.pkl,129
KIT/1229/take_of_t-shirt_with_help_05.pkl,130
KIT/1347/Experiment3a_subject1347_back_01.pkl,81
KIT/1721/RecoveryStepping_30_150_03.pkl,0
KIT/1721/RecoveryStepping_30_150_03.pkl,1
KIT/1721/RecoveryStepping_30_150_03.pkl,2
KIT/1721/RecoveryStepping_30_150_03.pkl,3
KIT/1721/RecoveryStepping_30_150_03.pkl,4
KIT/1721/RecoveryStepping_30_150_03.pkl,5
KIT/1721/RecoveryStepping_30_150_03.pkl,6
KIT/1721/RecoveryStepping_30_150_03.pkl,7
KIT/1721/RecoveryStepping_30_150_03.pkl,8
KIT/1721/RecoveryStepping_30_150_03.pkl,9
KIT/1721/RecoveryStepping_30_150_03.pkl,10
KIT/1721/RecoveryStepping_30_150_03.pkl,11
KIT/1721/RecoveryStepping_30_150_03.pkl,12
KIT/1721/RecoveryStepping_30_150_03.pkl,13
KIT/1721/RecoveryStepping_30_150_03.pkl,14
KIT/1721/RecoveryStepping_30_150_03.pkl,15
KIT/1721/RecoveryStepping_30_150_03.pkl,16
KIT/1721/RecoveryStepping_30_150_03.pkl,17
KIT/1721/RecoveryStepping_30_150_03.pkl,18
KIT/1721/RecoveryStepping_30_150_03.pkl,19
KIT/1721/RecoveryStepping_30_150_03.pkl,20
KIT/1721/RecoveryStepping_30_150_03.pkl,21
KIT/1721/RecoveryStepping_30_150_03.pkl,22
KIT/1721/RecoveryStepping_30_150_03.pkl,23
KIT/1721/RecoveryStepping_30_150_03.pkl,24
KIT/1721/RecoveryStepping_30_150_03.pkl,25
KIT/1721/RecoveryStepping_30_150_03.pkl,26
KIT/1721/RecoveryStepping_30_150_03.pkl,27
KIT/1721/RecoveryStepping_30_150_03.pkl,28
KIT/1721/RecoveryStepping_30_150_03.pkl,29
KIT/1721/RecoveryStepping_30_150_03.pkl,30
KIT/1721/RecoveryStepping_30_150_03.pkl,31
KIT/1721/RecoveryStepping_30_150_03.pkl,32
KIT/1721/RecoveryStepping_30_150_03.pkl,33
KIT/1721/RecoveryStepping_30_60_04.pkl,0
KIT/1721/RecoveryStepping_30_60_04.pkl,1
KIT/1721/RecoveryStepping_30_60_04.pkl,2
KIT/1721/RecoveryStepping_30_60_04.pkl,3
KIT/1721/RecoveryStepping_30_60_04.pkl,4
KIT/1721/RecoveryStepping_30_60_04.pkl,5
KIT/1721/RecoveryStepping_30_60_04.pkl,6
KIT/1721/RecoveryStepping_30_60_04.pkl,7
KIT/1721/RecoveryStepping_30_60_04.pkl,8
KIT/1721/RecoveryStepping_30_60_04.pkl,9
KIT/1721/RecoveryStepping_30_60_04.pkl,10
KIT/1721/RecoveryStepping_30_60_04.pkl,11
KIT/1721/RecoveryStepping_30_60_04.pkl,12
KIT/1721/RecoveryStepping_30_60_04.pkl,13
KIT/1721/RecoveryStepping_30_60_04.pkl,14
KIT/1721/RecoveryStepping_30_60_04.pkl,15
KIT/1721/RecoveryStepping_30_60_04.pkl,16
KIT/1721/RecoveryStepping_30_60_04.pkl,17
KIT/1721/RecoveryStepping_30_60_04.pkl,18
KIT/1721/RecoveryStepping_30_60_04.pkl,19
KIT/1721/RecoveryStepping_30_60_04.pkl,20
KIT/1721/RecoveryStepping_30_60_04.pkl,21
KIT/1721/RecoveryStepping_30_60_04.pkl,22
KIT/1721/RecoveryStepping_30_60_04.pkl,23
KIT/1721/RecoveryStepping_30_60_04.pkl,24
KIT/1721/RecoveryStepping_30_60_04.pkl,25
KIT/1721/RecoveryStepping_30_60_04.pkl,26
KIT/1721/RecoveryStepping_30_60_04.pkl,27
KIT/1721/RecoveryStepping_30_60_04.pkl,28
KIT/1721/RecoveryStepping_30_60_04.pkl,29
KIT/1721/RecoveryStepping_30_60_04.pkl,30
KIT/1721/RecoveryStepping_30_60_04.pkl,31
KIT/1721/RecoveryStepping_30_60_04.pkl,32
KIT/1721/RecoveryStepping_30_60_04.pkl,33
KIT/1721/RecoveryStepping_50_90_04.pkl,0
KIT/1721/RecoveryStepping_50_90_04.pkl,1
KIT/1721/RecoveryStepping_50_90_04.pkl,2
KIT/1721/RecoveryStepping_50_90_04.pkl,3
KIT/1721/RecoveryStepping_50_90_04.pkl,4
KIT/1721/RecoveryStepping_50_90_04.pkl,5
KIT/1721/RecoveryStepping_50_90_04.pkl,6
KIT/1721/RecoveryStepping_50_90_04.pkl,7
KIT/1721/RecoveryStepping_50_90_04.pkl,8
KIT/1721/RecoveryStepping_50_90_04.pkl,9
KIT/1721/RecoveryStepping_50_90_04.pkl,10
KIT/1721/RecoveryStepping_50_90_04.pkl,11
KIT/1721/RecoveryStepping_50_90_04.pkl,12
KIT/1721/RecoveryStepping_50_90_04.pkl,13
KIT/1721/RecoveryStepping_50_90_04.pkl,14
KIT/1721/RecoveryStepping_50_90_04.pkl,15
KIT/1721/RecoveryStepping_50_90_04.pkl,16
KIT/1721/RecoveryStepping_50_90_04.pkl,17
KIT/1721/RecoveryStepping_50_90_04.pkl,18
KIT/1721/RecoveryStepping_50_90_04.pkl,19
KIT/1721/RecoveryStepping_50_90_04.pkl,20
KIT/1721/RecoveryStepping_50_90_04.pkl,21
KIT/1721/RecoveryStepping_50_90_04.pkl,22
KIT/1721/RecoveryStepping_50_90_04.pkl,23
KIT/1721/RecoveryStepping_50_90_04.pkl,24
KIT/1721/RecoveryStepping_50_90_04.pkl,25
KIT/1721/RecoveryStepping_50_90_04.pkl,26
KIT/1721/RecoveryStepping_50_90_04.pkl,27
KIT/1721/RecoveryStepping_50_90_04.pkl,28
KIT/1721/RecoveryStepping_50_90_04.pkl,29
KIT/1721/RecoveryStepping_50_90_04.pkl,30
KIT/1721/RecoveryStepping_50_90_04.pkl,31
KIT/1721/RecoveryStepping_50_90_04.pkl,32
KIT/1721/RecoveryStepping_50_90_04.pkl,33
KIT/1721/RecoveryStepping_50_90_04.pkl,34
KIT/1721/RecoveryStepping_50_90_04.pkl,35
KIT/1721/RecoveryStepping_50_90_04.pkl,36
KIT/1721/RecoveryStepping_50_90_04.pkl,37
KIT/1721/RecoveryStepping_50_90_04.pkl,38
KIT/183/walking_fast04.pkl,84
KIT/183/walking_fast04.pkl,85
KIT/183/walking_fast04.pkl,86
KIT/183/walking_fast04.pkl,87
KIT/291/chicken01.pkl,52
KIT/3/bend_right06.pkl,0
KIT/3/bend_right06.pkl,1
KIT/3/kneel_up_with_right_hand01.pkl,85
KIT/3/kneel_up_with_right_hand01.pkl,86
KIT/3/kneel_up_with_right_hand01.pkl,87
KIT/3/kneel_up_with_right_hand01.pkl,88
KIT/3/kneel_up_with_right_hand01.pkl,89
KIT/3/kneel_up_with_right_hand01.pkl,90
KIT/3/kneel_up_with_right_hand01.pkl,91
KIT/3/kneel_up_with_right_hand01.pkl,92
KIT/3/kneel_up_with_right_hand01.pkl,93
KIT/3/kneel_up_with_right_hand01.pkl,94
KIT/3/kneel_up_with_right_hand01.pkl,95
KIT/3/kneel_up_with_right_hand01.pkl,96
KIT/3/kneel_up_with_right_hand01.pkl,97
KIT/3/kneel_up_with_right_hand01.pkl,98
KIT/3/kneel_up_with_right_hand01.pkl,99
KIT/3/kneel_up_with_right_hand01.pkl,100
KIT/3/kneel_up_with_right_hand01.pkl,101
KIT/3/kneel_up_with_right_hand01.pkl,102
KIT/3/kneel_up_with_right_hand01.pkl,103
KIT/3/kneel_up_with_right_hand01.pkl,104
KIT/3/kneel_up_with_right_hand01.pkl,105
KIT/3/kneel_up_with_right_hand01.pkl,106
KIT/3/kneel_up_with_right_hand01.pkl,107
KIT/3/kneel_up_with_right_hand01.pkl,108
KIT/3/kneel_up_with_right_hand01.pkl,109
KIT/3/kneel_up_with_right_hand01.pkl,110
KIT/3/kneel_up_with_right_hand01.pkl,111
KIT/359/go_over_beam02.pkl,0
KIT/359/go_over_beam02.pkl,1
KIT/359/go_over_beam02.pkl,2
KIT/359/go_over_beam02.pkl,3
KIT/359/go_over_beam02.pkl,4
KIT/359/go_over_beam02.pkl,5
KIT/359/go_over_beam02.pkl,6
KIT/359/go_over_beam02.pkl,7
KIT/359/go_over_beam02.pkl,8
KIT/359/walking_run04.pkl,0
KIT/359/walking_run04.pkl,1
KIT/359/walking_run04.pkl,2
KIT/359/walking_run04.pkl,3
KIT/359/walking_run04.pkl,4
KIT/359/walking_run04.pkl,5
KIT/359/walking_run04.pkl,6
KIT/359/walking_run04.pkl,7
KIT/359/walking_run04.pkl,8
KIT/359/walking_run04.pkl,9
KIT/359/walking_run04.pkl,10
KIT/359/walking_run04.pkl,11
KIT/359/walking_run04.pkl,12
KIT/359/walking_run04.pkl,13
KIT/359/walking_run04.pkl,14
KIT/359/walking_run04.pkl,15
KIT/359/walking_run04.pkl,16
KIT/359/walking_run04.pkl,17
KIT/359/walking_run04.pkl,18
KIT/359/walking_run04.pkl,19
KIT/359/walking_run04.pkl,20
KIT/359/walking_run04.pkl,21
KIT/359/walking_run04.pkl,22
KIT/359/walking_run04.pkl,23
KIT/359/walking_run04.pkl,24
KIT/359/walking_run04.pkl,25
KIT/359/walking_run04.pkl,109
KIT/359/walking_run04.pkl,110
KIT/359/walking_run04.pkl,111
KIT/359/walking_run04.pkl,112
KIT/359/walking_run04.pkl,113
KIT/359/walking_run04.pkl,114
KIT/359/walking_run04.pkl,115
KIT/359/walking_run04.pkl,116
KIT/359/walking_run04.pkl,117
KIT/359/walking_run04.pkl,118
KIT/421/push_recovery_stand_left06.pkl,0
KIT/421/push_recovery_stand_left06.pkl,1
KIT/421/push_recovery_stand_left06.pkl,2
KIT/421/push_recovery_stand_left06.pkl,3
KIT/421/push_recovery_stand_left06.pkl,4
KIT/421/push_recovery_stand_left06.pkl,5
KIT/421/push_recovery_stand_left06.pkl,6
KIT/421/push_recovery_stand_left06.pkl,7
KIT/421/push_recovery_stand_left06.pkl,8
KIT/421/push_recovery_stand_left06.pkl,9
KIT/421/push_recovery_stand_left06.pkl,10
KIT/421/push_recovery_stand_left06.pkl,11
KIT/421/push_recovery_stand_left06.pkl,12
KIT/421/push_recovery_stand_left06.pkl,13
KIT/421/push_recovery_stand_left06.pkl,14
KIT/421/push_recovery_stand_left06.pkl,15
KIT/421/push_recovery_stand_left06.pkl,16
KIT/421/push_recovery_stand_left06.pkl,17
KIT/421/push_recovery_stand_left06.pkl,18
KIT/421/push_recovery_stand_left06.pkl,19
KIT/421/push_recovery_stand_left06.pkl,20
KIT/421/push_recovery_stand_left06.pkl,21
KIT/421/push_recovery_stand_left06.pkl,22
KIT/421/push_recovery_stand_left06.pkl,23
KIT/421/push_recovery_stand_left06.pkl,24
KIT/421/push_recovery_stand_left06.pkl,25
KIT/421/push_recovery_stand_left06.pkl,26
KIT/421/push_recovery_stand_left06.pkl,27
KIT/421/push_recovery_stand_left06.pkl,28
KIT/421/push_recovery_stand_left06.pkl,29
KIT/421/push_recovery_stand_left06.pkl,30
KIT/421/push_recovery_stand_left06.pkl,31
KIT/421/push_recovery_stand_left06.pkl,32
KIT/421/push_recovery_stand_left06.pkl,33
KIT/421/push_recovery_stand_left06.pkl,34
KIT/421/push_recovery_stand_left06.pkl,35
KIT/421/push_recovery_stand_left06.pkl,36
KIT/421/push_recovery_stand_left06.pkl,37
KIT/421/push_recovery_stand_left06.pkl,38
KIT/421/push_recovery_stand_left06.pkl,39
KIT/421/push_recovery_stand_left06.pkl,40
KIT/421/push_recovery_stand_left06.pkl,41
KIT/421/push_recovery_stand_left06.pkl,42
KIT/421/push_recovery_stand_left06.pkl,43
KIT/421/push_recovery_stand_left06.pkl,44
KIT/421/push_recovery_stand_left06.pkl,45
KIT/421/push_recovery_stand_left06.pkl,46
KIT/421/push_recovery_stand_left06.pkl,47
KIT/421/push_recovery_stand_left06.pkl,48
KIT/421/push_recovery_stand_left06.pkl,49
KIT/421/push_recovery_stand_left06.pkl,50
KIT/421/push_recovery_stand_left06.pkl,51
KIT/421/push_recovery_stand_left06.pkl,52
KIT/421/push_recovery_stand_left06.pkl,53
KIT/421/push_recovery_stand_left06.pkl,54
KIT/421/push_recovery_stand_left06.pkl,55
KIT/421/push_recovery_stand_left06.pkl,56
KIT/421/push_recovery_stand_left06.pkl,57
KIT/421/push_recovery_stand_left06.pkl,58
KIT/421/push_recovery_stand_left06.pkl,59
KIT/421/push_recovery_stand_left06.pkl,60
KIT/421/push_recovery_stand_left06.pkl,61
KIT/421/push_recovery_stand_left06.pkl,62
KIT/421/push_recovery_stand_left06.pkl,63
KIT/421/push_recovery_stand_left06.pkl,64
KIT/421/push_recovery_stand_left06.pkl,65
KIT/421/push_recovery_stand_left06.pkl,66
KIT/421/push_recovery_stand_left06.pkl,67
KIT/421/push_recovery_stand_left06.pkl,68
KIT/421/push_recovery_stand_left06.pkl,69
KIT/421/push_recovery_stand_left06.pkl,110
KIT/421/push_recovery_stand_left06.pkl,111
KIT/421/push_recovery_stand_left06.pkl,112
KIT/421/push_recovery_stand_left06.pkl,113
KIT/421/push_recovery_stand_left06.pkl,114
KIT/421/push_recovery_stand_left06.pkl,115
KIT/421/push_recovery_stand_left06.pkl,116
KIT/421/push_recovery_stand_left06.pkl,117
KIT/421/push_recovery_stand_left06.pkl,118
KIT/421/push_recovery_stand_left06.pkl,119
KIT/421/push_recovery_stand_left06.pkl,120
KIT/421/push_recovery_stand_left06.pkl,121
KIT/421/push_recovery_stand_left06.pkl,122
KIT/421/push_recovery_stand_left06.pkl,123
KIT/421/push_recovery_stand_left06.pkl,124
KIT/421/push_recovery_stand_left06.pkl,125
KIT/421/push_recovery_stand_left06.pkl,126
KIT/421/push_recovery_stand_left06.pkl,127
KIT/421/push_recovery_stand_left06.pkl,128
KIT/421/push_recovery_stand_left06.pkl,129
KIT/421/push_recovery_stand_left06.pkl,130
KIT/421/push_recovery_stand_left06.pkl,131
KIT/421/push_recovery_stand_left06.pkl,132
KIT/421/push_recovery_stand_left06.pkl,133
KIT/421/push_recovery_stand_left06.pkl,134
KIT/421/push_recovery_stand_left06.pkl,135
KIT/421/push_recovery_stand_left06.pkl,136
KIT/421/push_recovery_stand_left06.pkl,137
KIT/421/push_recovery_stand_left06.pkl,138
KIT/421/push_recovery_stand_left06.pkl,139
KIT/421/push_recovery_stand_left06.pkl,140
KIT/421/push_recovery_stand_left06.pkl,141
KIT/421/push_recovery_stand_left06.pkl,142
KIT/421/push_recovery_stand_left06.pkl,143
KIT/421/push_recovery_stand_left06.pkl,144
KIT/421/push_recovery_stand_left06.pkl,145
KIT/421/push_recovery_stand_left06.pkl,146
KIT/421/push_recovery_stand_left06.pkl,147
KIT/421/push_recovery_stand_left06.pkl,148
KIT/421/push_recovery_stand_left06.pkl,149
KIT/421/push_recovery_stand_left06.pkl,150
KIT/421/push_recovery_stand_left06.pkl,151
KIT/421/push_recovery_stand_left06.pkl,152
KIT/421/push_recovery_stand_left06.pkl,153
KIT/421/push_recovery_stand_left06.pkl,154
KIT/421/push_recovery_stand_left06.pkl,155
KIT/421/push_recovery_stand_left06.pkl,156
KIT/421/push_recovery_stand_left06.pkl,157
KIT/421/push_recovery_stand_left06.pkl,158
KIT/421/push_recovery_stand_left06.pkl,159
KIT/421/push_recovery_stand_left06.pkl,160
KIT/421/push_recovery_stand_left06.pkl,161
KIT/421/push_recovery_stand_left06.pkl,162
KIT/421/push_recovery_stand_left06.pkl,163
KIT/421/push_recovery_stand_left06.pkl,164
KIT/421/push_recovery_stand_left06.pkl,165
KIT/421/push_recovery_stand_left06.pkl,166
KIT/421/push_recovery_stand_left06.pkl,167
KIT/421/push_recovery_stand_left06.pkl,168
KIT/424/bend_right01.pkl,95
KIT/424/bend_right01.pkl,96
KIT/424/bend_right01.pkl,97
KIT/424/bend_right01.pkl,98
KIT/424/bend_right01.pkl,99
KIT/424/bend_right01.pkl,100
KIT/424/bend_right01.pkl,101
KIT/424/bend_right01.pkl,102
KIT/424/bend_right01.pkl,103
KIT/424/bend_right01.pkl,104
KIT/424/bend_right01.pkl,105
KIT/424/bend_right01.pkl,106
KIT/424/bend_right01.pkl,107
KIT/424/bend_right01.pkl,108
KIT/424/bend_right01.pkl,109
KIT/424/downstairs07.pkl,0
KIT/424/downstairs07.pkl,1
KIT/441/conversation01.pkl,0
KIT/441/conversation01.pkl,1
KIT/441/conversation01.pkl,2
KIT/441/conversation01.pkl,3
KIT/441/conversation01.pkl,4
KIT/441/conversation01.pkl,5
KIT/441/conversation01.pkl,6
KIT/441/conversation01.pkl,7
KIT/441/conversation01.pkl,8
KIT/441/conversation01.pkl,9
KIT/441/conversation01.pkl,10
KIT/441/conversation01.pkl,11
KIT/441/conversation01.pkl,12
KIT/441/conversation01.pkl,13
KIT/441/conversation01.pkl,14
KIT/441/conversation01.pkl,15
KIT/441/conversation01.pkl,16
KIT/441/conversation01.pkl,17
KIT/441/conversation01.pkl,18
KIT/441/conversation01.pkl,19
KIT/441/conversation01.pkl,20
KIT/441/conversation01.pkl,21
KIT/441/conversation01.pkl,22
KIT/441/conversation01.pkl,23
KIT/441/conversation01.pkl,24
KIT/441/conversation01.pkl,25
KIT/441/conversation01.pkl,26
KIT/441/conversation01.pkl,27
KIT/441/conversation01.pkl,28
KIT/441/conversation01.pkl,29
KIT/441/conversation01.pkl,30
KIT/441/conversation01.pkl,31
KIT/441/conversation01.pkl,32
KIT/441/conversation01.pkl,33
KIT/441/conversation01.pkl,34
KIT/441/conversation01.pkl,35
KIT/441/conversation01.pkl,36
KIT/441/conversation01.pkl,37
KIT/441/conversation01.pkl,38
KIT/441/conversation01.pkl,39
KIT/441/conversation01.pkl,40
KIT/441/conversation01.pkl,41
KIT/441/conversation01.pkl,42
KIT/441/conversation01.pkl,43
KIT/441/conversation01.pkl,44
KIT/441/conversation01.pkl,45
KIT/441/conversation01.pkl,46
KIT/441/conversation01.pkl,47
KIT/441/conversation01.pkl,48
KIT/441/conversation01.pkl,49
KIT/441/conversation01.pkl,50
KIT/441/conversation01.pkl,51
KIT/441/conversation01.pkl,52
KIT/441/conversation01.pkl,53
KIT/441/conversation01.pkl,54
KIT/441/conversation01.pkl,55
KIT/441/conversation01.pkl,56
KIT/441/conversation01.pkl,57
KIT/441/conversation01.pkl,58
KIT/441/conversation01.pkl,59
KIT/441/conversation01.pkl,60
KIT/441/conversation01.pkl,61
KIT/441/conversation01.pkl,62
KIT/441/conversation01.pkl,63
KIT/441/conversation01.pkl,64
KIT/441/conversation01.pkl,65
KIT/441/conversation01.pkl,66
KIT/441/conversation01.pkl,67
KIT/441/conversation01.pkl,68
KIT/441/conversation01.pkl,69
KIT/441/conversation01.pkl,70
KIT/441/conversation01.pkl,71
KIT/441/conversation01.pkl,72
KIT/441/conversation01.pkl,73
KIT/441/conversation01.pkl,74
KIT/441/conversation01.pkl,75
KIT/441/conversation01.pkl,76
KIT/441/conversation01.pkl,77
KIT/441/conversation01.pkl,78
KIT/441/conversation01.pkl,79
KIT/441/conversation01.pkl,80
KIT/441/conversation01.pkl,81
KIT/441/conversation01.pkl,82
KIT/441/conversation01.pkl,83
KIT/441/conversation01.pkl,84
KIT/441/conversation01.pkl,85
KIT/441/conversation01.pkl,86
KIT/441/conversation01.pkl,87
KIT/441/conversation01.pkl,88
KIT/441/conversation01.pkl,89
KIT/441/conversation01.pkl,90
KIT/441/conversation01.pkl,91
KIT/441/conversation01.pkl,92
KIT/441/conversation01.pkl,93
KIT/441/conversation01.pkl,94
KIT/441/conversation01.pkl,95
KIT/441/conversation01.pkl,96
KIT/441/conversation01.pkl,97
KIT/441/conversation01.pkl,98
KIT/441/conversation01.pkl,99
KIT/441/conversation01.pkl,100
KIT/441/conversation01.pkl,101
KIT/441/conversation01.pkl,102
KIT/441/conversation01.pkl,103
KIT/441/conversation01.pkl,104
KIT/441/conversation01.pkl,105
KIT/441/conversation01.pkl,106
KIT/441/conversation01.pkl,107
KIT/441/conversation01.pkl,108
KIT/441/conversation01.pkl,109
KIT/441/conversation01.pkl,110
KIT/441/conversation01.pkl,111
KIT/441/conversation01.pkl,112
KIT/441/conversation01.pkl,113
KIT/441/conversation01.pkl,114
KIT/441/conversation01.pkl,115
KIT/441/conversation01.pkl,116
KIT/441/conversation01.pkl,117
KIT/441/conversation01.pkl,118
KIT/441/conversation01.pkl,119
KIT/441/conversation01.pkl,120
KIT/441/conversation01.pkl,121
KIT/441/conversation01.pkl,122
KIT/441/conversation01.pkl,123
KIT/441/conversation01.pkl,124
KIT/441/conversation01.pkl,125
KIT/441/conversation01.pkl,126
KIT/441/conversation01.pkl,127
KIT/441/conversation01.pkl,128
KIT/441/conversation01.pkl,129
KIT/441/conversation01.pkl,130
KIT/441/conversation01.pkl,131
KIT/441/conversation01.pkl,132
KIT/441/conversation01.pkl,143
KIT/441/conversation01.pkl,144
KIT/441/conversation01.pkl,145
KIT/441/conversation01.pkl,146
KIT/441/conversation01.pkl,147
KIT/441/conversation01.pkl,148
KIT/441/conversation01.pkl,149
KIT/441/conversation01.pkl,150
KIT/441/conversation01.pkl,151
KIT/441/conversation01.pkl,152
KIT/441/conversation01.pkl,153
KIT/441/conversation01.pkl,154
KIT/441/conversation01.pkl,155
KIT/441/conversation01.pkl,156
KIT/441/conversation01.pkl,157
KIT/441/conversation01.pkl,158
KIT/441/conversation01.pkl,159
KIT/441/conversation01.pkl,160
KIT/441/conversation01.pkl,161
KIT/441/conversation01.pkl,162
KIT/441/conversation01.pkl,163
KIT/441/conversation01.pkl,164
KIT/441/conversation01.pkl,165
KIT/441/conversation01.pkl,166
KIT/441/conversation01.pkl,167
KIT/441/conversation01.pkl,168
KIT/441/conversation01.pkl,169
KIT/441/conversation01.pkl,170
KIT/441/conversation01.pkl,171
KIT/441/conversation01.pkl,172
KIT/441/conversation01.pkl,173
KIT/441/conversation01.pkl,174
KIT/441/conversation01.pkl,175
KIT/441/conversation01.pkl,176
KIT/441/conversation01.pkl,177
KIT/441/conversation01.pkl,178
KIT/441/conversation01.pkl,179
KIT/441/conversation01.pkl,180
KIT/441/conversation01.pkl,181
KIT/441/conversation01.pkl,182
KIT/441/conversation01.pkl,183
KIT/441/conversation01.pkl,184
KIT/441/conversation01.pkl,185
KIT/441/conversation01.pkl,186
KIT/441/conversation01.pkl,187
KIT/441/conversation01.pkl,188
KIT/441/conversation01.pkl,189
KIT/441/conversation01.pkl,190
KIT/441/conversation01.pkl,191
KIT/441/conversation01.pkl,192
KIT/441/conversation01.pkl,193
KIT/441/conversation01.pkl,194
KIT/441/conversation01.pkl,195
KIT/441/conversation01.pkl,196
KIT/441/conversation01.pkl,197
KIT/441/conversation01.pkl,198
KIT/441/conversation01.pkl,199
KIT/441/conversation01.pkl,200
KIT/441/conversation01.pkl,201
KIT/441/conversation01.pkl,202
KIT/441/conversation01.pkl,203
KIT/441/conversation01.pkl,204
KIT/441/conversation01.pkl,205
KIT/441/conversation01.pkl,206
KIT/441/conversation01.pkl,226
KIT/441/conversation01.pkl,227
KIT/441/conversation01.pkl,228
KIT/441/conversation01.pkl,229
KIT/441/conversation01.pkl,230
KIT/441/conversation01.pkl,231
KIT/441/conversation01.pkl,232
KIT/441/conversation01.pkl,233
KIT/441/conversation01.pkl,259
KIT/441/conversation01.pkl,260
KIT/441/conversation01.pkl,261
KIT/441/conversation01.pkl,262
KIT/441/conversation01.pkl,263
KIT/441/conversation01.pkl,264
KIT/441/conversation01.pkl,265
KIT/441/conversation01.pkl,266
KIT/441/conversation01.pkl,267
KIT/441/conversation01.pkl,268
KIT/441/conversation01.pkl,269
KIT/441/conversation01.pkl,270
KIT/441/conversation01.pkl,271
KIT/441/conversation01.pkl,272
KIT/441/conversation01.pkl,273
KIT/441/conversation01.pkl,274
KIT/441/conversation01.pkl,275
KIT/441/conversation01.pkl,276
KIT/441/conversation01.pkl,277
KIT/441/conversation01.pkl,278
KIT/441/conversation01.pkl,279
KIT/441/conversation01.pkl,280
KIT/441/conversation01.pkl,281
KIT/441/conversation01.pkl,282
KIT/441/conversation01.pkl,283
KIT/441/conversation01.pkl,284
KIT/441/conversation01.pkl,285
KIT/441/conversation01.pkl,286
KIT/441/conversation01.pkl,287
KIT/441/conversation01.pkl,288
KIT/441/conversation01.pkl,289
KIT/441/conversation01.pkl,290
KIT/441/conversation01.pkl,291
KIT/441/conversation01.pkl,292
KIT/441/conversation01.pkl,293
KIT/441/conversation01.pkl,294
KIT/441/conversation01.pkl,295
KIT/441/conversation01.pkl,296
KIT/441/conversation01.pkl,297
KIT/441/conversation01.pkl,298
KIT/441/conversation01.pkl,299
KIT/441/conversation01.pkl,300
KIT/441/conversation01.pkl,301
KIT/441/conversation01.pkl,302
KIT/441/conversation01.pkl,303
KIT/441/conversation01.pkl,304
KIT/441/conversation01.pkl,305
KIT/441/conversation01.pkl,306
KIT/441/conversation01.pkl,310
KIT/441/conversation01.pkl,311
KIT/441/conversation01.pkl,312
KIT/441/conversation01.pkl,313
KIT/441/conversation01.pkl,314
KIT/441/conversation01.pkl,315
KIT/441/conversation01.pkl,316
KIT/441/conversation01.pkl,317
KIT/441/conversation01.pkl,318
KIT/441/conversation01.pkl,319
KIT/441/conversation01.pkl,320
KIT/441/conversation01.pkl,321
KIT/441/conversation01.pkl,322
KIT/441/conversation01.pkl,323
KIT/441/conversation01.pkl,324
KIT/441/conversation01.pkl,325
KIT/441/conversation01.pkl,326
KIT/441/conversation01.pkl,327
KIT/441/conversation01.pkl,328
KIT/441/conversation01.pkl,329
KIT/441/conversation01.pkl,330
KIT/441/conversation01.pkl,331
KIT/441/conversation01.pkl,332
KIT/441/conversation01.pkl,333
KIT/441/conversation01.pkl,334
KIT/441/conversation01.pkl,335
KIT/441/conversation01.pkl,336
KIT/441/conversation01.pkl,337
KIT/441/conversation01.pkl,338
KIT/441/conversation01.pkl,339
KIT/441/conversation01.pkl,340
KIT/441/conversation01.pkl,341
KIT/441/conversation01.pkl,342
KIT/441/conversation01.pkl,343
KIT/441/conversation01.pkl,344
KIT/441/conversation01.pkl,345
KIT/441/conversation01.pkl,346
KIT/441/conversation01.pkl,347
KIT/441/conversation01.pkl,348
KIT/441/conversation01.pkl,349
KIT/441/conversation01.pkl,350
KIT/441/conversation01.pkl,351
KIT/441/conversation01.pkl,352
KIT/441/conversation01.pkl,397
KIT/441/conversation01.pkl,398
KIT/441/conversation01.pkl,399
KIT/441/conversation01.pkl,400
KIT/441/conversation01.pkl,401
KIT/441/conversation01.pkl,402
KIT/441/conversation01.pkl,403
KIT/441/conversation01.pkl,404
KIT/441/conversation01.pkl,405
KIT/441/conversation01.pkl,406
KIT/441/conversation01.pkl,407
KIT/441/conversation01.pkl,408
KIT/441/conversation01.pkl,409
KIT/441/conversation01.pkl,410
KIT/441/conversation01.pkl,411
KIT/441/conversation01.pkl,412
KIT/441/conversation01.pkl,413
KIT/441/conversation01.pkl,414
KIT/441/conversation01.pkl,415
KIT/441/conversation01.pkl,416
KIT/441/conversation01.pkl,417
KIT/441/conversation01.pkl,418
KIT/441/conversation01.pkl,419
KIT/441/conversation01.pkl,420
KIT/441/conversation01.pkl,421
KIT/441/conversation01.pkl,422
KIT/441/conversation01.pkl,423
KIT/441/conversation01.pkl,424
KIT/441/conversation01.pkl,425
KIT/441/conversation01.pkl,426
KIT/441/conversation01.pkl,427
KIT/441/conversation01.pkl,428
KIT/441/conversation01.pkl,429
KIT/441/conversation01.pkl,430
KIT/441/conversation01.pkl,431
KIT/441/conversation01.pkl,432
KIT/441/conversation01.pkl,433
KIT/441/conversation01.pkl,434
KIT/441/conversation01.pkl,435
KIT/441/conversation01.pkl,436
KIT/441/conversation01.pkl,437
KIT/441/conversation01.pkl,438
KIT/441/conversation01.pkl,439
KIT/441/conversation01.pkl,440
KIT/441/conversation01.pkl,441
KIT/441/conversation01.pkl,442
KIT/441/conversation01.pkl,443
KIT/441/conversation01.pkl,444
KIT/441/conversation01.pkl,445
KIT/441/conversation01.pkl,446
KIT/441/conversation01.pkl,447
KIT/441/conversation01.pkl,448
KIT/441/conversation01.pkl,449
KIT/441/conversation01.pkl,450
KIT/441/conversation01.pkl,451
KIT/441/conversation01.pkl,452
KIT/441/conversation01.pkl,453
KIT/441/conversation01.pkl,454
KIT/441/conversation01.pkl,455
KIT/441/conversation01.pkl,456
KIT/441/conversation01.pkl,457
KIT/441/conversation01.pkl,458
KIT/441/conversation01.pkl,459
KIT/441/conversation01.pkl,460
KIT/441/conversation01.pkl,461
KIT/441/conversation01.pkl,462
KIT/441/conversation01.pkl,463
KIT/441/conversation01.pkl,464
KIT/441/conversation01.pkl,465
KIT/441/conversation01.pkl,466
KIT/441/conversation01.pkl,467
KIT/441/conversation01.pkl,468
KIT/441/conversation01.pkl,482
KIT/441/conversation01.pkl,483
KIT/441/conversation01.pkl,484
KIT/441/conversation01.pkl,485
KIT/441/conversation01.pkl,486
KIT/441/conversation01.pkl,487
KIT/441/conversation01.pkl,488
KIT/441/conversation01.pkl,489
KIT/441/conversation01.pkl,490
KIT/441/conversation01.pkl,491
KIT/441/conversation01.pkl,492
KIT/441/conversation01.pkl,493
KIT/441/conversation01.pkl,494
KIT/441/conversation01.pkl,495
KIT/441/conversation01.pkl,496
KIT/441/conversation01.pkl,497
KIT/441/conversation01.pkl,498
KIT/441/conversation01.pkl,499
KIT/441/conversation01.pkl,500
KIT/441/conversation01.pkl,501
KIT/441/conversation01.pkl,502
KIT/441/conversation01.pkl,503
KIT/441/conversation01.pkl,504
KIT/441/conversation01.pkl,505
KIT/441/conversation01.pkl,506
KIT/441/conversation01.pkl,507
KIT/441/conversation01.pkl,508
KIT/441/conversation01.pkl,509
KIT/441/conversation01.pkl,510
KIT/441/conversation01.pkl,511
KIT/441/conversation01.pkl,512
KIT/441/conversation01.pkl,513
KIT/441/conversation01.pkl,514
KIT/441/conversation01.pkl,515
KIT/441/conversation01.pkl,516
KIT/441/conversation01.pkl,517
KIT/441/conversation01.pkl,518
KIT/441/conversation01.pkl,519
KIT/441/conversation01.pkl,520
KIT/441/conversation01.pkl,521
KIT/441/conversation01.pkl,522
KIT/441/conversation01.pkl,523
KIT/441/conversation01.pkl,524
KIT/441/conversation01.pkl,525
KIT/441/conversation01.pkl,526
KIT/441/conversation01.pkl,527
KIT/441/conversation01.pkl,538
KIT/441/conversation01.pkl,539
KIT/441/conversation01.pkl,540
KIT/441/conversation01.pkl,541
KIT/441/conversation01.pkl,542
KIT/441/conversation01.pkl,543
KIT/441/conversation01.pkl,544
KIT/441/conversation01.pkl,545
KIT/441/conversation01.pkl,546
KIT/441/conversation01.pkl,547
KIT/441/conversation01.pkl,548
KIT/441/conversation01.pkl,549
KIT/441/conversation01.pkl,550
KIT/441/conversation01.pkl,551
KIT/441/conversation01.pkl,552
KIT/441/conversation01.pkl,553
KIT/441/conversation01.pkl,554
KIT/441/conversation01.pkl,555
KIT/441/conversation01.pkl,556
KIT/441/conversation01.pkl,557
KIT/441/conversation01.pkl,558
KIT/441/conversation01.pkl,559
KIT/441/conversation01.pkl,560
KIT/441/conversation01.pkl,561
KIT/441/conversation01.pkl,562
KIT/441/conversation01.pkl,563
KIT/441/conversation01.pkl,564
KIT/441/conversation01.pkl,565
KIT/441/conversation01.pkl,566
KIT/441/conversation01.pkl,567
KIT/441/conversation01.pkl,568
KIT/441/conversation01.pkl,569
KIT/441/conversation01.pkl,570
KIT/441/conversation01.pkl,571
KIT/441/conversation01.pkl,572
KIT/441/conversation01.pkl,573
KIT/441/conversation01.pkl,574
KIT/441/conversation01.pkl,575
KIT/441/conversation01.pkl,576
KIT/441/conversation01.pkl,577
KIT/441/conversation01.pkl,578
KIT/441/conversation01.pkl,579
KIT/441/conversation01.pkl,580
KIT/441/conversation01.pkl,581
KIT/441/conversation01.pkl,582
KIT/441/conversation01.pkl,583
KIT/441/conversation01.pkl,584
KIT/441/conversation01.pkl,585
KIT/441/conversation01.pkl,586
KIT/441/conversation01.pkl,602
KIT/441/conversation01.pkl,603
KIT/441/conversation01.pkl,604
KIT/441/conversation01.pkl,605
KIT/441/conversation01.pkl,606
KIT/441/conversation01.pkl,607
KIT/441/conversation01.pkl,608
KIT/441/conversation01.pkl,609
KIT/441/conversation01.pkl,610
KIT/441/conversation01.pkl,611
KIT/441/conversation01.pkl,612
KIT/441/conversation01.pkl,613
KIT/441/conversation01.pkl,614
KIT/441/conversation01.pkl,615
KIT/441/conversation01.pkl,616
KIT/441/conversation01.pkl,617
KIT/441/conversation01.pkl,618
KIT/441/conversation01.pkl,619
KIT/441/conversation01.pkl,620
KIT/441/conversation01.pkl,621
KIT/441/conversation01.pkl,622
KIT/441/conversation01.pkl,623
KIT/441/conversation01.pkl,624
KIT/441/conversation01.pkl,625
KIT/441/conversation01.pkl,626
KIT/441/conversation01.pkl,627
KIT/441/conversation01.pkl,628
KIT/441/conversation01.pkl,629
KIT/441/conversation01.pkl,630
KIT/441/conversation01.pkl,631
KIT/441/conversation01.pkl,632
KIT/441/conversation01.pkl,633
KIT/441/conversation01.pkl,634
KIT/441/conversation01.pkl,635
KIT/441/conversation01.pkl,636
KIT/441/conversation01.pkl,637
KIT/441/conversation01.pkl,638
KIT/441/conversation01.pkl,639
KIT/441/conversation01.pkl,640
KIT/441/conversation01.pkl,641
KIT/441/conversation01.pkl,642
KIT/441/conversation01.pkl,643
KIT/441/conversation01.pkl,644
KIT/441/conversation01.pkl,645
KIT/441/conversation01.pkl,646
KIT/441/conversation01.pkl,647
KIT/441/conversation01.pkl,648
KIT/441/conversation01.pkl,649
KIT/441/conversation01.pkl,650
KIT/441/conversation01.pkl,651
KIT/441/conversation01.pkl,652
KIT/441/conversation01.pkl,653
KIT/441/conversation01.pkl,654
KIT/441/conversation01.pkl,655
KIT/441/conversation01.pkl,656
KIT/441/conversation01.pkl,657
KIT/441/conversation01.pkl,658
KIT/441/conversation01.pkl,659
KIT/441/conversation01.pkl,660
KIT/441/conversation01.pkl,661
KIT/441/conversation01.pkl,662
KIT/441/conversation01.pkl,663
KIT/441/conversation01.pkl,664
KIT/441/conversation01.pkl,665
KIT/441/conversation01.pkl,666
KIT/441/conversation01.pkl,667
KIT/441/conversation01.pkl,668
KIT/441/conversation01.pkl,669
KIT/441/conversation01.pkl,670
KIT/441/conversation01.pkl,671
KIT/441/conversation01.pkl,672
KIT/441/conversation01.pkl,673
KIT/441/conversation01.pkl,674
KIT/441/conversation01.pkl,675
KIT/441/conversation01.pkl,676
KIT/441/conversation01.pkl,677
KIT/441/conversation01.pkl,678
KIT/441/conversation01.pkl,679
KIT/441/conversation01.pkl,680
KIT/441/conversation01.pkl,681
KIT/441/conversation01.pkl,682
KIT/441/conversation01.pkl,683
KIT/441/conversation01.pkl,684
KIT/441/conversation01.pkl,685
KIT/441/conversation01.pkl,686
KIT/441/conversation01.pkl,687
KIT/441/conversation01.pkl,688
KIT/441/conversation01.pkl,689
KIT/441/conversation01.pkl,690
KIT/441/conversation01.pkl,691
KIT/441/conversation01.pkl,692
KIT/441/conversation01.pkl,693
KIT/441/conversation01.pkl,704
KIT/441/conversation01.pkl,705
KIT/441/conversation01.pkl,706
KIT/441/conversation01.pkl,707
KIT/441/conversation01.pkl,708
KIT/441/conversation01.pkl,709
KIT/441/conversation01.pkl,710
KIT/441/conversation01.pkl,711
KIT/441/conversation01.pkl,712
KIT/441/conversation01.pkl,713
KIT/441/conversation01.pkl,714
KIT/441/conversation01.pkl,715
KIT/441/conversation01.pkl,716
KIT/441/conversation01.pkl,717
KIT/441/conversation01.pkl,718
KIT/441/conversation01.pkl,719
KIT/441/conversation01.pkl,720
KIT/441/conversation01.pkl,721
KIT/441/conversation01.pkl,722
KIT/441/conversation01.pkl,723
KIT/441/conversation01.pkl,724
KIT/441/conversation01.pkl,725
KIT/441/conversation01.pkl,726
KIT/441/conversation01.pkl,727
KIT/441/conversation01.pkl,728
KIT/441/conversation01.pkl,729
KIT/441/conversation01.pkl,739
KIT/441/conversation01.pkl,740
KIT/441/conversation01.pkl,741
KIT/441/conversation01.pkl,742
KIT/441/conversation01.pkl,743
KIT/441/conversation01.pkl,744
KIT/441/conversation01.pkl,745
KIT/441/conversation01.pkl,746
KIT/441/conversation01.pkl,747
KIT/441/conversation01.pkl,748
KIT/441/conversation01.pkl,749
KIT/441/conversation01.pkl,750
KIT/441/conversation01.pkl,751
KIT/441/conversation01.pkl,752
KIT/441/conversation01.pkl,753
KIT/441/conversation01.pkl,754
KIT/441/conversation01.pkl,755
KIT/441/conversation01.pkl,756
KIT/441/conversation01.pkl,757
KIT/441/conversation01.pkl,781
KIT/441/conversation01.pkl,782
KIT/441/conversation01.pkl,783
KIT/441/conversation01.pkl,784
KIT/441/conversation01.pkl,785
KIT/441/conversation01.pkl,786
KIT/441/conversation01.pkl,787
KIT/441/conversation01.pkl,788
KIT/441/conversation01.pkl,789
KIT/441/conversation01.pkl,790
KIT/441/conversation01.pkl,791
KIT/441/conversation01.pkl,792
KIT/441/conversation01.pkl,793
KIT/441/conversation01.pkl,794
KIT/441/conversation01.pkl,795
KIT/441/conversation01.pkl,796
KIT/441/conversation01.pkl,797
KIT/441/conversation01.pkl,798
KIT/441/conversation01.pkl,799
KIT/441/conversation01.pkl,800
KIT/441/conversation01.pkl,801
KIT/441/conversation01.pkl,802
KIT/441/conversation01.pkl,803
KIT/441/conversation01.pkl,804
KIT/441/conversation01.pkl,805
KIT/441/conversation01.pkl,806
KIT/441/conversation01.pkl,807
KIT/441/conversation01.pkl,808
KIT/441/conversation01.pkl,809
KIT/441/conversation01.pkl,810
KIT/441/conversation01.pkl,811
KIT/441/conversation01.pkl,812
KIT/441/conversation01.pkl,813
KIT/441/conversation01.pkl,814
KIT/441/conversation01.pkl,815
KIT/441/conversation01.pkl,816
KIT/441/conversation01.pkl,817
KIT/441/conversation01.pkl,818
KIT/441/conversation01.pkl,819
KIT/441/conversation01.pkl,820
KIT/441/conversation01.pkl,821
KIT/441/conversation01.pkl,822
KIT/441/conversation01.pkl,823
KIT/441/conversation01.pkl,824
KIT/441/conversation01.pkl,825
KIT/441/conversation01.pkl,826
KIT/441/conversation01.pkl,827
KIT/441/conversation01.pkl,828
KIT/441/conversation01.pkl,829
KIT/441/conversation01.pkl,830
KIT/441/conversation01.pkl,831
KIT/441/conversation01.pkl,832
KIT/441/conversation01.pkl,833
KIT/441/conversation01.pkl,834
KIT/441/conversation01.pkl,835
KIT/441/conversation01.pkl,836
KIT/441/conversation01.pkl,837
KIT/441/conversation01.pkl,838
KIT/441/conversation01.pkl,839
KIT/441/conversation01.pkl,840
KIT/441/conversation01.pkl,841
KIT/441/conversation01.pkl,842
KIT/441/conversation01.pkl,843
KIT/441/conversation01.pkl,844
KIT/441/conversation01.pkl,845
KIT/441/conversation01.pkl,846
KIT/441/conversation01.pkl,847
KIT/441/conversation01.pkl,848
KIT/441/conversation01.pkl,849
KIT/441/conversation01.pkl,850
KIT/441/conversation01.pkl,851
KIT/441/conversation01.pkl,852
KIT/441/conversation01.pkl,853
KIT/441/conversation01.pkl,854
KIT/441/conversation01.pkl,855
KIT/441/conversation01.pkl,856
KIT/441/conversation01.pkl,857
KIT/441/conversation01.pkl,858
KIT/441/conversation01.pkl,859
KIT/441/conversation01.pkl,860
KIT/441/conversation01.pkl,861
KIT/441/conversation01.pkl,862
KIT/441/conversation01.pkl,863
KIT/441/conversation01.pkl,876
KIT/441/conversation01.pkl,877
KIT/441/conversation01.pkl,878
KIT/441/conversation01.pkl,879
KIT/441/conversation01.pkl,880
KIT/441/conversation01.pkl,881
KIT/441/conversation01.pkl,882
KIT/441/conversation01.pkl,883
KIT/441/conversation01.pkl,884
KIT/441/conversation01.pkl,885
KIT/441/conversation01.pkl,886
KIT/441/conversation01.pkl,887
KIT/441/conversation01.pkl,888
KIT/441/conversation01.pkl,889
KIT/441/conversation01.pkl,890
KIT/441/conversation01.pkl,891
KIT/441/conversation01.pkl,892
KIT/441/conversation01.pkl,893
KIT/441/conversation01.pkl,894
KIT/441/conversation01.pkl,895
KIT/441/conversation01.pkl,896
KIT/441/conversation01.pkl,897
KIT/441/conversation01.pkl,898
KIT/441/conversation01.pkl,899
KIT/441/conversation01.pkl,900
KIT/441/conversation01.pkl,901
KIT/441/conversation01.pkl,902
KIT/441/conversation01.pkl,903
KIT/441/conversation01.pkl,904
KIT/441/conversation01.pkl,905
KIT/441/conversation01.pkl,906
KIT/441/conversation01.pkl,907
KIT/441/conversation01.pkl,908
KIT/441/conversation01.pkl,909
KIT/441/conversation01.pkl,910
KIT/441/conversation01.pkl,911
KIT/441/conversation01.pkl,912
KIT/441/conversation01.pkl,913
KIT/441/conversation01.pkl,914
KIT/441/conversation01.pkl,915
KIT/441/conversation01.pkl,916
KIT/441/conversation01.pkl,917
KIT/441/conversation01.pkl,918
KIT/441/conversation01.pkl,919
KIT/441/conversation01.pkl,920
KIT/441/conversation01.pkl,921
KIT/441/conversation01.pkl,922
KIT/441/conversation01.pkl,923
KIT/441/conversation01.pkl,924
KIT/441/conversation01.pkl,925
KIT/441/conversation01.pkl,926
KIT/441/conversation01.pkl,927
KIT/441/conversation01.pkl,928
KIT/441/conversation01.pkl,929
KIT/441/conversation01.pkl,930
KIT/441/conversation01.pkl,931
KIT/441/conversation01.pkl,932
KIT/441/conversation01.pkl,933
KIT/441/conversation01.pkl,934
KIT/441/conversation01.pkl,935
KIT/441/conversation01.pkl,936
KIT/441/conversation01.pkl,937
KIT/441/conversation01.pkl,938
KIT/441/conversation01.pkl,939
KIT/441/conversation01.pkl,940
KIT/441/conversation01.pkl,941
KIT/441/conversation01.pkl,942
KIT/441/conversation01.pkl,943
KIT/441/conversation01.pkl,944
KIT/441/conversation01.pkl,945
KIT/441/conversation01.pkl,946
KIT/441/conversation01.pkl,947
KIT/441/conversation01.pkl,948
KIT/441/conversation01.pkl,949
KIT/441/conversation01.pkl,950
KIT/441/conversation01.pkl,951
KIT/441/conversation01.pkl,952
KIT/441/conversation01.pkl,953
KIT/441/conversation01.pkl,954
KIT/441/conversation01.pkl,955
KIT/441/conversation01.pkl,956
KIT/441/conversation01.pkl,957
KIT/441/conversation01.pkl,958
KIT/441/conversation01.pkl,959
KIT/441/conversation01.pkl,960
KIT/441/conversation01.pkl,961
KIT/441/conversation01.pkl,962
KIT/441/conversation01.pkl,963
KIT/441/conversation01.pkl,964
KIT/441/conversation01.pkl,965
KIT/441/conversation01.pkl,966
KIT/441/conversation01.pkl,967
KIT/441/conversation01.pkl,968
KIT/441/conversation01.pkl,969
KIT/441/conversation01.pkl,970
KIT/441/conversation01.pkl,971
KIT/441/conversation01.pkl,972
KIT/441/conversation01.pkl,973
KIT/441/conversation01.pkl,974
KIT/441/conversation01.pkl,975
KIT/441/conversation01.pkl,976
KIT/441/conversation01.pkl,977
KIT/441/conversation01.pkl,978
KIT/441/conversation01.pkl,979
KIT/441/conversation01.pkl,980
KIT/441/conversation01.pkl,981
KIT/441/conversation01.pkl,982
KIT/441/conversation01.pkl,983
KIT/441/conversation01.pkl,984
KIT/441/conversation01.pkl,985
KIT/441/conversation01.pkl,986
KIT/441/conversation01.pkl,987
KIT/441/conversation01.pkl,988
KIT/441/conversation01.pkl,989
KIT/441/conversation01.pkl,990
KIT/441/conversation01.pkl,991
KIT/441/conversation01.pkl,992
KIT/441/conversation01.pkl,993
KIT/441/conversation01.pkl,994
KIT/441/conversation01.pkl,995
KIT/441/conversation01.pkl,996
KIT/441/conversation01.pkl,997
KIT/441/conversation01.pkl,998
KIT/441/conversation01.pkl,999
KIT/441/conversation01.pkl,1000
KIT/441/conversation01.pkl,1001
KIT/441/conversation01.pkl,1002
KIT/441/conversation01.pkl,1003
KIT/441/conversation01.pkl,1004
KIT/441/conversation01.pkl,1005
KIT/441/conversation01.pkl,1006
KIT/441/conversation01.pkl,1007
KIT/441/conversation01.pkl,1008
KIT/441/conversation01.pkl,1009
KIT/441/conversation01.pkl,1010
KIT/441/conversation01.pkl,1011
KIT/441/conversation01.pkl,1012
KIT/441/conversation01.pkl,1013
KIT/441/conversation01.pkl,1014
KIT/441/conversation01.pkl,1015
KIT/441/conversation01.pkl,1016
KIT/441/conversation01.pkl,1017
KIT/441/conversation01.pkl,1018
KIT/441/conversation01.pkl,1019
KIT/441/conversation01.pkl,1020
KIT/441/conversation01.pkl,1021
KIT/441/conversation01.pkl,1022
KIT/441/conversation01.pkl,1023
KIT/441/conversation01.pkl,1024
KIT/441/conversation01.pkl,1025
KIT/441/conversation01.pkl,1026
KIT/441/conversation01.pkl,1027
KIT/441/conversation01.pkl,1028
KIT/441/conversation01.pkl,1029
KIT/441/conversation01.pkl,1030
KIT/441/conversation01.pkl,1031
KIT/441/conversation01.pkl,1032
KIT/441/conversation01.pkl,1033
KIT/441/conversation01.pkl,1034
KIT/441/conversation01.pkl,1035
KIT/441/conversation01.pkl,1036
KIT/441/conversation01.pkl,1037
KIT/441/conversation01.pkl,1038
KIT/441/conversation01.pkl,1039
KIT/441/conversation01.pkl,1040
KIT/441/conversation01.pkl,1041
KIT/441/conversation01.pkl,1042
KIT/441/conversation01.pkl,1043
KIT/441/conversation01.pkl,1044
KIT/441/conversation01.pkl,1045
KIT/441/conversation01.pkl,1046
KIT/441/conversation01.pkl,1047
KIT/441/conversation01.pkl,1048
KIT/441/conversation01.pkl,1049
KIT/441/conversation01.pkl,1050
KIT/441/conversation01.pkl,1051
KIT/441/conversation01.pkl,1052
KIT/441/conversation01.pkl,1053
KIT/441/conversation01.pkl,1054
KIT/441/conversation01.pkl,1055
KIT/441/conversation01.pkl,1056
KIT/441/conversation01.pkl,1057
KIT/441/conversation01.pkl,1058
KIT/441/conversation01.pkl,1059
KIT/441/conversation01.pkl,1060
KIT/441/conversation01.pkl,1061
KIT/441/conversation01.pkl,1062
KIT/441/conversation01.pkl,1063
KIT/441/conversation01.pkl,1064
KIT/441/conversation01.pkl,1065
KIT/441/conversation01.pkl,1066
KIT/441/conversation01.pkl,1067
KIT/441/conversation01.pkl,1068
KIT/441/conversation01.pkl,1069
KIT/441/conversation01.pkl,1070
KIT/441/conversation01.pkl,1071
KIT/441/conversation01.pkl,1072
KIT/441/conversation01.pkl,1073
KIT/441/conversation01.pkl,1074
KIT/441/conversation01.pkl,1075
KIT/441/conversation01.pkl,1076
KIT/441/conversation01.pkl,1077
KIT/441/conversation01.pkl,1078
KIT/441/conversation01.pkl,1079
KIT/441/conversation01.pkl,1080
KIT/441/conversation01.pkl,1081
KIT/441/conversation01.pkl,1082
KIT/441/conversation01.pkl,1083
KIT/441/conversation01.pkl,1084
KIT/441/conversation01.pkl,1085
KIT/441/conversation01.pkl,1086
KIT/441/conversation01.pkl,1087
KIT/441/conversation01.pkl,1088
KIT/441/conversation01.pkl,1089
KIT/441/conversation01.pkl,1090
KIT/441/conversation01.pkl,1091
KIT/441/conversation01.pkl,1092
KIT/441/conversation01.pkl,1093
KIT/441/conversation01.pkl,1094
KIT/441/conversation01.pkl,1095
KIT/441/conversation01.pkl,1096
KIT/441/conversation01.pkl,1097
KIT/441/conversation01.pkl,1098
KIT/441/conversation01.pkl,1099
KIT/441/conversation01.pkl,1100
KIT/441/conversation01.pkl,1101
KIT/441/conversation01.pkl,1102
KIT/441/conversation01.pkl,1103
KIT/441/conversation01.pkl,1104
KIT/441/conversation01.pkl,1105
KIT/441/conversation01.pkl,1106
KIT/441/conversation01.pkl,1107
KIT/441/conversation01.pkl,1108
KIT/441/conversation01.pkl,1109
KIT/441/conversation01.pkl,1110
KIT/441/conversation01.pkl,1111
KIT/441/conversation01.pkl,1112
KIT/441/conversation01.pkl,1113
KIT/441/conversation01.pkl,1114
KIT/441/conversation01.pkl,1115
KIT/441/conversation01.pkl,1116
KIT/441/conversation01.pkl,1117
KIT/441/conversation01.pkl,1118
KIT/441/conversation01.pkl,1119
KIT/441/conversation01.pkl,1120
KIT/441/conversation01.pkl,1121
KIT/441/conversation01.pkl,1122
KIT/441/conversation01.pkl,1123
KIT/441/conversation01.pkl,1124
KIT/441/conversation01.pkl,1125
KIT/441/conversation01.pkl,1126
KIT/441/conversation01.pkl,1127
KIT/441/conversation01.pkl,1128
KIT/441/conversation01.pkl,1129
KIT/441/conversation01.pkl,1130
KIT/441/conversation01.pkl,1131
KIT/441/conversation01.pkl,1132
KIT/441/conversation01.pkl,1133
KIT/441/conversation01.pkl,1134
KIT/441/conversation01.pkl,1135
KIT/441/conversation01.pkl,1136
KIT/441/conversation01.pkl,1137
KIT/441/conversation01.pkl,1138
KIT/441/conversation01.pkl,1139
KIT/441/conversation01.pkl,1140
KIT/441/conversation01.pkl,1141
KIT/441/conversation01.pkl,1142
KIT/441/conversation01.pkl,1143
KIT/441/conversation01.pkl,1144
KIT/441/conversation01.pkl,1145
KIT/441/conversation01.pkl,1146
KIT/441/conversation01.pkl,1147
KIT/441/conversation01.pkl,1148
KIT/441/conversation01.pkl,1149
KIT/441/conversation01.pkl,1150
KIT/441/conversation01.pkl,1151
KIT/441/conversation01.pkl,1152
KIT/441/conversation01.pkl,1153
KIT/441/conversation01.pkl,1154
KIT/441/conversation01.pkl,1155
KIT/441/conversation01.pkl,1156
KIT/441/conversation01.pkl,1157
KIT/441/conversation01.pkl,1158
KIT/441/conversation01.pkl,1159
KIT/441/conversation01.pkl,1160
KIT/441/conversation01.pkl,1161
KIT/441/conversation01.pkl,1162
KIT/441/conversation01.pkl,1163
KIT/441/conversation01.pkl,1164
KIT/441/conversation01.pkl,1165
KIT/441/conversation01.pkl,1166
KIT/441/conversation01.pkl,1167
KIT/441/conversation01.pkl,1168
KIT/441/conversation01.pkl,1169
KIT/441/conversation01.pkl,1170
KIT/441/conversation01.pkl,1171
KIT/441/conversation01.pkl,1172
KIT/441/conversation01.pkl,1173
KIT/441/conversation01.pkl,1174
KIT/441/conversation01.pkl,1175
KIT/441/conversation01.pkl,1176
KIT/442/Aufstehen04.pkl,58
KIT/442/Aufstehen04.pkl,59
KIT/442/Aufstehen04.pkl,60
KIT/442/Aufstehen04.pkl,61
KIT/442/Aufstehen04.pkl,62
KIT/442/Aufstehen04.pkl,63
KIT/442/Aufstehen04.pkl,64
KIT/442/Aufstehen04.pkl,65
KIT/442/Aufstehen04.pkl,66
KIT/442/Aufstehen04.pkl,67
KIT/442/Aufstehen04.pkl,68
KIT/442/Aufstehen04.pkl,69
KIT/442/Aufstehen04.pkl,70
KIT/442/Aufstehen04.pkl,71
KIT/442/Aufstehen04.pkl,72
KIT/442/Aufstehen04.pkl,73
KIT/551/sponge_big_and_mixing_bowl_big04.pkl,74
KIT/551/sponge_big_and_mixing_bowl_big04.pkl,75
KIT/551/sponge_big_and_mixing_bowl_big04.pkl,76
KIT/551/sponge_big_and_mixing_bowl_big04.pkl,77
KIT/551/sponge_big_and_mixing_bowl_big04.pkl,78
KIT/551/sponge_big_and_mixing_bowl_big04.pkl,79
KIT/551/sponge_big_and_mixing_bowl_big04.pkl,80
KIT/551/sponge_big_and_mixing_bowl_big04.pkl,81
KIT/572/stir_left13.pkl,0
KIT/572/stir_left13.pkl,1
KIT/572/stir_left13.pkl,2
KIT/572/stir_left13.pkl,3
KIT/572/stir_left13.pkl,4
KIT/572/stir_left13.pkl,5
KIT/572/stir_left13.pkl,6
KIT/572/stir_left13.pkl,7
KIT/572/stir_left13.pkl,8
KIT/572/stir_left13.pkl,9
KIT/572/stir_left13.pkl,10
KIT/572/stir_left13.pkl,11
KIT/572/stir_left13.pkl,12
KIT/572/stir_left13.pkl,13
KIT/572/stir_left13.pkl,14
KIT/572/stir_left13.pkl,15
KIT/572/stir_left13.pkl,16
KIT/572/stir_left13.pkl,17
KIT/572/stir_left13.pkl,18
KIT/572/stir_left13.pkl,19
KIT/572/stir_left13.pkl,178
KIT/572/stir_left13.pkl,179
KIT/572/stir_left13.pkl,180
KIT/572/stir_left13.pkl,181
KIT/572/stir_left13.pkl,182
KIT/572/stir_left13.pkl,183
KIT/572/stir_left13.pkl,184
KIT/572/stir_left13.pkl,185
KIT/572/stir_left13.pkl,186
KIT/572/stir_right09.pkl,0
KIT/572/stir_right09.pkl,1
KIT/572/stir_right09.pkl,2
KIT/572/stir_right09.pkl,3
KIT/572/stir_right09.pkl,4
KIT/572/stir_right09.pkl,5
KIT/572/stir_right09.pkl,6
KIT/572/stir_right09.pkl,7
KIT/572/stir_right09.pkl,91
KIT/572/stir_right09.pkl,92
KIT/572/stir_right09.pkl,93
KIT/572/stir_right09.pkl,94
KIT/572/stir_right09.pkl,95
KIT/572/stir_right09.pkl,96
KIT/572/stir_right11.pkl,0
KIT/572/stir_right11.pkl,1
KIT/572/stir_right11.pkl,2
KIT/572/stir_right11.pkl,3
KIT/572/stir_right11.pkl,4
KIT/572/stir_right11.pkl,5
KIT/572/stir_right11.pkl,6
KIT/572/stir_right11.pkl,7
KIT/572/stir_right11.pkl,8
KIT/572/stir_right11.pkl,9
KIT/572/stir_right11.pkl,10
KIT/572/stir_right11.pkl,11
KIT/572/stir_right11.pkl,12
KIT/572/stir_right11.pkl,13
KIT/572/stir_right11.pkl,14
KIT/572/stir_right11.pkl,15
KIT/572/stir_right11.pkl,161
KIT/572/stir_right11.pkl,162
KIT/572/stir_right11.pkl,163
KIT/572/stir_right11.pkl,164
KIT/572/stir_right11.pkl,165
KIT/572/wave_both11.pkl,0
KIT/572/wave_both11.pkl,1
KIT/572/wave_both11.pkl,2
KIT/572/wave_both11.pkl,3
KIT/572/wave_both11.pkl,4
KIT/572/wave_both11.pkl,5
KIT/572/wave_both11.pkl,6
KIT/572/wave_both11.pkl,7
KIT/572/wave_both11.pkl,8
KIT/572/wave_both11.pkl,9
KIT/572/wave_both11.pkl,10
KIT/572/wave_both11.pkl,11
KIT/572/wave_both11.pkl,12
KIT/572/wave_both11.pkl,13
KIT/572/wave_both11.pkl,14
KIT/572/wave_both11.pkl,15
KIT/572/wave_both11.pkl,16
KIT/572/wave_both11.pkl,17
KIT/572/wave_both11.pkl,18
KIT/572/wave_both11.pkl,19
KIT/572/wave_both11.pkl,20
KIT/572/wave_both11.pkl,21
KIT/572/wave_both11.pkl,176
KIT/572/wave_both11.pkl,177
KIT/572/wave_both11.pkl,178
KIT/572/wave_both11.pkl,179
KIT/572/wave_both11.pkl,180
KIT/572/wave_both11.pkl,181
KIT/572/wave_both11.pkl,182
KIT/572/wave_both11.pkl,183
KIT/572/wave_both11.pkl,184
KIT/572/wave_both11.pkl,185
KIT/572/wave_both11.pkl,186
KIT/572/wave_both11.pkl,187
KIT/572/wave_both11.pkl,188
KIT/572/wave_both11.pkl,189
KIT/572/wave_both11.pkl,190
KIT/572/wave_both11.pkl,191
KIT/572/wave_both11.pkl,192
KIT/572/wave_both11.pkl,193
KIT/572/wave_both11.pkl,194
KIT/572/wave_both11.pkl,195
KIT/572/wave_both11.pkl,196
KIT/572/wave_both11.pkl,197
KIT/572/wave_both11.pkl,198
KIT/575/MarcusS_AdrianM05.pkl,199
KIT/575/MarcusS_AdrianM05.pkl,200
KIT/575/MarcusS_AdrianM05.pkl,201
KIT/575/MarcusS_AdrianM05.pkl,202
KIT/575/MarcusS_AdrianM05.pkl,203
KIT/575/MarcusS_AdrianM05.pkl,204
KIT/575/MarcusS_AdrianM05.pkl,205
KIT/575/MarcusS_AdrianM05.pkl,206
KIT/575/MarcusS_AdrianM05.pkl,207
KIT/575/MarcusS_AdrianM05.pkl,208
KIT/575/MarcusS_AdrianM05.pkl,209
KIT/575/MarcusS_AdrianM05.pkl,210
KIT/575/MarcusS_AdrianM05.pkl,211
KIT/575/MarcusS_AdrianM05.pkl,212
KIT/575/MarcusS_AdrianM05.pkl,213
KIT/575/MarcusS_AdrianM05.pkl,214
KIT/575/MarcusS_AdrianM05.pkl,215
KIT/575/MarcusS_AdrianM05.pkl,216
KIT/575/MarcusS_AdrianM05.pkl,217
KIT/575/MarcusS_AdrianM05.pkl,218
KIT/575/MarcusS_AdrianM05.pkl,219
KIT/575/MarcusS_AdrianM05.pkl,220
KIT/575/MarcusS_AdrianM05.pkl,221
KIT/575/MarcusS_AdrianM05.pkl,222
KIT/575/MarcusS_AdrianM05.pkl,223
KIT/575/MarcusS_AdrianM05.pkl,224
KIT/575/MarcusS_AdrianM05.pkl,225
KIT/575/MarcusS_AdrianM05.pkl,226
KIT/575/MarcusS_AdrianM05.pkl,227
KIT/575/MarcusS_AdrianM05.pkl,228
KIT/575/MarcusS_AdrianM05.pkl,229
KIT/575/MarcusS_AdrianM05.pkl,230
KIT/575/MarcusS_AdrianM05.pkl,231
KIT/575/MarcusS_AdrianM05.pkl,232
KIT/575/MarcusS_AdrianM05.pkl,233
KIT/575/MarcusS_AdrianM05.pkl,234
KIT/575/MarcusS_AdrianM05.pkl,235
KIT/575/MarcusS_AdrianM05.pkl,236
KIT/575/MarcusS_AdrianM05.pkl,237
KIT/575/MarcusS_AdrianM05.pkl,238
KIT/575/MarcusS_AdrianM05.pkl,239
KIT/575/MarcusS_AdrianM05.pkl,240
KIT/575/MarcusS_AdrianM05.pkl,241
KIT/575/MarcusS_AdrianM05.pkl,242
KIT/575/MarcusS_AdrianM05.pkl,243
KIT/575/MarcusS_AdrianM05.pkl,244
KIT/575/MarcusS_AdrianM05.pkl,245
KIT/575/MarcusS_AdrianM05.pkl,246
KIT/575/MarcusS_AdrianM05.pkl,247
KIT/575/MarcusS_AdrianM05.pkl,248
KIT/575/MarcusS_AdrianM05.pkl,249
KIT/575/MarcusS_AdrianM05.pkl,250
KIT/575/MarcusS_AdrianM05.pkl,251
KIT/575/MarcusS_AdrianM05.pkl,252
KIT/575/MarcusS_AdrianM05.pkl,253
KIT/575/MarcusS_AdrianM05.pkl,254
KIT/575/MarcusS_AdrianM05.pkl,255
KIT/575/MarcusS_AdrianM05.pkl,256
KIT/575/MarcusS_AdrianM05.pkl,257
KIT/575/MarcusS_AdrianM05.pkl,258
KIT/575/MarcusS_AdrianM05.pkl,259
KIT/575/MarcusS_AdrianM05.pkl,260
KIT/575/MarcusS_AdrianM05.pkl,261
KIT/575/MarcusS_AdrianM05.pkl,262
KIT/575/MarcusS_AdrianM05.pkl,263
KIT/575/MarcusS_AdrianM05.pkl,264
KIT/575/MarcusS_AdrianM05.pkl,265
KIT/575/MarcusS_AdrianM05.pkl,266
KIT/575/MarcusS_AdrianM05.pkl,267
KIT/575/MarcusS_AdrianM05.pkl,268
KIT/575/MarcusS_AdrianM05.pkl,269
KIT/575/MarcusS_AdrianM05.pkl,270
KIT/575/MarcusS_AdrianM05.pkl,271
KIT/575/MarcusS_AdrianM05.pkl,272
KIT/575/MarcusS_AdrianM05.pkl,273
KIT/575/MarcusS_AdrianM05.pkl,274
KIT/575/MarcusS_AdrianM05.pkl,275
KIT/575/MarcusS_AdrianM05.pkl,276
KIT/575/MarcusS_AdrianM05.pkl,277
KIT/575/MarcusS_AdrianM05.pkl,278
KIT/575/MarcusS_AdrianM05.pkl,279
KIT/575/MarcusS_AdrianM05.pkl,280
KIT/575/MarcusS_AdrianM05.pkl,281
KIT/575/MarcusS_AdrianM05.pkl,282
KIT/575/MarcusS_AdrianM05.pkl,283
KIT/575/MarcusS_AdrianM05.pkl,284
KIT/575/MarcusS_AdrianM05.pkl,285
KIT/575/MarcusS_AdrianM05.pkl,286
KIT/575/MarcusS_AdrianM05.pkl,287
KIT/575/MarcusS_AdrianM05.pkl,288
KIT/575/MarcusS_AdrianM05.pkl,289
KIT/575/MarcusS_AdrianM05.pkl,290
KIT/575/MarcusS_AdrianM05.pkl,291
KIT/575/MarcusS_AdrianM05.pkl,292
KIT/575/MarcusS_AdrianM05.pkl,293
KIT/575/MarcusS_AdrianM05.pkl,294
KIT/575/MarcusS_AdrianM05.pkl,295
KIT/575/MarcusS_AdrianM05.pkl,296
KIT/575/MarcusS_AdrianM05.pkl,297
KIT/575/MarcusS_AdrianM05.pkl,298
KIT/575/MarcusS_AdrianM05.pkl,299
KIT/575/MarcusS_AdrianM05.pkl,300
KIT/575/MarcusS_AdrianM05.pkl,301
KIT/575/MarcusS_AdrianM05.pkl,302
KIT/575/MarcusS_AdrianM05.pkl,303
KIT/575/MarcusS_AdrianM05.pkl,304
KIT/575/MarcusS_AdrianM05.pkl,305
KIT/575/MarcusS_AdrianM05.pkl,306
KIT/575/MarcusS_AdrianM05.pkl,307
KIT/575/MarcusS_AdrianM05.pkl,308
KIT/575/MarcusS_AdrianM05.pkl,309
KIT/575/MarcusS_AdrianM05.pkl,310
KIT/575/MarcusS_AdrianM05.pkl,311
KIT/575/MarcusS_AdrianM05.pkl,312
KIT/575/MarcusS_AdrianM05.pkl,313
KIT/575/MarcusS_AdrianM05.pkl,314
KIT/575/MarcusS_AdrianM05.pkl,315
KIT/575/MarcusS_AdrianM05.pkl,316
KIT/575/MarcusS_AdrianM05.pkl,317
KIT/575/MarcusS_AdrianM05.pkl,318
KIT/575/MarcusS_AdrianM05.pkl,319
KIT/575/MarcusS_AdrianM05.pkl,320
KIT/575/MarcusS_AdrianM05.pkl,321
KIT/575/MarcusS_AdrianM05.pkl,322
KIT/575/MarcusS_AdrianM05.pkl,323
KIT/575/MarcusS_AdrianM05.pkl,324
KIT/575/MarcusS_AdrianM05.pkl,325
KIT/575/MarcusS_AdrianM05.pkl,326
KIT/575/MarcusS_AdrianM05.pkl,327
KIT/575/MarcusS_AdrianM05.pkl,328
KIT/575/MarcusS_AdrianM05.pkl,329
KIT/575/MarcusS_AdrianM05.pkl,330
KIT/575/MarcusS_AdrianM05.pkl,331
KIT/575/MarcusS_AdrianM05.pkl,332
KIT/575/MarcusS_AdrianM05.pkl,333
KIT/575/MarcusS_AdrianM05.pkl,334
KIT/575/MarcusS_AdrianM05.pkl,335
KIT/575/MarcusS_AdrianM05.pkl,336
KIT/575/MarcusS_AdrianM05.pkl,337
KIT/575/MarcusS_AdrianM05.pkl,338
KIT/575/MarcusS_AdrianM05.pkl,339
KIT/575/MarcusS_AdrianM05.pkl,340
KIT/575/MarcusS_AdrianM05.pkl,341
KIT/575/MarcusS_AdrianM05.pkl,342
KIT/575/MarcusS_AdrianM05.pkl,343
KIT/575/MarcusS_AdrianM05.pkl,344
KIT/575/MarcusS_AdrianM05.pkl,345
KIT/575/MarcusS_AdrianM05.pkl,346
KIT/575/MarcusS_AdrianM05.pkl,347
KIT/575/MarcusS_AdrianM05.pkl,348
KIT/575/MarcusS_AdrianM05.pkl,349
KIT/575/MarcusS_AdrianM05.pkl,350
KIT/575/MarcusS_AdrianM05.pkl,351
KIT/575/MarcusS_AdrianM05.pkl,352
KIT/575/MarcusS_AdrianM05.pkl,353
KIT/575/MarcusS_AdrianM05.pkl,354
KIT/575/MarcusS_AdrianM05.pkl,355
KIT/575/MarcusS_AdrianM05.pkl,356
KIT/575/MarcusS_AdrianM05.pkl,357
KIT/575/MarcusS_AdrianM05.pkl,358
KIT/575/MarcusS_AdrianM05.pkl,359
KIT/575/MarcusS_AdrianM05.pkl,360
KIT/575/MarcusS_AdrianM05.pkl,361
KIT/575/MarcusS_AdrianM05.pkl,362
KIT/575/MarcusS_AdrianM05.pkl,363
KIT/575/MarcusS_AdrianM05.pkl,364
KIT/575/MarcusS_AdrianM05.pkl,365
KIT/575/MarcusS_AdrianM05.pkl,366
KIT/575/MarcusS_AdrianM05.pkl,367
KIT/575/MarcusS_AdrianM05.pkl,368
KIT/575/MarcusS_AdrianM05.pkl,369
KIT/575/MarcusS_AdrianM05.pkl,370
KIT/575/MarcusS_AdrianM05.pkl,371
KIT/575/MarcusS_AdrianM05.pkl,372
KIT/575/MarcusS_AdrianM05.pkl,373
KIT/575/MarcusS_AdrianM05.pkl,374
KIT/575/MarcusS_AdrianM05.pkl,375
KIT/575/MarcusS_AdrianM05.pkl,376
KIT/575/MarcusS_AdrianM05.pkl,377
KIT/575/MarcusS_AdrianM05.pkl,378
KIT/575/MarcusS_AdrianM05.pkl,379
KIT/575/MarcusS_AdrianM05.pkl,380
KIT/575/MarcusS_AdrianM05.pkl,381
KIT/575/MarcusS_AdrianM05.pkl,382
KIT/575/MarcusS_AdrianM05.pkl,383
KIT/575/MarcusS_AdrianM05.pkl,384
KIT/575/MarcusS_AdrianM05.pkl,385
KIT/575/MarcusS_AdrianM05.pkl,386
KIT/575/MarcusS_AdrianM05.pkl,387
KIT/575/MarcusS_AdrianM05.pkl,388
KIT/575/MarcusS_AdrianM05.pkl,389
KIT/575/MarcusS_AdrianM05.pkl,390
KIT/575/MarcusS_AdrianM05.pkl,391
KIT/575/MarcusS_AdrianM05.pkl,392
KIT/575/MarcusS_AdrianM05.pkl,393
KIT/575/MarcusS_AdrianM05.pkl,394
KIT/575/MarcusS_AdrianM05.pkl,395
KIT/575/MarcusS_AdrianM05.pkl,396
KIT/575/MarcusS_AdrianM05.pkl,397
KIT/575/MarcusS_AdrianM05.pkl,398
KIT/575/MarcusS_AdrianM05.pkl,399
KIT/575/MarcusS_AdrianM05.pkl,400
KIT/575/MarcusS_AdrianM05.pkl,401
KIT/575/MarcusS_AdrianM05.pkl,402
KIT/575/MarcusS_AdrianM05.pkl,403
KIT/575/MarcusS_AdrianM05.pkl,404
KIT/575/MarcusS_AdrianM05.pkl,405
KIT/575/MarcusS_AdrianM05.pkl,406
KIT/575/MarcusS_AdrianM05.pkl,407
KIT/575/MarcusS_AdrianM05.pkl,408
KIT/575/MarcusS_AdrianM05.pkl,409
KIT/575/MarcusS_AdrianM05.pkl,410
KIT/575/MarcusS_AdrianM05.pkl,411
KIT/575/MarcusS_AdrianM05.pkl,412
KIT/575/MarcusS_AdrianM05.pkl,413
KIT/575/MarcusS_AdrianM05.pkl,414
KIT/575/MarcusS_AdrianM05.pkl,415
KIT/575/MarcusS_AdrianM05.pkl,416
KIT/575/MarcusS_AdrianM05.pkl,417
KIT/575/MarcusS_AdrianM05.pkl,418
KIT/575/MarcusS_AdrianM05.pkl,419
KIT/575/MarcusS_AdrianM05.pkl,420
KIT/575/MarcusS_AdrianM05.pkl,421
KIT/575/MarcusS_AdrianM05.pkl,422
KIT/575/MarcusS_AdrianM05.pkl,423
KIT/575/MarcusS_AdrianM05.pkl,424
KIT/575/MarcusS_AdrianM05.pkl,425
KIT/575/MarcusS_AdrianM05.pkl,426
KIT/575/MarcusS_AdrianM05.pkl,427
KIT/575/MarcusS_AdrianM05.pkl,428
KIT/575/MarcusS_AdrianM05.pkl,429
KIT/575/MarcusS_AdrianM05.pkl,430
KIT/575/MarcusS_AdrianM05.pkl,431
KIT/575/MarcusS_AdrianM05.pkl,432
KIT/575/MarcusS_AdrianM05.pkl,433
KIT/575/MarcusS_AdrianM05.pkl,434
KIT/575/MarcusS_AdrianM05.pkl,435
KIT/575/MarcusS_AdrianM05.pkl,436
KIT/575/MarcusS_AdrianM05.pkl,437
KIT/575/MarcusS_AdrianM05.pkl,438
KIT/575/MarcusS_AdrianM05.pkl,439
KIT/575/MarcusS_AdrianM05.pkl,440
KIT/575/MarcusS_AdrianM05.pkl,441
KIT/575/MarcusS_AdrianM05.pkl,442
KIT/575/MarcusS_AdrianM05.pkl,443
KIT/575/MarcusS_AdrianM05.pkl,444
KIT/575/MarcusS_AdrianM05.pkl,445
KIT/575/MarcusS_AdrianM05.pkl,446
KIT/575/MarcusS_AdrianM05.pkl,447
KIT/575/MarcusS_AdrianM05.pkl,448
KIT/575/MarcusS_AdrianM05.pkl,449
KIT/575/MarcusS_AdrianM05.pkl,450
KIT/575/MarcusS_AdrianM05.pkl,451
KIT/575/MarcusS_AdrianM05.pkl,452
KIT/575/MarcusS_AdrianM05.pkl,453
KIT/575/MarcusS_AdrianM05.pkl,454
KIT/575/MarcusS_AdrianM05.pkl,455
KIT/575/MarcusS_AdrianM05.pkl,456
KIT/575/MarcusS_AdrianM05.pkl,457
KIT/575/MarcusS_AdrianM05.pkl,458
KIT/575/MarcusS_AdrianM05.pkl,459
KIT/575/MarcusS_AdrianM05.pkl,460
KIT/575/MarcusS_AdrianM05.pkl,461
KIT/575/MarcusS_AdrianM05.pkl,462
KIT/575/MarcusS_AdrianM05.pkl,463
KIT/575/MarcusS_AdrianM05.pkl,464
KIT/575/MarcusS_AdrianM05.pkl,465
KIT/575/MarcusS_AdrianM05.pkl,466
KIT/575/MarcusS_AdrianM05.pkl,467
KIT/575/MarcusS_AdrianM05.pkl,468
KIT/575/MarcusS_AdrianM05.pkl,469
KIT/575/MarcusS_AdrianM05.pkl,470
KIT/575/MarcusS_AdrianM05.pkl,471
KIT/575/MarcusS_AdrianM05.pkl,472
KIT/575/MarcusS_AdrianM05.pkl,473
KIT/575/MarcusS_AdrianM05.pkl,474
KIT/575/MarcusS_AdrianM05.pkl,475
KIT/575/MarcusS_AdrianM05.pkl,476
KIT/575/MarcusS_AdrianM05.pkl,477
KIT/575/MarcusS_AdrianM05.pkl,478
KIT/575/MarcusS_AdrianM05.pkl,479
KIT/575/MarcusS_AdrianM05.pkl,503
KIT/575/MarcusS_AdrianM05.pkl,504
KIT/575/MarcusS_AdrianM05.pkl,505
KIT/575/MarcusS_AdrianM05.pkl,506
KIT/575/MarcusS_AdrianM05.pkl,507
KIT/575/MarcusS_AdrianM05.pkl,508
KIT/575/MarcusS_AdrianM05.pkl,509
KIT/575/MarcusS_AdrianM12.pkl,143
KIT/575/MarcusS_AdrianM12.pkl,144
KIT/575/MarcusS_AdrianM12.pkl,145
KIT/575/MarcusS_AdrianM12.pkl,146
KIT/575/MarcusS_AdrianM12.pkl,147
KIT/575/MarcusS_AdrianM12.pkl,164
KIT/575/MarcusS_AdrianM12.pkl,165
KIT/575/MarcusS_AdrianM12.pkl,166
KIT/575/MarcusS_AdrianM12.pkl,167
KIT/575/MarcusS_AdrianM12.pkl,168
KIT/575/MarcusS_AdrianM12.pkl,169
KIT/575/MarcusS_AdrianM12.pkl,170
KIT/575/MarcusS_AdrianM12.pkl,171
KIT/575/MarcusS_AdrianM12.pkl,172
KIT/575/MarcusS_AdrianM12.pkl,173
KIT/575/MarcusS_AdrianM12.pkl,174
KIT/575/MarcusS_AdrianM12.pkl,175
KIT/575/MarcusS_AdrianM12.pkl,176
KIT/575/MarcusS_AdrianM12.pkl,192
KIT/575/MarcusS_AdrianM12.pkl,193
KIT/575/MarcusS_AdrianM12.pkl,194
KIT/575/MarcusS_AdrianM12.pkl,195
KIT/575/MarcusS_AdrianM12.pkl,196
KIT/575/MarcusS_AdrianM12.pkl,197
KIT/575/MarcusS_AdrianM12.pkl,198
KIT/575/MarcusS_AdrianM12.pkl,199
KIT/575/MarcusS_AdrianM12.pkl,200
KIT/575/MarcusS_AdrianM12.pkl,201
KIT/575/MarcusS_AdrianM12.pkl,202
KIT/575/MarcusS_AdrianM12.pkl,203
KIT/575/MarcusS_AdrianM12.pkl,204
KIT/575/MarcusS_AdrianM12.pkl,205
KIT/575/MarcusS_AdrianM12.pkl,206
KIT/575/MarcusS_AdrianM12.pkl,207
KIT/575/MarcusS_AdrianM12.pkl,208
KIT/575/MarcusS_AdrianM12.pkl,209
KIT/575/MarcusS_AdrianM12.pkl,210
KIT/575/MarcusS_AdrianM12.pkl,211
KIT/575/MarcusS_AdrianM12.pkl,212
KIT/575/MarcusS_AdrianM12.pkl,213
KIT/575/MarcusS_AdrianM12.pkl,214
KIT/575/MarcusS_AdrianM12.pkl,215
KIT/575/MarcusS_AdrianM12.pkl,216
KIT/575/MarcusS_AdrianM12.pkl,217
KIT/575/MarcusS_AdrianM12.pkl,218
KIT/575/MarcusS_AdrianM12.pkl,219
KIT/575/MarcusS_AdrianM12.pkl,220
KIT/575/MarcusS_AdrianM12.pkl,221
KIT/575/MarcusS_AdrianM12.pkl,222
KIT/575/MarcusS_AdrianM12.pkl,223
KIT/575/MarcusS_AdrianM12.pkl,224
KIT/575/MarcusS_AdrianM12.pkl,225
KIT/575/MarcusS_AdrianM12.pkl,226
KIT/575/MarcusS_AdrianM12.pkl,234
KIT/575/MarcusS_AdrianM12.pkl,235
KIT/575/MarcusS_AdrianM12.pkl,236
KIT/575/MarcusS_AdrianM12.pkl,237
KIT/575/MarcusS_AdrianM12.pkl,238
KIT/575/MarcusS_AdrianM12.pkl,239
KIT/575/MarcusS_AdrianM12.pkl,240
KIT/575/MarcusS_AdrianM12.pkl,241
KIT/575/MarcusS_AdrianM12.pkl,242
KIT/575/MarcusS_AdrianM12.pkl,243
KIT/575/MarcusS_AdrianM12.pkl,261
KIT/575/MarcusS_AdrianM12.pkl,262
KIT/575/MarcusS_AdrianM12.pkl,263
KIT/575/MarcusS_AdrianM12.pkl,264
KIT/575/MarcusS_AdrianM12.pkl,265
KIT/575/MarcusS_AdrianM12.pkl,266
KIT/575/MarcusS_AdrianM12.pkl,267
KIT/575/MarcusS_AdrianM12.pkl,268
KIT/575/MarcusS_AdrianM12.pkl,269
KIT/575/MarcusS_AdrianM12.pkl,270
KIT/575/MarcusS_AdrianM12.pkl,271
KIT/575/MarcusS_AdrianM12.pkl,272
KIT/575/MarcusS_AdrianM12.pkl,273
KIT/575/MarcusS_AdrianM12.pkl,274
KIT/575/MarcusS_AdrianM12.pkl,275
KIT/575/MarcusS_AdrianM12.pkl,276
KIT/575/MarcusS_AdrianM12.pkl,277
KIT/575/MarcusS_AdrianM12.pkl,278
KIT/575/MarcusS_AdrianM12.pkl,279
KIT/575/MarcusS_AdrianM12.pkl,280
KIT/575/MarcusS_AdrianM12.pkl,281
KIT/575/MarcusS_AdrianM12.pkl,282
KIT/575/MarcusS_AdrianM12.pkl,283
KIT/575/MarcusS_AdrianM12.pkl,284
KIT/575/MarcusS_AdrianM12.pkl,285
KIT/575/MarcusS_AdrianM12.pkl,286
KIT/575/MarcusS_AdrianM12.pkl,287
KIT/575/MarcusS_AdrianM12.pkl,288
KIT/575/MarcusS_AdrianM12.pkl,289
KIT/575/MarcusS_AdrianM12.pkl,290
KIT/575/MarcusS_AdrianM12.pkl,291
KIT/575/MarcusS_AdrianM12.pkl,309
KIT/575/MarcusS_AdrianM12.pkl,310
KIT/575/MarcusS_AdrianM12.pkl,311
KIT/575/MarcusS_AdrianM12.pkl,312
KIT/575/MarcusS_AdrianM12.pkl,313
KIT/575/MarcusS_AdrianM12.pkl,314
KIT/575/MarcusS_AdrianM12.pkl,315
KIT/575/MarcusS_AdrianM12.pkl,316
KIT/575/MarcusS_AdrianM12.pkl,317
KIT/575/MarcusS_AdrianM12.pkl,318
KIT/575/MarcusS_AdrianM12.pkl,319
KIT/575/MarcusS_AdrianM12.pkl,320
KIT/575/MarcusS_AdrianM12.pkl,321
KIT/575/MarcusS_AdrianM12.pkl,322
KIT/575/MarcusS_AdrianM12.pkl,323
KIT/575/MarcusS_AdrianM12.pkl,324
KIT/575/MarcusS_AdrianM12.pkl,325
KIT/575/MarcusS_AdrianM12.pkl,326
KIT/575/MarcusS_AdrianM12.pkl,327
KIT/575/MarcusS_AdrianM12.pkl,328
KIT/575/MarcusS_AdrianM12.pkl,329
KIT/575/MarcusS_AdrianM12.pkl,330
KIT/575/MarcusS_AdrianM12.pkl,331
KIT/575/MarcusS_AdrianM12.pkl,332
KIT/575/MarcusS_AdrianM12.pkl,333
KIT/575/MarcusS_AdrianM12.pkl,334
KIT/575/MarcusS_AdrianM12.pkl,335
KIT/575/MarcusS_AdrianM12.pkl,336
KIT/575/MarcusS_AdrianM12.pkl,337
KIT/575/MarcusS_AdrianM12.pkl,338
KIT/575/MarcusS_AdrianM12.pkl,339
KIT/575/MarcusS_AdrianM12.pkl,340
KIT/575/MarcusS_AdrianM12.pkl,341
KIT/575/MarcusS_AdrianM12.pkl,342
KIT/575/MarcusS_AdrianM12.pkl,343
KIT/575/MarcusS_AdrianM12.pkl,344
KIT/575/MarcusS_AdrianM12.pkl,345
KIT/575/MarcusS_AdrianM12.pkl,346
KIT/575/MarcusS_AdrianM12.pkl,347
KIT/575/MarcusS_AdrianM12.pkl,348
KIT/575/MarcusS_AdrianM12.pkl,349
KIT/575/MarcusS_AdrianM12.pkl,350
KIT/575/MarcusS_AdrianM12.pkl,351
KIT/575/MarcusS_AdrianM12.pkl,352
KIT/575/MarcusS_AdrianM12.pkl,353
KIT/575/MarcusS_AdrianM12.pkl,354
KIT/575/MarcusS_AdrianM12.pkl,355
KIT/575/MarcusS_AdrianM12.pkl,356
KIT/575/MarcusS_AdrianM12.pkl,357
KIT/575/MarcusS_AdrianM12.pkl,358
KIT/575/MarcusS_AdrianM12.pkl,359
KIT/575/MarcusS_AdrianM12.pkl,360
KIT/575/MarcusS_AdrianM12.pkl,361
KIT/575/MarcusS_AdrianM12.pkl,362
KIT/575/MarcusS_AdrianM12.pkl,363
KIT/575/MarcusS_AdrianM12.pkl,364
KIT/575/MarcusS_AdrianM12.pkl,365
KIT/575/MarcusS_AdrianM12.pkl,366
KIT/575/MarcusS_AdrianM12.pkl,367
KIT/575/MarcusS_AdrianM12.pkl,368
KIT/575/MarcusS_AdrianM12.pkl,369
KIT/575/MarcusS_AdrianM12.pkl,370
KIT/575/MarcusS_AdrianM12.pkl,371
KIT/575/MarcusS_AdrianM12.pkl,372
KIT/575/MarcusS_AdrianM12.pkl,373
KIT/575/MarcusS_AdrianM12.pkl,374
KIT/575/MarcusS_AdrianM12.pkl,375
KIT/575/MarcusS_AdrianM12.pkl,376
KIT/575/MarcusS_AdrianM12.pkl,377
KIT/575/MarcusS_AdrianM12.pkl,378
KIT/575/MarcusS_AdrianM12.pkl,379
KIT/575/MarcusS_AdrianM12.pkl,380
KIT/575/MarcusS_AdrianM12.pkl,381
KIT/575/MarcusS_AdrianM12.pkl,382
KIT/575/MarcusS_AdrianM12.pkl,383
KIT/575/MarcusS_AdrianM12.pkl,384
KIT/575/MarcusS_AdrianM12.pkl,385
KIT/575/MarcusS_AdrianM12.pkl,386
KIT/575/MarcusS_AdrianM12.pkl,387
KIT/575/MarcusS_AdrianM12.pkl,388
KIT/575/MarcusS_AdrianM12.pkl,389
KIT/575/MarcusS_AdrianM12.pkl,390
KIT/575/MarcusS_AdrianM12.pkl,391
KIT/575/MarcusS_AdrianM12.pkl,392
KIT/575/MarcusS_AdrianM12.pkl,393
KIT/575/MarcusS_AdrianM12.pkl,394
KIT/575/MarcusS_AdrianM12.pkl,395
KIT/575/MarcusS_AdrianM12.pkl,396
KIT/575/MarcusS_AdrianM12.pkl,397
KIT/575/MarcusS_AdrianM12.pkl,398
KIT/575/MarcusS_AdrianM12.pkl,399
KIT/575/MarcusS_AdrianM12.pkl,400
KIT/575/MarcusS_AdrianM12.pkl,401
KIT/575/MarcusS_AdrianM12.pkl,402
KIT/575/MarcusS_AdrianM12.pkl,403
KIT/575/MarcusS_AdrianM12.pkl,404
KIT/575/MarcusS_AdrianM12.pkl,405
KIT/575/MarcusS_AdrianM12.pkl,406
KIT/575/MarcusS_AdrianM12.pkl,407
KIT/575/MarcusS_AdrianM12.pkl,408
KIT/575/MarcusS_AdrianM12.pkl,409
KIT/575/MarcusS_AdrianM12.pkl,410
KIT/575/MarcusS_AdrianM12.pkl,411
KIT/575/MarcusS_AdrianM12.pkl,412
KIT/575/MarcusS_AdrianM12.pkl,413
KIT/575/MarcusS_AdrianM12.pkl,432
KIT/575/MarcusS_AdrianM12.pkl,433
KIT/575/MarcusS_AdrianM12.pkl,434
KIT/575/MarcusS_AdrianM12.pkl,435
KIT/575/MarcusS_AdrianM12.pkl,436
KIT/575/MarcusS_AdrianM12.pkl,437
KIT/575/MarcusS_AdrianM12.pkl,438
KIT/575/MarcusS_AdrianM12.pkl,439
KIT/575/MarcusS_AdrianM12.pkl,440
KIT/575/MarcusS_AdrianM12.pkl,441
KIT/575/MarcusS_AdrianM12.pkl,442
KIT/575/MarcusS_AdrianM12.pkl,443
KIT/575/MarcusS_AdrianM12.pkl,444
KIT/575/MarcusS_AdrianM12.pkl,445
KIT/575/MarcusS_AdrianM12.pkl,446
KIT/575/MarcusS_AdrianM12.pkl,447
KIT/575/MarcusS_AdrianM12.pkl,448
KIT/575/MarcusS_AdrianM12.pkl,449
KIT/575/MarcusS_AdrianM12.pkl,450
KIT/575/MarcusS_AdrianM12.pkl,451
KIT/575/MarcusS_AdrianM12.pkl,452
KIT/575/MarcusS_AdrianM12.pkl,453
KIT/575/MarcusS_AdrianM12.pkl,454
KIT/575/MarcusS_AdrianM12.pkl,607
KIT/575/MarcusS_AdrianM12.pkl,608
KIT/575/MarcusS_AdrianM12.pkl,609
KIT/575/MarcusS_AdrianM12.pkl,627
KIT/575/MarcusS_AdrianM12.pkl,628
KIT/575/MarcusS_AdrianM12.pkl,629
KIT/575/MarcusS_AdrianM12.pkl,630
KIT/575/MarcusS_AdrianM12.pkl,631
KIT/575/MarcusS_AdrianM12.pkl,632
KIT/575/MarcusS_AdrianM12.pkl,633
KIT/575/MarcusS_AdrianM12.pkl,634
KIT/575/MarcusS_AdrianM12.pkl,635
KIT/575/MarcusS_AdrianM12.pkl,636
KIT/575/MarcusS_AdrianM12.pkl,637
KIT/575/MarcusS_AdrianM12.pkl,638
KIT/575/MarcusS_AdrianM12.pkl,639
KIT/575/MarcusS_AdrianM12.pkl,640
KIT/575/MarcusS_AdrianM12.pkl,641
KIT/575/MarcusS_AdrianM12.pkl,642
KIT/575/MarcusS_AdrianM12.pkl,643
KIT/575/MarcusS_AdrianM12.pkl,644
KIT/575/MarcusS_AdrianM12.pkl,645
KIT/575/MarcusS_AdrianM12.pkl,646
KIT/575/MarcusS_AdrianM12.pkl,647
KIT/575/MarcusS_AdrianM12.pkl,648
KIT/575/MarcusS_AdrianM12.pkl,649
KIT/575/MarcusS_AdrianM12.pkl,650
KIT/575/MarcusS_AdrianM12.pkl,651
KIT/575/MarcusS_AdrianM12.pkl,652
KIT/575/MarcusS_AdrianM12.pkl,653
KIT/575/MarcusS_AdrianM12.pkl,654
KIT/575/MarcusS_AdrianM12.pkl,655
KIT/575/MarcusS_AdrianM12.pkl,656
KIT/575/MarcusS_AdrianM12.pkl,657
KIT/575/MarcusS_AdrianM12.pkl,658
KIT/575/MarcusS_AdrianM12.pkl,659
KIT/575/MarcusS_AdrianM12.pkl,660
KIT/575/MarcusS_AdrianM12.pkl,661
KIT/575/MarcusS_AdrianM12.pkl,662
KIT/575/MarcusS_AdrianM12.pkl,663
KIT/575/MarcusS_AdrianM12.pkl,664
KIT/575/MarcusS_AdrianM12.pkl,665
KIT/575/MarcusS_AdrianM12.pkl,666
KIT/575/MarcusS_AdrianM12.pkl,667
KIT/575/MarcusS_AdrianM12.pkl,668
KIT/575/MarcusS_AdrianM12.pkl,669
KIT/575/MarcusS_AdrianM12.pkl,670
KIT/575/MarcusS_AdrianM12.pkl,671
KIT/575/MarcusS_AdrianM12.pkl,672
KIT/575/MarcusS_AdrianM12.pkl,673
KIT/575/MarcusS_AdrianM12.pkl,674
KIT/575/MarcusS_AdrianM12.pkl,675
KIT/575/MarcusS_AdrianM12.pkl,676
KIT/575/MarcusS_AdrianM12.pkl,677
KIT/575/MarcusS_AdrianM12.pkl,678
KIT/575/MarcusS_AdrianM12.pkl,679
KIT/575/MarcusS_AdrianM12.pkl,680
KIT/575/MarcusS_AdrianM12.pkl,681
KIT/575/MarcusS_AdrianM12.pkl,682
KIT/575/MarcusS_AdrianM12.pkl,683
KIT/575/MarcusS_AdrianM12.pkl,684
KIT/575/MarcusS_AdrianM12.pkl,685
KIT/575/MarcusS_AdrianM12.pkl,686
KIT/575/MarcusS_AdrianM12.pkl,687
KIT/575/MarcusS_AdrianM12.pkl,688
KIT/575/MarcusS_AdrianM12.pkl,689
KIT/575/MarcusS_AdrianM12.pkl,690
KIT/575/MarcusS_AdrianM12.pkl,691
KIT/575/MarcusS_AdrianM12.pkl,692
KIT/575/MarcusS_AdrianM12.pkl,693
KIT/575/MarcusS_AdrianM12.pkl,694
KIT/575/MarcusS_AdrianM12.pkl,695
KIT/575/MarcusS_AdrianM12.pkl,696
KIT/575/MarcusS_AdrianM12.pkl,697
KIT/575/MarcusS_AdrianM12.pkl,698
KIT/575/MarcusS_AdrianM12.pkl,699
KIT/575/MarcusS_AdrianM12.pkl,700
KIT/575/MarcusS_AdrianM12.pkl,701
KIT/575/MarcusS_AdrianM12.pkl,702
KIT/575/MarcusS_AdrianM12.pkl,703
KIT/575/MarcusS_AdrianM12.pkl,704
KIT/575/MarcusS_AdrianM12.pkl,705
KIT/575/MarcusS_AdrianM12.pkl,706
KIT/575/MarcusS_AdrianM12.pkl,707
KIT/575/MarcusS_AdrianM12.pkl,708
KIT/575/MarcusS_AdrianM12.pkl,709
KIT/575/MarcusS_AdrianM12.pkl,710
KIT/575/MarcusS_AdrianM12.pkl,711
KIT/575/MarcusS_AdrianM12.pkl,712
KIT/575/MarcusS_AdrianM12.pkl,713
KIT/575/MarcusS_AdrianM12.pkl,714
KIT/575/MarcusS_AdrianM12.pkl,715
KIT/575/MarcusS_AdrianM12.pkl,716
KIT/575/MarcusS_AdrianM12.pkl,717
KIT/575/MarcusS_AdrianM12.pkl,718
KIT/575/MarcusS_AdrianM12.pkl,719
KIT/575/MarcusS_AdrianM12.pkl,720
KIT/575/MarcusS_AdrianM12.pkl,721
KIT/575/MarcusS_AdrianM12.pkl,722
KIT/575/MarcusS_AdrianM12.pkl,723
KIT/575/MarcusS_AdrianM12.pkl,724
KIT/575/MarcusS_AdrianM12.pkl,725
KIT/575/MarcusS_AdrianM12.pkl,726
KIT/575/MarcusS_AdrianM12.pkl,727
KIT/575/MarcusS_AdrianM12.pkl,728
KIT/575/MarcusS_AdrianM12.pkl,729
KIT/575/MarcusS_AdrianM12.pkl,730
KIT/575/MarcusS_AdrianM12.pkl,731
KIT/575/MarcusS_AdrianM12.pkl,732
KIT/575/MarcusS_AdrianM12.pkl,733
KIT/575/MarcusS_AdrianM12.pkl,734
KIT/575/MarcusS_AdrianM12.pkl,735
KIT/575/MarcusS_AdrianM12.pkl,736
KIT/575/MarcusS_AdrianM12.pkl,737
KIT/575/MarcusS_AdrianM12.pkl,738
KIT/575/MarcusS_AdrianM12.pkl,739
KIT/575/MarcusS_AdrianM12.pkl,740
KIT/575/MarcusS_AdrianM12.pkl,741
KIT/575/MarcusS_AdrianM12.pkl,742
KIT/575/MarcusS_AdrianM12.pkl,743
KIT/575/MarcusS_AdrianM12.pkl,744
KIT/575/MarcusS_AdrianM12.pkl,745
KIT/575/MarcusS_AdrianM12.pkl,746
KIT/575/MarcusS_AdrianM12.pkl,763
KIT/575/MarcusS_AdrianM12.pkl,764
KIT/575/MarcusS_AdrianM12.pkl,765
KIT/575/MarcusS_AdrianM12.pkl,766
KIT/575/MarcusS_AdrianM12.pkl,767
KIT/575/MarcusS_AdrianM12.pkl,768
KIT/575/MarcusS_AdrianM12.pkl,769
KIT/575/MarcusS_AdrianM12.pkl,770
KIT/575/MarcusS_AdrianM12.pkl,771
KIT/575/MarcusS_AdrianM12.pkl,772
KIT/575/MarcusS_AdrianM12.pkl,773
KIT/575/MarcusS_AdrianM12.pkl,774
KIT/575/MarcusS_AdrianM12.pkl,775
KIT/575/MarcusS_AdrianM12.pkl,776
KIT/575/MarcusS_AdrianM12.pkl,777
KIT/575/MarcusS_AdrianM12.pkl,778
KIT/575/MarcusS_AdrianM12.pkl,779
KIT/575/MarcusS_AdrianM12.pkl,780
KIT/575/MarcusS_AdrianM12.pkl,781
KIT/576/MarcusS_AdrianM05.pkl,721
KIT/576/MarcusS_AdrianM05.pkl,722
KIT/576/MarcusS_AdrianM05.pkl,723
KIT/576/MarcusS_AdrianM05.pkl,724
KIT/576/MarcusS_AdrianM05.pkl,725
KIT/576/MarcusS_AdrianM05.pkl,726
KIT/576/MarcusS_AdrianM05.pkl,727
KIT/576/MarcusS_AdrianM05.pkl,728
KIT/576/MarcusS_AdrianM05.pkl,729
KIT/576/MarcusS_AdrianM05.pkl,730
KIT/576/MarcusS_AdrianM05.pkl,731
KIT/576/MarcusS_AdrianM05.pkl,732
KIT/576/MarcusS_AdrianM05.pkl,733
KIT/576/MarcusS_AdrianM05.pkl,734
KIT/576/MarcusS_AdrianM05.pkl,735
KIT/576/MarcusS_AdrianM05.pkl,736
KIT/576/MarcusS_AdrianM05.pkl,737
KIT/576/MarcusS_AdrianM05.pkl,738
KIT/576/MarcusS_AdrianM05.pkl,739
KIT/576/MarcusS_AdrianM05.pkl,746
KIT/576/MarcusS_AdrianM05.pkl,747
KIT/576/MarcusS_AdrianM05.pkl,748
KIT/576/MarcusS_AdrianM05.pkl,749
KIT/576/MarcusS_AdrianM05.pkl,750
KIT/576/MarcusS_AdrianM05.pkl,751
KIT/576/MarcusS_AdrianM05.pkl,752
KIT/576/MarcusS_AdrianM05.pkl,753
KIT/576/MarcusS_AdrianM05.pkl,754
KIT/576/MarcusS_AdrianM05.pkl,755
KIT/576/MarcusS_AdrianM05.pkl,756
KIT/576/MarcusS_AdrianM05.pkl,757
KIT/576/MarcusS_AdrianM05.pkl,758
KIT/576/MarcusS_AdrianM05.pkl,759
KIT/576/MarcusS_AdrianM05.pkl,760
KIT/576/MarcusS_AdrianM05.pkl,761
KIT/576/MarcusS_AdrianM05.pkl,762
KIT/576/MarcusS_AdrianM05.pkl,763
KIT/576/MarcusS_AdrianM05.pkl,764
KIT/576/MarcusS_AdrianM05.pkl,765
KIT/576/MarcusS_AdrianM05.pkl,766
KIT/576/MarcusS_AdrianM05.pkl,767
KIT/576/MarcusS_AdrianM05.pkl,768
KIT/576/MarcusS_AdrianM05.pkl,769
KIT/576/MarcusS_AdrianM05.pkl,770
KIT/576/MarcusS_AdrianM05.pkl,771
KIT/576/MarcusS_AdrianM05.pkl,772
KIT/576/MarcusS_AdrianM05.pkl,773
KIT/576/MarcusS_AdrianM05.pkl,774
KIT/576/MarcusS_AdrianM05.pkl,775
KIT/576/MarcusS_AdrianM05.pkl,776
KIT/576/MarcusS_AdrianM05.pkl,777
KIT/576/MarcusS_AdrianM05.pkl,778
KIT/576/MarcusS_AdrianM05.pkl,779
KIT/576/MarcusS_AdrianM05.pkl,780
KIT/576/MarcusS_AdrianM05.pkl,781
KIT/576/MarcusS_AdrianM05.pkl,782
KIT/576/MarcusS_AdrianM05.pkl,783
KIT/576/MarcusS_AdrianM05.pkl,784
KIT/576/MarcusS_AdrianM05.pkl,785
KIT/576/MarcusS_AdrianM05.pkl,786
KIT/576/MarcusS_AdrianM05.pkl,787
KIT/576/MarcusS_AdrianM05.pkl,788
KIT/576/MarcusS_AdrianM05.pkl,789
KIT/576/MarcusS_AdrianM05.pkl,790
KIT/576/MarcusS_AdrianM05.pkl,791
KIT/576/MarcusS_AdrianM05.pkl,792
KIT/576/MarcusS_AdrianM05.pkl,793
KIT/576/MarcusS_AdrianM05.pkl,794
KIT/576/MarcusS_AdrianM05.pkl,795
KIT/576/MarcusS_AdrianM05.pkl,796
KIT/576/MarcusS_AdrianM05.pkl,797
KIT/576/MarcusS_AdrianM05.pkl,798
KIT/576/MarcusS_AdrianM05.pkl,799
KIT/576/MarcusS_AdrianM05.pkl,800
KIT/576/MarcusS_AdrianM05.pkl,801
KIT/576/MarcusS_AdrianM05.pkl,802
KIT/576/MarcusS_AdrianM05.pkl,803
KIT/576/MarcusS_AdrianM05.pkl,804
KIT/576/MarcusS_AdrianM05.pkl,805
KIT/576/MarcusS_AdrianM05.pkl,806
KIT/576/MarcusS_AdrianM05.pkl,807
KIT/576/MarcusS_AdrianM05.pkl,808
KIT/576/MarcusS_AdrianM05.pkl,809
KIT/576/MarcusS_AdrianM05.pkl,810
KIT/576/MarcusS_AdrianM05.pkl,811
KIT/576/MarcusS_AdrianM05.pkl,812
KIT/576/MarcusS_AdrianM05.pkl,813
KIT/576/MarcusS_AdrianM05.pkl,814
KIT/576/MarcusS_AdrianM05.pkl,815
KIT/576/MarcusS_AdrianM05.pkl,816
KIT/576/MarcusS_AdrianM05.pkl,817
KIT/576/MarcusS_AdrianM05.pkl,818
KIT/576/MarcusS_AdrianM05.pkl,819
KIT/576/MarcusS_AdrianM05.pkl,820
KIT/576/MarcusS_AdrianM05.pkl,821
KIT/576/MarcusS_AdrianM05.pkl,822
KIT/576/MarcusS_AdrianM05.pkl,823
KIT/576/MarcusS_AdrianM05.pkl,824
KIT/576/MarcusS_AdrianM05.pkl,825
KIT/576/MarcusS_AdrianM05.pkl,826
KIT/576/MarcusS_AdrianM05.pkl,827
KIT/576/MarcusS_AdrianM05.pkl,828
KIT/576/MarcusS_AdrianM05.pkl,829
KIT/576/MarcusS_AdrianM05.pkl,830
KIT/576/MarcusS_AdrianM05.pkl,831
KIT/576/MarcusS_AdrianM05.pkl,832
KIT/576/MarcusS_AdrianM05.pkl,833
KIT/576/MarcusS_AdrianM05.pkl,834
KIT/576/MarcusS_AdrianM05.pkl,835
KIT/576/MarcusS_AdrianM05.pkl,836
KIT/576/MarcusS_AdrianM05.pkl,837
KIT/576/MarcusS_AdrianM05.pkl,838
KIT/576/MarcusS_AdrianM05.pkl,839
KIT/576/MarcusS_AdrianM05.pkl,840
KIT/576/MarcusS_AdrianM05.pkl,841
KIT/576/MarcusS_AdrianM05.pkl,842
KIT/576/MarcusS_AdrianM05.pkl,843
KIT/576/MarcusS_AdrianM05.pkl,844
KIT/576/MarcusS_AdrianM05.pkl,845
KIT/576/MarcusS_AdrianM05.pkl,846
KIT/576/MarcusS_AdrianM05.pkl,847
KIT/576/MarcusS_AdrianM05.pkl,848
KIT/576/MarcusS_AdrianM05.pkl,849
KIT/576/MarcusS_AdrianM05.pkl,850
KIT/576/MarcusS_AdrianM05.pkl,851
KIT/576/MarcusS_AdrianM05.pkl,852
KIT/576/MarcusS_AdrianM05.pkl,853
KIT/576/MarcusS_AdrianM05.pkl,854
KIT/576/MarcusS_AdrianM05.pkl,855
KIT/576/MarcusS_AdrianM05.pkl,856
KIT/576/MarcusS_AdrianM05.pkl,857
KIT/576/MarcusS_AdrianM05.pkl,858
KIT/576/MarcusS_AdrianM05.pkl,859
KIT/576/MarcusS_AdrianM05.pkl,860
KIT/576/MarcusS_AdrianM05.pkl,861
KIT/576/MarcusS_AdrianM05.pkl,862
KIT/576/MarcusS_AdrianM05.pkl,869
KIT/576/MarcusS_AdrianM05.pkl,870
KIT/576/MarcusS_AdrianM05.pkl,871
KIT/576/MarcusS_AdrianM05.pkl,872
KIT/576/MarcusS_AdrianM05.pkl,873
KIT/576/MarcusS_AdrianM05.pkl,874
KIT/6/WalkInCounterClockwiseCircle02_1.pkl,0
KIT/6/WalkInCounterClockwiseCircle02_1.pkl,1
KIT/6/WalkInCounterClockwiseCircle02_1.pkl,2
KIT/6/WalkInCounterClockwiseCircle02_1.pkl,3
KIT/6/WalkInCounterClockwiseCircle02_1.pkl,4
KIT/6/WalkInCounterClockwiseCircle02_1.pkl,5
KIT/6/WalkInCounterClockwiseCircle02_1.pkl,6
KIT/6/WalkInCounterClockwiseCircle02_1.pkl,7
KIT/6/WalkInCounterClockwiseCircle02_1.pkl,8
KIT/6/WalkInCounterClockwiseCircle02_1.pkl,136
KIT/6/WalkInCounterClockwiseCircle02_1.pkl,137
KIT/9/RightTurn02.pkl,82
KIT/9/RightTurn02.pkl,83
KIT/9/RightTurn02.pkl,84
KIT/9/RightTurn02.pkl,85
KIT/9/RightTurn02.pkl,86
KIT/9/RightTurn02.pkl,87
KIT/9/RightTurn02.pkl,88
KIT/9/RightTurn02.pkl,89
KIT/9/RightTurn02.pkl,90
KIT/9/RightTurn02.pkl,91
KIT/9/WalkingStraightBackwards04.pkl,76
KIT/9/WalkingStraightBackwards04.pkl,77
KIT/9/WalkingStraightBackwards04.pkl,78
KIT/9/WalkingStraightBackwards04.pkl,79
KIT/9/WalkingStraightBackwards04.pkl,80
KIT/9/WalkingStraightBackwards04.pkl,81
KIT/9/WalkingStraightBackwards04.pkl,82
KIT/9/WalkingStraightBackwards04.pkl,83
KIT/969/Trial_05.pkl,56
KIT/969/Trial_05.pkl,57
KIT/969/Trial_05.pkl,58
KIT/969/Trial_05.pkl,59
KIT/969/Trial_05.pkl,60
KIT/969/Trial_05.pkl,61
KIT/969/Trial_05.pkl,62
KIT/969/Trial_05.pkl,63
KIT/969/Trial_05.pkl,64
KIT/969/Trial_05.pkl,65
KIT/969/Trial_05.pkl,66
KIT/969/Trial_05.pkl,67
KIT/969/Trial_05.pkl,68
KIT/969/Trial_05.pkl,69
KIT/969/Trial_05.pkl,70
KIT/969/Trial_05.pkl,71
KIT/969/Trial_05.pkl,72
KIT/969/Trial_05.pkl,73
KIT/969/Trial_05.pkl,74
KIT/969/Trial_05.pkl,233
KIT/969/Trial_05.pkl,234
KIT/969/Trial_05.pkl,235
KIT/969/Trial_05.pkl,236
KIT/969/Trial_05.pkl,403
KIT/969/Trial_05.pkl,404
KIT/969/Trial_05.pkl,405
KIT/969/Trial_05.pkl,406
KIT/969/Trial_05.pkl,407
KIT/969/Trial_05.pkl,408
KIT/969/Trial_05.pkl,409
KIT/969/Trial_05.pkl,410
KIT/969/Trial_05.pkl,411
KIT/969/Trial_05.pkl,412
KIT/969/Trial_05.pkl,413
KIT/969/Trial_05.pkl,414
KIT/969/Trial_05.pkl,415
KIT/969/Trial_05.pkl,416
KIT/969/Trial_05.pkl,417
KIT/969/Trial_05.pkl,418
KIT/969/Trial_05.pkl,419
KIT/969/Trial_05.pkl,420
KIT/969/Trial_05.pkl,421
KIT/969/Trial_05.pkl,422
KIT/969/Trial_05.pkl,423
KIT/969/Trial_05.pkl,424
KIT/969/Trial_05.pkl,425
KIT/969/Trial_05.pkl,426
KIT/969/Trial_05.pkl,427
KIT/969/Trial_05.pkl,428
KIT/969/Trial_05.pkl,429
KIT/969/Trial_05.pkl,430
KIT/969/Trial_05.pkl,431
KIT/969/Trial_05.pkl,432
KIT/969/Trial_05.pkl,433
KIT/969/Trial_05.pkl,434
KIT/969/Trial_05.pkl,435
KIT/969/Trial_05.pkl,436
KIT/969/Trial_05.pkl,437
KIT/969/Trial_05.pkl,438
KIT/969/Trial_05.pkl,439
KIT/969/Trial_05.pkl,440
KIT/969/Trial_05.pkl,441
KIT/969/Trial_05.pkl,442
KIT/969/Trial_05.pkl,443
KIT/969/Trial_05.pkl,444
KIT/969/Trial_05.pkl,445
KIT/969/Trial_05.pkl,446
KIT/969/Trial_05.pkl,447
KIT/969/Trial_05.pkl,448
KIT/969/Trial_05.pkl,449
KIT/969/Trial_05.pkl,450
KIT/969/Trial_05.pkl,451
KIT/969/Trial_05.pkl,452
KIT/969/Trial_05.pkl,453
KIT/969/Trial_05.pkl,454
KIT/969/Trial_05.pkl,455
KIT/969/Trial_05.pkl,456
KIT/969/Trial_05.pkl,457
KIT/969/Trial_05.pkl,458
KIT/969/Trial_05.pkl,459
KIT/969/Trial_05.pkl,460
KIT/969/Trial_05.pkl,461
KIT/969/Trial_05.pkl,462
KIT/969/Trial_05.pkl,463
KIT/969/Trial_05.pkl,464
KIT/969/Trial_05.pkl,465
KIT/969/Trial_05.pkl,466
KIT/969/Trial_05.pkl,467
KIT/969/Trial_05.pkl,468
KIT/969/Trial_05.pkl,469
KIT/969/Trial_05.pkl,470
KIT/969/Trial_05.pkl,690
KIT/969/Trial_05.pkl,691
KIT/969/Trial_05.pkl,692
KIT/969/Trial_05.pkl,693
KIT/969/Trial_05.pkl,694
KIT/969/Trial_05.pkl,695
KIT/969/Trial_05.pkl,696
KIT/969/Trial_05.pkl,697
KIT/969/Trial_05.pkl,698
KIT/969/Trial_05.pkl,699
KIT/969/Trial_05.pkl,700
KIT/969/Trial_05.pkl,701
KIT/969/Trial_05.pkl,702
KIT/969/Trial_05.pkl,703
KIT/969/Trial_05.pkl,704
KIT/969/Trial_05.pkl,705
KIT/969/Trial_05.pkl,706
KIT/969/Trial_05.pkl,707
KIT/969/Trial_05.pkl,708
KIT/969/Trial_05.pkl,709
KIT/969/Trial_05.pkl,710
KIT/969/Trial_05.pkl,711
KIT/969/Trial_05.pkl,712
KIT/969/Trial_05.pkl,713
KIT/969/Trial_05.pkl,714
KIT/969/Trial_05.pkl,715
KIT/969/Trial_05.pkl,716
KIT/969/Trial_05.pkl,717
KIT/969/Trial_05.pkl,718
KIT/969/Trial_05.pkl,719
KIT/969/Trial_05.pkl,720
KIT/969/Trial_05.pkl,721
KIT/969/Trial_05.pkl,722
KIT/969/Trial_05.pkl,723
KIT/969/Trial_05.pkl,724
KIT/969/Trial_05.pkl,725
KIT/969/Trial_05.pkl,726
KIT/969/Trial_05.pkl,727
KIT/969/Trial_05.pkl,728
KIT/969/Trial_05.pkl,729
KIT/969/Trial_05.pkl,730
KIT/969/Trial_05.pkl,731
KIT/969/Trial_05.pkl,732
KIT/969/Trial_05.pkl,733
KIT/969/Trial_05.pkl,734
KIT/969/Trial_05.pkl,735
KIT/969/Trial_05.pkl,736
KIT/969/Trial_05.pkl,737
KIT/969/Trial_05.pkl,1358
KIT/969/Trial_05.pkl,1359
KIT/969/Trial_05.pkl,1360
KIT/969/Trial_05.pkl,1361
KIT/969/Trial_05.pkl,1362
KIT/969/Trial_05.pkl,1363
KIT/969/Trial_05.pkl,1364
KIT/969/Trial_05.pkl,1365
KIT/969/Trial_05.pkl,1366
KIT/969/Trial_05.pkl,1367
KIT/969/Trial_05.pkl,1368
KIT/969/Trial_05.pkl,1369
KIT/969/Trial_05.pkl,1370
KIT/969/Trial_05.pkl,1371
KIT/969/Trial_05.pkl,1372
KIT/969/Trial_05.pkl,1373
KIT/969/Trial_05.pkl,1374
KIT/969/Trial_05.pkl,1375
KIT/969/Trial_05.pkl,1376
KIT/969/Trial_05.pkl,1377
KIT/969/Trial_05.pkl,1378
KIT/969/Trial_05.pkl,1379
KIT/969/Trial_05.pkl,1380
KIT/969/Trial_05.pkl,1381
KIT/969/Trial_05.pkl,1382
KIT/969/Trial_05.pkl,1383
KIT/969/Trial_05.pkl,1384
KIT/969/Trial_05.pkl,1385
KIT/969/Trial_05.pkl,1386
KIT/969/Trial_05.pkl,1387
KIT/969/Trial_05.pkl,1388
KIT/969/Trial_05.pkl,1389
KIT/969/Trial_05.pkl,1390
KIT/969/Trial_05.pkl,1391
KIT/969/Trial_05.pkl,1392
KIT/969/Trial_05.pkl,1393
KIT/969/Trial_05.pkl,1394
KIT/969/Trial_05.pkl,1395
KIT/969/Trial_05.pkl,1396
KIT/969/Trial_05.pkl,1397
KIT/969/Trial_05.pkl,1398
KIT/969/Trial_05.pkl,1399
KIT/969/Trial_05.pkl,1400
KIT/969/Trial_05.pkl,1401
KIT/969/Trial_05.pkl,1402
KIT/969/Trial_05.pkl,1403
KIT/969/Trial_05.pkl,1404
KIT/969/Trial_05.pkl,1405
KIT/969/Trial_05.pkl,1406
KIT/969/Trial_05.pkl,1407
KIT/969/Trial_05.pkl,1408
KIT/969/Trial_05.pkl,1409
KIT/969/Trial_05.pkl,1410
KIT/969/Trial_05.pkl,1411
KIT/969/Trial_05.pkl,1412
KIT/969/Trial_05.pkl,1588
KIT/969/Trial_05.pkl,1589
KIT/969/Trial_05.pkl,1590
KIT/969/Trial_05.pkl,1591
KIT/969/Trial_05.pkl,1592
KIT/969/Trial_05.pkl,1593
KIT/969/Trial_05.pkl,1594
KIT/969/Trial_05.pkl,1595
KIT/969/Trial_05.pkl,1596
KIT/969/Trial_05.pkl,1597
KIT/969/Trial_05.pkl,1598
KIT/969/Trial_05.pkl,1599
KIT/969/Trial_05.pkl,1600
KIT/969/Trial_05.pkl,1601
KIT/969/Trial_05.pkl,1602
KIT/969/Trial_05.pkl,1603
KIT/969/Trial_05.pkl,1604
KIT/969/Trial_05.pkl,1605
KIT/969/Trial_05.pkl,1606
KIT/969/Trial_05.pkl,1607
KIT/969/Trial_05.pkl,1608
KIT/969/Trial_05.pkl,1609
KIT/969/Trial_05.pkl,1610
KIT/969/Trial_05.pkl,1611
KIT/969/Trial_05.pkl,1612
KIT/969/Trial_05.pkl,1613
KIT/969/Trial_05.pkl,1614
KIT/969/Trial_05.pkl,1615
KIT/969/Trial_05.pkl,1616
KIT/969/Trial_05.pkl,1617
KIT/969/Trial_05.pkl,1618
KIT/969/Trial_05.pkl,1619
KIT/969/Trial_05.pkl,1620
KIT/969/Trial_05.pkl,1621
KIT/969/Trial_05.pkl,1622
KIT/969/Trial_05.pkl,1623
KIT/969/Trial_05.pkl,1624
KIT/969/Trial_05.pkl,1625
KIT/969/Trial_05.pkl,1626
KIT/969/Trial_05.pkl,1627
KIT/969/Trial_05.pkl,1628
KIT/969/Trial_05.pkl,1629
KIT/969/Trial_05.pkl,1630
KIT/969/Trial_05.pkl,1631
KIT/969/Trial_05.pkl,1632
KIT/969/Trial_05.pkl,1633
KIT/969/Trial_05.pkl,1634
KIT/969/Trial_05.pkl,1635
KIT/969/Trial_05.pkl,1636
KIT/969/Trial_05.pkl,1637
KIT/969/Trial_05.pkl,1638
KIT/969/Trial_05.pkl,1639
KIT/969/Trial_05.pkl,1640
KIT/969/Trial_05.pkl,1641
KIT/969/Trial_05.pkl,1642
KIT/969/Trial_05.pkl,1643
KIT/969/Trial_05.pkl,1644
KIT/969/Trial_05.pkl,1645
KIT/969/Trial_05.pkl,1646
KIT/969/Trial_05.pkl,1647
KIT/969/Trial_05.pkl,1648
KIT/969/Trial_05.pkl,1649
KIT/969/Trial_05.pkl,1650
KIT/969/Trial_05.pkl,1651
KIT/969/Trial_05.pkl,1652
KIT/969/Trial_05.pkl,1653
KIT/969/Trial_05.pkl,1654
KIT/969/Trial_05.pkl,2256
KIT/969/Trial_05.pkl,2257
KIT/969/Trial_05.pkl,2258
KIT/969/Trial_05.pkl,2259
KIT/969/Trial_05.pkl,2260
KIT/969/Trial_05.pkl,2261
KIT/969/Trial_05.pkl,2262
KIT/969/Trial_05.pkl,2263
KIT/969/Trial_05.pkl,2264
KIT/969/Trial_05.pkl,2265
KIT/969/Trial_05.pkl,2266
KIT/969/Trial_05.pkl,2267
KIT/969/Trial_05.pkl,2268
KIT/969/Trial_05.pkl,2269
KIT/969/Trial_05.pkl,2270
KIT/969/Trial_05.pkl,2271
KIT/969/Trial_05.pkl,2272
KIT/969/Trial_05.pkl,2273
KIT/969/Trial_05.pkl,2274
KIT/969/Trial_05.pkl,2275
KIT/969/Trial_05.pkl,2276
KIT/969/Trial_05.pkl,2277
KIT/969/Trial_05.pkl,2278
KIT/969/Trial_05.pkl,2279
KIT/969/Trial_05.pkl,2280
KIT/969/Trial_05.pkl,2281
KIT/969/Trial_05.pkl,2282
KIT/969/Trial_05.pkl,2283
KIT/969/Trial_05.pkl,2284
KIT/969/Trial_05.pkl,2285
KIT/969/Trial_05.pkl,2286
KIT/969/Trial_05.pkl,2287
KIT/969/Trial_05.pkl,2288
KIT/969/Trial_05.pkl,2289
KIT/969/Trial_05.pkl,2290
KIT/969/Trial_05.pkl,2291
KIT/969/Trial_05.pkl,2292
KIT/969/Trial_05.pkl,2293
KIT/969/Trial_05.pkl,2294
KIT/969/Trial_05.pkl,2295
KIT/969/Trial_05.pkl,2296
KIT/969/Trial_05.pkl,2297
KIT/969/Trial_05.pkl,2298
KIT/969/Trial_05.pkl,2299
KIT/969/Trial_05.pkl,2300
KIT/969/Trial_05.pkl,2301
KIT/969/Trial_05.pkl,2302
KIT/969/Trial_05.pkl,2303
KIT/969/Trial_05.pkl,2304
KIT/969/Trial_05.pkl,2305
KIT/969/Trial_05.pkl,2306
KIT/969/Trial_05.pkl,2307
KIT/969/Trial_05.pkl,2308
KIT/969/Trial_05.pkl,2309
KIT/969/Trial_05.pkl,2310
KIT/969/Trial_05.pkl,2311
KIT/969/Trial_05.pkl,2312
KIT/969/Trial_05.pkl,2313
KIT/969/Trial_05.pkl,2314
KIT/969/Trial_05.pkl,2315
KIT/969/Trial_05.pkl,2316
KIT/969/Trial_05.pkl,2317
KIT/969/Trial_05.pkl,2318
KIT/969/Trial_05.pkl,2319
KIT/969/Trial_05.pkl,2320
KIT/969/Trial_05.pkl,2321
KIT/969/Trial_05.pkl,2322
KIT/969/Trial_05.pkl,2323
KIT/969/Trial_05.pkl,2324
KIT/969/Trial_05.pkl,2325
KIT/969/Trial_05.pkl,2326
KIT/969/Trial_05.pkl,2327
KIT/969/Trial_05.pkl,2328
KIT/969/Trial_05.pkl,2329
KIT/969/Trial_05.pkl,2330
KIT/969/Trial_05.pkl,2331
KIT/969/Trial_05.pkl,2332
KIT/969/Trial_05.pkl,2333
KIT/969/Trial_05.pkl,2334
KIT/969/Trial_05.pkl,2426
KIT/969/Trial_05.pkl,2427
KIT/969/Trial_05.pkl,2428
KIT/969/Trial_05.pkl,2429
KIT/969/Trial_05.pkl,2430
KIT/969/Trial_05.pkl,2431
KIT/969/Trial_05.pkl,2432
KIT/969/Trial_05.pkl,2433
KIT/969/Trial_05.pkl,2434
KIT/969/Trial_05.pkl,2435
KIT/969/Trial_05.pkl,2436
KIT/969/Trial_05.pkl,2437
KIT/969/Trial_05.pkl,2438
KIT/969/Trial_05.pkl,2439
KIT/969/Trial_05.pkl,2440
KIT/969/Trial_05.pkl,2441
KIT/969/Trial_05.pkl,2442
KIT/969/Trial_05.pkl,2443
KIT/969/Trial_05.pkl,2444
KIT/969/Trial_05.pkl,2445
KIT/969/Trial_05.pkl,2446
KIT/969/Trial_05.pkl,2447
KIT/969/Trial_05.pkl,2576
KIT/969/Trial_05.pkl,2577
KIT/969/Trial_05.pkl,2578
KIT/969/Trial_05.pkl,2579
KIT/969/Trial_05.pkl,2580
KIT/969/Trial_05.pkl,2581
KIT/969/Trial_05.pkl,2582
KIT/969/Trial_05.pkl,2583
KIT/969/Trial_05.pkl,2584
KIT/969/Trial_05.pkl,2585
KIT/969/Trial_05.pkl,2586
KIT/969/Trial_05.pkl,2587
KIT/969/Trial_05.pkl,2588
KIT/969/Trial_05.pkl,2589
KIT/969/Trial_05.pkl,2590
KIT/969/Trial_05.pkl,2591
KIT/969/Trial_05.pkl,2592
KIT/969/Trial_05.pkl,2593
KIT/969/Trial_05.pkl,2594
KIT/969/Trial_05.pkl,2595
KIT/969/Trial_05.pkl,2596
KIT/969/Trial_05.pkl,2597
KIT/969/Trial_05.pkl,2598
KIT/969/Trial_05.pkl,2599
KIT/969/Trial_05.pkl,2600
KIT/969/Trial_05.pkl,2601
KIT/969/Trial_05.pkl,2602
KIT/969/Trial_05.pkl,2603
KIT/969/Trial_05.pkl,2604
KIT/969/Trial_05.pkl,2605
KIT/969/Trial_05.pkl,2606
KIT/969/Trial_05.pkl,2607
KIT/969/Trial_05.pkl,2608
KIT/969/Trial_05.pkl,2609
KIT/969/Trial_05.pkl,2610
KIT/969/Trial_05.pkl,2611
KIT/969/Trial_05.pkl,2612
KIT/969/Trial_05.pkl,2613
KIT/969/Trial_05.pkl,2614
KIT/969/Trial_05.pkl,2615
KIT/969/Trial_05.pkl,2616
KIT/969/Trial_05.pkl,2617
KIT/969/Trial_05.pkl,2618
KIT/969/Trial_05.pkl,2619
KIT/969/Trial_05.pkl,2620
KIT/969/Trial_05.pkl,2621
KIT/969/Trial_05.pkl,2622
KIT/969/Trial_05.pkl,2623
KIT/969/Trial_05.pkl,2624
KIT/969/Trial_05.pkl,2625
KIT/969/Trial_05.pkl,2626
KIT/969/Trial_05.pkl,2627
KIT/969/Trial_05.pkl,2628
KIT/969/Trial_05.pkl,2629
KIT/969/Trial_05.pkl,2630
KIT/969/Trial_05.pkl,2631
KIT/969/Trial_05.pkl,2632
KIT/969/Trial_05.pkl,2633
KIT/969/Trial_05.pkl,2634
KIT/969/Trial_05.pkl,2635
KIT/969/Trial_05.pkl,2636
KIT/969/Trial_05.pkl,2637
KIT/969/Trial_05.pkl,2638
KIT/969/Trial_05.pkl,2639
KIT/969/Trial_05.pkl,2640
KIT/969/Trial_05.pkl,2641
KIT/969/Trial_05.pkl,2642
KIT/969/Trial_05.pkl,2734
KIT/969/Trial_05.pkl,2735
KIT/969/Trial_05.pkl,2736
KIT/969/Trial_05.pkl,2737
KIT/969/Trial_05.pkl,2738
KIT/969/Trial_05.pkl,2739
KIT/969/Trial_05.pkl,2740
KIT/969/Trial_05.pkl,2741
KIT/969/Trial_05.pkl,2742
KIT/969/Trial_05.pkl,2743
KIT/969/Trial_05.pkl,2744
KIT/969/Trial_05.pkl,2745
KIT/969/Trial_05.pkl,2746
KIT/969/Trial_05.pkl,2747
KIT/969/Trial_05.pkl,2748
KIT/969/Trial_05.pkl,2749
KIT/969/Trial_05.pkl,2750
KIT/969/Trial_05.pkl,2751
KIT/969/Trial_05.pkl,2752
KIT/969/Trial_05.pkl,2753
KIT/969/Trial_05.pkl,2754
KIT/969/Trial_05.pkl,2755
KIT/969/Trial_05.pkl,2756
KIT/969/Trial_05.pkl,2757
KIT/969/Trial_05.pkl,2758
KIT/969/Trial_05.pkl,2759
KIT/969/Trial_05.pkl,2760
KIT/969/Trial_05.pkl,2761
KIT/969/Trial_05.pkl,2762
KIT/969/Trial_05.pkl,2763
KIT/969/Trial_05.pkl,2764
KIT/969/Trial_05.pkl,2765
KIT/969/Trial_05.pkl,2766
KIT/969/Trial_05.pkl,2767
KIT/969/Trial_05.pkl,2919
KIT/969/Trial_05.pkl,2920
KIT/969/Trial_05.pkl,2921
KIT/969/Trial_05.pkl,2922
KIT/969/Trial_05.pkl,2923
KIT/969/Trial_05.pkl,2924
KIT/969/Trial_05.pkl,2925
KIT/969/Trial_05.pkl,2926
KIT/969/Trial_05.pkl,2927
KIT/969/Trial_05.pkl,2928
KIT/969/Trial_05.pkl,2929
KIT/969/Trial_05.pkl,2930
KIT/969/Trial_05.pkl,2931
KIT/969/Trial_05.pkl,2932
KIT/969/Trial_05.pkl,2933
KIT/969/Trial_05.pkl,2934
KIT/969/Trial_05.pkl,2935
KIT/969/Trial_05.pkl,2936
KIT/969/Trial_05.pkl,2937
KIT/969/Trial_05.pkl,2938
KIT/969/Trial_05.pkl,2939
KIT/969/Trial_05.pkl,2940
KIT/969/Trial_05.pkl,2941
KIT/969/Trial_05.pkl,2942
KIT/969/Trial_05.pkl,2943
KIT/969/Trial_05.pkl,2944
KIT/969/Trial_05.pkl,2945
KIT/969/Trial_05.pkl,2946
KIT/969/Trial_05.pkl,2947
KIT/969/Trial_05.pkl,3031
KIT/969/Trial_05.pkl,3032
KIT/969/Trial_05.pkl,3033
KIT/969/Trial_05.pkl,3034
KIT/969/Trial_05.pkl,3035
KIT/969/Trial_05.pkl,3036
KIT/969/Trial_05.pkl,3037
KIT/969/Trial_05.pkl,3038
KIT/969/Trial_05.pkl,3039
KIT/969/Trial_05.pkl,3040
KIT/969/Trial_05.pkl,3041
KIT/969/Trial_05.pkl,3042
KIT/969/Trial_05.pkl,3043
KIT/969/Trial_05.pkl,3044
KIT/969/Trial_05.pkl,3045
KIT/969/Trial_05.pkl,3046
KIT/969/Trial_05.pkl,3047
KIT/969/Trial_05.pkl,3048
KIT/969/Trial_05.pkl,3049
KIT/969/Trial_05.pkl,3050
KIT/969/Trial_05.pkl,3051
KIT/969/Trial_05.pkl,3052
KIT/969/Trial_05.pkl,3053
KIT/969/Trial_05.pkl,3054
KIT/969/Trial_05.pkl,3055
KIT/969/Trial_05.pkl,3056
KIT/969/Trial_05.pkl,3057
KIT/969/Trial_05.pkl,3058
KIT/969/Trial_05.pkl,3059
KIT/969/Trial_05.pkl,3060
KIT/969/Trial_05.pkl,3061
KIT/969/Trial_05.pkl,3062
KIT/969/Trial_05.pkl,3063
KIT/969/Trial_05.pkl,3064
KIT/969/Trial_05.pkl,3065
KIT/969/Trial_05.pkl,3066
KIT/969/Trial_05.pkl,3067
KIT/969/Trial_05.pkl,3068
KIT/969/Trial_05.pkl,3069
KIT/969/Trial_05.pkl,3070
KIT/969/Trial_05.pkl,3071
KIT/969/Trial_05.pkl,3072
KIT/969/Trial_05.pkl,3073
KIT/969/Trial_05.pkl,3074
KIT/969/Trial_05.pkl,3075
KIT/969/Trial_05.pkl,3076
KIT/969/Trial_05.pkl,3077
KIT/969/Trial_05.pkl,3171
KIT/969/Trial_05.pkl,3172
KIT/969/Trial_05.pkl,3173
KIT/969/Trial_05.pkl,3174
KIT/969/Trial_05.pkl,3175
KIT/969/Trial_05.pkl,3176
KIT/969/Trial_05.pkl,3177
KIT/969/Trial_05.pkl,3178
KIT/969/Trial_05.pkl,3179
KIT/969/Trial_05.pkl,3180
KIT/969/Trial_05.pkl,3181
KIT/969/Trial_05.pkl,3182
KIT/969/Trial_05.pkl,3183
KIT/969/Trial_05.pkl,3184
KIT/969/Trial_05.pkl,3185
KIT/969/Trial_05.pkl,3186
KIT/969/Trial_05.pkl,3187
KIT/969/Trial_05.pkl,3188
KIT/969/Trial_05.pkl,3189
KIT/969/Trial_05.pkl,3190
KIT/969/Trial_05.pkl,3191
KIT/969/Trial_05.pkl,3192
KIT/969/Trial_05.pkl,3193
KIT/969/Trial_05.pkl,3194
KIT/969/Trial_05.pkl,3195
KIT/969/Trial_05.pkl,3196
KIT/969/Trial_05.pkl,3197
KIT/969/Trial_05.pkl,3198
KIT/969/Trial_05.pkl,3199
KIT/969/Trial_05.pkl,3200
KIT/969/Trial_05.pkl,3201
KIT/969/Trial_05.pkl,3202
KIT/969/Trial_05.pkl,3203
KIT/969/Trial_05.pkl,3204
KIT/969/Trial_05.pkl,3205
KIT/969/Trial_05.pkl,3206
KIT/969/Trial_05.pkl,3207
KIT/969/Trial_05.pkl,3208
KIT/969/Trial_05.pkl,3209
KIT/969/Trial_05.pkl,3210
KIT/969/Trial_05.pkl,3211
KIT/969/Trial_05.pkl,3212
KIT/969/Trial_05.pkl,3213
KIT/969/Trial_05.pkl,3214
KIT/969/Trial_05.pkl,3215
KIT/969/Trial_05.pkl,3216
KIT/969/Trial_05.pkl,3217
KIT/969/Trial_05.pkl,3331
KIT/969/Trial_05.pkl,3332
KIT/969/Trial_05.pkl,3333
KIT/969/Trial_05.pkl,3334
KIT/969/Trial_05.pkl,3335
KIT/969/Trial_05.pkl,3336
KIT/969/Trial_05.pkl,3337
KIT/969/Trial_05.pkl,3338
KIT/969/Trial_05.pkl,3339
KIT/969/Trial_05.pkl,3340
KIT/969/Trial_05.pkl,3341
KIT/969/Trial_05.pkl,3342
KIT/969/Trial_05.pkl,3343
KIT/969/Trial_05.pkl,3344
KIT/969/Trial_05.pkl,3345
KIT/969/Trial_05.pkl,3346
KIT/969/Trial_05.pkl,3347
KIT/969/Trial_05.pkl,3348
KIT/969/Trial_05.pkl,3349
KIT/969/Trial_05.pkl,3350
KIT/969/Trial_05.pkl,3351
KIT/969/Trial_05.pkl,3352
KIT/969/Trial_05.pkl,3353
KIT/969/Trial_05.pkl,3354
KIT/969/Trial_05.pkl,3355
KIT/969/Trial_05.pkl,3356
KIT/969/Trial_05.pkl,3357
KIT/969/Trial_05.pkl,3358
KIT/969/Trial_05.pkl,3359
KIT/969/Trial_05.pkl,3360
KIT/969/Trial_05.pkl,3361
KIT/969/Trial_05.pkl,3362
KIT/969/Trial_05.pkl,3363
KIT/969/Trial_05.pkl,3364
KIT/969/Trial_05.pkl,3365
KIT/969/Trial_05.pkl,3366
KIT/969/Trial_05.pkl,3367
KIT/969/Trial_05.pkl,3368
KIT/969/Trial_05.pkl,3369
KIT/969/Trial_05.pkl,4061
KIT/969/Trial_05.pkl,4062
KIT/969/Trial_05.pkl,4063
KIT/969/Trial_05.pkl,4064
KIT/969/Trial_05.pkl,4065
KIT/969/Trial_05.pkl,4066
KIT/969/Trial_05.pkl,4067
KIT/969/Trial_05.pkl,4068
KIT/969/Trial_27.pkl,250
KIT/969/Trial_27.pkl,251
KIT/969/Trial_27.pkl,252
KIT/969/Trial_27.pkl,253
KIT/969/Trial_27.pkl,254
KIT/969/Trial_27.pkl,255
KIT/969/Trial_27.pkl,256
KIT/969/Trial_27.pkl,257
KIT/969/Trial_27.pkl,258
KIT/969/Trial_27.pkl,259
KIT/969/Trial_27.pkl,260
KIT/969/Trial_27.pkl,261
KIT/969/Trial_27.pkl,262
KIT/969/Trial_27.pkl,263
KIT/969/Trial_27.pkl,264
KIT/969/Trial_27.pkl,265
KIT/969/Trial_27.pkl,266
KIT/969/Trial_27.pkl,267
KIT/969/Trial_27.pkl,268
KIT/969/Trial_27.pkl,269
KIT/969/Trial_27.pkl,270
KIT/969/Trial_27.pkl,271
KIT/969/Trial_27.pkl,272
KIT/969/Trial_27.pkl,273
KIT/969/Trial_27.pkl,274
KIT/969/Trial_27.pkl,275
KIT/969/Trial_27.pkl,276
KIT/969/Trial_27.pkl,277
KIT/969/Trial_27.pkl,278
KIT/969/Trial_27.pkl,279
KIT/969/Trial_27.pkl,280
KIT/969/Trial_27.pkl,281
KIT/969/Trial_27.pkl,282
KIT/969/Trial_27.pkl,283
KIT/969/Trial_27.pkl,284
KIT/969/Trial_27.pkl,285
KIT/969/Trial_27.pkl,286
KIT/969/Trial_27.pkl,287
KIT/969/Trial_27.pkl,288
KIT/969/Trial_27.pkl,289
KIT/969/Trial_27.pkl,290
KIT/969/Trial_27.pkl,291
KIT/969/Trial_27.pkl,292
KIT/969/Trial_27.pkl,293
KIT/969/Trial_57.pkl,43
KIT/969/Trial_57.pkl,44
KIT/969/Trial_57.pkl,45
KIT/969/Trial_57.pkl,46
KIT/969/Trial_57.pkl,47
KIT/969/Trial_57.pkl,48
KIT/969/Trial_57.pkl,49
MPI_HDM05/dg/HDM_dg_02-03_02_120.pkl,334
MPI_HDM05/dg/HDM_dg_02-03_02_120.pkl,335
MPI_HDM05/dg/HDM_dg_02-03_02_120.pkl,336
MPI_HDM05/dg/HDM_dg_02-03_02_120.pkl,337
MPI_HDM05/dg/HDM_dg_02-03_02_120.pkl,338
MPI_HDM05/dg/HDM_dg_02-03_02_120.pkl,418
MPI_HDM05/dg/HDM_dg_02-03_02_120.pkl,419
MPI_HDM05/dg/HDM_dg_02-03_02_120.pkl,420
MPI_HDM05/dg/HDM_dg_02-03_02_120.pkl,421
