rel_pkl,source_chunk_idx
BMLmovi/Subject_17_F_MoSh/Subject_17_F_9.pkl,103
BMLmovi/Subject_17_F_MoSh/Subject_17_F_9.pkl,104
BMLmovi/Subject_17_F_MoSh/Subject_17_F_9.pkl,105
BMLmovi/Subject_21_F_MoSh/Subject_21_F_3.pkl,0
BMLmovi/Subject_21_F_MoSh/Subject_21_F_3.pkl,1
BMLmovi/Subject_21_F_MoSh/Subject_21_F_3.pkl,2
BMLmovi/Subject_21_F_MoSh/Subject_21_F_3.pkl,3
BMLmovi/Subject_21_F_MoSh/Subject_21_F_3.pkl,4
BMLmovi/Subject_21_F_MoSh/Subject_21_F_3.pkl,5
BMLmovi/Subject_21_F_MoSh/Subject_21_F_3.pkl,6
BMLmovi/Subject_21_F_MoSh/Subject_21_F_3.pkl,7
BMLmovi/Subject_21_F_MoSh/Subject_21_F_3.pkl,8
BMLmovi/Subject_21_F_MoSh/Subject_21_F_3.pkl,9
BMLmovi/Subject_25_F_MoSh/Subject_25_F_18.pkl,121
BMLmovi/Subject_25_F_MoSh/Subject_25_F_18.pkl,122
BMLmovi/Subject_25_F_MoSh/Subject_25_F_18.pkl,123
BMLmovi/Subject_30_F_MoSh/Subject_30_F_14.pkl,48
BMLmovi/Subject_30_F_MoSh/Subject_30_F_14.pkl,49
BMLmovi/Subject_30_F_MoSh/Subject_30_F_14.pkl,50
BMLmovi/Subject_30_F_MoSh/Subject_30_F_14.pkl,51
BMLmovi/Subject_30_F_MoSh/Subject_30_F_14.pkl,52
BMLmovi/Subject_30_F_MoSh/Subject_30_F_14.pkl,53
BMLmovi/Subject_30_F_MoSh/Subject_30_F_14.pkl,54
BMLmovi/Subject_30_F_MoSh/Subject_30_F_14.pkl,55
BMLmovi/Subject_30_F_MoSh/Subject_30_F_14.pkl,56
BMLmovi/Subject_30_F_MoSh/Subject_30_F_14.pkl,57
BMLmovi/Subject_30_F_MoSh/Subject_30_F_14.pkl,168
BMLmovi/Subject_30_F_MoSh/Subject_30_F_14.pkl,169
BMLmovi/Subject_30_F_MoSh/Subject_30_F_14.pkl,170
BMLmovi/Subject_30_F_MoSh/Subject_30_F_14.pkl,171
BMLmovi/Subject_40_F_MoSh/Subject_40_F_18.pkl,128
BMLmovi/Subject_40_F_MoSh/Subject_40_F_18.pkl,129
BMLmovi/Subject_40_F_MoSh/Subject_40_F_18.pkl,130
BMLmovi/Subject_40_F_MoSh/Subject_40_F_18.pkl,131
BMLmovi/Subject_40_F_MoSh/Subject_40_F_18.pkl,132
BMLmovi/Subject_40_F_MoSh/Subject_40_F_18.pkl,133
BMLmovi/Subject_40_F_MoSh/Subject_40_F_18.pkl,134
BMLmovi/Subject_40_F_MoSh/Subject_40_F_18.pkl,135
BMLmovi/Subject_40_F_MoSh/Subject_40_F_18.pkl,136
BMLmovi/Subject_40_F_MoSh/Subject_40_F_18.pkl,137
BMLmovi/Subject_40_F_MoSh/Subject_40_F_18.pkl,138
BMLmovi/Subject_40_F_MoSh/Subject_40_F_18.pkl,139
BMLmovi/Subject_40_F_MoSh/Subject_40_F_18.pkl,140
BMLmovi/Subject_40_F_MoSh/Subject_40_F_18.pkl,141
BMLmovi/Subject_40_F_MoSh/Subject_40_F_18.pkl,142
BMLmovi/Subject_40_F_MoSh/Subject_40_F_18.pkl,143
BMLmovi/Subject_40_F_MoSh/Subject_40_F_18.pkl,144
BMLmovi/Subject_40_F_MoSh/Subject_40_F_18.pkl,145
BMLmovi/Subject_40_F_MoSh/Subject_40_F_18.pkl,146
BMLmovi/Subject_40_F_MoSh/Subject_40_F_18.pkl,147
BMLmovi/Subject_40_F_MoSh/Subject_40_F_18.pkl,148
BMLmovi/Subject_40_F_MoSh/Subject_40_F_18.pkl,149
BMLmovi/Subject_40_F_MoSh/Subject_40_F_18.pkl,150
BMLmovi/Subject_40_F_MoSh/Subject_40_F_18.pkl,151
BMLmovi/Subject_40_F_MoSh/Subject_40_F_18.pkl,152
BMLmovi/Subject_54_F_MoSh/Subject_54_F_4.pkl,52
BMLmovi/Subject_54_F_MoSh/Subject_54_F_4.pkl,53
BMLmovi/Subject_54_F_MoSh/Subject_54_F_4.pkl,54
BMLmovi/Subject_54_F_MoSh/Subject_54_F_4.pkl,55
BMLmovi/Subject_54_F_MoSh/Subject_54_F_4.pkl,56
BMLmovi/Subject_54_F_MoSh/Subject_54_F_4.pkl,57
BMLmovi/Subject_54_F_MoSh/Subject_54_F_4.pkl,58
BMLmovi/Subject_54_F_MoSh/Subject_54_F_4.pkl,59
BMLmovi/Subject_54_F_MoSh/Subject_54_F_4.pkl,143
BMLmovi/Subject_54_F_MoSh/Subject_54_F_4.pkl,144
BMLmovi/Subject_54_F_MoSh/Subject_54_F_4.pkl,145
BMLmovi/Subject_54_F_MoSh/Subject_54_F_4.pkl,146
BMLmovi/Subject_54_F_MoSh/Subject_54_F_4.pkl,147
BMLmovi/Subject_54_F_MoSh/Subject_54_F_4.pkl,148
BMLmovi/Subject_54_F_MoSh/Subject_54_F_4.pkl,149
BMLmovi/Subject_57_F_MoSh/Subject_57_F_14.pkl,26
BMLmovi/Subject_57_F_MoSh/Subject_57_F_14.pkl,27
BMLmovi/Subject_57_F_MoSh/Subject_57_F_14.pkl,28
BMLmovi/Subject_57_F_MoSh/Subject_57_F_14.pkl,29
BMLmovi/Subject_57_F_MoSh/Subject_57_F_14.pkl,30
BMLmovi/Subject_57_F_MoSh/Subject_57_F_14.pkl,31
BMLmovi/Subject_58_F_MoSh/Subject_58_F_4.pkl,8
BMLmovi/Subject_58_F_MoSh/Subject_58_F_4.pkl,9
BMLmovi/Subject_58_F_MoSh/Subject_58_F_4.pkl,10
BMLmovi/Subject_58_F_MoSh/Subject_58_F_4.pkl,11
BMLmovi/Subject_58_F_MoSh/Subject_58_F_4.pkl,12
BMLmovi/Subject_58_F_MoSh/Subject_58_F_4.pkl,13
BMLmovi/Subject_58_F_MoSh/Subject_58_F_4.pkl,14
BMLmovi/Subject_58_F_MoSh/Subject_58_F_4.pkl,15
BMLmovi/Subject_58_F_MoSh/Subject_58_F_4.pkl,16
BMLmovi/Subject_58_F_MoSh/Subject_58_F_4.pkl,17
BMLmovi/Subject_58_F_MoSh/Subject_58_F_4.pkl,18
BMLmovi/Subject_58_F_MoSh/Subject_58_F_4.pkl,19
BMLmovi/Subject_58_F_MoSh/Subject_58_F_4.pkl,20
BMLmovi/Subject_58_F_MoSh/Subject_58_F_4.pkl,21
BMLmovi/Subject_58_F_MoSh/Subject_58_F_4.pkl,22
BMLmovi/Subject_64_F_MoSh/Subject_64_F_9.pkl,89
BMLmovi/Subject_64_F_MoSh/Subject_64_F_9.pkl,90
BMLmovi/Subject_64_F_MoSh/Subject_64_F_9.pkl,91
BMLmovi/Subject_64_F_MoSh/Subject_64_F_9.pkl,92
BMLmovi/Subject_64_F_MoSh/Subject_64_F_9.pkl,93
BMLmovi/Subject_64_F_MoSh/Subject_64_F_9.pkl,94
BMLmovi/Subject_64_F_MoSh/Subject_64_F_9.pkl,95
BMLmovi/Subject_64_F_MoSh/Subject_64_F_9.pkl,96
BMLmovi/Subject_64_F_MoSh/Subject_64_F_9.pkl,97
BMLmovi/Subject_64_F_MoSh/Subject_64_F_9.pkl,98
BMLmovi/Subject_64_F_MoSh/Subject_64_F_9.pkl,99
BMLmovi/Subject_64_F_MoSh/Subject_64_F_9.pkl,100
BMLmovi/Subject_64_F_MoSh/Subject_64_F_9.pkl,101
BMLmovi/Subject_64_F_MoSh/Subject_64_F_9.pkl,102
BMLmovi/Subject_64_F_MoSh/Subject_64_F_9.pkl,103
BMLmovi/Subject_64_F_MoSh/Subject_64_F_9.pkl,104
BMLmovi/Subject_64_F_MoSh/Subject_64_F_9.pkl,105
BMLmovi/Subject_64_F_MoSh/Subject_64_F_9.pkl,106
BMLmovi/Subject_64_F_MoSh/Subject_64_F_9.pkl,107
BMLmovi/Subject_64_F_MoSh/Subject_64_F_9.pkl,108
BMLmovi/Subject_64_F_MoSh/Subject_64_F_9.pkl,109
BMLmovi/Subject_64_F_MoSh/Subject_64_F_9.pkl,110
BMLmovi/Subject_64_F_MoSh/Subject_64_F_9.pkl,111
BMLmovi/Subject_64_F_MoSh/Subject_64_F_9.pkl,112
BMLmovi/Subject_64_F_MoSh/Subject_64_F_9.pkl,113
BMLmovi/Subject_64_F_MoSh/Subject_64_F_9.pkl,114
BMLmovi/Subject_64_F_MoSh/Subject_64_F_9.pkl,115
BMLmovi/Subject_64_F_MoSh/Subject_64_F_9.pkl,116
BMLmovi/Subject_64_F_MoSh/Subject_64_F_9.pkl,117
BMLmovi/Subject_64_F_MoSh/Subject_64_F_9.pkl,118
BMLmovi/Subject_64_F_MoSh/Subject_64_F_9.pkl,119
BMLmovi/Subject_64_F_MoSh/Subject_64_F_9.pkl,120
BMLmovi/Subject_64_F_MoSh/Subject_64_F_9.pkl,121
BMLmovi/Subject_64_F_MoSh/Subject_64_F_9.pkl,122
BMLmovi/Subject_64_F_MoSh/Subject_64_F_9.pkl,123
BMLmovi/Subject_68_F_MoSh/Subject_68_F_16.pkl,62
BMLmovi/Subject_68_F_MoSh/Subject_68_F_16.pkl,63
BMLmovi/Subject_68_F_MoSh/Subject_68_F_16.pkl,64
BMLmovi/Subject_68_F_MoSh/Subject_68_F_16.pkl,65
BMLmovi/Subject_68_F_MoSh/Subject_68_F_16.pkl,66
BMLmovi/Subject_68_F_MoSh/Subject_68_F_16.pkl,67
BMLmovi/Subject_68_F_MoSh/Subject_68_F_16.pkl,68
BMLmovi/Subject_68_F_MoSh/Subject_68_F_16.pkl,69
BMLmovi/Subject_68_F_MoSh/Subject_68_F_16.pkl,70
BMLmovi/Subject_68_F_MoSh/Subject_68_F_16.pkl,142
BMLmovi/Subject_68_F_MoSh/Subject_68_F_16.pkl,143
BMLmovi/Subject_68_F_MoSh/Subject_68_F_16.pkl,144
BMLmovi/Subject_68_F_MoSh/Subject_68_F_16.pkl,145
BMLmovi/Subject_68_F_MoSh/Subject_68_F_16.pkl,146
BMLmovi/Subject_68_F_MoSh/Subject_68_F_16.pkl,147
BMLmovi/Subject_73_F_MoSh/Subject_73_F_7.pkl,43
BMLmovi/Subject_73_F_MoSh/Subject_73_F_7.pkl,44
BMLmovi/Subject_73_F_MoSh/Subject_73_F_7.pkl,45
BMLmovi/Subject_73_F_MoSh/Subject_73_F_7.pkl,46
BMLmovi/Subject_73_F_MoSh/Subject_73_F_7.pkl,47
BMLmovi/Subject_73_F_MoSh/Subject_73_F_7.pkl,249
BMLmovi/Subject_73_F_MoSh/Subject_73_F_7.pkl,250
BMLmovi/Subject_73_F_MoSh/Subject_73_F_7.pkl,251
BMLmovi/Subject_73_F_MoSh/Subject_73_F_7.pkl,252
BMLmovi/Subject_73_F_MoSh/Subject_73_F_7.pkl,253
BMLmovi/Subject_73_F_MoSh/Subject_73_F_7.pkl,254
BMLmovi/Subject_73_F_MoSh/Subject_73_F_7.pkl,255
BMLmovi/Subject_74_F_MoSh/Subject_74_F_10.pkl,75
BMLmovi/Subject_74_F_MoSh/Subject_74_F_10.pkl,76
BMLmovi/Subject_74_F_MoSh/Subject_74_F_10.pkl,77
BMLmovi/Subject_74_F_MoSh/Subject_74_F_10.pkl,78
BMLmovi/Subject_74_F_MoSh/Subject_74_F_10.pkl,163
BMLmovi/Subject_82_F_MoSh/Subject_82_F_12.pkl,61
BMLmovi/Subject_82_F_MoSh/Subject_82_F_12.pkl,62
BMLmovi/Subject_82_F_MoSh/Subject_82_F_12.pkl,63
BMLmovi/Subject_82_F_MoSh/Subject_82_F_12.pkl,64
BMLmovi/Subject_82_F_MoSh/Subject_82_F_12.pkl,65
BMLmovi/Subject_82_F_MoSh/Subject_82_F_12.pkl,66
BMLmovi/Subject_82_F_MoSh/Subject_82_F_12.pkl,67
BMLmovi/Subject_82_F_MoSh/Subject_82_F_12.pkl,68
BMLmovi/Subject_82_F_MoSh/Subject_82_F_12.pkl,69
BMLmovi/Subject_82_F_MoSh/Subject_82_F_12.pkl,70
BMLmovi/Subject_82_F_MoSh/Subject_82_F_12.pkl,166
BMLmovi/Subject_82_F_MoSh/Subject_82_F_12.pkl,167
BMLmovi/Subject_82_F_MoSh/Subject_82_F_12.pkl,168
BMLmovi/Subject_82_F_MoSh/Subject_82_F_12.pkl,169
BMLmovi/Subject_82_F_MoSh/Subject_82_F_12.pkl,170
BMLmovi/Subject_82_F_MoSh/Subject_82_F_12.pkl,171
BMLmovi/Subject_82_F_MoSh/Subject_82_F_12.pkl,172
BMLmovi/Subject_82_F_MoSh/Subject_82_F_12.pkl,173
BMLmovi/Subject_82_F_MoSh/Subject_82_F_12.pkl,174
BMLmovi/Subject_82_F_MoSh/Subject_82_F_12.pkl,175
BMLmovi/Subject_82_F_MoSh/Subject_82_F_12.pkl,176
BMLmovi/Subject_82_F_MoSh/Subject_82_F_12.pkl,177
BMLmovi/Subject_82_F_MoSh/Subject_82_F_12.pkl,178
BMLmovi/Subject_82_F_MoSh/Subject_82_F_12.pkl,179
BMLmovi/Subject_82_F_MoSh/Subject_82_F_12.pkl,180
BMLmovi/Subject_82_F_MoSh/Subject_82_F_12.pkl,181
BMLmovi/Subject_82_F_MoSh/Subject_82_F_12.pkl,182
BMLmovi/Subject_82_F_MoSh/Subject_82_F_12.pkl,183
BMLmovi/Subject_82_F_MoSh/Subject_82_F_12.pkl,184
BMLmovi/Subject_82_F_MoSh/Subject_82_F_12.pkl,185
BMLmovi/Subject_82_F_MoSh/Subject_82_F_12.pkl,186
BMLmovi/Subject_82_F_MoSh/Subject_82_F_12.pkl,187
BMLmovi/Subject_85_F_MoSh/Subject_85_F_14.pkl,70
BMLmovi/Subject_85_F_MoSh/Subject_85_F_14.pkl,71
BMLmovi/Subject_85_F_MoSh/Subject_85_F_14.pkl,72
BMLmovi/Subject_85_F_MoSh/Subject_85_F_14.pkl,73
BMLmovi/Subject_85_F_MoSh/Subject_85_F_14.pkl,74
BMLmovi/Subject_85_F_MoSh/Subject_85_F_14.pkl,75
BMLmovi/Subject_85_F_MoSh/Subject_85_F_14.pkl,76
BMLmovi/Subject_85_F_MoSh/Subject_85_F_14.pkl,77
BMLmovi/Subject_85_F_MoSh/Subject_85_F_14.pkl,78
BMLmovi/Subject_85_F_MoSh/Subject_85_F_14.pkl,79
BMLmovi/Subject_85_F_MoSh/Subject_85_F_14.pkl,152
BMLmovi/Subject_85_F_MoSh/Subject_85_F_14.pkl,153
BMLmovi/Subject_85_F_MoSh/Subject_85_F_14.pkl,154
BMLmovi/Subject_85_F_MoSh/Subject_85_F_14.pkl,155
BMLmovi/Subject_85_F_MoSh/Subject_85_F_14.pkl,156
BMLmovi/Subject_85_F_MoSh/Subject_85_F_14.pkl,157
BMLmovi/Subject_85_F_MoSh/Subject_85_F_14.pkl,158
BMLmovi/Subject_85_F_MoSh/Subject_85_F_14.pkl,216
BMLmovi/Subject_85_F_MoSh/Subject_85_F_14.pkl,217
BMLmovi/Subject_85_F_MoSh/Subject_85_F_17.pkl,13
BMLmovi/Subject_85_F_MoSh/Subject_85_F_17.pkl,14
BMLmovi/Subject_85_F_MoSh/Subject_85_F_17.pkl,15
BMLmovi/Subject_85_F_MoSh/Subject_85_F_17.pkl,16
BMLmovi/Subject_85_F_MoSh/Subject_85_F_17.pkl,17
BMLmovi/Subject_85_F_MoSh/Subject_85_F_17.pkl,18
BMLmovi/Subject_85_F_MoSh/Subject_85_F_17.pkl,19
BMLmovi/Subject_85_F_MoSh/Subject_85_F_17.pkl,20
BMLmovi/Subject_85_F_MoSh/Subject_85_F_17.pkl,21
BMLmovi/Subject_85_F_MoSh/Subject_85_F_17.pkl,27
BMLmovi/Subject_85_F_MoSh/Subject_85_F_17.pkl,28
BMLmovi/Subject_85_F_MoSh/Subject_85_F_17.pkl,29
BMLmovi/Subject_85_F_MoSh/Subject_85_F_17.pkl,30
BMLmovi/Subject_85_F_MoSh/Subject_85_F_17.pkl,31
BMLmovi/Subject_85_F_MoSh/Subject_85_F_17.pkl,32
BMLmovi/Subject_85_F_MoSh/Subject_85_F_17.pkl,33
BMLmovi/Subject_85_F_MoSh/Subject_85_F_17.pkl,34
BMLmovi/Subject_85_F_MoSh/Subject_85_F_17.pkl,35
BMLmovi/Subject_85_F_MoSh/Subject_85_F_17.pkl,36
BMLmovi/Subject_85_F_MoSh/Subject_85_F_17.pkl,37
BMLmovi/Subject_85_F_MoSh/Subject_85_F_17.pkl,38
BMLmovi/Subject_85_F_MoSh/Subject_85_F_17.pkl,39
BMLmovi/Subject_85_F_MoSh/Subject_85_F_17.pkl,40
BMLmovi/Subject_85_F_MoSh/Subject_85_F_17.pkl,41
BMLmovi/Subject_85_F_MoSh/Subject_85_F_17.pkl,42
BMLmovi/Subject_85_F_MoSh/Subject_85_F_17.pkl,43
BMLmovi/Subject_85_F_MoSh/Subject_85_F_17.pkl,44
BMLmovi/Subject_85_F_MoSh/Subject_85_F_17.pkl,45
BioMotionLab_NTroje/rub006/0010_knocking2.pkl,108
BioMotionLab_NTroje/rub006/0010_knocking2.pkl,109
BioMotionLab_NTroje/rub006/0010_knocking2.pkl,110
BioMotionLab_NTroje/rub006/0010_knocking2.pkl,111
BioMotionLab_NTroje/rub006/0010_knocking2.pkl,112
BioMotionLab_NTroje/rub006/0010_knocking2.pkl,113
BioMotionLab_NTroje/rub006/0010_knocking2.pkl,114
BioMotionLab_NTroje/rub006/0010_knocking2.pkl,115
BioMotionLab_NTroje/rub006/0010_knocking2.pkl,116
BioMotionLab_NTroje/rub006/0010_knocking2.pkl,117
BioMotionLab_NTroje/rub006/0010_knocking2.pkl,118
BioMotionLab_NTroje/rub006/0010_knocking2.pkl,119
BioMotionLab_NTroje/rub006/0010_knocking2.pkl,120
BioMotionLab_NTroje/rub007/0012_lifting_light1.pkl,103
BioMotionLab_NTroje/rub007/0012_lifting_light1.pkl,104
BioMotionLab_NTroje/rub007/0012_lifting_light1.pkl,105
BioMotionLab_NTroje/rub007/0012_lifting_light1.pkl,106
BioMotionLab_NTroje/rub008/0014_knocking2.pkl,78
BioMotionLab_NTroje/rub008/0014_knocking2.pkl,79
BioMotionLab_NTroje/rub008/0014_knocking2.pkl,80
BioMotionLab_NTroje/rub008/0014_knocking2.pkl,81
BioMotionLab_NTroje/rub008/0014_knocking2.pkl,82
BioMotionLab_NTroje/rub008/0014_knocking2.pkl,83
BioMotionLab_NTroje/rub008/0014_knocking2.pkl,84
BioMotionLab_NTroje/rub008/0014_knocking2.pkl,85
BioMotionLab_NTroje/rub008/0014_knocking2.pkl,86
BioMotionLab_NTroje/rub008/0014_knocking2.pkl,87
BioMotionLab_NTroje/rub008/0014_knocking2.pkl,88
BioMotionLab_NTroje/rub008/0014_knocking2.pkl,89
BioMotionLab_NTroje/rub008/0014_knocking2.pkl,90
BioMotionLab_NTroje/rub008/0014_knocking2.pkl,91
BioMotionLab_NTroje/rub012/0019_lifting_heavy1.pkl,147
BioMotionLab_NTroje/rub012/0019_lifting_heavy1.pkl,148
BioMotionLab_NTroje/rub012/0019_lifting_heavy1.pkl,149
BioMotionLab_NTroje/rub012/0019_lifting_heavy1.pkl,150
BioMotionLab_NTroje/rub012/0019_lifting_heavy1.pkl,151
BioMotionLab_NTroje/rub012/0019_lifting_heavy1.pkl,152
BioMotionLab_NTroje/rub012/0019_lifting_heavy1.pkl,153
BioMotionLab_NTroje/rub012/0019_lifting_heavy1.pkl,154
BioMotionLab_NTroje/rub012/0019_lifting_heavy1.pkl,155
BioMotionLab_NTroje/rub012/0019_lifting_heavy1.pkl,156
BioMotionLab_NTroje/rub012/0019_lifting_heavy1.pkl,157
BioMotionLab_NTroje/rub012/0019_lifting_heavy1.pkl,158
BioMotionLab_NTroje/rub012/0019_lifting_heavy1.pkl,159
BioMotionLab_NTroje/rub014/0013_knocking1.pkl,109
BioMotionLab_NTroje/rub014/0013_knocking1.pkl,110
BioMotionLab_NTroje/rub014/0013_knocking1.pkl,111
BioMotionLab_NTroje/rub014/0013_knocking1.pkl,112
BioMotionLab_NTroje/rub014/0013_knocking1.pkl,113
BioMotionLab_NTroje/rub016/0013_knocking1.pkl,138
BioMotionLab_NTroje/rub016/0013_knocking1.pkl,139
BioMotionLab_NTroje/rub016/0013_knocking1.pkl,140
BioMotionLab_NTroje/rub016/0013_knocking1.pkl,141
BioMotionLab_NTroje/rub016/0013_knocking1.pkl,142
BioMotionLab_NTroje/rub016/0013_knocking1.pkl,143
BioMotionLab_NTroje/rub016/0013_knocking1.pkl,144
BioMotionLab_NTroje/rub016/0013_knocking1.pkl,145
BioMotionLab_NTroje/rub016/0013_knocking1.pkl,146
BioMotionLab_NTroje/rub018/0019_lifting_heavy1.pkl,92
BioMotionLab_NTroje/rub018/0019_lifting_heavy1.pkl,93
BioMotionLab_NTroje/rub018/0019_lifting_heavy1.pkl,94
BioMotionLab_NTroje/rub018/0019_lifting_heavy1.pkl,95
BioMotionLab_NTroje/rub018/0019_lifting_heavy1.pkl,96
BioMotionLab_NTroje/rub018/0019_lifting_heavy1.pkl,97
BioMotionLab_NTroje/rub021/0021_catching_and_throwing.pkl,10
BioMotionLab_NTroje/rub021/0021_catching_and_throwing.pkl,11
BioMotionLab_NTroje/rub021/0021_catching_and_throwing.pkl,12
BioMotionLab_NTroje/rub021/0021_catching_and_throwing.pkl,13
BioMotionLab_NTroje/rub021/0021_catching_and_throwing.pkl,14
BioMotionLab_NTroje/rub021/0021_catching_and_throwing.pkl,15
BioMotionLab_NTroje/rub021/0021_catching_and_throwing.pkl,16
BioMotionLab_NTroje/rub021/0021_catching_and_throwing.pkl,17
BioMotionLab_NTroje/rub021/0021_catching_and_throwing.pkl,18
BioMotionLab_NTroje/rub021/0021_catching_and_throwing.pkl,19
BioMotionLab_NTroje/rub021/0021_catching_and_throwing.pkl,20
BioMotionLab_NTroje/rub021/0021_catching_and_throwing.pkl,21
BioMotionLab_NTroje/rub021/0021_catching_and_throwing.pkl,22
BioMotionLab_NTroje/rub021/0021_catching_and_throwing.pkl,23
BioMotionLab_NTroje/rub021/0021_catching_and_throwing.pkl,24
BioMotionLab_NTroje/rub021/0021_catching_and_throwing.pkl,25
BioMotionLab_NTroje/rub021/0021_catching_and_throwing.pkl,26
BioMotionLab_NTroje/rub021/0021_catching_and_throwing.pkl,27
BioMotionLab_NTroje/rub021/0021_catching_and_throwing.pkl,28
BioMotionLab_NTroje/rub021/0021_catching_and_throwing.pkl,29
BioMotionLab_NTroje/rub021/0021_catching_and_throwing.pkl,30
BioMotionLab_NTroje/rub021/0021_catching_and_throwing.pkl,31
BioMotionLab_NTroje/rub021/0021_catching_and_throwing.pkl,32
BioMotionLab_NTroje/rub021/0021_catching_and_throwing.pkl,33
BioMotionLab_NTroje/rub021/0021_catching_and_throwing.pkl,34
BioMotionLab_NTroje/rub021/0021_catching_and_throwing.pkl,35
BioMotionLab_NTroje/rub021/0021_catching_and_throwing.pkl,36
BioMotionLab_NTroje/rub021/0021_catching_and_throwing.pkl,37
BioMotionLab_NTroje/rub021/0021_catching_and_throwing.pkl,38
BioMotionLab_NTroje/rub021/0021_catching_and_throwing.pkl,39
BioMotionLab_NTroje/rub021/0021_catching_and_throwing.pkl,40
BioMotionLab_NTroje/rub021/0021_catching_and_throwing.pkl,41
BioMotionLab_NTroje/rub021/0021_catching_and_throwing.pkl,42
BioMotionLab_NTroje/rub021/0021_catching_and_throwing.pkl,43
BioMotionLab_NTroje/rub021/0021_catching_and_throwing.pkl,44
BioMotionLab_NTroje/rub021/0021_catching_and_throwing.pkl,45
BioMotionLab_NTroje/rub021/0021_catching_and_throwing.pkl,46
BioMotionLab_NTroje/rub021/0021_catching_and_throwing.pkl,47
BioMotionLab_NTroje/rub021/0021_catching_and_throwing.pkl,48
BioMotionLab_NTroje/rub021/0021_catching_and_throwing.pkl,49
BioMotionLab_NTroje/rub021/0021_catching_and_throwing.pkl,50
BioMotionLab_NTroje/rub021/0021_catching_and_throwing.pkl,51
BioMotionLab_NTroje/rub021/0021_catching_and_throwing.pkl,52
BioMotionLab_NTroje/rub021/0021_catching_and_throwing.pkl,53
BioMotionLab_NTroje/rub021/0021_catching_and_throwing.pkl,54
BioMotionLab_NTroje/rub021/0021_catching_and_throwing.pkl,55
BioMotionLab_NTroje/rub021/0021_catching_and_throwing.pkl,56
BioMotionLab_NTroje/rub021/0021_catching_and_throwing.pkl,57
BioMotionLab_NTroje/rub021/0021_catching_and_throwing.pkl,58
BioMotionLab_NTroje/rub024/0021_catching_and_throwing.pkl,667
BioMotionLab_NTroje/rub024/0021_catching_and_throwing.pkl,668
BioMotionLab_NTroje/rub024/0021_catching_and_throwing.pkl,669
BioMotionLab_NTroje/rub024/0021_catching_and_throwing.pkl,670
BioMotionLab_NTroje/rub024/0021_catching_and_throwing.pkl,671
BioMotionLab_NTroje/rub024/0021_catching_and_throwing.pkl,672
BioMotionLab_NTroje/rub024/0021_catching_and_throwing.pkl,673
BioMotionLab_NTroje/rub024/0021_catching_and_throwing.pkl,674
BioMotionLab_NTroje/rub024/0021_catching_and_throwing.pkl,675
BioMotionLab_NTroje/rub024/0021_catching_and_throwing.pkl,676
BioMotionLab_NTroje/rub024/0021_catching_and_throwing.pkl,677
BioMotionLab_NTroje/rub024/0021_catching_and_throwing.pkl,678
BioMotionLab_NTroje/rub024/0021_catching_and_throwing.pkl,679
BioMotionLab_NTroje/rub024/0021_catching_and_throwing.pkl,680
BioMotionLab_NTroje/rub024/0021_catching_and_throwing.pkl,681
BioMotionLab_NTroje/rub024/0021_catching_and_throwing.pkl,682
BioMotionLab_NTroje/rub024/0021_catching_and_throwing.pkl,683
BioMotionLab_NTroje/rub024/0021_catching_and_throwing.pkl,684
BioMotionLab_NTroje/rub024/0021_catching_and_throwing.pkl,685
BioMotionLab_NTroje/rub024/0021_catching_and_throwing.pkl,686
BioMotionLab_NTroje/rub024/0021_catching_and_throwing.pkl,687
BioMotionLab_NTroje/rub024/0021_catching_and_throwing.pkl,688
BioMotionLab_NTroje/rub024/0021_catching_and_throwing.pkl,689
BioMotionLab_NTroje/rub024/0021_catching_and_throwing.pkl,690
BioMotionLab_NTroje/rub024/0021_catching_and_throwing.pkl,691
BioMotionLab_NTroje/rub024/0021_catching_and_throwing.pkl,692
BioMotionLab_NTroje/rub024/0021_catching_and_throwing.pkl,693
BioMotionLab_NTroje/rub024/0021_catching_and_throwing.pkl,694
BioMotionLab_NTroje/rub024/0021_catching_and_throwing.pkl,695
BioMotionLab_NTroje/rub024/0021_catching_and_throwing.pkl,698
BioMotionLab_NTroje/rub024/0021_catching_and_throwing.pkl,699
BioMotionLab_NTroje/rub024/0021_catching_and_throwing.pkl,700
BioMotionLab_NTroje/rub024/0021_catching_and_throwing.pkl,701
BioMotionLab_NTroje/rub024/0021_catching_and_throwing.pkl,702
BioMotionLab_NTroje/rub024/0021_catching_and_throwing.pkl,703
BioMotionLab_NTroje/rub024/0021_catching_and_throwing.pkl,704
BioMotionLab_NTroje/rub024/0021_catching_and_throwing.pkl,705
BioMotionLab_NTroje/rub024/0021_catching_and_throwing.pkl,706
BioMotionLab_NTroje/rub024/0021_catching_and_throwing.pkl,707
BioMotionLab_NTroje/rub024/0021_catching_and_throwing.pkl,708
BioMotionLab_NTroje/rub024/0021_catching_and_throwing.pkl,709
BioMotionLab_NTroje/rub024/0021_catching_and_throwing.pkl,710
BioMotionLab_NTroje/rub024/0021_catching_and_throwing.pkl,711
BioMotionLab_NTroje/rub024/0021_catching_and_throwing.pkl,712
BioMotionLab_NTroje/rub024/0021_catching_and_throwing.pkl,713
BioMotionLab_NTroje/rub024/0021_catching_and_throwing.pkl,714
BioMotionLab_NTroje/rub024/0021_catching_and_throwing.pkl,715
BioMotionLab_NTroje/rub024/0021_catching_and_throwing.pkl,716
BioMotionLab_NTroje/rub024/0021_catching_and_throwing.pkl,717
BioMotionLab_NTroje/rub028/0014_knocking2.pkl,109
BioMotionLab_NTroje/rub028/0014_knocking2.pkl,110
BioMotionLab_NTroje/rub028/0014_knocking2.pkl,111
BioMotionLab_NTroje/rub028/0014_knocking2.pkl,112
BioMotionLab_NTroje/rub028/0014_knocking2.pkl,113
BioMotionLab_NTroje/rub028/0014_knocking2.pkl,114
BioMotionLab_NTroje/rub028/0014_knocking2.pkl,115
BioMotionLab_NTroje/rub028/0019_lifting_heavy1.pkl,110
BioMotionLab_NTroje/rub028/0019_lifting_heavy1.pkl,111
BioMotionLab_NTroje/rub028/0019_lifting_heavy1.pkl,112
BioMotionLab_NTroje/rub028/0019_lifting_heavy1.pkl,113
BioMotionLab_NTroje/rub028/0019_lifting_heavy1.pkl,114
BioMotionLab_NTroje/rub033/0014_sitting1.pkl,27
BioMotionLab_NTroje/rub033/0014_sitting1.pkl,28
BioMotionLab_NTroje/rub034/0021_catching_and_throwing.pkl,563
BioMotionLab_NTroje/rub034/0021_catching_and_throwing.pkl,564
BioMotionLab_NTroje/rub034/0021_catching_and_throwing.pkl,565
BioMotionLab_NTroje/rub034/0021_catching_and_throwing.pkl,566
BioMotionLab_NTroje/rub034/0021_catching_and_throwing.pkl,567
BioMotionLab_NTroje/rub034/0021_catching_and_throwing.pkl,568
BioMotionLab_NTroje/rub034/0021_catching_and_throwing.pkl,569
BioMotionLab_NTroje/rub034/0021_catching_and_throwing.pkl,570
BioMotionLab_NTroje/rub034/0021_catching_and_throwing.pkl,571
BioMotionLab_NTroje/rub034/0021_catching_and_throwing.pkl,572
BioMotionLab_NTroje/rub038/0013_knocking1.pkl,155
BioMotionLab_NTroje/rub038/0013_knocking1.pkl,156
BioMotionLab_NTroje/rub038/0013_knocking1.pkl,157
BioMotionLab_NTroje/rub038/0013_knocking1.pkl,158
BioMotionLab_NTroje/rub038/0021_catching_and_throwing.pkl,333
BioMotionLab_NTroje/rub038/0021_catching_and_throwing.pkl,334
BioMotionLab_NTroje/rub038/0021_catching_and_throwing.pkl,335
BioMotionLab_NTroje/rub038/0021_catching_and_throwing.pkl,336
BioMotionLab_NTroje/rub038/0021_catching_and_throwing.pkl,337
BioMotionLab_NTroje/rub038/0021_catching_and_throwing.pkl,338
BioMotionLab_NTroje/rub038/0021_catching_and_throwing.pkl,339
BioMotionLab_NTroje/rub038/0021_catching_and_throwing.pkl,340
BioMotionLab_NTroje/rub038/0021_catching_and_throwing.pkl,341
BioMotionLab_NTroje/rub038/0021_catching_and_throwing.pkl,342
BioMotionLab_NTroje/rub038/0021_catching_and_throwing.pkl,343
BioMotionLab_NTroje/rub038/0021_catching_and_throwing.pkl,344
BioMotionLab_NTroje/rub038/0021_catching_and_throwing.pkl,345
BioMotionLab_NTroje/rub038/0021_catching_and_throwing.pkl,346
BioMotionLab_NTroje/rub038/0021_catching_and_throwing.pkl,347
BioMotionLab_NTroje/rub038/0021_catching_and_throwing.pkl,348
BioMotionLab_NTroje/rub038/0021_catching_and_throwing.pkl,349
BioMotionLab_NTroje/rub038/0021_catching_and_throwing.pkl,350
BioMotionLab_NTroje/rub038/0021_catching_and_throwing.pkl,351
BioMotionLab_NTroje/rub038/0021_catching_and_throwing.pkl,352
BioMotionLab_NTroje/rub038/0021_catching_and_throwing.pkl,353
BioMotionLab_NTroje/rub038/0021_catching_and_throwing.pkl,354
BioMotionLab_NTroje/rub038/0021_catching_and_throwing.pkl,355
BioMotionLab_NTroje/rub038/0021_catching_and_throwing.pkl,356
BioMotionLab_NTroje/rub038/0021_catching_and_throwing.pkl,357
BioMotionLab_NTroje/rub038/0021_catching_and_throwing.pkl,358
BioMotionLab_NTroje/rub038/0021_catching_and_throwing.pkl,359
BioMotionLab_NTroje/rub038/0021_catching_and_throwing.pkl,360
BioMotionLab_NTroje/rub038/0021_catching_and_throwing.pkl,361
BioMotionLab_NTroje/rub038/0021_catching_and_throwing.pkl,362
BioMotionLab_NTroje/rub038/0021_catching_and_throwing.pkl,363
BioMotionLab_NTroje/rub038/0021_catching_and_throwing.pkl,364
BioMotionLab_NTroje/rub038/0021_catching_and_throwing.pkl,398
BioMotionLab_NTroje/rub038/0021_catching_and_throwing.pkl,399
BioMotionLab_NTroje/rub041/0017_lifting_light1.pkl,104
BioMotionLab_NTroje/rub041/0017_lifting_light1.pkl,105
BioMotionLab_NTroje/rub041/0017_lifting_light1.pkl,106
BioMotionLab_NTroje/rub041/0017_lifting_light1.pkl,107
BioMotionLab_NTroje/rub041/0017_lifting_light1.pkl,108
BioMotionLab_NTroje/rub041/0017_lifting_light1.pkl,109
BioMotionLab_NTroje/rub041/0017_lifting_light1.pkl,110
BioMotionLab_NTroje/rub041/0017_lifting_light1.pkl,111
BioMotionLab_NTroje/rub041/0017_lifting_light1.pkl,112
BioMotionLab_NTroje/rub041/0017_lifting_light1.pkl,113
BioMotionLab_NTroje/rub041/0017_lifting_light1.pkl,114
BioMotionLab_NTroje/rub041/0017_lifting_light1.pkl,115
BioMotionLab_NTroje/rub041/0017_lifting_light1.pkl,116
BioMotionLab_NTroje/rub041/0017_lifting_light1.pkl,117
BioMotionLab_NTroje/rub041/0017_lifting_light1.pkl,118
BioMotionLab_NTroje/rub041/0017_lifting_light1.pkl,119
BioMotionLab_NTroje/rub045/0014_knocking2.pkl,107
BioMotionLab_NTroje/rub045/0014_knocking2.pkl,108
BioMotionLab_NTroje/rub045/0014_knocking2.pkl,109
BioMotionLab_NTroje/rub045/0014_knocking2.pkl,110
BioMotionLab_NTroje/rub045/0014_knocking2.pkl,111
BioMotionLab_NTroje/rub045/0014_knocking2.pkl,112
BioMotionLab_NTroje/rub045/0014_knocking2.pkl,113
BioMotionLab_NTroje/rub045/0014_knocking2.pkl,114
BioMotionLab_NTroje/rub045/0014_knocking2.pkl,115
BioMotionLab_NTroje/rub045/0014_knocking2.pkl,116
BioMotionLab_NTroje/rub045/0014_knocking2.pkl,117
BioMotionLab_NTroje/rub045/0022_catching_and_throwing.pkl,598
BioMotionLab_NTroje/rub045/0022_catching_and_throwing.pkl,599
BioMotionLab_NTroje/rub045/0022_catching_and_throwing.pkl,600
BioMotionLab_NTroje/rub045/0022_catching_and_throwing.pkl,601
BioMotionLab_NTroje/rub045/0022_catching_and_throwing.pkl,602
BioMotionLab_NTroje/rub045/0022_catching_and_throwing.pkl,603
BioMotionLab_NTroje/rub045/0022_catching_and_throwing.pkl,604
BioMotionLab_NTroje/rub045/0022_catching_and_throwing.pkl,605
BioMotionLab_NTroje/rub045/0022_catching_and_throwing.pkl,606
BioMotionLab_NTroje/rub045/0022_catching_and_throwing.pkl,607
BioMotionLab_NTroje/rub045/0022_catching_and_throwing.pkl,608
BioMotionLab_NTroje/rub045/0022_catching_and_throwing.pkl,609
BioMotionLab_NTroje/rub045/0022_catching_and_throwing.pkl,610
BioMotionLab_NTroje/rub045/0022_catching_and_throwing.pkl,611
BioMotionLab_NTroje/rub045/0022_catching_and_throwing.pkl,612
BioMotionLab_NTroje/rub045/0022_catching_and_throwing.pkl,613
BioMotionLab_NTroje/rub045/0022_catching_and_throwing.pkl,614
BioMotionLab_NTroje/rub045/0022_catching_and_throwing.pkl,615
BioMotionLab_NTroje/rub045/0022_catching_and_throwing.pkl,616
BioMotionLab_NTroje/rub045/0022_catching_and_throwing.pkl,617
BioMotionLab_NTroje/rub045/0022_catching_and_throwing.pkl,618
BioMotionLab_NTroje/rub045/0022_catching_and_throwing.pkl,619
BioMotionLab_NTroje/rub045/0022_catching_and_throwing.pkl,620
BioMotionLab_NTroje/rub045/0022_catching_and_throwing.pkl,621
BioMotionLab_NTroje/rub045/0022_catching_and_throwing.pkl,622
BioMotionLab_NTroje/rub045/0022_catching_and_throwing.pkl,623
BioMotionLab_NTroje/rub045/0022_catching_and_throwing.pkl,624
BioMotionLab_NTroje/rub045/0022_catching_and_throwing.pkl,625
BioMotionLab_NTroje/rub045/0022_catching_and_throwing.pkl,626
BioMotionLab_NTroje/rub045/0022_catching_and_throwing.pkl,627
BioMotionLab_NTroje/rub045/0022_catching_and_throwing.pkl,628
BioMotionLab_NTroje/rub045/0022_catching_and_throwing.pkl,629
BioMotionLab_NTroje/rub045/0022_catching_and_throwing.pkl,630
BioMotionLab_NTroje/rub045/0022_catching_and_throwing.pkl,631
BioMotionLab_NTroje/rub045/0022_catching_and_throwing.pkl,632
BioMotionLab_NTroje/rub045/0022_catching_and_throwing.pkl,633
BioMotionLab_NTroje/rub045/0022_catching_and_throwing.pkl,634
BioMotionLab_NTroje/rub045/0022_catching_and_throwing.pkl,635
BioMotionLab_NTroje/rub045/0022_catching_and_throwing.pkl,636
BioMotionLab_NTroje/rub045/0022_catching_and_throwing.pkl,637
BioMotionLab_NTroje/rub045/0022_catching_and_throwing.pkl,638
BioMotionLab_NTroje/rub045/0022_catching_and_throwing.pkl,639
BioMotionLab_NTroje/rub045/0022_catching_and_throwing.pkl,640
BioMotionLab_NTroje/rub045/0022_catching_and_throwing.pkl,641
BioMotionLab_NTroje/rub045/0022_catching_and_throwing.pkl,642
BioMotionLab_NTroje/rub045/0022_catching_and_throwing.pkl,643
BioMotionLab_NTroje/rub045/0022_catching_and_throwing.pkl,644
BioMotionLab_NTroje/rub045/0022_catching_and_throwing.pkl,645
BioMotionLab_NTroje/rub045/0022_catching_and_throwing.pkl,646
BioMotionLab_NTroje/rub045/0022_catching_and_throwing.pkl,647
BioMotionLab_NTroje/rub045/0022_catching_and_throwing.pkl,648
BioMotionLab_NTroje/rub045/0022_catching_and_throwing.pkl,649
BioMotionLab_NTroje/rub045/0022_catching_and_throwing.pkl,650
BioMotionLab_NTroje/rub045/0022_catching_and_throwing.pkl,651
BioMotionLab_NTroje/rub045/0022_catching_and_throwing.pkl,652
BioMotionLab_NTroje/rub045/0022_catching_and_throwing.pkl,653
BioMotionLab_NTroje/rub045/0022_catching_and_throwing.pkl,654
BioMotionLab_NTroje/rub045/0022_catching_and_throwing.pkl,655
BioMotionLab_NTroje/rub045/0022_catching_and_throwing.pkl,656
BioMotionLab_NTroje/rub045/0022_catching_and_throwing.pkl,657
BioMotionLab_NTroje/rub045/0022_catching_and_throwing.pkl,658
BioMotionLab_NTroje/rub045/0022_catching_and_throwing.pkl,659
BioMotionLab_NTroje/rub046/0014_knocking2.pkl,116
BioMotionLab_NTroje/rub046/0014_knocking2.pkl,117
BioMotionLab_NTroje/rub046/0014_knocking2.pkl,118
BioMotionLab_NTroje/rub046/0014_knocking2.pkl,119
BioMotionLab_NTroje/rub046/0014_knocking2.pkl,120
BioMotionLab_NTroje/rub046/0014_knocking2.pkl,121
BioMotionLab_NTroje/rub046/0014_knocking2.pkl,122
BioMotionLab_NTroje/rub046/0014_knocking2.pkl,123
BioMotionLab_NTroje/rub046/0014_knocking2.pkl,124
BioMotionLab_NTroje/rub048/0013_knocking1.pkl,174
BioMotionLab_NTroje/rub048/0013_knocking1.pkl,175
BioMotionLab_NTroje/rub048/0013_knocking1.pkl,176
BioMotionLab_NTroje/rub048/0013_knocking1.pkl,177
BioMotionLab_NTroje/rub048/0013_knocking1.pkl,178
BioMotionLab_NTroje/rub048/0013_knocking1.pkl,179
BioMotionLab_NTroje/rub048/0013_knocking1.pkl,180
BioMotionLab_NTroje/rub048/0013_knocking1.pkl,181
BioMotionLab_NTroje/rub048/0013_knocking1.pkl,182
BioMotionLab_NTroje/rub048/0013_knocking1.pkl,183
BioMotionLab_NTroje/rub051/0014_knocking2.pkl,125
BioMotionLab_NTroje/rub051/0014_knocking2.pkl,126
BioMotionLab_NTroje/rub051/0014_knocking2.pkl,127
BioMotionLab_NTroje/rub051/0014_knocking2.pkl,128
BioMotionLab_NTroje/rub051/0014_knocking2.pkl,129
BioMotionLab_NTroje/rub051/0014_knocking2.pkl,130
BioMotionLab_NTroje/rub051/0014_knocking2.pkl,131
BioMotionLab_NTroje/rub051/0014_knocking2.pkl,132
BioMotionLab_NTroje/rub051/0014_knocking2.pkl,133
BioMotionLab_NTroje/rub051/0014_knocking2.pkl,134
BioMotionLab_NTroje/rub051/0014_knocking2.pkl,135
BioMotionLab_NTroje/rub051/0014_knocking2.pkl,136
BioMotionLab_NTroje/rub051/0014_knocking2.pkl,137
BioMotionLab_NTroje/rub051/0014_knocking2.pkl,138
BioMotionLab_NTroje/rub051/0014_knocking2.pkl,139
BioMotionLab_NTroje/rub051/0014_knocking2.pkl,140
BioMotionLab_NTroje/rub051/0014_knocking2.pkl,141
BioMotionLab_NTroje/rub051/0014_knocking2.pkl,142
BioMotionLab_NTroje/rub051/0014_knocking2.pkl,143
BioMotionLab_NTroje/rub051/0014_knocking2.pkl,144
BioMotionLab_NTroje/rub051/0014_knocking2.pkl,145
BioMotionLab_NTroje/rub051/0021_catching_and_throwing.pkl,425
BioMotionLab_NTroje/rub051/0021_catching_and_throwing.pkl,426
BioMotionLab_NTroje/rub051/0021_catching_and_throwing.pkl,427
BioMotionLab_NTroje/rub051/0021_catching_and_throwing.pkl,428
BioMotionLab_NTroje/rub051/0021_catching_and_throwing.pkl,429
BioMotionLab_NTroje/rub051/0021_catching_and_throwing.pkl,430
BioMotionLab_NTroje/rub051/0021_catching_and_throwing.pkl,431
BioMotionLab_NTroje/rub051/0021_catching_and_throwing.pkl,432
BioMotionLab_NTroje/rub051/0021_catching_and_throwing.pkl,433
BioMotionLab_NTroje/rub051/0021_catching_and_throwing.pkl,434
BioMotionLab_NTroje/rub051/0021_catching_and_throwing.pkl,435
BioMotionLab_NTroje/rub051/0021_catching_and_throwing.pkl,436
BioMotionLab_NTroje/rub051/0021_catching_and_throwing.pkl,437
BioMotionLab_NTroje/rub051/0021_catching_and_throwing.pkl,438
BioMotionLab_NTroje/rub051/0021_catching_and_throwing.pkl,439
BioMotionLab_NTroje/rub051/0021_catching_and_throwing.pkl,440
BioMotionLab_NTroje/rub051/0021_catching_and_throwing.pkl,441
BioMotionLab_NTroje/rub051/0021_catching_and_throwing.pkl,442
BioMotionLab_NTroje/rub051/0021_catching_and_throwing.pkl,443
BioMotionLab_NTroje/rub051/0021_catching_and_throwing.pkl,444
BioMotionLab_NTroje/rub051/0021_catching_and_throwing.pkl,445
BioMotionLab_NTroje/rub051/0021_catching_and_throwing.pkl,446
BioMotionLab_NTroje/rub051/0021_catching_and_throwing.pkl,447
BioMotionLab_NTroje/rub051/0021_catching_and_throwing.pkl,448
BioMotionLab_NTroje/rub051/0021_catching_and_throwing.pkl,449
BioMotionLab_NTroje/rub051/0021_catching_and_throwing.pkl,450
BioMotionLab_NTroje/rub051/0021_catching_and_throwing.pkl,451
BioMotionLab_NTroje/rub051/0021_catching_and_throwing.pkl,452
BioMotionLab_NTroje/rub051/0021_catching_and_throwing.pkl,453
BioMotionLab_NTroje/rub051/0021_catching_and_throwing.pkl,454
BioMotionLab_NTroje/rub051/0021_catching_and_throwing.pkl,455
BioMotionLab_NTroje/rub051/0021_catching_and_throwing.pkl,456
BioMotionLab_NTroje/rub051/0021_catching_and_throwing.pkl,457
BioMotionLab_NTroje/rub051/0021_catching_and_throwing.pkl,458
BioMotionLab_NTroje/rub051/0021_catching_and_throwing.pkl,459
BioMotionLab_NTroje/rub051/0021_catching_and_throwing.pkl,460
BioMotionLab_NTroje/rub051/0021_catching_and_throwing.pkl,461
BioMotionLab_NTroje/rub051/0021_catching_and_throwing.pkl,462
BioMotionLab_NTroje/rub051/0021_catching_and_throwing.pkl,463
BioMotionLab_NTroje/rub051/0021_catching_and_throwing.pkl,464
BioMotionLab_NTroje/rub051/0021_catching_and_throwing.pkl,465
BioMotionLab_NTroje/rub051/0021_catching_and_throwing.pkl,466
BioMotionLab_NTroje/rub051/0021_catching_and_throwing.pkl,467
BioMotionLab_NTroje/rub051/0021_catching_and_throwing.pkl,468
BioMotionLab_NTroje/rub051/0021_catching_and_throwing.pkl,469
BioMotionLab_NTroje/rub051/0021_catching_and_throwing.pkl,470
BioMotionLab_NTroje/rub051/0021_catching_and_throwing.pkl,471
BioMotionLab_NTroje/rub051/0021_catching_and_throwing.pkl,472
BioMotionLab_NTroje/rub051/0021_catching_and_throwing.pkl,473
BioMotionLab_NTroje/rub051/0021_catching_and_throwing.pkl,474
BioMotionLab_NTroje/rub051/0021_catching_and_throwing.pkl,475
BioMotionLab_NTroje/rub051/0021_catching_and_throwing.pkl,476
BioMotionLab_NTroje/rub051/0021_catching_and_throwing.pkl,477
BioMotionLab_NTroje/rub051/0021_catching_and_throwing.pkl,478
BioMotionLab_NTroje/rub051/0021_catching_and_throwing.pkl,479
BioMotionLab_NTroje/rub051/0021_catching_and_throwing.pkl,480
BioMotionLab_NTroje/rub051/0021_catching_and_throwing.pkl,481
BioMotionLab_NTroje/rub051/0021_catching_and_throwing.pkl,482
BioMotionLab_NTroje/rub051/0021_catching_and_throwing.pkl,483
BioMotionLab_NTroje/rub051/0021_catching_and_throwing.pkl,484
BioMotionLab_NTroje/rub051/0021_catching_and_throwing.pkl,485
BioMotionLab_NTroje/rub051/0021_catching_and_throwing.pkl,490
BioMotionLab_NTroje/rub051/0021_catching_and_throwing.pkl,491
BioMotionLab_NTroje/rub051/0021_catching_and_throwing.pkl,492
BioMotionLab_NTroje/rub051/0021_catching_and_throwing.pkl,493
BioMotionLab_NTroje/rub051/0021_catching_and_throwing.pkl,494
BioMotionLab_NTroje/rub051/0021_catching_and_throwing.pkl,495
BioMotionLab_NTroje/rub051/0021_catching_and_throwing.pkl,496
BioMotionLab_NTroje/rub051/0021_catching_and_throwing.pkl,497
BioMotionLab_NTroje/rub051/0021_catching_and_throwing.pkl,498
BioMotionLab_NTroje/rub054/0020_lifting_heavy2.pkl,120
BioMotionLab_NTroje/rub054/0020_lifting_heavy2.pkl,121
BioMotionLab_NTroje/rub054/0020_lifting_heavy2.pkl,122
BioMotionLab_NTroje/rub054/0020_lifting_heavy2.pkl,123
BioMotionLab_NTroje/rub054/0020_lifting_heavy2.pkl,124
BioMotionLab_NTroje/rub054/0020_lifting_heavy2.pkl,125
BioMotionLab_NTroje/rub054/0020_lifting_heavy2.pkl,126
BioMotionLab_NTroje/rub054/0020_lifting_heavy2.pkl,127
BioMotionLab_NTroje/rub054/0020_lifting_heavy2.pkl,128
BioMotionLab_NTroje/rub054/0020_lifting_heavy2.pkl,129
BioMotionLab_NTroje/rub054/0021_catching_and_throwing.pkl,535
BioMotionLab_NTroje/rub054/0021_catching_and_throwing.pkl,536
BioMotionLab_NTroje/rub054/0021_catching_and_throwing.pkl,537
BioMotionLab_NTroje/rub054/0021_catching_and_throwing.pkl,538
BioMotionLab_NTroje/rub054/0021_catching_and_throwing.pkl,539
BioMotionLab_NTroje/rub054/0021_catching_and_throwing.pkl,540
BioMotionLab_NTroje/rub054/0021_catching_and_throwing.pkl,541
BioMotionLab_NTroje/rub054/0021_catching_and_throwing.pkl,542
BioMotionLab_NTroje/rub054/0021_catching_and_throwing.pkl,543
BioMotionLab_NTroje/rub054/0021_catching_and_throwing.pkl,544
BioMotionLab_NTroje/rub054/0021_catching_and_throwing.pkl,545
BioMotionLab_NTroje/rub054/0021_catching_and_throwing.pkl,546
BioMotionLab_NTroje/rub054/0021_catching_and_throwing.pkl,547
BioMotionLab_NTroje/rub054/0021_catching_and_throwing.pkl,548
BioMotionLab_NTroje/rub054/0021_catching_and_throwing.pkl,549
BioMotionLab_NTroje/rub054/0021_catching_and_throwing.pkl,550
BioMotionLab_NTroje/rub054/0021_catching_and_throwing.pkl,551
BioMotionLab_NTroje/rub054/0021_catching_and_throwing.pkl,552
BioMotionLab_NTroje/rub054/0021_catching_and_throwing.pkl,553
BioMotionLab_NTroje/rub054/0021_catching_and_throwing.pkl,554
BioMotionLab_NTroje/rub054/0021_catching_and_throwing.pkl,555
BioMotionLab_NTroje/rub054/0021_catching_and_throwing.pkl,556
BioMotionLab_NTroje/rub054/0021_catching_and_throwing.pkl,557
BioMotionLab_NTroje/rub054/0021_catching_and_throwing.pkl,558
BioMotionLab_NTroje/rub054/0021_catching_and_throwing.pkl,559
BioMotionLab_NTroje/rub054/0021_catching_and_throwing.pkl,560
BioMotionLab_NTroje/rub054/0021_catching_and_throwing.pkl,561
BioMotionLab_NTroje/rub054/0021_catching_and_throwing.pkl,562
BioMotionLab_NTroje/rub054/0021_catching_and_throwing.pkl,563
BioMotionLab_NTroje/rub054/0021_catching_and_throwing.pkl,564
BioMotionLab_NTroje/rub054/0021_catching_and_throwing.pkl,565
BioMotionLab_NTroje/rub054/0021_catching_and_throwing.pkl,566
BioMotionLab_NTroje/rub054/0021_catching_and_throwing.pkl,567
BioMotionLab_NTroje/rub054/0021_catching_and_throwing.pkl,568
BioMotionLab_NTroje/rub055/0013_knocking1.pkl,121
BioMotionLab_NTroje/rub055/0013_knocking1.pkl,122
BioMotionLab_NTroje/rub055/0013_knocking1.pkl,123
BioMotionLab_NTroje/rub055/0013_knocking1.pkl,124
BioMotionLab_NTroje/rub055/0013_knocking1.pkl,125
BioMotionLab_NTroje/rub055/0013_knocking1.pkl,126
BioMotionLab_NTroje/rub055/0013_knocking1.pkl,127
BioMotionLab_NTroje/rub055/0013_knocking1.pkl,128
BioMotionLab_NTroje/rub055/0013_knocking1.pkl,129
BioMotionLab_NTroje/rub055/0014_knocking2.pkl,92
BioMotionLab_NTroje/rub055/0014_knocking2.pkl,93
BioMotionLab_NTroje/rub055/0014_knocking2.pkl,94
BioMotionLab_NTroje/rub055/0014_knocking2.pkl,95
BioMotionLab_NTroje/rub055/0014_knocking2.pkl,96
BioMotionLab_NTroje/rub055/0014_knocking2.pkl,97
BioMotionLab_NTroje/rub055/0014_knocking2.pkl,98
BioMotionLab_NTroje/rub055/0014_knocking2.pkl,99
BioMotionLab_NTroje/rub055/0014_knocking2.pkl,100
BioMotionLab_NTroje/rub055/0014_knocking2.pkl,101
BioMotionLab_NTroje/rub055/0014_knocking2.pkl,102
BioMotionLab_NTroje/rub055/0014_knocking2.pkl,103
BioMotionLab_NTroje/rub059/0013_knocking1.pkl,156
BioMotionLab_NTroje/rub059/0013_knocking1.pkl,157
BioMotionLab_NTroje/rub059/0013_knocking1.pkl,158
BioMotionLab_NTroje/rub059/0013_knocking1.pkl,159
BioMotionLab_NTroje/rub059/0013_knocking1.pkl,160
BioMotionLab_NTroje/rub059/0013_knocking1.pkl,161
BioMotionLab_NTroje/rub059/0013_knocking1.pkl,162
BioMotionLab_NTroje/rub059/0013_knocking1.pkl,163
BioMotionLab_NTroje/rub059/0013_knocking1.pkl,164
BioMotionLab_NTroje/rub059/0013_knocking1.pkl,165
BioMotionLab_NTroje/rub062/0021_catching_and_throwing.pkl,33
BioMotionLab_NTroje/rub062/0021_catching_and_throwing.pkl,34
BioMotionLab_NTroje/rub062/0021_catching_and_throwing.pkl,35
BioMotionLab_NTroje/rub062/0021_catching_and_throwing.pkl,36
BioMotionLab_NTroje/rub062/0021_catching_and_throwing.pkl,37
BioMotionLab_NTroje/rub062/0021_catching_and_throwing.pkl,38
BioMotionLab_NTroje/rub062/0021_catching_and_throwing.pkl,39
BioMotionLab_NTroje/rub062/0021_catching_and_throwing.pkl,40
BioMotionLab_NTroje/rub062/0021_catching_and_throwing.pkl,41
BioMotionLab_NTroje/rub062/0021_catching_and_throwing.pkl,42
BioMotionLab_NTroje/rub062/0021_catching_and_throwing.pkl,43
BioMotionLab_NTroje/rub062/0021_catching_and_throwing.pkl,44
BioMotionLab_NTroje/rub062/0021_catching_and_throwing.pkl,45
BioMotionLab_NTroje/rub062/0021_catching_and_throwing.pkl,46
BioMotionLab_NTroje/rub062/0021_catching_and_throwing.pkl,47
BioMotionLab_NTroje/rub062/0021_catching_and_throwing.pkl,48
BioMotionLab_NTroje/rub062/0021_catching_and_throwing.pkl,49
BioMotionLab_NTroje/rub062/0021_catching_and_throwing.pkl,50
BioMotionLab_NTroje/rub062/0021_catching_and_throwing.pkl,55
BioMotionLab_NTroje/rub062/0021_catching_and_throwing.pkl,56
BioMotionLab_NTroje/rub062/0021_catching_and_throwing.pkl,558
BioMotionLab_NTroje/rub062/0021_catching_and_throwing.pkl,559
BioMotionLab_NTroje/rub062/0021_catching_and_throwing.pkl,560
BioMotionLab_NTroje/rub062/0021_catching_and_throwing.pkl,561
BioMotionLab_NTroje/rub062/0021_catching_and_throwing.pkl,562
BioMotionLab_NTroje/rub062/0021_catching_and_throwing.pkl,563
BioMotionLab_NTroje/rub062/0021_catching_and_throwing.pkl,564
BioMotionLab_NTroje/rub062/0021_catching_and_throwing.pkl,565
BioMotionLab_NTroje/rub062/0021_catching_and_throwing.pkl,566
BioMotionLab_NTroje/rub062/0021_catching_and_throwing.pkl,567
BioMotionLab_NTroje/rub062/0021_catching_and_throwing.pkl,568
BioMotionLab_NTroje/rub062/0021_catching_and_throwing.pkl,569
BioMotionLab_NTroje/rub062/0021_catching_and_throwing.pkl,570
BioMotionLab_NTroje/rub062/0021_catching_and_throwing.pkl,571
BioMotionLab_NTroje/rub062/0021_catching_and_throwing.pkl,572
BioMotionLab_NTroje/rub062/0021_catching_and_throwing.pkl,573
BioMotionLab_NTroje/rub062/0021_catching_and_throwing.pkl,574
BioMotionLab_NTroje/rub062/0021_catching_and_throwing.pkl,578
BioMotionLab_NTroje/rub062/0021_catching_and_throwing.pkl,579
BioMotionLab_NTroje/rub062/0021_catching_and_throwing.pkl,585
BioMotionLab_NTroje/rub062/0021_catching_and_throwing.pkl,586
BioMotionLab_NTroje/rub062/0021_catching_and_throwing.pkl,587
BioMotionLab_NTroje/rub062/0021_catching_and_throwing.pkl,588
BioMotionLab_NTroje/rub062/0021_catching_and_throwing.pkl,589
BioMotionLab_NTroje/rub062/0021_catching_and_throwing.pkl,590
BioMotionLab_NTroje/rub062/0021_catching_and_throwing.pkl,591
BioMotionLab_NTroje/rub062/0021_catching_and_throwing.pkl,592
BioMotionLab_NTroje/rub062/0021_catching_and_throwing.pkl,593
BioMotionLab_NTroje/rub062/0021_catching_and_throwing.pkl,594
BioMotionLab_NTroje/rub062/0021_catching_and_throwing.pkl,595
BioMotionLab_NTroje/rub062/0021_catching_and_throwing.pkl,596
BioMotionLab_NTroje/rub062/0021_catching_and_throwing.pkl,597
BioMotionLab_NTroje/rub062/0021_catching_and_throwing.pkl,600
BioMotionLab_NTroje/rub062/0021_catching_and_throwing.pkl,601
BioMotionLab_NTroje/rub062/0021_catching_and_throwing.pkl,602
BioMotionLab_NTroje/rub062/0021_catching_and_throwing.pkl,603
BioMotionLab_NTroje/rub062/0021_catching_and_throwing.pkl,604
BioMotionLab_NTroje/rub062/0021_catching_and_throwing.pkl,605
BioMotionLab_NTroje/rub062/0021_catching_and_throwing.pkl,606
BioMotionLab_NTroje/rub062/0021_catching_and_throwing.pkl,607
BioMotionLab_NTroje/rub062/0021_catching_and_throwing.pkl,608
BioMotionLab_NTroje/rub062/0021_catching_and_throwing.pkl,609
BioMotionLab_NTroje/rub062/0021_catching_and_throwing.pkl,610
BioMotionLab_NTroje/rub065/0013_knocking1.pkl,115
BioMotionLab_NTroje/rub065/0013_knocking1.pkl,116
BioMotionLab_NTroje/rub065/0013_knocking1.pkl,117
BioMotionLab_NTroje/rub065/0013_knocking1.pkl,118
BioMotionLab_NTroje/rub065/0013_knocking1.pkl,119
BioMotionLab_NTroje/rub065/0013_knocking1.pkl,120
BioMotionLab_NTroje/rub065/0013_knocking1.pkl,121
BioMotionLab_NTroje/rub065/0013_knocking1.pkl,122
BioMotionLab_NTroje/rub065/0013_knocking1.pkl,123
BioMotionLab_NTroje/rub065/0017_lifting_light1.pkl,101
BioMotionLab_NTroje/rub065/0017_lifting_light1.pkl,102
BioMotionLab_NTroje/rub065/0017_lifting_light1.pkl,103
BioMotionLab_NTroje/rub065/0017_lifting_light1.pkl,104
BioMotionLab_NTroje/rub065/0017_lifting_light1.pkl,105
BioMotionLab_NTroje/rub065/0017_lifting_light1.pkl,106
BioMotionLab_NTroje/rub065/0017_lifting_light1.pkl,107
BioMotionLab_NTroje/rub065/0017_lifting_light1.pkl,108
BioMotionLab_NTroje/rub065/0017_lifting_light1.pkl,109
BioMotionLab_NTroje/rub065/0017_lifting_light1.pkl,110
BioMotionLab_NTroje/rub067/0013_knocking1.pkl,186
BioMotionLab_NTroje/rub067/0013_knocking1.pkl,187
BioMotionLab_NTroje/rub067/0013_knocking1.pkl,188
BioMotionLab_NTroje/rub067/0013_knocking1.pkl,189
BioMotionLab_NTroje/rub067/0013_knocking1.pkl,190
BioMotionLab_NTroje/rub067/0013_knocking1.pkl,191
BioMotionLab_NTroje/rub067/0013_knocking1.pkl,192
BioMotionLab_NTroje/rub067/0013_knocking1.pkl,193
BioMotionLab_NTroje/rub067/0013_knocking1.pkl,194
BioMotionLab_NTroje/rub067/0014_knocking2.pkl,122
BioMotionLab_NTroje/rub067/0014_knocking2.pkl,123
BioMotionLab_NTroje/rub067/0014_knocking2.pkl,124
BioMotionLab_NTroje/rub067/0014_knocking2.pkl,125
BioMotionLab_NTroje/rub067/0014_knocking2.pkl,126
BioMotionLab_NTroje/rub067/0014_knocking2.pkl,127
BioMotionLab_NTroje/rub067/0014_knocking2.pkl,128
BioMotionLab_NTroje/rub067/0014_knocking2.pkl,129
BioMotionLab_NTroje/rub067/0014_knocking2.pkl,130
BioMotionLab_NTroje/rub067/0014_knocking2.pkl,131
BioMotionLab_NTroje/rub067/0014_knocking2.pkl,132
BioMotionLab_NTroje/rub067/0014_knocking2.pkl,133
BioMotionLab_NTroje/rub072/0018_lifting_light2.pkl,108
BioMotionLab_NTroje/rub073/0014_knocking2.pkl,158
BioMotionLab_NTroje/rub073/0014_knocking2.pkl,159
BioMotionLab_NTroje/rub073/0014_knocking2.pkl,160
BioMotionLab_NTroje/rub073/0014_knocking2.pkl,161
BioMotionLab_NTroje/rub073/0014_knocking2.pkl,162
BioMotionLab_NTroje/rub073/0014_knocking2.pkl,163
BioMotionLab_NTroje/rub073/0014_knocking2.pkl,164
BioMotionLab_NTroje/rub073/0014_knocking2.pkl,165
BioMotionLab_NTroje/rub073/0014_knocking2.pkl,166
BioMotionLab_NTroje/rub075/0017_lifting_light1.pkl,80
BioMotionLab_NTroje/rub075/0017_lifting_light1.pkl,81
BioMotionLab_NTroje/rub075/0017_lifting_light1.pkl,82
BioMotionLab_NTroje/rub077/0020_lifting_heavy2.pkl,119
BioMotionLab_NTroje/rub084/0031_rom.pkl,2284
BioMotionLab_NTroje/rub084/0031_rom.pkl,2285
BioMotionLab_NTroje/rub084/0031_rom.pkl,2286
BioMotionLab_NTroje/rub084/0031_rom.pkl,2287
BioMotionLab_NTroje/rub084/0031_rom.pkl,2288
BioMotionLab_NTroje/rub084/0031_rom.pkl,2289
BioMotionLab_NTroje/rub084/0031_rom.pkl,2290
BioMotionLab_NTroje/rub084/0031_rom.pkl,2291
BioMotionLab_NTroje/rub086/0013_knocking2.pkl,52
BioMotionLab_NTroje/rub086/0013_knocking2.pkl,53
BioMotionLab_NTroje/rub086/0013_knocking2.pkl,54
BioMotionLab_NTroje/rub086/0013_knocking2.pkl,55
BioMotionLab_NTroje/rub086/0013_knocking2.pkl,56
BioMotionLab_NTroje/rub086/0013_knocking2.pkl,57
BioMotionLab_NTroje/rub086/0013_knocking2.pkl,58
BioMotionLab_NTroje/rub086/0013_knocking2.pkl,59
BioMotionLab_NTroje/rub086/0013_knocking2.pkl,60
BioMotionLab_NTroje/rub087/0016_sitting2.pkl,53
BioMotionLab_NTroje/rub087/0016_sitting2.pkl,54
BioMotionLab_NTroje/rub087/0016_sitting2.pkl,55
BioMotionLab_NTroje/rub087/0016_sitting2.pkl,56
BioMotionLab_NTroje/rub087/0016_sitting2.pkl,57
BioMotionLab_NTroje/rub087/0016_sitting2.pkl,58
BioMotionLab_NTroje/rub087/0016_sitting2.pkl,59
BioMotionLab_NTroje/rub087/0016_sitting2.pkl,60
BioMotionLab_NTroje/rub087/0016_sitting2.pkl,61
BioMotionLab_NTroje/rub087/0016_sitting2.pkl,62
BioMotionLab_NTroje/rub087/0016_sitting2.pkl,63
BioMotionLab_NTroje/rub087/0016_sitting2.pkl,64
BioMotionLab_NTroje/rub087/0016_sitting2.pkl,65
BioMotionLab_NTroje/rub087/0016_sitting2.pkl,66
BioMotionLab_NTroje/rub090/0014_knocking2.pkl,82
BioMotionLab_NTroje/rub090/0014_knocking2.pkl,83
BioMotionLab_NTroje/rub090/0014_knocking2.pkl,84
BioMotionLab_NTroje/rub090/0014_knocking2.pkl,85
BioMotionLab_NTroje/rub090/0014_knocking2.pkl,86
BioMotionLab_NTroje/rub090/0014_knocking2.pkl,87
BioMotionLab_NTroje/rub090/0014_knocking2.pkl,88
BioMotionLab_NTroje/rub090/0014_knocking2.pkl,89
BioMotionLab_NTroje/rub090/0014_knocking2.pkl,90
BioMotionLab_NTroje/rub090/0014_knocking2.pkl,91
BioMotionLab_NTroje/rub090/0014_knocking2.pkl,92
BioMotionLab_NTroje/rub090/0014_knocking2.pkl,93
BioMotionLab_NTroje/rub090/0014_knocking2.pkl,94
BioMotionLab_NTroje/rub090/0014_knocking2.pkl,95
BioMotionLab_NTroje/rub090/0014_knocking2.pkl,96
BioMotionLab_NTroje/rub091/0013_knocking1.pkl,170
BioMotionLab_NTroje/rub091/0013_knocking1.pkl,171
BioMotionLab_NTroje/rub091/0013_knocking1.pkl,172
BioMotionLab_NTroje/rub091/0013_knocking1.pkl,173
BioMotionLab_NTroje/rub091/0013_knocking1.pkl,174
BioMotionLab_NTroje/rub091/0013_knocking1.pkl,175
BioMotionLab_NTroje/rub091/0013_knocking1.pkl,176
BioMotionLab_NTroje/rub091/0013_knocking1.pkl,177
BioMotionLab_NTroje/rub091/0013_knocking1.pkl,178
BioMotionLab_NTroje/rub091/0013_knocking1.pkl,179
BioMotionLab_NTroje/rub091/0013_knocking1.pkl,180
BioMotionLab_NTroje/rub091/0013_knocking1.pkl,181
BioMotionLab_NTroje/rub091/0013_knocking1.pkl,182
BioMotionLab_NTroje/rub093/0018_lifting_light2.pkl,101
BioMotionLab_NTroje/rub093/0018_lifting_light2.pkl,102
BioMotionLab_NTroje/rub093/0018_lifting_light2.pkl,103
BioMotionLab_NTroje/rub093/0018_lifting_light2.pkl,104
BioMotionLab_NTroje/rub093/0018_lifting_light2.pkl,105
BioMotionLab_NTroje/rub093/0018_lifting_light2.pkl,106
BioMotionLab_NTroje/rub095/0013_knocking1.pkl,82
BioMotionLab_NTroje/rub095/0013_knocking1.pkl,83
BioMotionLab_NTroje/rub095/0013_knocking1.pkl,84
BioMotionLab_NTroje/rub095/0013_knocking1.pkl,85
BioMotionLab_NTroje/rub095/0013_knocking1.pkl,86
BioMotionLab_NTroje/rub095/0013_knocking1.pkl,87
BioMotionLab_NTroje/rub095/0013_knocking1.pkl,88
BioMotionLab_NTroje/rub095/0013_knocking1.pkl,89
BioMotionLab_NTroje/rub098/0013_knocking1.pkl,90
BioMotionLab_NTroje/rub098/0013_knocking1.pkl,91
BioMotionLab_NTroje/rub098/0013_knocking1.pkl,92
BioMotionLab_NTroje/rub098/0013_knocking1.pkl,93
BioMotionLab_NTroje/rub098/0013_knocking1.pkl,94
BioMotionLab_NTroje/rub098/0013_knocking1.pkl,95
BioMotionLab_NTroje/rub098/0013_knocking1.pkl,96
BioMotionLab_NTroje/rub101/0019_lifting_heavy2.pkl,120
BioMotionLab_NTroje/rub101/0019_lifting_heavy2.pkl,121
BioMotionLab_NTroje/rub103/0013_knocking1.pkl,99
BioMotionLab_NTroje/rub103/0013_knocking1.pkl,100
BioMotionLab_NTroje/rub103/0013_knocking1.pkl,101
BioMotionLab_NTroje/rub103/0013_knocking1.pkl,102
BioMotionLab_NTroje/rub103/0013_knocking1.pkl,103
BioMotionLab_NTroje/rub103/0013_knocking1.pkl,104
BioMotionLab_NTroje/rub103/0013_knocking1.pkl,105
BioMotionLab_NTroje/rub103/0013_knocking1.pkl,106
BioMotionLab_NTroje/rub103/0013_knocking1.pkl,107
BioMotionLab_NTroje/rub105/0014_knocking2.pkl,96
BioMotionLab_NTroje/rub105/0014_knocking2.pkl,97
BioMotionLab_NTroje/rub105/0014_knocking2.pkl,98
BioMotionLab_NTroje/rub105/0014_knocking2.pkl,99
BioMotionLab_NTroje/rub105/0014_knocking2.pkl,100
BioMotionLab_NTroje/rub105/0014_knocking2.pkl,101
BioMotionLab_NTroje/rub105/0014_knocking2.pkl,102
BioMotionLab_NTroje/rub105/0014_knocking2.pkl,103
BioMotionLab_NTroje/rub105/0014_knocking2.pkl,104
BioMotionLab_NTroje/rub105/0014_knocking2.pkl,105
BioMotionLab_NTroje/rub105/0014_knocking2.pkl,106
BioMotionLab_NTroje/rub105/0014_knocking2.pkl,107
BioMotionLab_NTroje/rub105/0014_knocking2.pkl,108
BioMotionLab_NTroje/rub105/0014_knocking2.pkl,109
BioMotionLab_NTroje/rub105/0014_knocking2.pkl,110
BioMotionLab_NTroje/rub105/0014_knocking2.pkl,111
BioMotionLab_NTroje/rub105/0014_knocking2.pkl,112
BioMotionLab_NTroje/rub106/0013_knocking1.pkl,101
BioMotionLab_NTroje/rub106/0013_knocking1.pkl,102
BioMotionLab_NTroje/rub106/0013_knocking1.pkl,103
BioMotionLab_NTroje/rub106/0013_knocking1.pkl,104
BioMotionLab_NTroje/rub106/0013_knocking1.pkl,105
BioMotionLab_NTroje/rub106/0013_knocking1.pkl,106
BioMotionLab_NTroje/rub106/0013_knocking1.pkl,107
BioMotionLab_NTroje/rub106/0013_knocking1.pkl,108
BioMotionLab_NTroje/rub106/0013_knocking1.pkl,109
BioMotionLab_NTroje/rub106/0013_knocking1.pkl,110
BioMotionLab_NTroje/rub106/0013_knocking1.pkl,111
BioMotionLab_NTroje/rub106/0013_knocking1.pkl,112
BioMotionLab_NTroje/rub106/0013_knocking1.pkl,113
BioMotionLab_NTroje/rub106/0013_knocking1.pkl,114
BioMotionLab_NTroje/rub106/0013_knocking1.pkl,115
BioMotionLab_NTroje/rub106/0013_knocking1.pkl,116
BioMotionLab_NTroje/rub106/0013_knocking1.pkl,117
BioMotionLab_NTroje/rub106/0013_knocking1.pkl,118
BioMotionLab_NTroje/rub106/0013_knocking1.pkl,119
BioMotionLab_NTroje/rub106/0013_knocking1.pkl,120
BioMotionLab_NTroje/rub106/0013_knocking1.pkl,121
BioMotionLab_NTroje/rub106/0013_knocking1.pkl,122
BioMotionLab_NTroje/rub106/0013_knocking1.pkl,123
BioMotionLab_NTroje/rub106/0013_knocking1.pkl,124
BioMotionLab_NTroje/rub106/0013_knocking1.pkl,125
BioMotionLab_NTroje/rub106/0013_knocking1.pkl,126
BioMotionLab_NTroje/rub106/0013_knocking1.pkl,127
BioMotionLab_NTroje/rub106/0013_knocking1.pkl,128
BioMotionLab_NTroje/rub106/0013_knocking1.pkl,129
BioMotionLab_NTroje/rub106/0013_knocking1.pkl,130
BioMotionLab_NTroje/rub106/0013_knocking1.pkl,131
BioMotionLab_NTroje/rub106/0013_knocking1.pkl,132
BioMotionLab_NTroje/rub106/0013_knocking1.pkl,133
BioMotionLab_NTroje/rub106/0013_knocking1.pkl,134
BioMotionLab_NTroje/rub112/0013_knocking1.pkl,198
BioMotionLab_NTroje/rub112/0013_knocking1.pkl,199
BioMotionLab_NTroje/rub114/0020_catching_and_throwing.pkl,613
BioMotionLab_NTroje/rub114/0020_catching_and_throwing.pkl,614
BioMotionLab_NTroje/rub114/0020_catching_and_throwing.pkl,615
BioMotionLab_NTroje/rub114/0020_catching_and_throwing.pkl,616
BioMotionLab_NTroje/rub114/0020_catching_and_throwing.pkl,617
BioMotionLab_NTroje/rub114/0020_catching_and_throwing.pkl,618
BioMotionLab_NTroje/rub114/0020_catching_and_throwing.pkl,619
BioMotionLab_NTroje/rub114/0020_catching_and_throwing.pkl,620
BioMotionLab_NTroje/rub114/0020_catching_and_throwing.pkl,621
BioMotionLab_NTroje/rub114/0020_catching_and_throwing.pkl,622
CMU/01/01_01.pkl,206
CMU/01/01_01.pkl,207
CMU/01/01_01.pkl,208
CMU/01/01_01.pkl,209
CMU/01/01_01.pkl,210
CMU/01/01_01.pkl,211
CMU/01/01_01.pkl,212
CMU/01/01_01.pkl,213
CMU/01/01_01.pkl,214
CMU/01/01_01.pkl,215
CMU/01/01_01.pkl,216
CMU/01/01_01.pkl,217
CMU/01/01_01.pkl,218
CMU/01/01_01.pkl,219
CMU/01/01_01.pkl,220
CMU/01/01_01.pkl,221
CMU/01/01_01.pkl,222
CMU/01/01_01.pkl,387
CMU/01/01_01.pkl,388
CMU/01/01_01.pkl,389
CMU/01/01_01.pkl,390
CMU/01/01_01.pkl,391
CMU/01/01_01.pkl,392
CMU/01/01_01.pkl,393
CMU/01/01_01.pkl,394
CMU/01/01_01.pkl,395
CMU/01/01_01.pkl,396
CMU/01/01_01.pkl,397
CMU/01/01_01.pkl,398
CMU/01/01_01.pkl,399
CMU/01/01_01.pkl,400
CMU/01/01_01.pkl,401
CMU/01/01_01.pkl,402
CMU/01/01_01.pkl,403
CMU/01/01_01.pkl,404
CMU/01/01_01.pkl,405
CMU/01/01_01.pkl,406
CMU/01/01_01.pkl,407
CMU/01/01_01.pkl,408
CMU/01/01_01.pkl,409
CMU/105/105_18.pkl,635
CMU/105/105_18.pkl,636
CMU/105/105_18.pkl,637
CMU/105/105_18.pkl,638
CMU/105/105_18.pkl,639
CMU/105/105_18.pkl,640
CMU/105/105_18.pkl,641
CMU/105/105_18.pkl,642
CMU/105/105_18.pkl,643
CMU/105/105_18.pkl,644
CMU/105/105_18.pkl,645
CMU/105/105_18.pkl,646
CMU/105/105_18.pkl,647
CMU/105/105_18.pkl,648
CMU/105/105_18.pkl,649
CMU/105/105_18.pkl,650
CMU/105/105_18.pkl,651
CMU/105/105_18.pkl,652
CMU/105/105_18.pkl,653
CMU/105/105_23.pkl,220
CMU/105/105_23.pkl,221
CMU/105/105_23.pkl,222
CMU/105/105_23.pkl,223
CMU/105/105_23.pkl,224
CMU/105/105_23.pkl,225
CMU/105/105_23.pkl,226
CMU/105/105_23.pkl,227
CMU/105/105_23.pkl,228
CMU/105/105_23.pkl,229
CMU/105/105_23.pkl,230
CMU/105/105_23.pkl,231
CMU/105/105_23.pkl,232
CMU/105/105_23.pkl,233
CMU/105/105_23.pkl,234
CMU/105/105_23.pkl,235
CMU/105/105_23.pkl,436
CMU/105/105_23.pkl,437
CMU/105/105_23.pkl,438
CMU/105/105_23.pkl,439
CMU/105/105_23.pkl,440
CMU/105/105_23.pkl,441
CMU/105/105_23.pkl,442
CMU/105/105_23.pkl,443
CMU/105/105_23.pkl,444
CMU/105/105_23.pkl,445
CMU/105/105_23.pkl,446
CMU/105/105_23.pkl,447
CMU/105/105_23.pkl,448
CMU/105/105_23.pkl,449
CMU/105/105_23.pkl,450
CMU/105/105_23.pkl,451
CMU/105/105_23.pkl,452
CMU/105/105_23.pkl,453
CMU/105/105_23.pkl,454
CMU/105/105_23.pkl,455
CMU/105/105_23.pkl,456
CMU/105/105_23.pkl,457
CMU/105/105_23.pkl,458
CMU/105/105_23.pkl,459
CMU/105/105_23.pkl,460
CMU/105/105_23.pkl,461
CMU/105/105_23.pkl,462
CMU/105/105_23.pkl,463
CMU/105/105_23.pkl,464
CMU/105/105_23.pkl,465
CMU/105/105_23.pkl,466
CMU/105/105_23.pkl,467
CMU/105/105_23.pkl,468
CMU/105/105_23.pkl,469
CMU/105/105_23.pkl,470
CMU/105/105_23.pkl,471
CMU/105/105_23.pkl,472
CMU/105/105_23.pkl,473
CMU/105/105_23.pkl,474
CMU/105/105_31.pkl,132
CMU/105/105_31.pkl,133
CMU/105/105_31.pkl,134
CMU/105/105_31.pkl,135
CMU/105/105_31.pkl,136
CMU/105/105_31.pkl,137
CMU/105/105_31.pkl,138
CMU/105/105_31.pkl,139
CMU/105/105_31.pkl,140
CMU/105/105_31.pkl,141
CMU/105/105_31.pkl,142
CMU/105/105_31.pkl,143
CMU/105/105_31.pkl,144
CMU/105/105_31.pkl,145
CMU/105/105_31.pkl,146
CMU/105/105_31.pkl,147
CMU/105/105_31.pkl,148
CMU/105/105_31.pkl,149
CMU/105/105_31.pkl,150
CMU/105/105_31.pkl,151
CMU/105/105_31.pkl,325
CMU/105/105_31.pkl,326
CMU/105/105_31.pkl,327
CMU/105/105_31.pkl,328
CMU/105/105_31.pkl,329
CMU/105/105_31.pkl,330
CMU/105/105_31.pkl,331
CMU/105/105_31.pkl,332
CMU/105/105_35.pkl,303
CMU/105/105_35.pkl,304
CMU/105/105_35.pkl,305
CMU/105/105_35.pkl,306
CMU/105/105_35.pkl,307
CMU/105/105_35.pkl,308
CMU/105/105_35.pkl,309
CMU/105/105_35.pkl,310
CMU/105/105_35.pkl,311
CMU/105/105_35.pkl,559
CMU/105/105_35.pkl,560
CMU/105/105_35.pkl,561
CMU/105/105_35.pkl,562
CMU/105/105_35.pkl,563
CMU/105/105_35.pkl,564
CMU/105/105_35.pkl,565
CMU/105/105_35.pkl,566
CMU/105/105_35.pkl,567
CMU/105/105_35.pkl,568
CMU/105/105_35.pkl,569
CMU/105/105_35.pkl,570
CMU/105/105_35.pkl,571
CMU/105/105_35.pkl,572
CMU/105/105_35.pkl,573
CMU/105/105_35.pkl,574
CMU/113/113_09.pkl,105
CMU/113/113_09.pkl,106
CMU/113/113_09.pkl,107
CMU/113/113_09.pkl,108
CMU/113/113_09.pkl,109
CMU/113/113_09.pkl,110
CMU/113/113_09.pkl,111
CMU/113/113_09.pkl,112
CMU/113/113_09.pkl,113
CMU/113/113_09.pkl,114
CMU/113/113_09.pkl,115
CMU/114/114_08.pkl,126
CMU/114/114_08.pkl,127
CMU/114/114_08.pkl,128
CMU/114/114_08.pkl,129
CMU/114/114_08.pkl,130
CMU/114/114_08.pkl,131
CMU/114/114_08.pkl,132
CMU/114/114_08.pkl,133
CMU/114/114_08.pkl,134
CMU/114/114_08.pkl,135
CMU/114/114_08.pkl,136
CMU/114/114_08.pkl,137
CMU/114/114_08.pkl,138
CMU/114/114_08.pkl,139
CMU/114/114_08.pkl,140
CMU/114/114_08.pkl,141
CMU/114/114_08.pkl,142
CMU/114/114_08.pkl,143
CMU/114/114_08.pkl,144
CMU/114/114_08.pkl,145
CMU/114/114_08.pkl,146
CMU/114/114_08.pkl,296
CMU/114/114_08.pkl,297
CMU/114/114_08.pkl,298
CMU/114/114_08.pkl,299
CMU/114/114_08.pkl,300
CMU/114/114_08.pkl,301
CMU/114/114_08.pkl,302
CMU/114/114_08.pkl,303
CMU/114/114_08.pkl,304
CMU/114/114_08.pkl,305
CMU/114/114_13.pkl,91
CMU/114/114_13.pkl,92
CMU/114/114_13.pkl,93
CMU/114/114_13.pkl,94
CMU/114/114_13.pkl,95
CMU/114/114_13.pkl,96
CMU/114/114_13.pkl,97
CMU/114/114_13.pkl,98
CMU/114/114_13.pkl,99
CMU/114/114_13.pkl,100
CMU/114/114_13.pkl,101
CMU/114/114_13.pkl,102
CMU/114/114_13.pkl,103
CMU/114/114_13.pkl,104
CMU/114/114_13.pkl,105
CMU/114/114_13.pkl,106
CMU/114/114_13.pkl,107
CMU/114/114_13.pkl,108
CMU/114/114_13.pkl,109
CMU/114/114_13.pkl,110
CMU/114/114_13.pkl,111
CMU/114/114_13.pkl,112
CMU/114/114_13.pkl,113
CMU/114/114_13.pkl,114
CMU/114/114_13.pkl,115
CMU/114/114_13.pkl,387
CMU/114/114_13.pkl,388
CMU/114/114_13.pkl,389
CMU/114/114_13.pkl,390
CMU/114/114_13.pkl,391
CMU/114/114_13.pkl,392
CMU/114/114_13.pkl,393
CMU/114/114_13.pkl,394
CMU/114/114_13.pkl,395
CMU/114/114_13.pkl,396
CMU/114/114_13.pkl,397
CMU/114/114_13.pkl,398
CMU/114/114_13.pkl,399
CMU/114/114_13.pkl,400
CMU/114/114_13.pkl,401
CMU/114/114_13.pkl,402
CMU/114/114_13.pkl,403
CMU/114/114_13.pkl,404
CMU/114/114_13.pkl,405
CMU/114/114_13.pkl,406
CMU/114/114_13.pkl,407
CMU/114/114_13.pkl,408
CMU/114/114_13.pkl,409
CMU/114/114_13.pkl,410
CMU/114/114_13.pkl,538
CMU/114/114_13.pkl,539
CMU/114/114_13.pkl,540
CMU/114/114_13.pkl,541
CMU/114/114_13.pkl,542
CMU/114/114_13.pkl,543
CMU/114/114_13.pkl,544
CMU/114/114_13.pkl,545
CMU/114/114_13.pkl,546
CMU/114/114_13.pkl,547
CMU/114/114_13.pkl,548
CMU/114/114_13.pkl,549
CMU/114/114_13.pkl,550
CMU/114/114_13.pkl,551
CMU/114/114_13.pkl,552
CMU/13/13_35.pkl,115
CMU/13/13_35.pkl,116
CMU/13/13_35.pkl,117
CMU/13/13_35.pkl,118
CMU/13/13_35.pkl,119
CMU/13/13_35.pkl,120
CMU/13/13_35.pkl,121
CMU/13/13_35.pkl,122
CMU/13/13_35.pkl,123
CMU/13/13_35.pkl,124
CMU/13/13_35.pkl,125
CMU/13/13_35.pkl,126
CMU/13/13_35.pkl,127
CMU/13/13_35.pkl,128
CMU/13/13_35.pkl,129
CMU/13/13_35.pkl,130
CMU/13/13_35.pkl,131
CMU/13/13_38.pkl,108
CMU/13/13_38.pkl,109
CMU/13/13_38.pkl,110
CMU/13/13_38.pkl,111
CMU/13/13_38.pkl,112
CMU/13/13_38.pkl,113
CMU/13/13_38.pkl,114
CMU/13/13_38.pkl,115
CMU/13/13_38.pkl,116
CMU/13/13_38.pkl,117
CMU/13/13_38.pkl,118
CMU/13/13_38.pkl,119
CMU/13/13_38.pkl,120
CMU/13/13_38.pkl,121
CMU/13/13_38.pkl,122
CMU/13/13_38.pkl,123
CMU/13/13_38.pkl,124
CMU/13/13_38.pkl,125
CMU/13/13_38.pkl,126
CMU/13/13_38.pkl,127
CMU/13/13_38.pkl,128
CMU/13/13_38.pkl,129
CMU/13/13_38.pkl,130
CMU/13/13_38.pkl,131
CMU/13/13_38.pkl,132
CMU/13/13_38.pkl,133
CMU/13/13_38.pkl,134
CMU/13/13_38.pkl,135
CMU/13/13_38.pkl,136
CMU/13/13_38.pkl,137
CMU/13/13_38.pkl,138
CMU/13/13_38.pkl,139
CMU/13/13_38.pkl,140
CMU/13/13_38.pkl,141
CMU/13/13_38.pkl,142
CMU/13/13_38.pkl,143
CMU/13/13_38.pkl,144
CMU/13/13_38.pkl,145
CMU/13/13_38.pkl,146
CMU/132/132_15.pkl,164
CMU/132/132_15.pkl,165
CMU/132/132_15.pkl,166
CMU/132/132_15.pkl,167
CMU/132/132_15.pkl,168
CMU/132/132_15.pkl,169
CMU/132/132_15.pkl,170
CMU/132/132_15.pkl,171
CMU/132/132_15.pkl,172
CMU/132/132_15.pkl,173
CMU/132/132_15.pkl,174
CMU/132/132_15.pkl,175
CMU/132/132_15.pkl,176
CMU/132/132_15.pkl,177
CMU/132/132_15.pkl,178
CMU/132/132_15.pkl,179
CMU/132/132_15.pkl,180
CMU/132/132_15.pkl,181
CMU/132/132_15.pkl,182
CMU/132/132_15.pkl,183
CMU/132/132_15.pkl,184
CMU/132/132_15.pkl,185
CMU/132/132_15.pkl,581
CMU/132/132_15.pkl,582
CMU/132/132_15.pkl,583
CMU/132/132_15.pkl,584
CMU/132/132_15.pkl,585
CMU/132/132_15.pkl,586
CMU/132/132_15.pkl,587
CMU/132/132_15.pkl,588
CMU/132/132_15.pkl,589
CMU/132/132_15.pkl,590
CMU/132/132_15.pkl,591
CMU/132/132_15.pkl,592
CMU/132/132_15.pkl,593
CMU/132/132_15.pkl,594
CMU/132/132_15.pkl,595
CMU/132/132_15.pkl,596
CMU/132/132_15.pkl,597
CMU/132/132_15.pkl,598
CMU/132/132_15.pkl,599
CMU/132/132_15.pkl,600
CMU/132/132_15.pkl,765
CMU/132/132_15.pkl,766
CMU/132/132_15.pkl,767
CMU/132/132_15.pkl,768
CMU/132/132_15.pkl,769
CMU/132/132_15.pkl,770
CMU/132/132_15.pkl,771
CMU/132/132_15.pkl,772
CMU/132/132_15.pkl,773
CMU/132/132_15.pkl,774
CMU/132/132_15.pkl,775
CMU/132/132_15.pkl,776
CMU/132/132_15.pkl,777
CMU/132/132_15.pkl,778
CMU/132/132_15.pkl,779
CMU/132/132_15.pkl,780
CMU/132/132_15.pkl,781
CMU/132/132_15.pkl,782
CMU/132/132_15.pkl,783
CMU/132/132_15.pkl,784
CMU/132/132_15.pkl,785
CMU/132/132_15.pkl,786
CMU/132/132_15.pkl,787
CMU/132/132_15.pkl,788
CMU/132/132_15.pkl,789
CMU/132/132_15.pkl,980
CMU/132/132_15.pkl,981
CMU/132/132_15.pkl,982
CMU/132/132_15.pkl,983
CMU/132/132_15.pkl,984
CMU/132/132_15.pkl,985
CMU/132/132_15.pkl,986
CMU/132/132_15.pkl,987
CMU/132/132_15.pkl,988
CMU/132/132_15.pkl,989
CMU/132/132_15.pkl,990
CMU/132/132_15.pkl,991
CMU/132/132_15.pkl,992
CMU/132/132_15.pkl,993
CMU/132/132_15.pkl,994
CMU/132/132_15.pkl,995
CMU/132/132_15.pkl,996
CMU/132/132_15.pkl,997
CMU/132/132_15.pkl,998
CMU/132/132_15.pkl,999
CMU/132/132_15.pkl,1000
CMU/132/132_15.pkl,1203
CMU/132/132_15.pkl,1204
CMU/132/132_15.pkl,1205
CMU/132/132_15.pkl,1206
CMU/132/132_15.pkl,1207
CMU/132/132_15.pkl,1208
CMU/132/132_15.pkl,1209
CMU/132/132_15.pkl,1210
CMU/132/132_15.pkl,1211
CMU/132/132_15.pkl,1212
CMU/132/132_15.pkl,1213
CMU/132/132_15.pkl,1214
CMU/132/132_15.pkl,1215
CMU/132/132_15.pkl,1216
CMU/132/132_15.pkl,1217
CMU/132/132_15.pkl,1218
CMU/132/132_15.pkl,1219
CMU/132/132_15.pkl,1220
CMU/132/132_15.pkl,1221
CMU/132/132_15.pkl,1222
CMU/132/132_15.pkl,1223
CMU/132/132_15.pkl,1224
CMU/132/132_15.pkl,1225
CMU/132/132_15.pkl,1226
CMU/132/132_15.pkl,1227
CMU/132/132_15.pkl,1228
CMU/132/132_15.pkl,1229
CMU/132/132_15.pkl,1230
CMU/132/132_15.pkl,1231
CMU/132/132_15.pkl,1232
CMU/132/132_15.pkl,1233
CMU/132/132_15.pkl,1234
CMU/132/132_15.pkl,1235
CMU/132/132_15.pkl,1236
CMU/132/132_39.pkl,285
CMU/132/132_39.pkl,286
CMU/132/132_39.pkl,287
CMU/132/132_39.pkl,288
CMU/132/132_39.pkl,289
CMU/132/132_39.pkl,290
CMU/132/132_39.pkl,291
CMU/132/132_39.pkl,292
CMU/132/132_39.pkl,293
CMU/132/132_39.pkl,294
CMU/132/132_39.pkl,295
CMU/132/132_39.pkl,296
CMU/132/132_39.pkl,297
CMU/132/132_39.pkl,298
CMU/132/132_39.pkl,299
CMU/132/132_39.pkl,300
CMU/132/132_39.pkl,301
CMU/132/132_39.pkl,302
CMU/132/132_39.pkl,303
CMU/132/132_39.pkl,304
CMU/132/132_39.pkl,305
CMU/132/132_39.pkl,306
CMU/132/132_39.pkl,307
CMU/132/132_39.pkl,308
CMU/132/132_54.pkl,156
CMU/132/132_54.pkl,157
CMU/132/132_54.pkl,158
CMU/132/132_54.pkl,159
CMU/132/132_54.pkl,160
CMU/132/132_54.pkl,161
CMU/132/132_54.pkl,162
CMU/132/132_54.pkl,163
CMU/132/132_54.pkl,164
CMU/132/132_54.pkl,165
CMU/132/132_54.pkl,166
CMU/132/132_54.pkl,167
CMU/132/132_54.pkl,168
CMU/132/132_54.pkl,169
CMU/132/132_54.pkl,170
CMU/132/132_54.pkl,356
CMU/132/132_54.pkl,357
CMU/132/132_54.pkl,358
CMU/132/132_54.pkl,359
CMU/132/132_54.pkl,360
CMU/132/132_54.pkl,361
CMU/132/132_54.pkl,362
CMU/132/132_54.pkl,363
CMU/132/132_54.pkl,364
CMU/132/132_54.pkl,365
CMU/132/132_54.pkl,366
CMU/132/132_54.pkl,367
CMU/132/132_54.pkl,368
CMU/132/132_54.pkl,369
CMU/132/132_54.pkl,370
CMU/132/132_54.pkl,371
CMU/132/132_54.pkl,372
CMU/132/132_54.pkl,373
CMU/132/132_54.pkl,374
CMU/132/132_54.pkl,375
CMU/132/132_54.pkl,376
CMU/132/132_54.pkl,377
CMU/132/132_54.pkl,552
CMU/132/132_54.pkl,553
CMU/132/132_54.pkl,554
CMU/132/132_54.pkl,555
CMU/132/132_54.pkl,556
CMU/132/132_54.pkl,557
CMU/132/132_54.pkl,558
CMU/132/132_54.pkl,559
CMU/132/132_54.pkl,560
CMU/132/132_54.pkl,561
CMU/132/132_54.pkl,562
CMU/132/132_54.pkl,563
CMU/132/132_54.pkl,564
CMU/132/132_54.pkl,565
CMU/132/132_54.pkl,566
CMU/132/132_54.pkl,567
CMU/132/132_54.pkl,568
CMU/132/132_54.pkl,569
CMU/132/132_54.pkl,570
CMU/132/132_54.pkl,571
CMU/132/132_54.pkl,739
CMU/132/132_54.pkl,740
CMU/132/132_54.pkl,741
CMU/132/132_54.pkl,742
CMU/132/132_54.pkl,743
CMU/132/132_54.pkl,744
CMU/132/132_54.pkl,745
CMU/132/132_54.pkl,746
CMU/132/132_54.pkl,747
CMU/132/132_54.pkl,748
CMU/132/132_54.pkl,749
CMU/132/132_54.pkl,750
CMU/132/132_54.pkl,751
CMU/132/132_54.pkl,752
CMU/132/132_54.pkl,753
CMU/132/132_54.pkl,754
CMU/132/132_54.pkl,755
CMU/132/132_54.pkl,756
CMU/132/132_54.pkl,757
CMU/132/132_54.pkl,758
CMU/132/132_54.pkl,759
CMU/132/132_54.pkl,760
CMU/132/132_54.pkl,761
CMU/132/132_54.pkl,762
CMU/132/132_54.pkl,763
CMU/132/132_54.pkl,764
CMU/132/132_54.pkl,765
CMU/132/132_54.pkl,766
CMU/132/132_54.pkl,767
CMU/132/132_54.pkl,940
CMU/132/132_54.pkl,941
CMU/132/132_54.pkl,942
CMU/132/132_54.pkl,943
CMU/132/132_54.pkl,944
CMU/132/132_54.pkl,945
CMU/132/132_54.pkl,946
CMU/132/132_54.pkl,947
CMU/132/132_54.pkl,948
CMU/132/132_54.pkl,949
CMU/132/132_54.pkl,950
CMU/132/132_54.pkl,951
CMU/132/132_54.pkl,952
CMU/132/132_54.pkl,953
CMU/132/132_54.pkl,954
CMU/132/132_54.pkl,955
CMU/132/132_54.pkl,956
CMU/132/132_54.pkl,957
CMU/132/132_54.pkl,1160
CMU/132/132_54.pkl,1161
CMU/132/132_54.pkl,1162
CMU/132/132_54.pkl,1163
CMU/132/132_54.pkl,1164
CMU/132/132_54.pkl,1165
CMU/132/132_54.pkl,1166
CMU/132/132_54.pkl,1167
CMU/132/132_54.pkl,1168
CMU/132/132_54.pkl,1169
CMU/132/132_54.pkl,1170
CMU/132/132_54.pkl,1171
CMU/132/132_54.pkl,1172
CMU/132/132_54.pkl,1173
CMU/132/132_54.pkl,1174
CMU/132/132_54.pkl,1175
CMU/132/132_54.pkl,1176
CMU/132/132_54.pkl,1177
CMU/132/132_54.pkl,1178
CMU/132/132_54.pkl,1179
CMU/132/132_54.pkl,1180
CMU/132/132_54.pkl,1181
CMU/132/132_54.pkl,1182
CMU/132/132_54.pkl,1183
CMU/132/132_54.pkl,1184
CMU/132/132_54.pkl,1185
CMU/132/132_54.pkl,1186
CMU/132/132_54.pkl,1187
CMU/132/132_54.pkl,1188
CMU/142/142_13.pkl,444
CMU/142/142_13.pkl,445
CMU/142/142_13.pkl,446
CMU/142/142_13.pkl,447
CMU/142/142_13.pkl,448
CMU/142/142_13.pkl,449
CMU/142/142_13.pkl,450
CMU/142/142_13.pkl,451
CMU/142/142_13.pkl,452
CMU/142/142_13.pkl,453
CMU/142/142_13.pkl,454
CMU/142/142_13.pkl,455
CMU/142/142_13.pkl,456
CMU/142/142_13.pkl,457
CMU/142/142_13.pkl,458
CMU/142/142_13.pkl,459
CMU/142/142_13.pkl,460
CMU/142/142_13.pkl,461
CMU/142/142_13.pkl,462
CMU/142/142_13.pkl,463
CMU/142/142_13.pkl,464
CMU/142/142_13.pkl,465
CMU/142/142_13.pkl,466
CMU/142/142_13.pkl,467
CMU/142/142_13.pkl,468
CMU/142/142_13.pkl,469
CMU/142/142_13.pkl,470
CMU/142/142_13.pkl,710
CMU/142/142_13.pkl,711
CMU/142/142_13.pkl,712
CMU/142/142_13.pkl,713
CMU/142/142_13.pkl,714
CMU/142/142_13.pkl,715
CMU/142/142_13.pkl,716
CMU/142/142_13.pkl,717
CMU/142/142_13.pkl,718
CMU/142/142_13.pkl,719
CMU/142/142_13.pkl,720
CMU/142/142_13.pkl,721
CMU/142/142_13.pkl,722
CMU/142/142_13.pkl,723
CMU/142/142_13.pkl,724
CMU/142/142_13.pkl,725
CMU/142/142_13.pkl,726
CMU/142/142_13.pkl,727
CMU/142/142_13.pkl,728
CMU/142/142_13.pkl,729
CMU/142/142_13.pkl,730
CMU/142/142_13.pkl,731
CMU/142/142_13.pkl,732
CMU/142/142_13.pkl,733
CMU/142/142_13.pkl,734
CMU/142/142_13.pkl,735
CMU/142/142_13.pkl,746
CMU/142/142_13.pkl,747
CMU/142/142_13.pkl,748
CMU/142/142_13.pkl,749
CMU/142/142_13.pkl,750
CMU/142/142_13.pkl,946
CMU/142/142_13.pkl,947
CMU/142/142_13.pkl,948
CMU/142/142_13.pkl,949
CMU/142/142_13.pkl,950
CMU/142/142_13.pkl,951
CMU/142/142_13.pkl,952
CMU/142/142_13.pkl,953
CMU/142/142_13.pkl,954
CMU/142/142_13.pkl,955
CMU/142/142_13.pkl,956
CMU/142/142_13.pkl,957
CMU/142/142_13.pkl,958
CMU/142/142_13.pkl,959
CMU/142/142_13.pkl,960
CMU/142/142_13.pkl,961
CMU/142/142_13.pkl,962
CMU/142/142_13.pkl,963
CMU/142/142_13.pkl,964
CMU/142/142_13.pkl,965
CMU/142/142_13.pkl,966
CMU/142/142_13.pkl,967
CMU/142/142_13.pkl,968
CMU/142/142_13.pkl,969
CMU/142/142_13.pkl,970
CMU/142/142_13.pkl,971
CMU/142/142_13.pkl,972
CMU/142/142_13.pkl,973
CMU/142/142_13.pkl,974
CMU/142/142_13.pkl,975
CMU/142/142_13.pkl,976
CMU/142/142_13.pkl,977
CMU/142/142_13.pkl,978
CMU/142/142_13.pkl,979
CMU/142/142_13.pkl,980
CMU/142/142_13.pkl,981
CMU/142/142_13.pkl,982
CMU/142/142_13.pkl,983
CMU/142/142_13.pkl,984
CMU/142/142_13.pkl,985
CMU/142/142_13.pkl,986
CMU/142/142_13.pkl,987
CMU/142/142_13.pkl,988
CMU/142/142_13.pkl,989
CMU/142/142_13.pkl,990
CMU/142/142_13.pkl,991
CMU/142/142_13.pkl,992
CMU/142/142_13.pkl,993
CMU/142/142_13.pkl,994
CMU/142/142_13.pkl,995
CMU/142/142_13.pkl,996
CMU/142/142_13.pkl,997
CMU/142/142_13.pkl,998
CMU/142/142_13.pkl,999
CMU/142/142_13.pkl,1000
CMU/142/142_13.pkl,1001
CMU/142/142_16.pkl,427
CMU/142/142_16.pkl,428
CMU/142/142_16.pkl,429
CMU/142/142_16.pkl,430
CMU/142/142_16.pkl,431
CMU/142/142_16.pkl,432
CMU/142/142_16.pkl,433
CMU/142/142_16.pkl,434
CMU/142/142_16.pkl,435
CMU/142/142_16.pkl,436
CMU/142/142_16.pkl,437
CMU/142/142_16.pkl,438
CMU/142/142_16.pkl,439
CMU/142/142_16.pkl,440
CMU/142/142_16.pkl,441
CMU/142/142_16.pkl,442
CMU/142/142_16.pkl,443
CMU/142/142_16.pkl,444
CMU/142/142_16.pkl,445
CMU/142/142_16.pkl,446
CMU/142/142_16.pkl,447
CMU/142/142_16.pkl,448
CMU/142/142_16.pkl,449
CMU/142/142_16.pkl,450
CMU/142/142_16.pkl,656
CMU/142/142_16.pkl,657
CMU/142/142_16.pkl,658
CMU/142/142_16.pkl,659
CMU/142/142_16.pkl,660
CMU/142/142_16.pkl,661
CMU/142/142_16.pkl,662
CMU/142/142_16.pkl,663
CMU/142/142_16.pkl,664
CMU/142/142_16.pkl,665
CMU/142/142_16.pkl,666
CMU/142/142_16.pkl,667
CMU/142/142_16.pkl,668
CMU/142/142_16.pkl,669
CMU/142/142_16.pkl,899
CMU/142/142_16.pkl,900
CMU/142/142_16.pkl,901
CMU/142/142_16.pkl,902
CMU/142/142_16.pkl,903
CMU/142/142_16.pkl,904
CMU/142/142_16.pkl,905
CMU/142/142_16.pkl,1129
CMU/142/142_16.pkl,1130
CMU/142/142_16.pkl,1131
CMU/142/142_16.pkl,1132
CMU/142/142_16.pkl,1133
CMU/142/142_16.pkl,1134
CMU/142/142_16.pkl,1135
CMU/142/142_16.pkl,1136
CMU/142/142_16.pkl,1137
CMU/142/142_16.pkl,1138
CMU/142/142_16.pkl,1139
CMU/142/142_16.pkl,1140
CMU/142/142_16.pkl,1141
CMU/142/142_16.pkl,1142
CMU/142/142_16.pkl,1143
CMU/142/142_16.pkl,1144
CMU/142/142_16.pkl,1145
CMU/142/142_16.pkl,1146
CMU/142/142_16.pkl,1147
CMU/142/142_19.pkl,457
CMU/142/142_19.pkl,458
CMU/142/142_19.pkl,459
CMU/142/142_19.pkl,460
CMU/142/142_19.pkl,461
CMU/142/142_19.pkl,462
CMU/142/142_19.pkl,463
CMU/142/142_19.pkl,464
CMU/142/142_19.pkl,465
CMU/142/142_19.pkl,466
CMU/142/142_19.pkl,467
CMU/142/142_19.pkl,468
CMU/142/142_19.pkl,469
CMU/142/142_19.pkl,470
CMU/142/142_19.pkl,471
CMU/142/142_19.pkl,472
CMU/142/142_19.pkl,473
CMU/142/142_19.pkl,474
CMU/142/142_19.pkl,475
CMU/142/142_19.pkl,476
CMU/142/142_19.pkl,845
CMU/142/142_19.pkl,846
CMU/142/142_19.pkl,847
CMU/142/142_19.pkl,848
CMU/142/142_19.pkl,849
CMU/142/142_19.pkl,850
CMU/142/142_19.pkl,851
CMU/142/142_19.pkl,852
CMU/142/142_19.pkl,853
CMU/142/142_19.pkl,854
CMU/142/142_19.pkl,855
CMU/142/142_19.pkl,856
CMU/142/142_19.pkl,857
CMU/142/142_19.pkl,858
CMU/142/142_19.pkl,859
CMU/142/142_19.pkl,860
CMU/142/142_19.pkl,861
CMU/142/142_19.pkl,862
CMU/142/142_19.pkl,863
CMU/142/142_19.pkl,864
CMU/142/142_19.pkl,865
CMU/142/142_19.pkl,866
CMU/142/142_19.pkl,867
CMU/142/142_19.pkl,868
CMU/142/142_19.pkl,869
CMU/142/142_19.pkl,870
CMU/142/142_19.pkl,871
CMU/142/142_19.pkl,872
CMU/142/142_19.pkl,873
CMU/142/142_20.pkl,228
CMU/142/142_20.pkl,229
CMU/142/142_20.pkl,230
CMU/142/142_20.pkl,231
CMU/142/142_20.pkl,232
CMU/142/142_20.pkl,233
CMU/142/142_20.pkl,234
CMU/142/142_20.pkl,235
CMU/142/142_20.pkl,236
CMU/142/142_20.pkl,237
CMU/142/142_20.pkl,238
CMU/142/142_20.pkl,239
CMU/142/142_20.pkl,240
CMU/142/142_20.pkl,241
CMU/142/142_20.pkl,242
CMU/142/142_20.pkl,243
CMU/142/142_20.pkl,244
CMU/142/142_20.pkl,245
CMU/142/142_20.pkl,246
CMU/142/142_20.pkl,247
CMU/142/142_20.pkl,248
CMU/142/142_20.pkl,249
CMU/143/143_13.pkl,46
CMU/143/143_13.pkl,47
CMU/143/143_15.pkl,57
CMU/143/143_15.pkl,58
CMU/143/143_15.pkl,59
CMU/143/143_15.pkl,60
CMU/143/143_15.pkl,61
CMU/143/143_15.pkl,62
CMU/143/143_15.pkl,128
CMU/143/143_15.pkl,129
CMU/143/143_15.pkl,130
CMU/143/143_15.pkl,131
CMU/143/143_15.pkl,132
CMU/143/143_15.pkl,133
CMU/15/15_09.pkl,82
CMU/15/15_09.pkl,83
CMU/15/15_09.pkl,84
CMU/15/15_09.pkl,85
CMU/15/15_09.pkl,86
CMU/15/15_09.pkl,87
CMU/15/15_09.pkl,88
CMU/15/15_09.pkl,89
CMU/15/15_09.pkl,90
CMU/15/15_09.pkl,91
CMU/15/15_09.pkl,92
CMU/15/15_09.pkl,93
CMU/15/15_09.pkl,94
CMU/15/15_09.pkl,95
CMU/15/15_09.pkl,96
CMU/15/15_09.pkl,97
CMU/15/15_09.pkl,98
CMU/15/15_09.pkl,99
CMU/15/15_09.pkl,100
CMU/15/15_09.pkl,101
CMU/15/15_09.pkl,102
CMU/15/15_09.pkl,103
CMU/15/15_09.pkl,267
CMU/15/15_09.pkl,268
CMU/15/15_09.pkl,269
CMU/15/15_09.pkl,270
CMU/15/15_09.pkl,271
CMU/15/15_09.pkl,272
CMU/15/15_09.pkl,273
CMU/15/15_09.pkl,274
CMU/15/15_09.pkl,275
CMU/15/15_09.pkl,276
CMU/15/15_09.pkl,277
CMU/15/15_09.pkl,278
CMU/15/15_09.pkl,279
CMU/15/15_09.pkl,433
CMU/15/15_09.pkl,434
CMU/15/15_09.pkl,435
CMU/15/15_09.pkl,436
CMU/15/15_09.pkl,437
CMU/15/15_09.pkl,438
CMU/15/15_09.pkl,439
CMU/15/15_09.pkl,440
CMU/15/15_09.pkl,441
CMU/15/15_09.pkl,442
CMU/15/15_09.pkl,443
CMU/15/15_09.pkl,444
CMU/15/15_09.pkl,445
CMU/15/15_09.pkl,446
CMU/15/15_09.pkl,447
CMU/15/15_09.pkl,448
CMU/15/15_09.pkl,449
CMU/15/15_09.pkl,450
CMU/15/15_09.pkl,451
CMU/15/15_09.pkl,452
CMU/15/15_09.pkl,453
CMU/15/15_09.pkl,454
CMU/15/15_09.pkl,455
CMU/15/15_09.pkl,456
CMU/15/15_09.pkl,457
CMU/15/15_09.pkl,458
CMU/15/15_09.pkl,459
CMU/15/15_09.pkl,460
CMU/15/15_09.pkl,461
CMU/15/15_09.pkl,462
CMU/15/15_09.pkl,608
CMU/15/15_09.pkl,609
CMU/15/15_09.pkl,610
CMU/15/15_09.pkl,611
CMU/15/15_09.pkl,612
CMU/15/15_09.pkl,613
CMU/15/15_09.pkl,614
CMU/15/15_09.pkl,615
CMU/15/15_09.pkl,616
CMU/15/15_09.pkl,617
CMU/15/15_09.pkl,618
CMU/15/15_09.pkl,619
CMU/15/15_09.pkl,620
CMU/15/15_09.pkl,621
CMU/15/15_09.pkl,622
CMU/15/15_09.pkl,623
CMU/15/15_09.pkl,624
CMU/15/15_09.pkl,625
CMU/15/15_09.pkl,626
CMU/15/15_09.pkl,627
CMU/15/15_09.pkl,628
CMU/15/15_09.pkl,629
CMU/15/15_09.pkl,630
CMU/15/15_09.pkl,631
CMU/15/15_09.pkl,632
CMU/15/15_09.pkl,633
CMU/15/15_09.pkl,811
CMU/15/15_09.pkl,812
CMU/15/15_09.pkl,813
CMU/15/15_09.pkl,814
CMU/15/15_09.pkl,815
CMU/15/15_09.pkl,816
CMU/15/15_09.pkl,817
CMU/15/15_09.pkl,818
CMU/15/15_09.pkl,819
CMU/15/15_09.pkl,820
CMU/15/15_09.pkl,821
CMU/15/15_09.pkl,822
CMU/15/15_09.pkl,823
CMU/15/15_09.pkl,824
CMU/15/15_09.pkl,825
CMU/15/15_09.pkl,826
CMU/15/15_09.pkl,973
CMU/15/15_09.pkl,974
CMU/15/15_09.pkl,975
CMU/15/15_09.pkl,976
CMU/15/15_09.pkl,977
CMU/15/15_09.pkl,978
CMU/15/15_09.pkl,979
CMU/15/15_09.pkl,980
CMU/15/15_09.pkl,981
CMU/15/15_09.pkl,982
CMU/15/15_09.pkl,983
CMU/15/15_09.pkl,984
CMU/15/15_09.pkl,985
CMU/15/15_09.pkl,986
CMU/15/15_09.pkl,987
CMU/15/15_09.pkl,988
CMU/15/15_09.pkl,989
CMU/15/15_09.pkl,990
CMU/15/15_09.pkl,991
CMU/15/15_09.pkl,992
CMU/15/15_09.pkl,993
CMU/15/15_09.pkl,994
CMU/15/15_09.pkl,995
CMU/15/15_09.pkl,996
CMU/15/15_09.pkl,997
CMU/15/15_09.pkl,998
CMU/15/15_09.pkl,1151
CMU/15/15_09.pkl,1152
CMU/15/15_09.pkl,1153
CMU/15/15_09.pkl,1154
CMU/15/15_09.pkl,1155
CMU/15/15_09.pkl,1156
CMU/15/15_09.pkl,1157
CMU/15/15_09.pkl,1158
CMU/15/15_09.pkl,1159
CMU/15/15_09.pkl,1160
CMU/15/15_09.pkl,1161
CMU/15/15_09.pkl,1162
CMU/15/15_09.pkl,1163
CMU/15/15_09.pkl,1164
CMU/15/15_09.pkl,1165
CMU/15/15_09.pkl,1166
CMU/15/15_09.pkl,1167
CMU/15/15_09.pkl,1168
CMU/15/15_09.pkl,1169
CMU/15/15_09.pkl,1170
CMU/15/15_09.pkl,1171
CMU/15/15_09.pkl,1172
CMU/15/15_09.pkl,1173
CMU/15/15_09.pkl,1329
CMU/15/15_09.pkl,1330
CMU/15/15_09.pkl,1331
CMU/15/15_09.pkl,1332
CMU/15/15_09.pkl,1333
CMU/15/15_09.pkl,1334
CMU/15/15_09.pkl,1335
CMU/15/15_09.pkl,1336
CMU/15/15_09.pkl,1337
CMU/15/15_09.pkl,1338
CMU/15/15_09.pkl,1339
CMU/15/15_09.pkl,1340
CMU/15/15_09.pkl,1341
CMU/15/15_09.pkl,1342
CMU/15/15_09.pkl,1343
CMU/15/15_09.pkl,1344
CMU/15/15_09.pkl,1488
CMU/15/15_09.pkl,1489
CMU/15/15_09.pkl,1490
CMU/22_23_justin/22_01.pkl,88
CMU/22_23_justin/22_01.pkl,89
CMU/22_23_justin/22_01.pkl,90
CMU/22_23_justin/22_01.pkl,91
CMU/22_23_justin/22_01.pkl,92
CMU/22_23_justin/22_01.pkl,93
CMU/22_23_justin/22_01.pkl,94
CMU/22_23_justin/22_01.pkl,95
CMU/22_23_justin/22_01.pkl,96
CMU/22_23_justin/22_01.pkl,97
CMU/22_23_justin/22_01.pkl,98
CMU/22_23_justin/22_01.pkl,99
CMU/22_23_justin/22_01.pkl,100
CMU/22_23_justin/22_01.pkl,101
CMU/22_23_justin/22_01.pkl,102
CMU/22_23_justin/22_01.pkl,103
CMU/22_23_justin/22_01.pkl,104
CMU/22_23_justin/22_01.pkl,105
CMU/22_23_justin/22_01.pkl,106
CMU/22_23_justin/22_01.pkl,107
CMU/22_23_justin/22_01.pkl,108
CMU/22_23_justin/22_01.pkl,109
CMU/22_23_justin/22_01.pkl,110
CMU/22_23_justin/22_01.pkl,111
CMU/22_23_justin/22_01.pkl,112
CMU/22_23_justin/22_01.pkl,113
CMU/22_23_justin/22_01.pkl,114
CMU/22_23_justin/22_01.pkl,115
CMU/22_23_justin/22_01.pkl,116
CMU/22_23_justin/22_01.pkl,117
CMU/22_23_justin/22_01.pkl,118
CMU/22_23_justin/22_01.pkl,119
CMU/22_23_justin/22_01.pkl,120
CMU/22_23_justin/22_01.pkl,121
CMU/22_23_justin/22_01.pkl,122
CMU/22_23_justin/22_01.pkl,123
CMU/22_23_justin/22_01.pkl,124
CMU/22_23_justin/22_01.pkl,125
CMU/22_23_justin/22_01.pkl,126
CMU/22_23_justin/22_01.pkl,127
CMU/35/35_27.pkl,161
CMU/35/35_27.pkl,162
CMU/35/35_27.pkl,353
CMU/35/35_27.pkl,354
CMU/35/35_27.pkl,355
CMU/35/35_27.pkl,356
CMU/35/35_27.pkl,357
CMU/35/35_27.pkl,358
CMU/35/35_27.pkl,359
CMU/35/35_27.pkl,360
CMU/35/35_27.pkl,361
CMU/35/35_27.pkl,411
CMU/35/35_27.pkl,412
CMU/35/35_27.pkl,724
CMU/35/35_27.pkl,725
CMU/35/35_27.pkl,726
CMU/35/35_27.pkl,727
CMU/35/35_27.pkl,728
CMU/35/35_27.pkl,729
CMU/35/35_27.pkl,730
CMU/35/35_27.pkl,1211
CMU/35/35_27.pkl,1212
CMU/35/35_27.pkl,1324
CMU/35/35_27.pkl,1325
CMU/35/35_27.pkl,1326
CMU/35/35_27.pkl,1327
CMU/35/35_27.pkl,1328
CMU/35/35_27.pkl,1329
CMU/35/35_27.pkl,1330
CMU/35/35_27.pkl,1331
CMU/35/35_27.pkl,1332
CMU/35/35_27.pkl,1333
CMU/35/35_27.pkl,1334
CMU/35/35_27.pkl,1335
CMU/35/35_27.pkl,1336
CMU/35/35_27.pkl,1337
CMU/35/35_27.pkl,1406
CMU/35/35_27.pkl,1407
CMU/35/35_27.pkl,1408
CMU/35/35_27.pkl,1409
CMU/35/35_27.pkl,1410
CMU/35/35_27.pkl,1411
CMU/35/35_27.pkl,1412
CMU/35/35_27.pkl,1413
CMU/35/35_27.pkl,1414
CMU/35/35_27.pkl,1415
CMU/35/35_27.pkl,1416
CMU/35/35_27.pkl,1417
CMU/35/35_27.pkl,1418
CMU/35/35_27.pkl,1419
CMU/35/35_27.pkl,1420
CMU/35/35_27.pkl,1421
CMU/35/35_27.pkl,1568
CMU/35/35_27.pkl,1569
CMU/35/35_27.pkl,1570
CMU/35/35_27.pkl,1571
CMU/35/35_27.pkl,1572
CMU/35/35_27.pkl,1573
CMU/35/35_27.pkl,1574
CMU/35/35_27.pkl,1575
CMU/35/35_27.pkl,1576
CMU/35/35_27.pkl,1577
CMU/35/35_27.pkl,1578
CMU/35/35_27.pkl,1579
CMU/35/35_27.pkl,1580
CMU/35/35_27.pkl,1581
CMU/35/35_27.pkl,1582
CMU/35/35_27.pkl,1583
CMU/35/35_27.pkl,1584
CMU/35/35_27.pkl,1585
CMU/36/36_02.pkl,75
CMU/36/36_02.pkl,76
CMU/36/36_02.pkl,77
CMU/36/36_02.pkl,78
CMU/36/36_02.pkl,79
CMU/36/36_02.pkl,80
CMU/36/36_02.pkl,81
CMU/36/36_02.pkl,82
CMU/36/36_02.pkl,83
CMU/36/36_02.pkl,84
CMU/36/36_02.pkl,85
CMU/36/36_02.pkl,86
CMU/36/36_02.pkl,87
CMU/36/36_02.pkl,88
CMU/36/36_02.pkl,89
CMU/36/36_02.pkl,90
CMU/36/36_02.pkl,91
CMU/36/36_02.pkl,92
CMU/36/36_02.pkl,93
CMU/36/36_02.pkl,94
CMU/36/36_02.pkl,95
CMU/36/36_02.pkl,250
CMU/36/36_02.pkl,251
CMU/36/36_02.pkl,252
CMU/36/36_02.pkl,253
CMU/36/36_02.pkl,254
CMU/36/36_02.pkl,255
CMU/36/36_02.pkl,256
CMU/36/36_02.pkl,257
CMU/36/36_02.pkl,258
CMU/36/36_02.pkl,259
CMU/36/36_02.pkl,260
CMU/36/36_02.pkl,261
CMU/36/36_02.pkl,262
CMU/36/36_02.pkl,263
CMU/36/36_02.pkl,264
CMU/36/36_02.pkl,265
CMU/36/36_02.pkl,266
CMU/36/36_02.pkl,267
CMU/36/36_02.pkl,268
CMU/36/36_02.pkl,269
CMU/36/36_02.pkl,270
CMU/36/36_02.pkl,271
CMU/36/36_02.pkl,272
CMU/36/36_02.pkl,273
CMU/36/36_02.pkl,366
CMU/36/36_02.pkl,367
CMU/36/36_02.pkl,368
CMU/36/36_02.pkl,369
CMU/36/36_02.pkl,370
CMU/36/36_02.pkl,371
CMU/36/36_02.pkl,372
CMU/36/36_02.pkl,373
CMU/36/36_02.pkl,374
CMU/36/36_02.pkl,375
CMU/36/36_02.pkl,376
CMU/36/36_02.pkl,377
CMU/36/36_02.pkl,378
CMU/36/36_02.pkl,379
CMU/36/36_02.pkl,380
CMU/36/36_02.pkl,381
CMU/36/36_02.pkl,382
CMU/36/36_02.pkl,383
CMU/36/36_02.pkl,384
CMU/36/36_02.pkl,385
CMU/36/36_02.pkl,386
CMU/36/36_02.pkl,387
CMU/36/36_02.pkl,388
CMU/36/36_02.pkl,389
CMU/36/36_02.pkl,390
CMU/36/36_02.pkl,391
CMU/36/36_02.pkl,392
CMU/36/36_02.pkl,393
CMU/36/36_02.pkl,394
CMU/36/36_02.pkl,395
CMU/36/36_02.pkl,396
CMU/36/36_02.pkl,397
CMU/36/36_02.pkl,398
CMU/36/36_02.pkl,399
CMU/36/36_02.pkl,400
CMU/36/36_02.pkl,490
CMU/36/36_02.pkl,491
CMU/36/36_02.pkl,492
CMU/36/36_02.pkl,493
CMU/36/36_02.pkl,494
CMU/36/36_02.pkl,495
CMU/36/36_02.pkl,496
CMU/36/36_02.pkl,497
CMU/36/36_02.pkl,498
CMU/36/36_02.pkl,499
CMU/36/36_02.pkl,500
CMU/36/36_02.pkl,501
CMU/36/36_02.pkl,502
CMU/36/36_02.pkl,503
CMU/36/36_02.pkl,504
CMU/36/36_02.pkl,505
CMU/36/36_02.pkl,506
CMU/36/36_02.pkl,507
CMU/36/36_02.pkl,508
CMU/36/36_02.pkl,654
CMU/36/36_02.pkl,655
CMU/36/36_02.pkl,656
CMU/36/36_02.pkl,657
CMU/36/36_02.pkl,658
CMU/36/36_02.pkl,659
CMU/36/36_02.pkl,660
CMU/36/36_02.pkl,661
CMU/36/36_02.pkl,662
CMU/36/36_02.pkl,663
CMU/36/36_02.pkl,664
CMU/36/36_02.pkl,665
CMU/36/36_02.pkl,666
CMU/36/36_02.pkl,667
CMU/36/36_02.pkl,668
CMU/36/36_02.pkl,669
CMU/36/36_02.pkl,670
CMU/36/36_02.pkl,671
CMU/36/36_02.pkl,672
CMU/36/36_02.pkl,673
CMU/36/36_02.pkl,674
CMU/36/36_02.pkl,820
CMU/36/36_02.pkl,821
CMU/36/36_02.pkl,822
CMU/36/36_02.pkl,823
CMU/36/36_02.pkl,824
CMU/36/36_02.pkl,825
CMU/36/36_02.pkl,826
CMU/36/36_02.pkl,827
CMU/36/36_02.pkl,828
CMU/36/36_02.pkl,829
CMU/36/36_02.pkl,830
CMU/36/36_02.pkl,831
CMU/36/36_02.pkl,832
CMU/36/36_02.pkl,833
CMU/36/36_02.pkl,834
CMU/36/36_02.pkl,835
CMU/36/36_02.pkl,836
CMU/36/36_02.pkl,837
CMU/36/36_02.pkl,838
CMU/36/36_03.pkl,87
CMU/36/36_03.pkl,88
CMU/36/36_03.pkl,89
CMU/36/36_03.pkl,90
CMU/36/36_03.pkl,91
CMU/36/36_03.pkl,118
CMU/36/36_03.pkl,119
CMU/36/36_03.pkl,120
CMU/36/36_03.pkl,121
CMU/36/36_03.pkl,122
CMU/36/36_03.pkl,123
CMU/36/36_03.pkl,124
CMU/36/36_03.pkl,125
CMU/36/36_03.pkl,126
CMU/36/36_03.pkl,243
CMU/36/36_03.pkl,244
CMU/36/36_03.pkl,245
CMU/36/36_03.pkl,246
CMU/36/36_03.pkl,247
CMU/36/36_03.pkl,248
CMU/36/36_03.pkl,249
CMU/36/36_03.pkl,250
CMU/36/36_03.pkl,276
CMU/36/36_03.pkl,277
CMU/36/36_03.pkl,278
CMU/36/36_03.pkl,279
CMU/36/36_03.pkl,280
CMU/36/36_03.pkl,281
CMU/36/36_03.pkl,282
CMU/36/36_03.pkl,452
CMU/36/36_03.pkl,453
CMU/36/36_03.pkl,454
CMU/36/36_03.pkl,455
CMU/36/36_03.pkl,456
CMU/36/36_03.pkl,457
CMU/36/36_03.pkl,458
CMU/36/36_03.pkl,486
CMU/36/36_03.pkl,487
CMU/36/36_03.pkl,488
CMU/36/36_03.pkl,489
CMU/36/36_03.pkl,490
CMU/36/36_03.pkl,491
CMU/36/36_03.pkl,619
CMU/36/36_03.pkl,620
CMU/36/36_03.pkl,644
CMU/36/36_03.pkl,645
CMU/36/36_03.pkl,646
CMU/36/36_03.pkl,647
CMU/36/36_03.pkl,648
CMU/36/36_07.pkl,176
CMU/36/36_07.pkl,177
CMU/36/36_07.pkl,178
CMU/36/36_07.pkl,179
CMU/36/36_07.pkl,180
CMU/36/36_07.pkl,181
CMU/36/36_07.pkl,182
CMU/36/36_07.pkl,183
CMU/36/36_07.pkl,184
CMU/36/36_07.pkl,185
CMU/36/36_07.pkl,186
CMU/36/36_07.pkl,187
CMU/36/36_07.pkl,188
CMU/36/36_07.pkl,189
CMU/36/36_07.pkl,190
CMU/36/36_07.pkl,191
CMU/36/36_07.pkl,192
CMU/36/36_07.pkl,193
CMU/36/36_07.pkl,194
CMU/36/36_07.pkl,195
CMU/36/36_07.pkl,196
CMU/36/36_07.pkl,197
CMU/36/36_07.pkl,198
CMU/36/36_07.pkl,199
CMU/36/36_07.pkl,200
CMU/36/36_07.pkl,201
CMU/36/36_07.pkl,202
CMU/36/36_07.pkl,203
CMU/36/36_07.pkl,406
CMU/36/36_07.pkl,407
CMU/36/36_07.pkl,408
CMU/36/36_07.pkl,409
CMU/36/36_07.pkl,410
CMU/36/36_07.pkl,411
CMU/36/36_07.pkl,412
CMU/36/36_07.pkl,413
CMU/36/36_07.pkl,414
CMU/36/36_07.pkl,415
CMU/36/36_07.pkl,416
CMU/36/36_07.pkl,417
CMU/36/36_07.pkl,418
CMU/36/36_07.pkl,419
CMU/36/36_07.pkl,420
CMU/36/36_07.pkl,421
CMU/36/36_07.pkl,422
CMU/36/36_07.pkl,423
CMU/36/36_07.pkl,424
CMU/36/36_07.pkl,425
CMU/36/36_07.pkl,426
CMU/36/36_07.pkl,427
CMU/36/36_07.pkl,428
CMU/36/36_07.pkl,429
CMU/36/36_07.pkl,430
CMU/36/36_07.pkl,431
CMU/36/36_07.pkl,432
CMU/36/36_07.pkl,433
CMU/36/36_07.pkl,434
CMU/36/36_07.pkl,435
CMU/36/36_07.pkl,436
CMU/36/36_07.pkl,437
CMU/36/36_07.pkl,438
CMU/36/36_07.pkl,439
CMU/36/36_07.pkl,440
CMU/36/36_07.pkl,441
CMU/36/36_07.pkl,442
CMU/36/36_07.pkl,443
CMU/36/36_07.pkl,444
CMU/36/36_07.pkl,445
CMU/36/36_07.pkl,446
CMU/36/36_07.pkl,447
CMU/36/36_07.pkl,571
CMU/36/36_07.pkl,572
CMU/36/36_07.pkl,573
CMU/36/36_07.pkl,574
CMU/36/36_07.pkl,575
CMU/36/36_07.pkl,576
CMU/36/36_07.pkl,577
CMU/36/36_07.pkl,578
CMU/36/36_07.pkl,579
CMU/36/36_07.pkl,580
CMU/36/36_07.pkl,581
CMU/36/36_07.pkl,582
CMU/36/36_07.pkl,583
CMU/36/36_07.pkl,584
CMU/36/36_07.pkl,585
CMU/36/36_07.pkl,586
CMU/36/36_07.pkl,587
CMU/36/36_07.pkl,588
CMU/36/36_07.pkl,589
CMU/36/36_07.pkl,590
CMU/36/36_07.pkl,591
CMU/36/36_07.pkl,592
CMU/36/36_07.pkl,593
CMU/36/36_07.pkl,594
CMU/36/36_07.pkl,595
CMU/36/36_07.pkl,596
CMU/36/36_07.pkl,597
CMU/36/36_07.pkl,598
CMU/36/36_07.pkl,599
CMU/36/36_07.pkl,600
CMU/36/36_07.pkl,601
CMU/36/36_07.pkl,602
CMU/36/36_07.pkl,603
CMU/36/36_07.pkl,604
CMU/36/36_07.pkl,605
CMU/36/36_07.pkl,606
CMU/36/36_07.pkl,607
CMU/36/36_07.pkl,735
CMU/36/36_07.pkl,736
CMU/36/36_07.pkl,737
CMU/36/36_07.pkl,738
CMU/36/36_09.pkl,185
CMU/36/36_09.pkl,186
CMU/36/36_09.pkl,187
CMU/36/36_09.pkl,188
CMU/36/36_09.pkl,189
CMU/36/36_09.pkl,190
CMU/36/36_09.pkl,191
CMU/36/36_09.pkl,192
CMU/36/36_09.pkl,193
CMU/36/36_09.pkl,194
CMU/36/36_09.pkl,195
CMU/36/36_09.pkl,196
CMU/36/36_09.pkl,197
CMU/36/36_09.pkl,198
CMU/36/36_09.pkl,199
CMU/36/36_09.pkl,200
CMU/36/36_09.pkl,201
CMU/36/36_09.pkl,202
CMU/36/36_09.pkl,203
CMU/36/36_09.pkl,204
CMU/36/36_09.pkl,205
CMU/36/36_09.pkl,206
CMU/36/36_09.pkl,207
CMU/36/36_09.pkl,208
CMU/36/36_09.pkl,209
CMU/36/36_09.pkl,210
CMU/36/36_09.pkl,211
CMU/36/36_09.pkl,212
CMU/36/36_09.pkl,426
CMU/36/36_09.pkl,427
CMU/36/36_09.pkl,428
CMU/36/36_09.pkl,429
CMU/36/36_09.pkl,430
CMU/36/36_09.pkl,431
CMU/36/36_09.pkl,432
CMU/36/36_09.pkl,433
CMU/36/36_09.pkl,434
CMU/36/36_09.pkl,435
CMU/36/36_09.pkl,436
CMU/36/36_09.pkl,437
CMU/36/36_09.pkl,438
CMU/36/36_09.pkl,439
CMU/36/36_09.pkl,440
CMU/36/36_09.pkl,441
CMU/36/36_09.pkl,442
CMU/36/36_09.pkl,443
CMU/36/36_09.pkl,444
CMU/36/36_09.pkl,445
CMU/36/36_09.pkl,446
CMU/36/36_09.pkl,447
CMU/36/36_09.pkl,448
CMU/36/36_09.pkl,449
CMU/36/36_09.pkl,450
CMU/36/36_09.pkl,451
CMU/36/36_09.pkl,452
CMU/36/36_09.pkl,453
CMU/36/36_09.pkl,454
CMU/36/36_09.pkl,455
CMU/36/36_09.pkl,576
CMU/36/36_09.pkl,577
CMU/36/36_09.pkl,578
CMU/36/36_09.pkl,579
CMU/36/36_09.pkl,580
CMU/36/36_09.pkl,581
CMU/36/36_09.pkl,582
CMU/36/36_09.pkl,583
CMU/36/36_09.pkl,584
CMU/36/36_09.pkl,585
CMU/36/36_09.pkl,586
CMU/36/36_09.pkl,587
CMU/36/36_09.pkl,588
CMU/36/36_09.pkl,589
CMU/36/36_09.pkl,590
CMU/36/36_09.pkl,591
CMU/36/36_09.pkl,592
CMU/36/36_09.pkl,593
CMU/36/36_09.pkl,594
CMU/36/36_09.pkl,595
CMU/36/36_09.pkl,596
CMU/36/36_09.pkl,597
CMU/36/36_09.pkl,598
CMU/36/36_09.pkl,599
CMU/36/36_09.pkl,600
CMU/36/36_09.pkl,601
CMU/36/36_09.pkl,602
CMU/36/36_09.pkl,603
CMU/36/36_09.pkl,604
CMU/36/36_09.pkl,605
CMU/36/36_09.pkl,606
CMU/36/36_09.pkl,607
CMU/36/36_09.pkl,608
CMU/36/36_09.pkl,609
CMU/36/36_09.pkl,610
CMU/36/36_09.pkl,611
CMU/36/36_09.pkl,612
CMU/36/36_09.pkl,613
CMU/36/36_09.pkl,614
CMU/36/36_09.pkl,615
CMU/36/36_09.pkl,616
CMU/36/36_09.pkl,617
CMU/36/36_09.pkl,618
CMU/36/36_09.pkl,619
CMU/36/36_09.pkl,620
CMU/36/36_09.pkl,621
CMU/36/36_09.pkl,622
CMU/36/36_09.pkl,623
CMU/36/36_09.pkl,624
CMU/36/36_09.pkl,625
CMU/36/36_09.pkl,626
CMU/36/36_09.pkl,627
CMU/36/36_09.pkl,748
CMU/36/36_09.pkl,749
CMU/36/36_09.pkl,750
CMU/36/36_09.pkl,751
CMU/36/36_09.pkl,752
CMU/36/36_09.pkl,753
CMU/36/36_09.pkl,754
CMU/36/36_09.pkl,755
CMU/36/36_09.pkl,756
CMU/36/36_09.pkl,757
CMU/36/36_09.pkl,758
CMU/36/36_09.pkl,759
CMU/36/36_09.pkl,760
CMU/36/36_09.pkl,761
CMU/36/36_13.pkl,96
CMU/36/36_13.pkl,97
CMU/36/36_13.pkl,145
CMU/36/36_13.pkl,146
CMU/36/36_13.pkl,147
CMU/36/36_13.pkl,148
CMU/36/36_13.pkl,149
CMU/36/36_13.pkl,150
CMU/36/36_13.pkl,151
CMU/36/36_13.pkl,152
CMU/36/36_13.pkl,153
CMU/36/36_13.pkl,216
CMU/36/36_13.pkl,217
CMU/36/36_13.pkl,218
CMU/36/36_13.pkl,219
CMU/36/36_13.pkl,220
CMU/36/36_13.pkl,221
CMU/36/36_13.pkl,222
CMU/36/36_13.pkl,223
CMU/36/36_13.pkl,224
CMU/36/36_13.pkl,294
CMU/36/36_13.pkl,295
CMU/36/36_13.pkl,296
CMU/36/36_13.pkl,297
CMU/36/36_13.pkl,298
CMU/36/36_13.pkl,299
CMU/36/36_13.pkl,397
CMU/36/36_13.pkl,398
CMU/36/36_13.pkl,399
CMU/36/36_13.pkl,400
CMU/36/36_13.pkl,401
CMU/36/36_13.pkl,402
CMU/36/36_13.pkl,403
CMU/36/36_13.pkl,475
CMU/36/36_13.pkl,476
CMU/36/36_13.pkl,477
CMU/36/36_13.pkl,478
CMU/36/36_13.pkl,559
CMU/36/36_13.pkl,560
CMU/36/36_13.pkl,561
CMU/36/36_13.pkl,562
CMU/36/36_13.pkl,563
CMU/36/36_13.pkl,564
CMU/36/36_13.pkl,565
CMU/36/36_13.pkl,566
CMU/36/36_13.pkl,567
CMU/36/36_13.pkl,568
CMU/36/36_13.pkl,569
CMU/36/36_13.pkl,570
CMU/36/36_13.pkl,571
CMU/36/36_13.pkl,572
CMU/36/36_13.pkl,573
CMU/36/36_13.pkl,574
CMU/36/36_13.pkl,621
CMU/36/36_13.pkl,622
CMU/36/36_13.pkl,623
CMU/36/36_13.pkl,624
CMU/36/36_13.pkl,625
CMU/36/36_13.pkl,626
CMU/36/36_13.pkl,707
CMU/36/36_13.pkl,708
CMU/36/36_13.pkl,709
CMU/36/36_13.pkl,710
CMU/36/36_13.pkl,774
CMU/36/36_13.pkl,775
CMU/36/36_13.pkl,776
CMU/36/36_13.pkl,777
CMU/36/36_13.pkl,778
CMU/36/36_16.pkl,52
CMU/36/36_16.pkl,53
CMU/36/36_16.pkl,54
CMU/36/36_16.pkl,55
CMU/36/36_16.pkl,56
CMU/36/36_16.pkl,57
CMU/36/36_16.pkl,58
CMU/36/36_16.pkl,59
CMU/36/36_16.pkl,60
CMU/36/36_16.pkl,61
CMU/36/36_16.pkl,62
CMU/36/36_16.pkl,63
CMU/36/36_16.pkl,64
CMU/36/36_16.pkl,65
CMU/36/36_16.pkl,66
CMU/36/36_16.pkl,67
CMU/36/36_16.pkl,117
CMU/36/36_16.pkl,118
CMU/36/36_16.pkl,119
CMU/36/36_16.pkl,120
CMU/36/36_16.pkl,121
CMU/36/36_16.pkl,122
CMU/36/36_16.pkl,231
CMU/36/36_16.pkl,232
CMU/36/36_16.pkl,233
CMU/36/36_16.pkl,234
CMU/36/36_16.pkl,235
CMU/36/36_16.pkl,236
CMU/36/36_16.pkl,237
CMU/36/36_16.pkl,238
CMU/36/36_16.pkl,239
CMU/36/36_16.pkl,319
CMU/36/36_16.pkl,320
CMU/36/36_16.pkl,321
CMU/36/36_16.pkl,322
CMU/36/36_16.pkl,323
CMU/36/36_16.pkl,324
CMU/36/36_16.pkl,325
CMU/36/36_16.pkl,326
CMU/36/36_16.pkl,327
CMU/36/36_16.pkl,439
CMU/36/36_16.pkl,440
CMU/36/36_16.pkl,441
CMU/36/36_16.pkl,442
CMU/36/36_16.pkl,443
CMU/36/36_16.pkl,444
CMU/36/36_16.pkl,445
CMU/36/36_16.pkl,446
CMU/36/36_16.pkl,508
CMU/36/36_16.pkl,509
CMU/36/36_16.pkl,510
CMU/36/36_16.pkl,511
CMU/36/36_16.pkl,512
CMU/36/36_16.pkl,513
CMU/36/36_16.pkl,514
CMU/36/36_16.pkl,515
CMU/36/36_16.pkl,516
CMU/36/36_16.pkl,517
CMU/36/36_16.pkl,518
CMU/36/36_16.pkl,585
CMU/36/36_16.pkl,586
CMU/36/36_16.pkl,587
CMU/36/36_16.pkl,588
CMU/36/36_16.pkl,589
CMU/36/36_16.pkl,590
CMU/36/36_16.pkl,591
CMU/36/36_16.pkl,592
CMU/36/36_16.pkl,593
CMU/36/36_16.pkl,594
CMU/36/36_16.pkl,595
CMU/36/36_16.pkl,596
CMU/36/36_16.pkl,597
CMU/36/36_16.pkl,598
CMU/36/36_16.pkl,599
CMU/36/36_16.pkl,647
CMU/36/36_16.pkl,648
CMU/36/36_16.pkl,649
CMU/36/36_16.pkl,650
CMU/36/36_16.pkl,651
CMU/36/36_16.pkl,652
CMU/36/36_16.pkl,653
CMU/36/36_16.pkl,654
CMU/36/36_16.pkl,655
CMU/36/36_16.pkl,656
CMU/36/36_16.pkl,657
CMU/36/36_16.pkl,658
CMU/36/36_16.pkl,659
CMU/36/36_16.pkl,705
CMU/36/36_16.pkl,706
CMU/36/36_16.pkl,707
CMU/36/36_16.pkl,708
CMU/36/36_16.pkl,709
CMU/36/36_16.pkl,789
CMU/36/36_16.pkl,790
CMU/36/36_16.pkl,791
CMU/36/36_16.pkl,792
CMU/36/36_16.pkl,793
CMU/36/36_16.pkl,794
CMU/36/36_16.pkl,795
CMU/36/36_16.pkl,796
CMU/36/36_16.pkl,851
CMU/36/36_16.pkl,852
CMU/36/36_16.pkl,853
CMU/36/36_16.pkl,854
CMU/36/36_16.pkl,855
CMU/36/36_16.pkl,856
CMU/36/36_16.pkl,857
CMU/36/36_16.pkl,858
CMU/36/36_16.pkl,859
CMU/36/36_16.pkl,860
CMU/36/36_16.pkl,861
CMU/36/36_16.pkl,862
CMU/36/36_22.pkl,242
CMU/36/36_22.pkl,243
CMU/36/36_22.pkl,244
CMU/36/36_22.pkl,338
CMU/36/36_22.pkl,339
CMU/36/36_22.pkl,340
CMU/36/36_22.pkl,341
CMU/36/36_22.pkl,342
CMU/36/36_22.pkl,343
CMU/36/36_22.pkl,344
CMU/36/36_22.pkl,345
CMU/36/36_22.pkl,390
CMU/36/36_22.pkl,391
CMU/36/36_22.pkl,392
CMU/36/36_22.pkl,393
CMU/36/36_22.pkl,394
CMU/36/36_22.pkl,395
CMU/36/36_22.pkl,396
CMU/36/36_22.pkl,397
CMU/36/36_22.pkl,458
CMU/36/36_22.pkl,459
CMU/36/36_22.pkl,460
CMU/36/36_22.pkl,570
CMU/36/36_22.pkl,571
CMU/36/36_22.pkl,572
CMU/36/36_22.pkl,573
CMU/36/36_22.pkl,574
CMU/36/36_22.pkl,575
CMU/36/36_22.pkl,576
CMU/36/36_22.pkl,632
CMU/36/36_22.pkl,633
CMU/36/36_22.pkl,634
CMU/36/36_22.pkl,635
CMU/36/36_22.pkl,636
CMU/36/36_22.pkl,637
CMU/36/36_22.pkl,638
CMU/36/36_22.pkl,639
CMU/36/36_22.pkl,640
CMU/36/36_22.pkl,641
CMU/36/36_22.pkl,642
CMU/36/36_22.pkl,643
CMU/36/36_22.pkl,644
CMU/36/36_22.pkl,645
CMU/36/36_22.pkl,646
CMU/36/36_22.pkl,647
CMU/36/36_22.pkl,648
CMU/36/36_22.pkl,649
CMU/36/36_22.pkl,650
CMU/36/36_22.pkl,651
CMU/36/36_22.pkl,652
CMU/36/36_22.pkl,653
CMU/36/36_22.pkl,654
CMU/36/36_22.pkl,760
CMU/36/36_22.pkl,761
CMU/36/36_22.pkl,762
CMU/36/36_22.pkl,763
CMU/36/36_22.pkl,764
CMU/36/36_22.pkl,765
CMU/36/36_22.pkl,766
CMU/36/36_22.pkl,767
CMU/36/36_22.pkl,768
CMU/36/36_22.pkl,769
CMU/36/36_22.pkl,770
CMU/36/36_22.pkl,771
CMU/36/36_22.pkl,772
CMU/36/36_22.pkl,773
CMU/36/36_22.pkl,774
CMU/36/36_33.pkl,116
CMU/36/36_33.pkl,117
CMU/36/36_33.pkl,118
CMU/36/36_33.pkl,119
CMU/36/36_33.pkl,120
CMU/36/36_33.pkl,121
CMU/36/36_33.pkl,122
CMU/36/36_33.pkl,123
CMU/36/36_33.pkl,124
CMU/36/36_33.pkl,125
CMU/36/36_33.pkl,126
CMU/36/36_33.pkl,127
CMU/36/36_33.pkl,128
CMU/36/36_33.pkl,129
CMU/36/36_33.pkl,130
CMU/36/36_33.pkl,131
CMU/36/36_33.pkl,132
CMU/36/36_33.pkl,133
CMU/36/36_33.pkl,134
CMU/36/36_33.pkl,135
CMU/36/36_33.pkl,136
CMU/36/36_33.pkl,137
CMU/36/36_33.pkl,138
CMU/36/36_33.pkl,139
CMU/36/36_33.pkl,140
CMU/36/36_33.pkl,141
CMU/36/36_33.pkl,142
CMU/36/36_33.pkl,143
CMU/36/36_33.pkl,144
CMU/36/36_33.pkl,145
CMU/36/36_33.pkl,281
CMU/36/36_33.pkl,282
CMU/36/36_33.pkl,283
CMU/36/36_33.pkl,284
CMU/36/36_33.pkl,285
CMU/36/36_33.pkl,286
CMU/36/36_33.pkl,287
CMU/36/36_33.pkl,288
CMU/36/36_33.pkl,289
CMU/36/36_33.pkl,290
CMU/36/36_33.pkl,291
CMU/36/36_33.pkl,292
CMU/36/36_33.pkl,293
CMU/36/36_33.pkl,294
CMU/36/36_33.pkl,295
CMU/36/36_33.pkl,296
CMU/36/36_33.pkl,297
CMU/36/36_33.pkl,298
CMU/36/36_33.pkl,299
CMU/36/36_33.pkl,300
CMU/36/36_33.pkl,301
CMU/36/36_33.pkl,302
CMU/36/36_33.pkl,303
CMU/36/36_33.pkl,304
CMU/36/36_33.pkl,305
CMU/36/36_33.pkl,306
CMU/36/36_33.pkl,307
CMU/36/36_33.pkl,308
CMU/36/36_33.pkl,309
CMU/36/36_33.pkl,310
CMU/36/36_33.pkl,405
CMU/36/36_33.pkl,406
CMU/36/36_33.pkl,407
CMU/36/36_33.pkl,408
CMU/36/36_33.pkl,409
CMU/36/36_33.pkl,410
CMU/36/36_33.pkl,411
CMU/36/36_33.pkl,412
CMU/36/36_33.pkl,413
CMU/36/36_33.pkl,414
CMU/36/36_33.pkl,415
CMU/36/36_33.pkl,416
CMU/36/36_33.pkl,417
CMU/36/36_33.pkl,418
CMU/36/36_33.pkl,419
CMU/36/36_33.pkl,420
CMU/36/36_33.pkl,532
CMU/36/36_33.pkl,533
CMU/36/36_33.pkl,534
CMU/36/36_33.pkl,535
CMU/36/36_33.pkl,536
CMU/36/36_33.pkl,537
CMU/36/36_33.pkl,538
CMU/36/36_33.pkl,539
CMU/36/36_33.pkl,540
CMU/36/36_33.pkl,541
CMU/36/36_33.pkl,542
CMU/36/36_33.pkl,543
CMU/36/36_33.pkl,544
CMU/36/36_33.pkl,545
CMU/36/36_33.pkl,546
CMU/36/36_33.pkl,547
CMU/36/36_33.pkl,548
CMU/36/36_33.pkl,549
CMU/36/36_33.pkl,550
CMU/36/36_33.pkl,551
CMU/36/36_33.pkl,552
CMU/36/36_33.pkl,553
CMU/36/36_33.pkl,554
CMU/36/36_33.pkl,555
CMU/36/36_33.pkl,556
CMU/36/36_33.pkl,557
CMU/36/36_33.pkl,558
CMU/36/36_33.pkl,559
CMU/36/36_33.pkl,560
CMU/36/36_33.pkl,561
CMU/36/36_33.pkl,562
CMU/36/36_33.pkl,563
CMU/36/36_33.pkl,564
CMU/36/36_33.pkl,565
CMU/36/36_33.pkl,566
CMU/36/36_33.pkl,567
CMU/36/36_33.pkl,568
CMU/36/36_33.pkl,569
CMU/36/36_33.pkl,570
CMU/36/36_33.pkl,571
CMU/36/36_33.pkl,572
CMU/36/36_33.pkl,573
CMU/36/36_33.pkl,574
CMU/36/36_33.pkl,575
CMU/36/36_33.pkl,576
CMU/36/36_33.pkl,577
CMU/36/36_33.pkl,578
CMU/36/36_33.pkl,579
CMU/36/36_33.pkl,580
CMU/36/36_33.pkl,581
CMU/36/36_33.pkl,582
CMU/36/36_33.pkl,583
CMU/36/36_33.pkl,584
CMU/36/36_33.pkl,585
CMU/36/36_33.pkl,586
CMU/36/36_34.pkl,594
CMU/36/36_34.pkl,595
CMU/36/36_34.pkl,596
CMU/36/36_34.pkl,597
CMU/36/36_34.pkl,598
CMU/36/36_34.pkl,599
CMU/36/36_34.pkl,600
CMU/36/36_34.pkl,601
CMU/36/36_34.pkl,602
CMU/36/36_34.pkl,603
CMU/36/36_34.pkl,604
CMU/36/36_34.pkl,605
CMU/36/36_34.pkl,606
CMU/36/36_34.pkl,607
CMU/36/36_34.pkl,608
CMU/36/36_34.pkl,609
CMU/36/36_35.pkl,108
CMU/36/36_35.pkl,109
CMU/36/36_35.pkl,110
CMU/36/36_35.pkl,111
CMU/36/36_35.pkl,141
CMU/36/36_35.pkl,142
CMU/36/36_35.pkl,143
CMU/36/36_35.pkl,144
CMU/36/36_35.pkl,145
CMU/36/36_35.pkl,146
CMU/36/36_35.pkl,147
CMU/36/36_35.pkl,204
CMU/36/36_35.pkl,205
CMU/36/36_35.pkl,206
CMU/36/36_35.pkl,272
CMU/36/36_35.pkl,273
CMU/36/36_35.pkl,274
CMU/36/36_35.pkl,275
CMU/36/36_35.pkl,276
CMU/36/36_35.pkl,277
CMU/36/36_35.pkl,278
CMU/36/36_35.pkl,279
CMU/36/36_35.pkl,280
CMU/36/36_35.pkl,281
CMU/36/36_35.pkl,282
CMU/36/36_35.pkl,283
CMU/36/36_35.pkl,284
CMU/36/36_35.pkl,285
CMU/36/36_35.pkl,286
CMU/36/36_35.pkl,287
CMU/36/36_35.pkl,288
CMU/36/36_35.pkl,289
CMU/36/36_35.pkl,290
CMU/36/36_35.pkl,291
CMU/36/36_35.pkl,292
CMU/36/36_35.pkl,293
CMU/36/36_35.pkl,294
CMU/36/36_35.pkl,295
CMU/36/36_35.pkl,296
CMU/36/36_35.pkl,297
CMU/36/36_35.pkl,298
CMU/36/36_35.pkl,385
CMU/36/36_35.pkl,479
CMU/36/36_35.pkl,480
CMU/36/36_35.pkl,481
CMU/36/36_35.pkl,482
CMU/36/36_35.pkl,483
CMU/36/36_35.pkl,544
CMU/36/36_35.pkl,580
CMU/36/36_35.pkl,581
CMU/36/36_35.pkl,582
CMU/36/36_35.pkl,583
CMU/36/36_35.pkl,584
CMU/36/36_35.pkl,585
CMU/36/36_35.pkl,586
CMU/36/36_35.pkl,587
CMU/36/36_35.pkl,588
CMU/36/36_35.pkl,700
CMU/36/36_35.pkl,701
CMU/36/36_35.pkl,702
CMU/36/36_35.pkl,703
CMU/36/36_35.pkl,704
CMU/36/36_35.pkl,705
CMU/36/36_35.pkl,706
CMU/36/36_35.pkl,707
CMU/36/36_35.pkl,708
CMU/36/36_35.pkl,709
CMU/36/36_35.pkl,756
CMU/36/36_35.pkl,757
CMU/36/36_35.pkl,758
CMU/36/36_35.pkl,759
CMU/36/36_35.pkl,760
CMU/36/36_35.pkl,761
CMU/36/36_35.pkl,762
CMU/38/38_04.pkl,160
CMU/38/38_04.pkl,161
CMU/38/38_04.pkl,344
CMU/38/38_04.pkl,345
CMU/38/38_04.pkl,346
CMU/38/38_04.pkl,347
CMU/38/38_04.pkl,348
CMU/41/41_05.pkl,815
CMU/41/41_05.pkl,816
CMU/41/41_05.pkl,817
CMU/41/41_05.pkl,818
CMU/41/41_05.pkl,819
CMU/41/41_05.pkl,820
CMU/41/41_05.pkl,821
CMU/41/41_05.pkl,822
CMU/41/41_05.pkl,823
CMU/41/41_05.pkl,824
CMU/41/41_05.pkl,825
CMU/41/41_05.pkl,826
CMU/41/41_05.pkl,827
CMU/41/41_05.pkl,828
CMU/41/41_05.pkl,829
CMU/41/41_08.pkl,289
CMU/41/41_08.pkl,290
CMU/41/41_08.pkl,291
CMU/41/41_08.pkl,292
CMU/41/41_08.pkl,293
CMU/41/41_08.pkl,294
CMU/41/41_08.pkl,295
CMU/41/41_08.pkl,296
CMU/41/41_08.pkl,297
CMU/41/41_08.pkl,385
CMU/41/41_08.pkl,386
CMU/41/41_08.pkl,387
CMU/41/41_08.pkl,388
CMU/41/41_08.pkl,389
CMU/41/41_08.pkl,390
CMU/41/41_08.pkl,391
CMU/41/41_08.pkl,392
CMU/41/41_08.pkl,393
CMU/41/41_08.pkl,394
CMU/41/41_08.pkl,395
CMU/41/41_08.pkl,396
CMU/41/41_08.pkl,397
CMU/41/41_08.pkl,398
CMU/41/41_08.pkl,399
CMU/41/41_08.pkl,752
CMU/41/41_08.pkl,753
CMU/41/41_08.pkl,754
CMU/41/41_08.pkl,755
CMU/41/41_08.pkl,756
CMU/41/41_08.pkl,757
CMU/41/41_08.pkl,758
CMU/41/41_08.pkl,759
CMU/41/41_08.pkl,760
CMU/41/41_08.pkl,761
CMU/41/41_08.pkl,762
CMU/41/41_08.pkl,763
CMU/41/41_08.pkl,764
CMU/41/41_08.pkl,765
CMU/41/41_08.pkl,766
CMU/41/41_08.pkl,767
CMU/41/41_08.pkl,854
CMU/41/41_08.pkl,855
CMU/41/41_08.pkl,856
CMU/41/41_08.pkl,857
CMU/41/41_08.pkl,858
CMU/41/41_08.pkl,859
CMU/41/41_08.pkl,860
CMU/41/41_08.pkl,861
CMU/41/41_08.pkl,862
CMU/41/41_08.pkl,863
CMU/41/41_08.pkl,864
CMU/41/41_08.pkl,865
CMU/41/41_08.pkl,866
CMU/41/41_08.pkl,1201
CMU/41/41_08.pkl,1202
CMU/41/41_08.pkl,1203
CMU/41/41_08.pkl,1204
CMU/41/41_08.pkl,1205
CMU/41/41_08.pkl,1206
CMU/41/41_08.pkl,1207
CMU/41/41_08.pkl,1208
CMU/41/41_08.pkl,1209
CMU/41/41_08.pkl,1210
CMU/41/41_08.pkl,1211
CMU/41/41_08.pkl,1212
CMU/41/41_08.pkl,1213
CMU/41/41_08.pkl,1214
CMU/41/41_08.pkl,1215
CMU/41/41_08.pkl,1216
CMU/41/41_08.pkl,1217
CMU/41/41_08.pkl,1218
CMU/41/41_08.pkl,1219
CMU/41/41_08.pkl,1220
CMU/41/41_08.pkl,1221
CMU/41/41_08.pkl,1222
CMU/41/41_08.pkl,1223
CMU/41/41_08.pkl,1224
CMU/41/41_08.pkl,1225
CMU/41/41_08.pkl,1226
CMU/41/41_08.pkl,1227
CMU/41/41_08.pkl,1228
CMU/41/41_08.pkl,1392
CMU/41/41_08.pkl,1393
CMU/41/41_08.pkl,1394
CMU/41/41_08.pkl,1395
CMU/41/41_08.pkl,1396
CMU/41/41_08.pkl,1397
CMU/41/41_08.pkl,1398
CMU/41/41_08.pkl,1399
CMU/41/41_08.pkl,1400
CMU/41/41_08.pkl,1401
CMU/41/41_08.pkl,1402
CMU/41/41_08.pkl,1403
CMU/41/41_08.pkl,1404
CMU/41/41_08.pkl,1405
CMU/41/41_08.pkl,1406
CMU/41/41_08.pkl,1407
CMU/41/41_08.pkl,1408
CMU/77/77_30.pkl,126
CMU/77/77_30.pkl,127
CMU/77/77_30.pkl,128
CMU/77/77_30.pkl,129
CMU/77/77_30.pkl,130
CMU/77/77_30.pkl,131
CMU/77/77_30.pkl,132
CMU/77/77_30.pkl,133
CMU/77/77_30.pkl,134
CMU/77/77_30.pkl,135
CMU/77/77_30.pkl,136
CMU/77/77_30.pkl,137
CMU/91/91_10.pkl,306
CMU/91/91_10.pkl,307
CMU/91/91_10.pkl,308
CMU/91/91_10.pkl,309
CMU/91/91_10.pkl,310
CMU/91/91_10.pkl,311
CMU/91/91_10.pkl,312
CMU/91/91_10.pkl,313
CMU/91/91_10.pkl,314
CMU/91/91_10.pkl,315
CMU/91/91_10.pkl,316
CMU/91/91_10.pkl,317
CMU/91/91_10.pkl,318
CMU/91/91_10.pkl,319
CMU/91/91_10.pkl,320
CMU/91/91_10.pkl,321
CMU/91/91_10.pkl,322
CMU/91/91_10.pkl,323
CMU/91/91_10.pkl,324
CMU/91/91_10.pkl,325
CMU/91/91_10.pkl,326
CMU/91/91_10.pkl,327
CMU/91/91_10.pkl,328
CMU/91/91_10.pkl,329
CMU/91/91_10.pkl,330
CMU/91/91_10.pkl,331
CMU/91/91_10.pkl,332
CMU/91/91_10.pkl,333
CMU/91/91_10.pkl,334
CMU/91/91_10.pkl,335
CMU/91/91_10.pkl,336
CMU/91/91_10.pkl,337
CMU/91/91_10.pkl,338
CMU/91/91_10.pkl,339
CMU/91/91_10.pkl,340
CMU/91/91_10.pkl,341
CMU/91/91_10.pkl,342
CMU/91/91_10.pkl,343
CMU/91/91_10.pkl,344
CMU/91/91_10.pkl,345
CMU/91/91_10.pkl,346
CMU/91/91_10.pkl,347
CMU/91/91_10.pkl,348
CMU/91/91_10.pkl,349
CMU/91/91_10.pkl,350
CMU/91/91_10.pkl,351
CMU/91/91_10.pkl,352
CMU/91/91_10.pkl,353
CMU/91/91_10.pkl,354
CMU/91/91_10.pkl,583
CMU/91/91_10.pkl,584
CMU/91/91_10.pkl,585
CMU/91/91_10.pkl,586
CMU/91/91_10.pkl,587
CMU/91/91_10.pkl,588
CMU/91/91_10.pkl,589
CMU/91/91_10.pkl,590
CMU/91/91_10.pkl,591
CMU/91/91_10.pkl,592
CMU/91/91_10.pkl,593
CMU/91/91_10.pkl,594
CMU/91/91_10.pkl,595
CMU/91/91_10.pkl,596
CMU/91/91_10.pkl,597
CMU/91/91_10.pkl,598
CMU/91/91_10.pkl,599
CMU/91/91_10.pkl,600
CMU/91/91_10.pkl,601
CMU/91/91_10.pkl,602
CMU/91/91_10.pkl,603
CMU/91/91_10.pkl,604
CMU/91/91_10.pkl,605
CMU/91/91_10.pkl,606
CMU/91/91_10.pkl,607
CMU/91/91_10.pkl,608
CMU/91/91_10.pkl,609
CMU/91/91_10.pkl,610
CMU/91/91_10.pkl,611
CMU/91/91_10.pkl,612
CMU/91/91_14.pkl,232
CMU/91/91_14.pkl,233
CMU/91/91_14.pkl,234
CMU/91/91_14.pkl,235
CMU/91/91_14.pkl,236
CMU/91/91_14.pkl,237
CMU/91/91_14.pkl,238
CMU/91/91_14.pkl,239
CMU/91/91_14.pkl,472
CMU/91/91_14.pkl,473
CMU/91/91_14.pkl,474
CMU/91/91_14.pkl,475
CMU/91/91_14.pkl,476
CMU/91/91_14.pkl,477
CMU/91/91_14.pkl,478
CMU/91/91_14.pkl,479
CMU/91/91_14.pkl,480
CMU/91/91_14.pkl,481
CMU/91/91_14.pkl,482
CMU/91/91_14.pkl,483
CMU/91/91_14.pkl,484
CMU/91/91_14.pkl,485
CMU/91/91_14.pkl,486
CMU/91/91_14.pkl,487
CMU/91/91_14.pkl,488
CMU/91/91_14.pkl,489
CMU/91/91_14.pkl,490
CMU/91/91_14.pkl,491
CMU/91/91_17.pkl,132
CMU/91/91_17.pkl,133
CMU/91/91_17.pkl,134
CMU/91/91_17.pkl,135
CMU/91/91_17.pkl,269
CMU/91/91_17.pkl,270
CMU/91/91_17.pkl,271
CMU/91/91_17.pkl,272
CMU/91/91_17.pkl,273
CMU/91/91_22.pkl,193
CMU/91/91_22.pkl,194
CMU/91/91_22.pkl,195
CMU/91/91_22.pkl,196
CMU/91/91_22.pkl,197
CMU/91/91_22.pkl,198
CMU/91/91_22.pkl,361
CMU/91/91_22.pkl,362
CMU/91/91_22.pkl,363
CMU/91/91_22.pkl,364
CMU/91/91_22.pkl,365
CMU/91/91_22.pkl,366
CMU/91/91_22.pkl,367
CMU/91/91_22.pkl,368
CMU/91/91_22.pkl,369
CMU/91/91_22.pkl,370
CMU/91/91_22.pkl,371
CMU/91/91_30.pkl,326
CMU/91/91_30.pkl,327
CMU/91/91_30.pkl,328
CMU/91/91_30.pkl,329
CMU/91/91_30.pkl,330
CMU/91/91_30.pkl,331
CMU/91/91_30.pkl,332
CMU/91/91_30.pkl,333
CMU/91/91_30.pkl,334
CMU/91/91_30.pkl,559
CMU/91/91_30.pkl,560
CMU/91/91_30.pkl,561
CMU/91/91_30.pkl,562
CMU/91/91_30.pkl,563
CMU/91/91_30.pkl,564
CMU/91/91_30.pkl,565
CMU/91/91_30.pkl,566
CMU/91/91_30.pkl,567
CMU/91/91_30.pkl,568
CMU/91/91_30.pkl,569
CMU/91/91_30.pkl,570
CMU/91/91_30.pkl,571
CMU/91/91_30.pkl,572
CMU/91/91_30.pkl,573
CMU/91/91_30.pkl,574
CMU/91/91_32.pkl,319
CMU/91/91_32.pkl,320
CMU/91/91_32.pkl,321
CMU/91/91_32.pkl,322
CMU/91/91_32.pkl,323
CMU/91/91_32.pkl,324
CMU/91/91_32.pkl,325
CMU/91/91_32.pkl,326
CMU/91/91_32.pkl,327
CMU/91/91_32.pkl,328
CMU/91/91_32.pkl,329
CMU/91/91_32.pkl,330
CMU/91/91_32.pkl,331
CMU/91/91_32.pkl,332
CMU/91/91_32.pkl,333
CMU/91/91_32.pkl,334
CMU/91/91_32.pkl,335
CMU/91/91_32.pkl,336
CMU/91/91_32.pkl,337
CMU/91/91_32.pkl,338
CMU/91/91_32.pkl,339
CMU/91/91_32.pkl,340
CMU/91/91_32.pkl,341
CMU/91/91_32.pkl,683
CMU/91/91_32.pkl,684
CMU/91/91_32.pkl,685
CMU/91/91_32.pkl,686
CMU/91/91_32.pkl,687
CMU/91/91_32.pkl,688
CMU/91/91_32.pkl,689
CMU/91/91_32.pkl,690
CMU/91/91_32.pkl,691
CMU/91/91_32.pkl,692
CMU/91/91_32.pkl,693
CMU/91/91_32.pkl,694
CMU/91/91_32.pkl,695
CMU/91/91_32.pkl,696
CMU/91/91_32.pkl,697
CMU/93/93_06.pkl,66
CMU/93/93_06.pkl,67
CMU/93/93_06.pkl,68
CMU/93/93_06.pkl,69
CMU/93/93_06.pkl,70
CMU/93/93_06.pkl,71
CMU/93/93_06.pkl,72
EKUT/300/PushStandOpen_02.pkl,34
EKUT/300/PushStandOpen_02.pkl,35
EKUT/300/PushStandOpen_02.pkl,36
EKUT/300/PushStandOpen_02.pkl,37
EKUT/300/PushStandOpen_02.pkl,38
EKUT/300/PushStandOpen_02.pkl,39
Eyes_Japan_Dataset/aita/walk-05-backward-aita.pkl,69
Eyes_Japan_Dataset/aita/walk-05-backward-aita.pkl,70
Eyes_Japan_Dataset/aita/walk-05-backward-aita.pkl,71
Eyes_Japan_Dataset/aita/walk-05-backward-aita.pkl,72
Eyes_Japan_Dataset/aita/walk-05-backward-aita.pkl,73
Eyes_Japan_Dataset/aita/walk-05-backward-aita.pkl,74
Eyes_Japan_Dataset/aita/walk-05-backward-aita.pkl,75
Eyes_Japan_Dataset/aita/walk-05-backward-aita.pkl,76
Eyes_Japan_Dataset/aita/walk-05-backward-aita.pkl,77
Eyes_Japan_Dataset/aita/walk-05-backward-aita.pkl,466
Eyes_Japan_Dataset/aita/walk-05-backward-aita.pkl,467
Eyes_Japan_Dataset/aita/walk-05-backward-aita.pkl,468
Eyes_Japan_Dataset/aita/walk-05-backward-aita.pkl,469
Eyes_Japan_Dataset/aita/walk-05-backward-aita.pkl,470
Eyes_Japan_Dataset/aita/walk-05-backward-aita.pkl,471
Eyes_Japan_Dataset/aita/walk-05-backward-aita.pkl,472
Eyes_Japan_Dataset/aita/walk-05-backward-aita.pkl,473
Eyes_Japan_Dataset/aita/walk-05-backward-aita.pkl,474
Eyes_Japan_Dataset/aita/walk-05-backward-aita.pkl,475
Eyes_Japan_Dataset/aita/walk-05-backward-aita.pkl,476
Eyes_Japan_Dataset/aita/walk-05-backward-aita.pkl,477
Eyes_Japan_Dataset/aita/walk-05-backward-aita.pkl,478
Eyes_Japan_Dataset/aita/walk-05-backward-aita.pkl,479
Eyes_Japan_Dataset/aita/walk-05-backward-aita.pkl,480
Eyes_Japan_Dataset/aita/walk-05-backward-aita.pkl,481
Eyes_Japan_Dataset/aita/walk-05-backward-aita.pkl,482
Eyes_Japan_Dataset/aita/walk-05-backward-aita.pkl,483
Eyes_Japan_Dataset/aita/walk-05-backward-aita.pkl,484
Eyes_Japan_Dataset/aita/walk-05-backward-aita.pkl,558
Eyes_Japan_Dataset/aita/walk-05-backward-aita.pkl,559
Eyes_Japan_Dataset/aita/walk-05-backward-aita.pkl,560
Eyes_Japan_Dataset/aita/walk-05-backward-aita.pkl,561
Eyes_Japan_Dataset/aita/walk-05-backward-aita.pkl,562
Eyes_Japan_Dataset/aita/walk-05-backward-aita.pkl,563
Eyes_Japan_Dataset/aita/walk-05-backward-aita.pkl,564
Eyes_Japan_Dataset/aita/walk-05-backward-aita.pkl,565
Eyes_Japan_Dataset/aita/walk-05-backward-aita.pkl,566
Eyes_Japan_Dataset/aita/walk-05-backward-aita.pkl,567
Eyes_Japan_Dataset/aita/walk-05-backward-aita.pkl,568
Eyes_Japan_Dataset/hamada/accident-04-damage right leg-hamada.pkl,102
Eyes_Japan_Dataset/hamada/accident-04-damage right leg-hamada.pkl,103
Eyes_Japan_Dataset/hamada/accident-04-damage right leg-hamada.pkl,104
Eyes_Japan_Dataset/hamada/accident-04-damage right leg-hamada.pkl,105
Eyes_Japan_Dataset/hamada/accident-04-damage right leg-hamada.pkl,106
Eyes_Japan_Dataset/hamada/accident-04-damage right leg-hamada.pkl,107
Eyes_Japan_Dataset/hamada/accident-04-damage right leg-hamada.pkl,108
Eyes_Japan_Dataset/hamada/accident-04-damage right leg-hamada.pkl,109
Eyes_Japan_Dataset/hamada/accident-04-damage right leg-hamada.pkl,110
Eyes_Japan_Dataset/hamada/accident-04-damage right leg-hamada.pkl,111
Eyes_Japan_Dataset/hamada/accident-04-damage right leg-hamada.pkl,112
Eyes_Japan_Dataset/hamada/accident-04-damage right leg-hamada.pkl,113
Eyes_Japan_Dataset/hamada/accident-04-damage right leg-hamada.pkl,327
Eyes_Japan_Dataset/hamada/accident-04-damage right leg-hamada.pkl,328
Eyes_Japan_Dataset/hamada/accident-04-damage right leg-hamada.pkl,329
Eyes_Japan_Dataset/hamada/accident-04-damage right leg-hamada.pkl,330
Eyes_Japan_Dataset/hamada/accident-04-damage right leg-hamada.pkl,331
Eyes_Japan_Dataset/hamada/accident-04-damage right leg-hamada.pkl,332
Eyes_Japan_Dataset/hamada/accident-04-damage right leg-hamada.pkl,333
Eyes_Japan_Dataset/hamada/accident-04-damage right leg-hamada.pkl,334
Eyes_Japan_Dataset/hamada/accident-04-damage right leg-hamada.pkl,335
Eyes_Japan_Dataset/hamada/accident-04-damage right leg-hamada.pkl,336
Eyes_Japan_Dataset/hamada/accident-04-damage right leg-hamada.pkl,337
Eyes_Japan_Dataset/hamada/accident-04-damage right leg-hamada.pkl,338
Eyes_Japan_Dataset/hamada/accident-04-damage right leg-hamada.pkl,339
Eyes_Japan_Dataset/hamada/accident-04-damage right leg-hamada.pkl,340
Eyes_Japan_Dataset/hamada/accident-04-damage right leg-hamada.pkl,341
Eyes_Japan_Dataset/hamada/accident-04-damage right leg-hamada.pkl,342
Eyes_Japan_Dataset/hamada/accident-04-damage right leg-hamada.pkl,343
Eyes_Japan_Dataset/hamada/accident-04-damage right leg-hamada.pkl,344
Eyes_Japan_Dataset/hamada/accident-04-damage right leg-hamada.pkl,345
Eyes_Japan_Dataset/hamada/accident-04-damage right leg-hamada.pkl,346
Eyes_Japan_Dataset/hamada/accident-04-damage right leg-hamada.pkl,347
Eyes_Japan_Dataset/hamada/accident-04-damage right leg-hamada.pkl,348
Eyes_Japan_Dataset/hamada/accident-04-damage right leg-hamada.pkl,349
Eyes_Japan_Dataset/hamada/accident-04-damage right leg-hamada.pkl,350
Eyes_Japan_Dataset/hamada/accident-04-damage right leg-hamada.pkl,351
Eyes_Japan_Dataset/hamada/accident-04-damage right leg-hamada.pkl,486
Eyes_Japan_Dataset/hamada/accident-04-damage right leg-hamada.pkl,487
Eyes_Japan_Dataset/hamada/accident-04-damage right leg-hamada.pkl,488
Eyes_Japan_Dataset/hamada/accident-04-damage right leg-hamada.pkl,489
Eyes_Japan_Dataset/hamada/accident-04-damage right leg-hamada.pkl,490
Eyes_Japan_Dataset/hamada/accident-04-damage right leg-hamada.pkl,491
Eyes_Japan_Dataset/hamada/accident-04-damage right leg-hamada.pkl,492
Eyes_Japan_Dataset/hamada/accident-04-damage right leg-hamada.pkl,493
Eyes_Japan_Dataset/hamada/accident-04-damage right leg-hamada.pkl,494
Eyes_Japan_Dataset/hamada/accident-04-damage right leg-hamada.pkl,495
Eyes_Japan_Dataset/hamada/accident-04-damage right leg-hamada.pkl,496
Eyes_Japan_Dataset/hamada/accident-04-damage right leg-hamada.pkl,497
Eyes_Japan_Dataset/hamada/accident-04-damage right leg-hamada.pkl,498
Eyes_Japan_Dataset/hamada/accident-04-damage right leg-hamada.pkl,552
Eyes_Japan_Dataset/hamada/accident-04-damage right leg-hamada.pkl,553
Eyes_Japan_Dataset/hamada/accident-04-damage right leg-hamada.pkl,554
Eyes_Japan_Dataset/hamada/accident-04-damage right leg-hamada.pkl,555
Eyes_Japan_Dataset/hamada/accident-04-damage right leg-hamada.pkl,556
Eyes_Japan_Dataset/hamada/accident-05-damage right arm-hamada.pkl,93
Eyes_Japan_Dataset/hamada/accident-05-damage right arm-hamada.pkl,94
Eyes_Japan_Dataset/hamada/accident-05-damage right arm-hamada.pkl,240
Eyes_Japan_Dataset/hamada/accident-05-damage right arm-hamada.pkl,241
Eyes_Japan_Dataset/hamada/accident-05-damage right arm-hamada.pkl,242
Eyes_Japan_Dataset/hamada/accident-05-damage right arm-hamada.pkl,243
Eyes_Japan_Dataset/hamada/accident-05-damage right arm-hamada.pkl,244
Eyes_Japan_Dataset/hamada/accident-05-damage right arm-hamada.pkl,245
Eyes_Japan_Dataset/hamada/accident-05-damage right arm-hamada.pkl,246
Eyes_Japan_Dataset/hamada/accident-05-damage right arm-hamada.pkl,247
Eyes_Japan_Dataset/hamada/accident-05-damage right arm-hamada.pkl,248
Eyes_Japan_Dataset/hamada/accident-05-damage right arm-hamada.pkl,249
Eyes_Japan_Dataset/hamada/accident-05-damage right arm-hamada.pkl,250
Eyes_Japan_Dataset/hamada/accident-05-damage right arm-hamada.pkl,251
Eyes_Japan_Dataset/hamada/accident-05-damage right arm-hamada.pkl,252
Eyes_Japan_Dataset/hamada/accident-05-damage right arm-hamada.pkl,253
Eyes_Japan_Dataset/hamada/accident-05-damage right arm-hamada.pkl,254
Eyes_Japan_Dataset/hamada/accident-05-damage right arm-hamada.pkl,255
Eyes_Japan_Dataset/hamada/accident-05-damage right arm-hamada.pkl,256
Eyes_Japan_Dataset/hamada/accident-05-damage right arm-hamada.pkl,257
Eyes_Japan_Dataset/hamada/accident-05-damage right arm-hamada.pkl,402
Eyes_Japan_Dataset/hamada/accident-05-damage right arm-hamada.pkl,403
Eyes_Japan_Dataset/hamada/accident-05-damage right arm-hamada.pkl,404
Eyes_Japan_Dataset/hamada/accident-05-damage right arm-hamada.pkl,405
Eyes_Japan_Dataset/hamada/accident-05-damage right arm-hamada.pkl,406
Eyes_Japan_Dataset/hamada/accident-05-damage right arm-hamada.pkl,407
Eyes_Japan_Dataset/hamada/accident-05-damage right arm-hamada.pkl,408
Eyes_Japan_Dataset/hamada/accident-05-damage right arm-hamada.pkl,409
Eyes_Japan_Dataset/hamada/accident-05-damage right arm-hamada.pkl,410
Eyes_Japan_Dataset/hamada/accident-05-damage right arm-hamada.pkl,411
Eyes_Japan_Dataset/hamada/accident-05-damage right arm-hamada.pkl,412
Eyes_Japan_Dataset/hamada/accident-05-damage right arm-hamada.pkl,413
Eyes_Japan_Dataset/hamada/accident-05-damage right arm-hamada.pkl,414
Eyes_Japan_Dataset/hamada/accident-05-damage right arm-hamada.pkl,415
Eyes_Japan_Dataset/hamada/accident-05-damage right arm-hamada.pkl,416
Eyes_Japan_Dataset/hamada/accident-05-damage right arm-hamada.pkl,417
Eyes_Japan_Dataset/hamada/accident-05-damage right arm-hamada.pkl,418
Eyes_Japan_Dataset/hamada/accident-05-damage right arm-hamada.pkl,419
Eyes_Japan_Dataset/hamada/accident-05-damage right arm-hamada.pkl,420
Eyes_Japan_Dataset/hamada/accident-05-damage right arm-hamada.pkl,421
Eyes_Japan_Dataset/hamada/accident-05-damage right arm-hamada.pkl,422
Eyes_Japan_Dataset/hamada/accident-05-damage right arm-hamada.pkl,423
Eyes_Japan_Dataset/hamada/accident-05-damage right arm-hamada.pkl,424
Eyes_Japan_Dataset/hamada/accident-05-damage right arm-hamada.pkl,425
Eyes_Japan_Dataset/hamada/accident-05-damage right arm-hamada.pkl,426
Eyes_Japan_Dataset/hamada/accident-05-damage right arm-hamada.pkl,427
Eyes_Japan_Dataset/hamada/accident-05-damage right arm-hamada.pkl,428
Eyes_Japan_Dataset/hamada/accident-12-twist foot-hamada.pkl,232
Eyes_Japan_Dataset/hamada/accident-12-twist foot-hamada.pkl,233
Eyes_Japan_Dataset/hamada/accident-12-twist foot-hamada.pkl,234
Eyes_Japan_Dataset/hamada/accident-12-twist foot-hamada.pkl,235
Eyes_Japan_Dataset/hamada/accident-12-twist foot-hamada.pkl,236
Eyes_Japan_Dataset/hamada/accident-12-twist foot-hamada.pkl,237
Eyes_Japan_Dataset/hamada/accident-12-twist foot-hamada.pkl,238
Eyes_Japan_Dataset/hamada/accident-12-twist foot-hamada.pkl,239
Eyes_Japan_Dataset/hamada/accident-12-twist foot-hamada.pkl,240
Eyes_Japan_Dataset/hamada/accident-12-twist foot-hamada.pkl,241
Eyes_Japan_Dataset/hamada/accident-12-twist foot-hamada.pkl,242
Eyes_Japan_Dataset/hamada/accident-12-twist foot-hamada.pkl,243
Eyes_Japan_Dataset/hamada/accident-12-twist foot-hamada.pkl,244
Eyes_Japan_Dataset/hamada/accident-12-twist foot-hamada.pkl,245
Eyes_Japan_Dataset/hamada/accident-12-twist foot-hamada.pkl,406
Eyes_Japan_Dataset/hamada/accident-12-twist foot-hamada.pkl,407
Eyes_Japan_Dataset/hamada/accident-12-twist foot-hamada.pkl,408
Eyes_Japan_Dataset/hamada/accident-12-twist foot-hamada.pkl,409
Eyes_Japan_Dataset/hamada/accident-12-twist foot-hamada.pkl,410
Eyes_Japan_Dataset/hamada/accident-12-twist foot-hamada.pkl,411
Eyes_Japan_Dataset/hamada/accident-12-twist foot-hamada.pkl,412
Eyes_Japan_Dataset/hamada/accident-12-twist foot-hamada.pkl,413
Eyes_Japan_Dataset/hamada/accident-12-twist foot-hamada.pkl,414
Eyes_Japan_Dataset/hamada/accident-12-twist foot-hamada.pkl,415
Eyes_Japan_Dataset/hamada/accident-12-twist foot-hamada.pkl,416
Eyes_Japan_Dataset/hamada/accident-12-twist foot-hamada.pkl,417
Eyes_Japan_Dataset/hamada/accident-12-twist foot-hamada.pkl,418
Eyes_Japan_Dataset/hamada/accident-12-twist foot-hamada.pkl,419
Eyes_Japan_Dataset/hamada/accident-12-twist foot-hamada.pkl,420
Eyes_Japan_Dataset/hamada/accident-12-twist foot-hamada.pkl,421
Eyes_Japan_Dataset/hamada/accident-12-twist foot-hamada.pkl,422
Eyes_Japan_Dataset/hamada/accident-12-twist foot-hamada.pkl,423
Eyes_Japan_Dataset/hamada/accident-12-twist foot-hamada.pkl,424
Eyes_Japan_Dataset/hamada/accident-12-twist foot-hamada.pkl,425
Eyes_Japan_Dataset/hamada/accident-12-twist foot-hamada.pkl,426
Eyes_Japan_Dataset/hamada/accident-12-twist foot-hamada.pkl,427
Eyes_Japan_Dataset/hamada/accident-12-twist foot-hamada.pkl,428
Eyes_Japan_Dataset/hamada/pose-19-funny-hamada.pkl,528
Eyes_Japan_Dataset/hamada/pose-19-funny-hamada.pkl,529
Eyes_Japan_Dataset/hamada/pose-19-funny-hamada.pkl,530
Eyes_Japan_Dataset/hamada/pose-19-funny-hamada.pkl,531
Eyes_Japan_Dataset/hamada/pose-19-funny-hamada.pkl,532
Eyes_Japan_Dataset/hamada/pose-19-funny-hamada.pkl,533
Eyes_Japan_Dataset/hamada/pose-19-funny-hamada.pkl,534
Eyes_Japan_Dataset/hamada/pose-19-funny-hamada.pkl,535
Eyes_Japan_Dataset/hamada/pose-19-funny-hamada.pkl,536
Eyes_Japan_Dataset/hamada/pose-19-funny-hamada.pkl,537
Eyes_Japan_Dataset/hamada/pose-19-funny-hamada.pkl,538
Eyes_Japan_Dataset/hamada/pose-19-funny-hamada.pkl,539
Eyes_Japan_Dataset/hamada/pose-19-funny-hamada.pkl,540
Eyes_Japan_Dataset/hamada/pose-19-funny-hamada.pkl,541
Eyes_Japan_Dataset/hamada/pose-19-funny-hamada.pkl,542
Eyes_Japan_Dataset/hamada/pose-19-funny-hamada.pkl,543
Eyes_Japan_Dataset/hamada/pose-19-funny-hamada.pkl,544
Eyes_Japan_Dataset/hamada/pose-19-funny-hamada.pkl,545
Eyes_Japan_Dataset/hamada/pose-19-funny-hamada.pkl,546
Eyes_Japan_Dataset/hamada/pose-19-funny-hamada.pkl,547
Eyes_Japan_Dataset/hamada/pose-19-funny-hamada.pkl,548
Eyes_Japan_Dataset/hamada/pose-19-funny-hamada.pkl,549
Eyes_Japan_Dataset/hamada/pose-19-funny-hamada.pkl,550
Eyes_Japan_Dataset/hamada/pose-19-funny-hamada.pkl,551
Eyes_Japan_Dataset/hamada/pose-19-funny-hamada.pkl,552
Eyes_Japan_Dataset/hamada/pose-19-funny-hamada.pkl,553
Eyes_Japan_Dataset/hamada/pose-19-funny-hamada.pkl,554
Eyes_Japan_Dataset/hamada/pose-19-funny-hamada.pkl,555
Eyes_Japan_Dataset/hamada/pose-19-funny-hamada.pkl,556
Eyes_Japan_Dataset/hamada/pose-19-funny-hamada.pkl,557
Eyes_Japan_Dataset/hamada/sitdown_standup-03-chair back-hamada.pkl,263
Eyes_Japan_Dataset/hamada/sitdown_standup-03-chair back-hamada.pkl,264
Eyes_Japan_Dataset/hamada/sitdown_standup-03-chair back-hamada.pkl,265
Eyes_Japan_Dataset/hamada/sitdown_standup-03-chair back-hamada.pkl,266
Eyes_Japan_Dataset/hamada/sitdown_standup-03-chair back-hamada.pkl,267
Eyes_Japan_Dataset/hamada/sitdown_standup-03-chair back-hamada.pkl,268
Eyes_Japan_Dataset/hamada/sitdown_standup-03-chair back-hamada.pkl,269
Eyes_Japan_Dataset/hamada/sitdown_standup-03-chair back-hamada.pkl,270
Eyes_Japan_Dataset/hamada/sitdown_standup-03-chair back-hamada.pkl,271
Eyes_Japan_Dataset/hamada/sitdown_standup-03-chair back-hamada.pkl,272
Eyes_Japan_Dataset/hamada/sitdown_standup-03-chair back-hamada.pkl,273
Eyes_Japan_Dataset/hamada/sitdown_standup-03-chair back-hamada.pkl,274
Eyes_Japan_Dataset/hamada/sitdown_standup-03-chair back-hamada.pkl,275
Eyes_Japan_Dataset/hamada/sitdown_standup-03-chair back-hamada.pkl,276
Eyes_Japan_Dataset/hamada/sitdown_standup-03-chair back-hamada.pkl,277
Eyes_Japan_Dataset/hamada/sitdown_standup-03-chair back-hamada.pkl,278
Eyes_Japan_Dataset/hamada/sitdown_standup-03-chair back-hamada.pkl,279
Eyes_Japan_Dataset/hamada/sitdown_standup-03-chair back-hamada.pkl,280
Eyes_Japan_Dataset/hamada/sitdown_standup-03-chair back-hamada.pkl,281
Eyes_Japan_Dataset/hamada/sitdown_standup-03-chair back-hamada.pkl,282
Eyes_Japan_Dataset/hamada/sitdown_standup-03-chair back-hamada.pkl,283
Eyes_Japan_Dataset/hamada/sitdown_standup-03-chair back-hamada.pkl,284
Eyes_Japan_Dataset/hamada/sitdown_standup-03-chair back-hamada.pkl,285
Eyes_Japan_Dataset/hamada/sitdown_standup-03-chair back-hamada.pkl,286
Eyes_Japan_Dataset/hamada/sitdown_standup-03-chair back-hamada.pkl,287
Eyes_Japan_Dataset/hamada/sitdown_standup-03-chair back-hamada.pkl,288
Eyes_Japan_Dataset/hamada/sitdown_standup-03-chair back-hamada.pkl,560
Eyes_Japan_Dataset/hamada/sitdown_standup-03-chair back-hamada.pkl,561
Eyes_Japan_Dataset/hamada/sitdown_standup-03-chair back-hamada.pkl,562
Eyes_Japan_Dataset/hamada/sitdown_standup-03-chair back-hamada.pkl,563
Eyes_Japan_Dataset/hamada/sitdown_standup-03-chair back-hamada.pkl,564
Eyes_Japan_Dataset/hamada/sitdown_standup-03-chair back-hamada.pkl,565
Eyes_Japan_Dataset/hamada/sitdown_standup-03-chair back-hamada.pkl,566
Eyes_Japan_Dataset/hamada/sitdown_standup-03-chair back-hamada.pkl,567
Eyes_Japan_Dataset/hamada/sitdown_standup-03-chair back-hamada.pkl,568
Eyes_Japan_Dataset/hamada/sitdown_standup-03-chair back-hamada.pkl,569
Eyes_Japan_Dataset/hamada/sitdown_standup-03-chair back-hamada.pkl,570
Eyes_Japan_Dataset/hamada/sitdown_standup-03-chair back-hamada.pkl,571
Eyes_Japan_Dataset/hamada/sitdown_standup-03-chair back-hamada.pkl,572
Eyes_Japan_Dataset/hamada/sitdown_standup-03-chair back-hamada.pkl,573
Eyes_Japan_Dataset/hamada/sitdown_standup-03-chair back-hamada.pkl,574
Eyes_Japan_Dataset/hamada/sitdown_standup-03-chair back-hamada.pkl,575
Eyes_Japan_Dataset/hamada/sitdown_standup-03-chair back-hamada.pkl,576
Eyes_Japan_Dataset/hamada/sitdown_standup-03-chair back-hamada.pkl,577
Eyes_Japan_Dataset/hamada/sitdown_standup-03-chair back-hamada.pkl,578
Eyes_Japan_Dataset/hamada/sitdown_standup-03-chair back-hamada.pkl,579
Eyes_Japan_Dataset/hamada/sitdown_standup-03-chair back-hamada.pkl,580
Eyes_Japan_Dataset/hamada/sitdown_standup-03-chair back-hamada.pkl,581
Eyes_Japan_Dataset/hamada/sitdown_standup-03-chair back-hamada.pkl,582
Eyes_Japan_Dataset/hamada/sitdown_standup-03-chair back-hamada.pkl,583
Eyes_Japan_Dataset/hamada/sitdown_standup-03-chair back-hamada.pkl,584
Eyes_Japan_Dataset/hamada/sitdown_standup-03-chair back-hamada.pkl,585
Eyes_Japan_Dataset/hamada/sitdown_standup-03-chair back-hamada.pkl,586
Eyes_Japan_Dataset/hamada/sitdown_standup-03-chair back-hamada.pkl,587
Eyes_Japan_Dataset/hamada/throw_toss-07-both hands under heavy-hamada.pkl,614
Eyes_Japan_Dataset/hamada/throw_toss-07-both hands under heavy-hamada.pkl,615
Eyes_Japan_Dataset/hamada/throw_toss-07-both hands under heavy-hamada.pkl,616
Eyes_Japan_Dataset/hamada/throw_toss-07-both hands under heavy-hamada.pkl,617
Eyes_Japan_Dataset/hamada/throw_toss-07-both hands under heavy-hamada.pkl,618
Eyes_Japan_Dataset/hamada/throw_toss-07-both hands under heavy-hamada.pkl,619
Eyes_Japan_Dataset/hamada/throw_toss-07-both hands under heavy-hamada.pkl,620
Eyes_Japan_Dataset/hamada/throw_toss-07-both hands under heavy-hamada.pkl,621
Eyes_Japan_Dataset/hamada/throw_toss-07-both hands under heavy-hamada.pkl,622
Eyes_Japan_Dataset/hamada/throw_toss-07-both hands under heavy-hamada.pkl,623
Eyes_Japan_Dataset/hamada/throw_toss-07-both hands under heavy-hamada.pkl,624
Eyes_Japan_Dataset/hamada/throw_toss-07-both hands under heavy-hamada.pkl,625
Eyes_Japan_Dataset/hamada/throw_toss-07-both hands under heavy-hamada.pkl,626
Eyes_Japan_Dataset/hamada/throw_toss-07-both hands under heavy-hamada.pkl,627
Eyes_Japan_Dataset/hamada/throw_toss-07-both hands under heavy-hamada.pkl,628
Eyes_Japan_Dataset/hamada/throw_toss-07-both hands under heavy-hamada.pkl,629
Eyes_Japan_Dataset/hamada/throw_toss-12-dart-hamada.pkl,104
Eyes_Japan_Dataset/hamada/throw_toss-12-dart-hamada.pkl,105
Eyes_Japan_Dataset/hamada/throw_toss-12-dart-hamada.pkl,106
Eyes_Japan_Dataset/hamada/throw_toss-12-dart-hamada.pkl,107
Eyes_Japan_Dataset/hamada/throw_toss-12-dart-hamada.pkl,108
Eyes_Japan_Dataset/hamada/throw_toss-12-dart-hamada.pkl,109
Eyes_Japan_Dataset/hamada/throw_toss-12-dart-hamada.pkl,110
Eyes_Japan_Dataset/hamada/throw_toss-12-dart-hamada.pkl,111
Eyes_Japan_Dataset/hamada/throw_toss-12-dart-hamada.pkl,112
Eyes_Japan_Dataset/hamada/throw_toss-12-dart-hamada.pkl,113
Eyes_Japan_Dataset/hamada/throw_toss-12-dart-hamada.pkl,114
Eyes_Japan_Dataset/hamada/throw_toss-12-dart-hamada.pkl,115
Eyes_Japan_Dataset/hamada/throw_toss-12-dart-hamada.pkl,116
Eyes_Japan_Dataset/hamada/throw_toss-12-dart-hamada.pkl,117
Eyes_Japan_Dataset/hamada/throw_toss-12-dart-hamada.pkl,118
Eyes_Japan_Dataset/hamada/throw_toss-12-dart-hamada.pkl,119
Eyes_Japan_Dataset/hamada/throw_toss-12-dart-hamada.pkl,120
Eyes_Japan_Dataset/hamada/throw_toss-12-dart-hamada.pkl,121
Eyes_Japan_Dataset/hamada/throw_toss-12-dart-hamada.pkl,122
Eyes_Japan_Dataset/hamada/throw_toss-12-dart-hamada.pkl,123
Eyes_Japan_Dataset/hamada/throw_toss-12-dart-hamada.pkl,124
Eyes_Japan_Dataset/hamada/throw_toss-12-dart-hamada.pkl,125
Eyes_Japan_Dataset/hamada/throw_toss-12-dart-hamada.pkl,126
Eyes_Japan_Dataset/hamada/throw_toss-12-dart-hamada.pkl,127
Eyes_Japan_Dataset/hamada/throw_toss-12-dart-hamada.pkl,128
Eyes_Japan_Dataset/hamada/throw_toss-12-dart-hamada.pkl,129
Eyes_Japan_Dataset/hamada/throw_toss-12-dart-hamada.pkl,130
Eyes_Japan_Dataset/hamada/throw_toss-12-dart-hamada.pkl,131
Eyes_Japan_Dataset/hamada/throw_toss-12-dart-hamada.pkl,132
Eyes_Japan_Dataset/hamada/throw_toss-12-dart-hamada.pkl,133
Eyes_Japan_Dataset/hamada/throw_toss-12-dart-hamada.pkl,583
Eyes_Japan_Dataset/hamada/throw_toss-12-dart-hamada.pkl,584
Eyes_Japan_Dataset/hamada/throw_toss-12-dart-hamada.pkl,585
Eyes_Japan_Dataset/hamada/throw_toss-12-dart-hamada.pkl,586
Eyes_Japan_Dataset/hamada/throw_toss-12-dart-hamada.pkl,587
Eyes_Japan_Dataset/hamada/throw_toss-12-dart-hamada.pkl,588
Eyes_Japan_Dataset/hamada/throw_toss-12-dart-hamada.pkl,589
Eyes_Japan_Dataset/hamada/throw_toss-12-dart-hamada.pkl,590
Eyes_Japan_Dataset/hamada/throw_toss-12-dart-hamada.pkl,591
Eyes_Japan_Dataset/hamada/throw_toss-12-dart-hamada.pkl,592
Eyes_Japan_Dataset/hamada/throw_toss-12-dart-hamada.pkl,593
Eyes_Japan_Dataset/hamada/throw_toss-12-dart-hamada.pkl,594
Eyes_Japan_Dataset/hamada/throw_toss-12-dart-hamada.pkl,595
Eyes_Japan_Dataset/hamada/throw_toss-12-dart-hamada.pkl,596
Eyes_Japan_Dataset/hamada/throw_toss-12-dart-hamada.pkl,597
Eyes_Japan_Dataset/hamada/throw_toss-12-dart-hamada.pkl,598
Eyes_Japan_Dataset/hamada/throw_toss-12-dart-hamada.pkl,599
Eyes_Japan_Dataset/hamada/throw_toss-12-dart-hamada.pkl,600
Eyes_Japan_Dataset/hamada/throw_toss-17-pass to back light-hamada.pkl,533
Eyes_Japan_Dataset/hamada/throw_toss-17-pass to back light-hamada.pkl,534
Eyes_Japan_Dataset/hamada/throw_toss-17-pass to back light-hamada.pkl,535
Eyes_Japan_Dataset/hamada/throw_toss-17-pass to back light-hamada.pkl,536
Eyes_Japan_Dataset/hamada/throw_toss-17-pass to back light-hamada.pkl,537
Eyes_Japan_Dataset/hamada/throw_toss-17-pass to back light-hamada.pkl,538
Eyes_Japan_Dataset/hamada/throw_toss-17-pass to back light-hamada.pkl,539
Eyes_Japan_Dataset/hamada/throw_toss-17-pass to back light-hamada.pkl,540
Eyes_Japan_Dataset/hamada/throw_toss-17-pass to back light-hamada.pkl,541
Eyes_Japan_Dataset/hamada/throw_toss-17-pass to back light-hamada.pkl,542
Eyes_Japan_Dataset/hamada/throw_toss-17-pass to back light-hamada.pkl,543
Eyes_Japan_Dataset/hamada/throw_toss-17-pass to back light-hamada.pkl,544
Eyes_Japan_Dataset/hamada/walk-05-backward-hamada.pkl,320
Eyes_Japan_Dataset/hamada/walk-17-push by back-hamada.pkl,386
Eyes_Japan_Dataset/hamada/walk-17-push by back-hamada.pkl,387
Eyes_Japan_Dataset/hamada/walk-17-push by back-hamada.pkl,388
Eyes_Japan_Dataset/hamada/walk-17-push by back-hamada.pkl,389
Eyes_Japan_Dataset/hamada/walk-17-push by back-hamada.pkl,390
Eyes_Japan_Dataset/hamada/walk-17-push by back-hamada.pkl,391
Eyes_Japan_Dataset/hamada/walk-17-push by back-hamada.pkl,392
Eyes_Japan_Dataset/hamada/walk-17-push by back-hamada.pkl,393
Eyes_Japan_Dataset/hamada/walk-17-push by back-hamada.pkl,394
Eyes_Japan_Dataset/hamada/walk-17-push by back-hamada.pkl,395
Eyes_Japan_Dataset/hamada/walk-17-push by back-hamada.pkl,396
Eyes_Japan_Dataset/hamada/walk-17-push by back-hamada.pkl,397
Eyes_Japan_Dataset/hamada/walk-17-push by back-hamada.pkl,398
Eyes_Japan_Dataset/hamada/walk-17-push by back-hamada.pkl,399
Eyes_Japan_Dataset/hamada/walk-17-push by back-hamada.pkl,400
Eyes_Japan_Dataset/hamada/walk-18-shuffle forward-hamada.pkl,93
Eyes_Japan_Dataset/hamada/walk-18-shuffle forward-hamada.pkl,94
Eyes_Japan_Dataset/hamada/walk-18-shuffle forward-hamada.pkl,95
Eyes_Japan_Dataset/hamada/walk-18-shuffle forward-hamada.pkl,96
Eyes_Japan_Dataset/hamada/walk-18-shuffle forward-hamada.pkl,97
Eyes_Japan_Dataset/hamada/walk-18-shuffle forward-hamada.pkl,98
Eyes_Japan_Dataset/hamada/walk-18-shuffle forward-hamada.pkl,99
Eyes_Japan_Dataset/hamada/walk-18-shuffle forward-hamada.pkl,100
Eyes_Japan_Dataset/hamada/walk-18-shuffle forward-hamada.pkl,227
Eyes_Japan_Dataset/hamada/walk-18-shuffle forward-hamada.pkl,228
Eyes_Japan_Dataset/hamada/walk-18-shuffle forward-hamada.pkl,229
Eyes_Japan_Dataset/hamada/walk-18-shuffle forward-hamada.pkl,230
Eyes_Japan_Dataset/hamada/walk-18-shuffle forward-hamada.pkl,231
Eyes_Japan_Dataset/hamada/walk-18-shuffle forward-hamada.pkl,232
Eyes_Japan_Dataset/hamada/walk-18-shuffle forward-hamada.pkl,233
Eyes_Japan_Dataset/hamada/walk-18-shuffle forward-hamada.pkl,234
Eyes_Japan_Dataset/hamada/walk-18-shuffle forward-hamada.pkl,235
Eyes_Japan_Dataset/hamada/walk-18-shuffle forward-hamada.pkl,236
Eyes_Japan_Dataset/hamada/walk-18-shuffle forward-hamada.pkl,237
Eyes_Japan_Dataset/hamada/walk-18-shuffle forward-hamada.pkl,238
Eyes_Japan_Dataset/hamada/walk-18-shuffle forward-hamada.pkl,239
Eyes_Japan_Dataset/hamada/walk-18-shuffle forward-hamada.pkl,240
Eyes_Japan_Dataset/hamada/walk-18-shuffle forward-hamada.pkl,241
Eyes_Japan_Dataset/hamada/walk-18-shuffle forward-hamada.pkl,242
Eyes_Japan_Dataset/hamada/walk-18-shuffle forward-hamada.pkl,243
Eyes_Japan_Dataset/hamada/walk-18-shuffle forward-hamada.pkl,244
Eyes_Japan_Dataset/hamada/walk-18-shuffle forward-hamada.pkl,245
Eyes_Japan_Dataset/hamada/walk-18-shuffle forward-hamada.pkl,246
Eyes_Japan_Dataset/hamada/walk-18-shuffle forward-hamada.pkl,247
Eyes_Japan_Dataset/hamada/walk-18-shuffle forward-hamada.pkl,248
Eyes_Japan_Dataset/hamada/walk-18-shuffle forward-hamada.pkl,249
Eyes_Japan_Dataset/hamada/walk-18-shuffle forward-hamada.pkl,364
Eyes_Japan_Dataset/hamada/walk-18-shuffle forward-hamada.pkl,365
Eyes_Japan_Dataset/hamada/walk-18-shuffle forward-hamada.pkl,366
Eyes_Japan_Dataset/hamada/walk-18-shuffle forward-hamada.pkl,367
Eyes_Japan_Dataset/hamada/walk-18-shuffle forward-hamada.pkl,368
Eyes_Japan_Dataset/hamada/walk-18-shuffle forward-hamada.pkl,369
Eyes_Japan_Dataset/hamada/walk-18-shuffle forward-hamada.pkl,370
Eyes_Japan_Dataset/hamada/walk-18-shuffle forward-hamada.pkl,371
Eyes_Japan_Dataset/hamada/walk-18-shuffle forward-hamada.pkl,372
Eyes_Japan_Dataset/hamada/walk-18-shuffle forward-hamada.pkl,373
Eyes_Japan_Dataset/hamada/walk-18-shuffle forward-hamada.pkl,374
Eyes_Japan_Dataset/hamada/walk-18-shuffle forward-hamada.pkl,375
Eyes_Japan_Dataset/hamada/walk-18-shuffle forward-hamada.pkl,376
Eyes_Japan_Dataset/hamada/walk-18-shuffle forward-hamada.pkl,377
Eyes_Japan_Dataset/hamada/walk-18-shuffle forward-hamada.pkl,484
Eyes_Japan_Dataset/hamada/walk-18-shuffle forward-hamada.pkl,485
Eyes_Japan_Dataset/hamada/walk-18-shuffle forward-hamada.pkl,486
Eyes_Japan_Dataset/hamada/walk-18-shuffle forward-hamada.pkl,487
Eyes_Japan_Dataset/hamada/walk-18-shuffle forward-hamada.pkl,488
Eyes_Japan_Dataset/hamada/walk-18-shuffle forward-hamada.pkl,489
Eyes_Japan_Dataset/hamada/walk-18-shuffle forward-hamada.pkl,490
Eyes_Japan_Dataset/hamada/walk-18-shuffle forward-hamada.pkl,491
Eyes_Japan_Dataset/hamada/walk-18-shuffle forward-hamada.pkl,492
Eyes_Japan_Dataset/hamada/walk-18-shuffle forward-hamada.pkl,493
Eyes_Japan_Dataset/hamada/walk-18-shuffle forward-hamada.pkl,494
Eyes_Japan_Dataset/hamada/walk-18-shuffle forward-hamada.pkl,495
Eyes_Japan_Dataset/hamada/walk-18-shuffle forward-hamada.pkl,496
Eyes_Japan_Dataset/hamada/walk-18-shuffle forward-hamada.pkl,497
Eyes_Japan_Dataset/hamada/walk-18-shuffle forward-hamada.pkl,498
Eyes_Japan_Dataset/hamada/walk-18-shuffle forward-hamada.pkl,499
Eyes_Japan_Dataset/hamada/walk-18-shuffle forward-hamada.pkl,500
Eyes_Japan_Dataset/hamada/walk-18-shuffle forward-hamada.pkl,501
Eyes_Japan_Dataset/hamada/walk-18-shuffle forward-hamada.pkl,502
Eyes_Japan_Dataset/kaiwa/accident-12-twist foot-kaiwa.pkl,135
Eyes_Japan_Dataset/kaiwa/accident-12-twist foot-kaiwa.pkl,136
Eyes_Japan_Dataset/kaiwa/accident-12-twist foot-kaiwa.pkl,137
Eyes_Japan_Dataset/kaiwa/accident-12-twist foot-kaiwa.pkl,138
Eyes_Japan_Dataset/kaiwa/accident-12-twist foot-kaiwa.pkl,139
Eyes_Japan_Dataset/kaiwa/accident-12-twist foot-kaiwa.pkl,140
Eyes_Japan_Dataset/kaiwa/accident-12-twist foot-kaiwa.pkl,141
Eyes_Japan_Dataset/kaiwa/accident-12-twist foot-kaiwa.pkl,142
Eyes_Japan_Dataset/kaiwa/accident-12-twist foot-kaiwa.pkl,143
Eyes_Japan_Dataset/kaiwa/accident-12-twist foot-kaiwa.pkl,144
Eyes_Japan_Dataset/kaiwa/accident-12-twist foot-kaiwa.pkl,145
Eyes_Japan_Dataset/kaiwa/accident-12-twist foot-kaiwa.pkl,146
Eyes_Japan_Dataset/kaiwa/accident-12-twist foot-kaiwa.pkl,147
Eyes_Japan_Dataset/kaiwa/accident-12-twist foot-kaiwa.pkl,148
Eyes_Japan_Dataset/kaiwa/accident-12-twist foot-kaiwa.pkl,149
Eyes_Japan_Dataset/kaiwa/accident-12-twist foot-kaiwa.pkl,150
Eyes_Japan_Dataset/kaiwa/accident-12-twist foot-kaiwa.pkl,151
Eyes_Japan_Dataset/kaiwa/accident-12-twist foot-kaiwa.pkl,152
Eyes_Japan_Dataset/kaiwa/accident-12-twist foot-kaiwa.pkl,153
Eyes_Japan_Dataset/kaiwa/accident-12-twist foot-kaiwa.pkl,154
Eyes_Japan_Dataset/kaiwa/accident-12-twist foot-kaiwa.pkl,155
Eyes_Japan_Dataset/kaiwa/accident-12-twist foot-kaiwa.pkl,156
Eyes_Japan_Dataset/kaiwa/accident-12-twist foot-kaiwa.pkl,157
Eyes_Japan_Dataset/kaiwa/accident-12-twist foot-kaiwa.pkl,158
Eyes_Japan_Dataset/kaiwa/accident-12-twist foot-kaiwa.pkl,159
Eyes_Japan_Dataset/kaiwa/accident-12-twist foot-kaiwa.pkl,160
Eyes_Japan_Dataset/kaiwa/accident-12-twist foot-kaiwa.pkl,161
Eyes_Japan_Dataset/kaiwa/accident-12-twist foot-kaiwa.pkl,162
Eyes_Japan_Dataset/kaiwa/accident-12-twist foot-kaiwa.pkl,163
Eyes_Japan_Dataset/kaiwa/accident-12-twist foot-kaiwa.pkl,164
Eyes_Japan_Dataset/kaiwa/accident-12-twist foot-kaiwa.pkl,165
Eyes_Japan_Dataset/kaiwa/accident-12-twist foot-kaiwa.pkl,166
Eyes_Japan_Dataset/kaiwa/accident-12-twist foot-kaiwa.pkl,252
Eyes_Japan_Dataset/kaiwa/accident-12-twist foot-kaiwa.pkl,253
Eyes_Japan_Dataset/kaiwa/accident-12-twist foot-kaiwa.pkl,254
Eyes_Japan_Dataset/kaiwa/accident-12-twist foot-kaiwa.pkl,255
Eyes_Japan_Dataset/kaiwa/accident-12-twist foot-kaiwa.pkl,256
Eyes_Japan_Dataset/kaiwa/accident-12-twist foot-kaiwa.pkl,257
Eyes_Japan_Dataset/kaiwa/accident-12-twist foot-kaiwa.pkl,258
Eyes_Japan_Dataset/kaiwa/accident-12-twist foot-kaiwa.pkl,259
Eyes_Japan_Dataset/kaiwa/accident-12-twist foot-kaiwa.pkl,260
Eyes_Japan_Dataset/kaiwa/accident-12-twist foot-kaiwa.pkl,261
Eyes_Japan_Dataset/kaiwa/accident-12-twist foot-kaiwa.pkl,262
Eyes_Japan_Dataset/kaiwa/accident-12-twist foot-kaiwa.pkl,263
Eyes_Japan_Dataset/kaiwa/accident-12-twist foot-kaiwa.pkl,264
Eyes_Japan_Dataset/kaiwa/accident-12-twist foot-kaiwa.pkl,265
Eyes_Japan_Dataset/kaiwa/accident-12-twist foot-kaiwa.pkl,266
Eyes_Japan_Dataset/kaiwa/accident-12-twist foot-kaiwa.pkl,267
Eyes_Japan_Dataset/kaiwa/accident-12-twist foot-kaiwa.pkl,268
Eyes_Japan_Dataset/kaiwa/accident-12-twist foot-kaiwa.pkl,269
Eyes_Japan_Dataset/kaiwa/accident-12-twist foot-kaiwa.pkl,270
Eyes_Japan_Dataset/kaiwa/accident-12-twist foot-kaiwa.pkl,271
Eyes_Japan_Dataset/kaiwa/accident-12-twist foot-kaiwa.pkl,272
Eyes_Japan_Dataset/kaiwa/accident-12-twist foot-kaiwa.pkl,273
Eyes_Japan_Dataset/kaiwa/accident-12-twist foot-kaiwa.pkl,274
Eyes_Japan_Dataset/kaiwa/accident-12-twist foot-kaiwa.pkl,275
Eyes_Japan_Dataset/kaiwa/accident-12-twist foot-kaiwa.pkl,276
Eyes_Japan_Dataset/kaiwa/accident-12-twist foot-kaiwa.pkl,277
Eyes_Japan_Dataset/kaiwa/accident-12-twist foot-kaiwa.pkl,278
Eyes_Japan_Dataset/kaiwa/accident-12-twist foot-kaiwa.pkl,279
Eyes_Japan_Dataset/kaiwa/accident-12-twist foot-kaiwa.pkl,280
Eyes_Japan_Dataset/kaiwa/accident-12-twist foot-kaiwa.pkl,281
Eyes_Japan_Dataset/kaiwa/greeting-05-salute (chest)-kaiwa.pkl,370
Eyes_Japan_Dataset/kaiwa/greeting-05-salute (chest)-kaiwa.pkl,371
Eyes_Japan_Dataset/kaiwa/greeting-05-salute (chest)-kaiwa.pkl,372
Eyes_Japan_Dataset/kaiwa/greeting-05-salute (chest)-kaiwa.pkl,373
Eyes_Japan_Dataset/kaiwa/greeting-05-salute (chest)-kaiwa.pkl,374
Eyes_Japan_Dataset/kaiwa/greeting-05-salute (chest)-kaiwa.pkl,375
Eyes_Japan_Dataset/kaiwa/greeting-05-salute (chest)-kaiwa.pkl,376
Eyes_Japan_Dataset/kaiwa/greeting-05-salute (chest)-kaiwa.pkl,377
Eyes_Japan_Dataset/kaiwa/greeting-05-salute (chest)-kaiwa.pkl,378
Eyes_Japan_Dataset/kaiwa/greeting-05-salute (chest)-kaiwa.pkl,379
Eyes_Japan_Dataset/kaiwa/greeting-05-salute (chest)-kaiwa.pkl,380
Eyes_Japan_Dataset/kaiwa/greeting-05-salute (chest)-kaiwa.pkl,381
Eyes_Japan_Dataset/kaiwa/greeting-05-salute (chest)-kaiwa.pkl,382
Eyes_Japan_Dataset/kaiwa/greeting-05-salute (chest)-kaiwa.pkl,383
Eyes_Japan_Dataset/kaiwa/greeting-05-salute (chest)-kaiwa.pkl,384
Eyes_Japan_Dataset/kaiwa/greeting-05-salute (chest)-kaiwa.pkl,385
Eyes_Japan_Dataset/kaiwa/greeting-05-salute (chest)-kaiwa.pkl,386
Eyes_Japan_Dataset/kaiwa/greeting-05-salute (chest)-kaiwa.pkl,387
Eyes_Japan_Dataset/kaiwa/greeting-05-salute (chest)-kaiwa.pkl,481
Eyes_Japan_Dataset/kaiwa/greeting-05-salute (chest)-kaiwa.pkl,482
Eyes_Japan_Dataset/kaiwa/greeting-05-salute (chest)-kaiwa.pkl,483
Eyes_Japan_Dataset/kaiwa/greeting-05-salute (chest)-kaiwa.pkl,484
Eyes_Japan_Dataset/kaiwa/greeting-05-salute (chest)-kaiwa.pkl,485
Eyes_Japan_Dataset/kaiwa/greeting-05-salute (chest)-kaiwa.pkl,486
Eyes_Japan_Dataset/kaiwa/greeting-05-salute (chest)-kaiwa.pkl,487
Eyes_Japan_Dataset/kaiwa/greeting-05-salute (chest)-kaiwa.pkl,488
Eyes_Japan_Dataset/kaiwa/greeting-05-salute (chest)-kaiwa.pkl,489
Eyes_Japan_Dataset/kaiwa/greeting-05-salute (chest)-kaiwa.pkl,490
Eyes_Japan_Dataset/kaiwa/greeting-05-salute (chest)-kaiwa.pkl,491
Eyes_Japan_Dataset/kaiwa/greeting-05-salute (chest)-kaiwa.pkl,492
Eyes_Japan_Dataset/kaiwa/greeting-05-salute (chest)-kaiwa.pkl,493
Eyes_Japan_Dataset/kaiwa/greeting-05-salute (chest)-kaiwa.pkl,494
Eyes_Japan_Dataset/kaiwa/greeting-05-salute (chest)-kaiwa.pkl,495
Eyes_Japan_Dataset/kaiwa/greeting-05-salute (chest)-kaiwa.pkl,496
Eyes_Japan_Dataset/kaiwa/greeting-05-salute (chest)-kaiwa.pkl,497
Eyes_Japan_Dataset/kaiwa/greeting-05-salute (chest)-kaiwa.pkl,498
Eyes_Japan_Dataset/kaiwa/greeting-05-salute (chest)-kaiwa.pkl,499
Eyes_Japan_Dataset/kaiwa/greeting-05-salute (chest)-kaiwa.pkl,500
Eyes_Japan_Dataset/kaiwa/greeting-05-salute (chest)-kaiwa.pkl,501
Eyes_Japan_Dataset/kaiwa/greeting-05-salute (chest)-kaiwa.pkl,502
Eyes_Japan_Dataset/kaiwa/greeting-05-salute (chest)-kaiwa.pkl,503
Eyes_Japan_Dataset/kaiwa/greeting-05-salute (chest)-kaiwa.pkl,504
Eyes_Japan_Dataset/kaiwa/greeting-05-salute (chest)-kaiwa.pkl,505
Eyes_Japan_Dataset/kaiwa/greeting-05-salute (chest)-kaiwa.pkl,506
Eyes_Japan_Dataset/kaiwa/greeting-05-salute (chest)-kaiwa.pkl,507
Eyes_Japan_Dataset/kaiwa/greeting-05-salute (chest)-kaiwa.pkl,508
Eyes_Japan_Dataset/kaiwa/greeting-05-salute (chest)-kaiwa.pkl,509
Eyes_Japan_Dataset/kaiwa/greeting-05-salute (chest)-kaiwa.pkl,510
Eyes_Japan_Dataset/kaiwa/greeting-05-salute (chest)-kaiwa.pkl,511
Eyes_Japan_Dataset/kaiwa/greeting-05-salute (chest)-kaiwa.pkl,512
Eyes_Japan_Dataset/kaiwa/greeting-05-salute (chest)-kaiwa.pkl,513
Eyes_Japan_Dataset/kaiwa/greeting-05-salute (chest)-kaiwa.pkl,514
Eyes_Japan_Dataset/kaiwa/greeting-05-salute (chest)-kaiwa.pkl,515
Eyes_Japan_Dataset/kaiwa/greeting-05-salute (chest)-kaiwa.pkl,516
Eyes_Japan_Dataset/kaiwa/greeting-05-salute (chest)-kaiwa.pkl,517
Eyes_Japan_Dataset/kaiwa/greeting-05-salute (chest)-kaiwa.pkl,606
Eyes_Japan_Dataset/kaiwa/greeting-05-salute (chest)-kaiwa.pkl,607
Eyes_Japan_Dataset/kaiwa/greeting-05-salute (chest)-kaiwa.pkl,608
Eyes_Japan_Dataset/kaiwa/greeting-05-salute (chest)-kaiwa.pkl,609
Eyes_Japan_Dataset/kaiwa/greeting-05-salute (chest)-kaiwa.pkl,610
Eyes_Japan_Dataset/kaiwa/greeting-05-salute (chest)-kaiwa.pkl,611
Eyes_Japan_Dataset/kaiwa/greeting-05-salute (chest)-kaiwa.pkl,612
Eyes_Japan_Dataset/kaiwa/greeting-05-salute (chest)-kaiwa.pkl,613
Eyes_Japan_Dataset/kaiwa/greeting-05-salute (chest)-kaiwa.pkl,614
Eyes_Japan_Dataset/kaiwa/greeting-05-salute (chest)-kaiwa.pkl,615
Eyes_Japan_Dataset/kaiwa/greeting-05-salute (chest)-kaiwa.pkl,616
Eyes_Japan_Dataset/kaiwa/greeting-05-salute (chest)-kaiwa.pkl,617
Eyes_Japan_Dataset/kaiwa/greeting-05-salute (chest)-kaiwa.pkl,618
Eyes_Japan_Dataset/kaiwa/greeting-08-shakehands-kaiwa.pkl,323
Eyes_Japan_Dataset/kaiwa/greeting-08-shakehands-kaiwa.pkl,324
Eyes_Japan_Dataset/kaiwa/greeting-08-shakehands-kaiwa.pkl,325
Eyes_Japan_Dataset/kaiwa/greeting-08-shakehands-kaiwa.pkl,326
Eyes_Japan_Dataset/kaiwa/greeting-08-shakehands-kaiwa.pkl,327
Eyes_Japan_Dataset/kaiwa/greeting-08-shakehands-kaiwa.pkl,328
Eyes_Japan_Dataset/kaiwa/greeting-08-shakehands-kaiwa.pkl,329
Eyes_Japan_Dataset/kaiwa/greeting-08-shakehands-kaiwa.pkl,330
Eyes_Japan_Dataset/kaiwa/greeting-08-shakehands-kaiwa.pkl,331
Eyes_Japan_Dataset/kaiwa/greeting-08-shakehands-kaiwa.pkl,332
Eyes_Japan_Dataset/kaiwa/greeting-08-shakehands-kaiwa.pkl,333
Eyes_Japan_Dataset/kaiwa/greeting-08-shakehands-kaiwa.pkl,334
Eyes_Japan_Dataset/kaiwa/greeting-08-shakehands-kaiwa.pkl,335
Eyes_Japan_Dataset/kaiwa/greeting-08-shakehands-kaiwa.pkl,336
Eyes_Japan_Dataset/kaiwa/greeting-08-shakehands-kaiwa.pkl,337
Eyes_Japan_Dataset/kaiwa/greeting-08-shakehands-kaiwa.pkl,338
Eyes_Japan_Dataset/kaiwa/greeting-08-shakehands-kaiwa.pkl,404
Eyes_Japan_Dataset/kaiwa/greeting-08-shakehands-kaiwa.pkl,405
Eyes_Japan_Dataset/kaiwa/greeting-08-shakehands-kaiwa.pkl,406
Eyes_Japan_Dataset/kaiwa/greeting-08-shakehands-kaiwa.pkl,407
Eyes_Japan_Dataset/kaiwa/greeting-08-shakehands-kaiwa.pkl,408
Eyes_Japan_Dataset/kaiwa/greeting-08-shakehands-kaiwa.pkl,409
Eyes_Japan_Dataset/kaiwa/greeting-08-shakehands-kaiwa.pkl,410
Eyes_Japan_Dataset/kaiwa/greeting-08-shakehands-kaiwa.pkl,411
Eyes_Japan_Dataset/kaiwa/greeting-08-shakehands-kaiwa.pkl,412
Eyes_Japan_Dataset/kaiwa/greeting-08-shakehands-kaiwa.pkl,413
Eyes_Japan_Dataset/kaiwa/greeting-08-shakehands-kaiwa.pkl,414
Eyes_Japan_Dataset/kaiwa/greeting-08-shakehands-kaiwa.pkl,415
Eyes_Japan_Dataset/kaiwa/greeting-08-shakehands-kaiwa.pkl,416
Eyes_Japan_Dataset/kaiwa/greeting-08-shakehands-kaiwa.pkl,417
Eyes_Japan_Dataset/kaiwa/greeting-08-shakehands-kaiwa.pkl,418
Eyes_Japan_Dataset/kaiwa/turn-05-turn-kaiwa.pkl,67
Eyes_Japan_Dataset/kaiwa/turn-05-turn-kaiwa.pkl,68
Eyes_Japan_Dataset/kaiwa/turn-05-turn-kaiwa.pkl,69
Eyes_Japan_Dataset/kanno/accident-02-dodge fast-kanno.pkl,41
Eyes_Japan_Dataset/kanno/accident-02-dodge fast-kanno.pkl,42
Eyes_Japan_Dataset/kanno/accident-02-dodge fast-kanno.pkl,43
Eyes_Japan_Dataset/kanno/accident-02-dodge fast-kanno.pkl,44
Eyes_Japan_Dataset/kanno/accident-02-dodge fast-kanno.pkl,45
Eyes_Japan_Dataset/kanno/accident-02-dodge fast-kanno.pkl,46
Eyes_Japan_Dataset/kanno/accident-02-dodge fast-kanno.pkl,47
Eyes_Japan_Dataset/kanno/accident-02-dodge fast-kanno.pkl,48
Eyes_Japan_Dataset/kanno/accident-02-dodge fast-kanno.pkl,49
Eyes_Japan_Dataset/kanno/accident-02-dodge fast-kanno.pkl,50
Eyes_Japan_Dataset/kanno/accident-02-dodge fast-kanno.pkl,51
Eyes_Japan_Dataset/kanno/accident-02-dodge fast-kanno.pkl,52
Eyes_Japan_Dataset/kudo/greeting-04-salute (head)-kudo.pkl,401
Eyes_Japan_Dataset/kudo/greeting-04-salute (head)-kudo.pkl,402
Eyes_Japan_Dataset/kudo/greeting-04-salute (head)-kudo.pkl,403
Eyes_Japan_Dataset/kudo/greeting-04-salute (head)-kudo.pkl,404
Eyes_Japan_Dataset/kudo/greeting-04-salute (head)-kudo.pkl,405
Eyes_Japan_Dataset/kudo/greeting-04-salute (head)-kudo.pkl,406
Eyes_Japan_Dataset/kudo/greeting-04-salute (head)-kudo.pkl,407
Eyes_Japan_Dataset/kudo/greeting-04-salute (head)-kudo.pkl,408
Eyes_Japan_Dataset/kudo/greeting-04-salute (head)-kudo.pkl,409
Eyes_Japan_Dataset/kudo/greeting-04-salute (head)-kudo.pkl,410
Eyes_Japan_Dataset/kudo/greeting-04-salute (head)-kudo.pkl,411
Eyes_Japan_Dataset/kudo/greeting-04-salute (head)-kudo.pkl,412
Eyes_Japan_Dataset/kudo/greeting-04-salute (head)-kudo.pkl,413
Eyes_Japan_Dataset/kudo/greeting-04-salute (head)-kudo.pkl,414
Eyes_Japan_Dataset/kudo/greeting-04-salute (head)-kudo.pkl,415
Eyes_Japan_Dataset/kudo/greeting-04-salute (head)-kudo.pkl,416
Eyes_Japan_Dataset/kudo/greeting-04-salute (head)-kudo.pkl,417
Eyes_Japan_Dataset/kudo/greeting-04-salute (head)-kudo.pkl,418
Eyes_Japan_Dataset/kudo/greeting-04-salute (head)-kudo.pkl,419
Eyes_Japan_Dataset/kudo/greeting-04-salute (head)-kudo.pkl,420
Eyes_Japan_Dataset/kudo/greeting-04-salute (head)-kudo.pkl,421
Eyes_Japan_Dataset/kudo/greeting-04-salute (head)-kudo.pkl,422
Eyes_Japan_Dataset/kudo/greeting-04-salute (head)-kudo.pkl,423
Eyes_Japan_Dataset/kudo/greeting-04-salute (head)-kudo.pkl,424
Eyes_Japan_Dataset/kudo/greeting-04-salute (head)-kudo.pkl,425
Eyes_Japan_Dataset/kudo/greeting-04-salute (head)-kudo.pkl,426
Eyes_Japan_Dataset/kudo/greeting-04-salute (head)-kudo.pkl,427
Eyes_Japan_Dataset/kudo/greeting-04-salute (head)-kudo.pkl,428
Eyes_Japan_Dataset/kudo/greeting-04-salute (head)-kudo.pkl,429
Eyes_Japan_Dataset/kudo/greeting-04-salute (head)-kudo.pkl,430
Eyes_Japan_Dataset/kudo/greeting-04-salute (head)-kudo.pkl,431
Eyes_Japan_Dataset/kudo/greeting-04-salute (head)-kudo.pkl,432
Eyes_Japan_Dataset/kudo/greeting-04-salute (head)-kudo.pkl,433
Eyes_Japan_Dataset/kudo/greeting-04-salute (head)-kudo.pkl,434
Eyes_Japan_Dataset/kudo/greeting-04-salute (head)-kudo.pkl,435
Eyes_Japan_Dataset/kudo/greeting-04-salute (head)-kudo.pkl,436
Eyes_Japan_Dataset/kudo/greeting-04-salute (head)-kudo.pkl,437
Eyes_Japan_Dataset/kudo/greeting-04-salute (head)-kudo.pkl,438
Eyes_Japan_Dataset/kudo/greeting-04-salute (head)-kudo.pkl,439
Eyes_Japan_Dataset/kudo/greeting-04-salute (head)-kudo.pkl,440
Eyes_Japan_Dataset/kudo/greeting-04-salute (head)-kudo.pkl,441
Eyes_Japan_Dataset/kudo/greeting-04-salute (head)-kudo.pkl,560
Eyes_Japan_Dataset/kudo/greeting-04-salute (head)-kudo.pkl,561
Eyes_Japan_Dataset/kudo/greeting-04-salute (head)-kudo.pkl,562
Eyes_Japan_Dataset/kudo/greeting-04-salute (head)-kudo.pkl,563
Eyes_Japan_Dataset/kudo/greeting-04-salute (head)-kudo.pkl,564
Eyes_Japan_Dataset/kudo/greeting-04-salute (head)-kudo.pkl,565
Eyes_Japan_Dataset/kudo/greeting-04-salute (head)-kudo.pkl,566
Eyes_Japan_Dataset/kudo/greeting-04-salute (head)-kudo.pkl,567
Eyes_Japan_Dataset/kudo/greeting-04-salute (head)-kudo.pkl,568
Eyes_Japan_Dataset/kudo/greeting-04-salute (head)-kudo.pkl,569
Eyes_Japan_Dataset/kudo/greeting-04-salute (head)-kudo.pkl,570
Eyes_Japan_Dataset/kudo/greeting-04-salute (head)-kudo.pkl,571
Eyes_Japan_Dataset/kudo/greeting-04-salute (head)-kudo.pkl,572
Eyes_Japan_Dataset/kudo/greeting-04-salute (head)-kudo.pkl,573
Eyes_Japan_Dataset/kudo/greeting-04-salute (head)-kudo.pkl,574
Eyes_Japan_Dataset/kudo/greeting-04-salute (head)-kudo.pkl,575
Eyes_Japan_Dataset/kudo/greeting-04-salute (head)-kudo.pkl,576
Eyes_Japan_Dataset/kudo/greeting-04-salute (head)-kudo.pkl,577
Eyes_Japan_Dataset/kudo/greeting-04-salute (head)-kudo.pkl,578
Eyes_Japan_Dataset/kudo/greeting-04-salute (head)-kudo.pkl,579
Eyes_Japan_Dataset/kudo/greeting-04-salute (head)-kudo.pkl,580
Eyes_Japan_Dataset/kudo/greeting-04-salute (head)-kudo.pkl,581
Eyes_Japan_Dataset/kudo/greeting-04-salute (head)-kudo.pkl,582
Eyes_Japan_Dataset/kudo/greeting-04-salute (head)-kudo.pkl,583
Eyes_Japan_Dataset/kudo/greeting-04-salute (head)-kudo.pkl,584
Eyes_Japan_Dataset/kudo/greeting-04-salute (head)-kudo.pkl,585
Eyes_Japan_Dataset/kudo/greeting-04-salute (head)-kudo.pkl,586
Eyes_Japan_Dataset/kudo/greeting-04-salute (head)-kudo.pkl,587
Eyes_Japan_Dataset/kudo/greeting-04-salute (head)-kudo.pkl,588
Eyes_Japan_Dataset/kudo/greeting-04-salute (head)-kudo.pkl,589
Eyes_Japan_Dataset/kudo/greeting-04-salute (head)-kudo.pkl,590
Eyes_Japan_Dataset/kudo/greeting-04-salute (head)-kudo.pkl,591
Eyes_Japan_Dataset/kudo/greeting-04-salute (head)-kudo.pkl,592
Eyes_Japan_Dataset/kudo/greeting-04-salute (head)-kudo.pkl,593
Eyes_Japan_Dataset/kudo/greeting-04-salute (head)-kudo.pkl,594
Eyes_Japan_Dataset/kudo/greeting-04-salute (head)-kudo.pkl,595
Eyes_Japan_Dataset/kudo/greeting-04-salute (head)-kudo.pkl,596
Eyes_Japan_Dataset/kudo/greeting-04-salute (head)-kudo.pkl,597
Eyes_Japan_Dataset/kudo/greeting-04-salute (head)-kudo.pkl,598
Eyes_Japan_Dataset/kudo/greeting-04-salute (head)-kudo.pkl,599
Eyes_Japan_Dataset/kudo/greeting-04-salute (head)-kudo.pkl,600
Eyes_Japan_Dataset/kudo/greeting-04-salute (head)-kudo.pkl,601
Eyes_Japan_Dataset/kudo/greeting-04-salute (head)-kudo.pkl,602
Eyes_Japan_Dataset/kudo/greeting-04-salute (head)-kudo.pkl,603
Eyes_Japan_Dataset/kudo/greeting-04-salute (head)-kudo.pkl,604
Eyes_Japan_Dataset/kudo/greeting-04-salute (head)-kudo.pkl,605
Eyes_Japan_Dataset/kudo/greeting-04-salute (head)-kudo.pkl,606
Eyes_Japan_Dataset/kudo/greeting-04-salute (head)-kudo.pkl,607
Eyes_Japan_Dataset/kudo/greeting-04-salute (head)-kudo.pkl,608
Eyes_Japan_Dataset/kudo/greeting-04-salute (head)-kudo.pkl,609
Eyes_Japan_Dataset/kudo/greeting-04-salute (head)-kudo.pkl,610
Eyes_Japan_Dataset/kudo/greeting-04-salute (head)-kudo.pkl,611
Eyes_Japan_Dataset/kudo/greeting-04-salute (head)-kudo.pkl,612
Eyes_Japan_Dataset/kudo/greeting-04-salute (head)-kudo.pkl,613
Eyes_Japan_Dataset/kudo/greeting-04-salute (head)-kudo.pkl,614
Eyes_Japan_Dataset/kudo/greeting-04-salute (head)-kudo.pkl,615
Eyes_Japan_Dataset/kudo/greeting-04-salute (head)-kudo.pkl,616
Eyes_Japan_Dataset/kudo/greeting-04-salute (head)-kudo.pkl,832
Eyes_Japan_Dataset/kudo/greeting-04-salute (head)-kudo.pkl,833
Eyes_Japan_Dataset/kudo/greeting-04-salute (head)-kudo.pkl,834
Eyes_Japan_Dataset/kudo/greeting-04-salute (head)-kudo.pkl,835
Eyes_Japan_Dataset/kudo/greeting-04-salute (head)-kudo.pkl,836
Eyes_Japan_Dataset/kudo/greeting-04-salute (head)-kudo.pkl,837
Eyes_Japan_Dataset/kudo/greeting-04-salute (head)-kudo.pkl,838
Eyes_Japan_Dataset/kudo/greeting-04-salute (head)-kudo.pkl,839
Eyes_Japan_Dataset/kudo/greeting-04-salute (head)-kudo.pkl,840
Eyes_Japan_Dataset/kudo/greeting-04-salute (head)-kudo.pkl,841
Eyes_Japan_Dataset/kudo/greeting-04-salute (head)-kudo.pkl,842
Eyes_Japan_Dataset/kudo/greeting-04-salute (head)-kudo.pkl,843
Eyes_Japan_Dataset/kudo/greeting-04-salute (head)-kudo.pkl,844
Eyes_Japan_Dataset/kudo/greeting-04-salute (head)-kudo.pkl,845
Eyes_Japan_Dataset/kudo/greeting-04-salute (head)-kudo.pkl,846
Eyes_Japan_Dataset/kudo/greeting-04-salute (head)-kudo.pkl,847
Eyes_Japan_Dataset/kudo/greeting-04-salute (head)-kudo.pkl,848
Eyes_Japan_Dataset/kudo/greeting-04-salute (head)-kudo.pkl,849
Eyes_Japan_Dataset/kudo/greeting-04-salute (head)-kudo.pkl,850
Eyes_Japan_Dataset/kudo/greeting-04-salute (head)-kudo.pkl,851
Eyes_Japan_Dataset/kudo/greeting-04-salute (head)-kudo.pkl,852
Eyes_Japan_Dataset/kudo/greeting-04-salute (head)-kudo.pkl,853
Eyes_Japan_Dataset/kudo/greeting-04-salute (head)-kudo.pkl,854
Eyes_Japan_Dataset/kudo/greeting-04-salute (head)-kudo.pkl,855
Eyes_Japan_Dataset/kudo/greeting-04-salute (head)-kudo.pkl,856
Eyes_Japan_Dataset/kudo/greeting-04-salute (head)-kudo.pkl,857
Eyes_Japan_Dataset/kudo/greeting-04-salute (head)-kudo.pkl,858
Eyes_Japan_Dataset/kudo/greeting-04-salute (head)-kudo.pkl,859
Eyes_Japan_Dataset/kudo/greeting-04-salute (head)-kudo.pkl,860
Eyes_Japan_Dataset/kudo/greeting-04-salute (head)-kudo.pkl,861
Eyes_Japan_Dataset/kudo/greeting-04-salute (head)-kudo.pkl,862
Eyes_Japan_Dataset/kudo/greeting-04-salute (head)-kudo.pkl,863
Eyes_Japan_Dataset/kudo/greeting-04-salute (head)-kudo.pkl,864
Eyes_Japan_Dataset/kudo/greeting-04-salute (head)-kudo.pkl,865
Eyes_Japan_Dataset/kudo/greeting-04-salute (head)-kudo.pkl,866
Eyes_Japan_Dataset/kudo/greeting-04-salute (head)-kudo.pkl,867
Eyes_Japan_Dataset/kudo/greeting-04-salute (head)-kudo.pkl,868
Eyes_Japan_Dataset/kudo/greeting-04-salute (head)-kudo.pkl,869
Eyes_Japan_Dataset/kudo/greeting-04-salute (head)-kudo.pkl,1451
Eyes_Japan_Dataset/kudo/greeting-04-salute (head)-kudo.pkl,1452
Eyes_Japan_Dataset/kudo/greeting-04-salute (head)-kudo.pkl,1453
Eyes_Japan_Dataset/kudo/greeting-04-salute (head)-kudo.pkl,1454
Eyes_Japan_Dataset/kudo/greeting-04-salute (head)-kudo.pkl,1455
Eyes_Japan_Dataset/kudo/greeting-04-salute (head)-kudo.pkl,1456
Eyes_Japan_Dataset/kudo/greeting-04-salute (head)-kudo.pkl,1457
Eyes_Japan_Dataset/kudo/greeting-04-salute (head)-kudo.pkl,1458
Eyes_Japan_Dataset/kudo/greeting-04-salute (head)-kudo.pkl,1459
Eyes_Japan_Dataset/kudo/greeting-04-salute (head)-kudo.pkl,1460
Eyes_Japan_Dataset/kudo/greeting-04-salute (head)-kudo.pkl,1461
Eyes_Japan_Dataset/kudo/greeting-04-salute (head)-kudo.pkl,1462
Eyes_Japan_Dataset/kudo/greeting-04-salute (head)-kudo.pkl,1463
Eyes_Japan_Dataset/kudo/greeting-04-salute (head)-kudo.pkl,1464
Eyes_Japan_Dataset/kudo/greeting-04-salute (head)-kudo.pkl,1465
Eyes_Japan_Dataset/kudo/greeting-04-salute (head)-kudo.pkl,1466
Eyes_Japan_Dataset/kudo/greeting-04-salute (head)-kudo.pkl,1467
Eyes_Japan_Dataset/kudo/walk-25-tired-kudo.pkl,615
Eyes_Japan_Dataset/kudo/walk-25-tired-kudo.pkl,616
Eyes_Japan_Dataset/kudo/walk-25-tired-kudo.pkl,617
Eyes_Japan_Dataset/kudo/walk-25-tired-kudo.pkl,618
Eyes_Japan_Dataset/kudo/walk-25-tired-kudo.pkl,619
Eyes_Japan_Dataset/kudo/walk-25-tired-kudo.pkl,620
Eyes_Japan_Dataset/kudo/walk-25-tired-kudo.pkl,621
Eyes_Japan_Dataset/kudo/walk-25-tired-kudo.pkl,622
Eyes_Japan_Dataset/kudo/walk-25-tired-kudo.pkl,623
Eyes_Japan_Dataset/kudo/walk-25-tired-kudo.pkl,624
Eyes_Japan_Dataset/kudo/walk-25-tired-kudo.pkl,625
Eyes_Japan_Dataset/kudo/walk-25-tired-kudo.pkl,828
Eyes_Japan_Dataset/kudo/walk-25-tired-kudo.pkl,829
Eyes_Japan_Dataset/kudo/walk-25-tired-kudo.pkl,830
Eyes_Japan_Dataset/kudo/walk-25-tired-kudo.pkl,994
Eyes_Japan_Dataset/kudo/walk-25-tired-kudo.pkl,995
Eyes_Japan_Dataset/kudo/walk-25-tired-kudo.pkl,996
Eyes_Japan_Dataset/kudo/walk-25-tired-kudo.pkl,997
Eyes_Japan_Dataset/kudo/walk-25-tired-kudo.pkl,998
Eyes_Japan_Dataset/kudo/walk-25-tired-kudo.pkl,999
Eyes_Japan_Dataset/kudo/walk-25-tired-kudo.pkl,1000
Eyes_Japan_Dataset/kudo/walk-25-tired-kudo.pkl,1001
Eyes_Japan_Dataset/kudo/walk-25-tired-kudo.pkl,1002
Eyes_Japan_Dataset/kudo/walk-25-tired-kudo.pkl,1003
Eyes_Japan_Dataset/kudo/walk-25-tired-kudo.pkl,1004
Eyes_Japan_Dataset/kudo/walk-25-tired-kudo.pkl,1005
Eyes_Japan_Dataset/kudo/walk-25-tired-kudo.pkl,1006
Eyes_Japan_Dataset/kudo/walk-25-tired-kudo.pkl,1007
Eyes_Japan_Dataset/kudo/walk-25-tired-kudo.pkl,1008
Eyes_Japan_Dataset/kudo/walk-25-tired-kudo.pkl,1009
Eyes_Japan_Dataset/kudo/walk-25-tired-kudo.pkl,1010
Eyes_Japan_Dataset/kudo/walk-25-tired-kudo.pkl,1011
Eyes_Japan_Dataset/kudo/walk-25-tired-kudo.pkl,1012
Eyes_Japan_Dataset/kudo/walk-25-tired-kudo.pkl,1013
Eyes_Japan_Dataset/kudo/walk-25-tired-kudo.pkl,1014
Eyes_Japan_Dataset/kudo/walk-25-tired-kudo.pkl,1015
Eyes_Japan_Dataset/kudo/walk-25-tired-kudo.pkl,1016
Eyes_Japan_Dataset/kudo/walk-25-tired-kudo.pkl,1017
Eyes_Japan_Dataset/kudo/walk-25-tired-kudo.pkl,1018
Eyes_Japan_Dataset/kudo/walk-25-tired-kudo.pkl,1019
Eyes_Japan_Dataset/kudo/walk-25-tired-kudo.pkl,1020
Eyes_Japan_Dataset/kudo/walk-25-tired-kudo.pkl,1021
Eyes_Japan_Dataset/kudo/walk-25-tired-kudo.pkl,1022
Eyes_Japan_Dataset/kudo/walk-25-tired-kudo.pkl,1023
Eyes_Japan_Dataset/kudo/walk-25-tired-kudo.pkl,1024
Eyes_Japan_Dataset/kudo/walk-25-tired-kudo.pkl,1025
Eyes_Japan_Dataset/kudo/walk-25-tired-kudo.pkl,1026
Eyes_Japan_Dataset/kudo/walk-25-tired-kudo.pkl,1027
Eyes_Japan_Dataset/kudo/walk-25-tired-kudo.pkl,1028
Eyes_Japan_Dataset/kudo/walk-25-tired-kudo.pkl,1029
Eyes_Japan_Dataset/kudo/walk-25-tired-kudo.pkl,1030
Eyes_Japan_Dataset/kudo/walk-25-tired-kudo.pkl,1031
Eyes_Japan_Dataset/kudo/walk-25-tired-kudo.pkl,1032
Eyes_Japan_Dataset/kudo/walk-25-tired-kudo.pkl,1033
Eyes_Japan_Dataset/kudo/walk-25-tired-kudo.pkl,1257
Eyes_Japan_Dataset/kudo/walk-25-tired-kudo.pkl,1258
Eyes_Japan_Dataset/kudo/walk-25-tired-kudo.pkl,1259
Eyes_Japan_Dataset/kudo/walk-25-tired-kudo.pkl,1260
Eyes_Japan_Dataset/kudo/walk-25-tired-kudo.pkl,1261
Eyes_Japan_Dataset/kudo/walk-25-tired-kudo.pkl,1262
Eyes_Japan_Dataset/kudo/walk-25-tired-kudo.pkl,1263
Eyes_Japan_Dataset/kudo/walk-25-tired-kudo.pkl,1264
Eyes_Japan_Dataset/kudo/walk-25-tired-kudo.pkl,1265
Eyes_Japan_Dataset/kudo/walk-25-tired-kudo.pkl,1266
Eyes_Japan_Dataset/kudo/walk-25-tired-kudo.pkl,1267
Eyes_Japan_Dataset/kudo/walk-25-tired-kudo.pkl,1268
Eyes_Japan_Dataset/kudo/walk-25-tired-kudo.pkl,1269
Eyes_Japan_Dataset/kudo/walk-25-tired-kudo.pkl,1270
Eyes_Japan_Dataset/kudo/walk-25-tired-kudo.pkl,1271
Eyes_Japan_Dataset/kudo/walk-25-tired-kudo.pkl,1272
Eyes_Japan_Dataset/kudo/walk-25-tired-kudo.pkl,1273
Eyes_Japan_Dataset/kudo/walk-25-tired-kudo.pkl,1274
Eyes_Japan_Dataset/kudo/walk-25-tired-kudo.pkl,1275
Eyes_Japan_Dataset/kudo/walk-25-tired-kudo.pkl,1276
Eyes_Japan_Dataset/shiono/walk-28-look up-shiono.pkl,82
Eyes_Japan_Dataset/shiono/walk-28-look up-shiono.pkl,83
Eyes_Japan_Dataset/shiono/walk-28-look up-shiono.pkl,84
Eyes_Japan_Dataset/shiono/walk-28-look up-shiono.pkl,466
Eyes_Japan_Dataset/shiono/walk-28-look up-shiono.pkl,467
Eyes_Japan_Dataset/shiono/walk-28-look up-shiono.pkl,468
Eyes_Japan_Dataset/shiono/walk-28-look up-shiono.pkl,469
Eyes_Japan_Dataset/shiono/walk-28-look up-shiono.pkl,470
Eyes_Japan_Dataset/shiono/walk-28-look up-shiono.pkl,471
Eyes_Japan_Dataset/shiono/walk-28-look up-shiono.pkl,472
Eyes_Japan_Dataset/shiono/walk-28-look up-shiono.pkl,473
Eyes_Japan_Dataset/shiono/walk-28-look up-shiono.pkl,474
Eyes_Japan_Dataset/shiono/walk-28-look up-shiono.pkl,475
Eyes_Japan_Dataset/shiono/walk-28-look up-shiono.pkl,476
Eyes_Japan_Dataset/shiono/walk-28-look up-shiono.pkl,534
Eyes_Japan_Dataset/shiono/walk-28-look up-shiono.pkl,535
Eyes_Japan_Dataset/shiono/walk-28-look up-shiono.pkl,536
Eyes_Japan_Dataset/shiono/walk-28-look up-shiono.pkl,537
Eyes_Japan_Dataset/shiono/walk-28-look up-shiono.pkl,538
Eyes_Japan_Dataset/shiono/walk-28-look up-shiono.pkl,539
Eyes_Japan_Dataset/shiono/walk-28-look up-shiono.pkl,540
Eyes_Japan_Dataset/shiono/walk-28-look up-shiono.pkl,541
Eyes_Japan_Dataset/shiono/walk-28-look up-shiono.pkl,542
Eyes_Japan_Dataset/shiono/walk-28-look up-shiono.pkl,543
Eyes_Japan_Dataset/shiono/walk-28-look up-shiono.pkl,544
Eyes_Japan_Dataset/shiono/walk-28-look up-shiono.pkl,545
Eyes_Japan_Dataset/shiono/walk-28-look up-shiono.pkl,546
Eyes_Japan_Dataset/shiono/walk-28-look up-shiono.pkl,547
Eyes_Japan_Dataset/shiono/walk-28-look up-shiono.pkl,548
Eyes_Japan_Dataset/shiono/walk-28-look up-shiono.pkl,549
Eyes_Japan_Dataset/shiono/walk-28-look up-shiono.pkl,550
Eyes_Japan_Dataset/takiguchi/accident-07-damage left arm-takiguchi.pkl,308
Eyes_Japan_Dataset/takiguchi/accident-07-damage left arm-takiguchi.pkl,309
Eyes_Japan_Dataset/takiguchi/accident-07-damage left arm-takiguchi.pkl,310
Eyes_Japan_Dataset/takiguchi/accident-07-damage left arm-takiguchi.pkl,311
Eyes_Japan_Dataset/takiguchi/accident-07-damage left arm-takiguchi.pkl,312
Eyes_Japan_Dataset/takiguchi/accident-07-damage left arm-takiguchi.pkl,313
Eyes_Japan_Dataset/takiguchi/accident-07-damage left arm-takiguchi.pkl,314
Eyes_Japan_Dataset/takiguchi/accident-07-damage left arm-takiguchi.pkl,315
Eyes_Japan_Dataset/takiguchi/accident-07-damage left arm-takiguchi.pkl,316
Eyes_Japan_Dataset/takiguchi/accident-07-damage left arm-takiguchi.pkl,317
Eyes_Japan_Dataset/takiguchi/accident-07-damage left arm-takiguchi.pkl,318
Eyes_Japan_Dataset/takiguchi/accident-07-damage left arm-takiguchi.pkl,319
Eyes_Japan_Dataset/takiguchi/accident-07-damage left arm-takiguchi.pkl,320
Eyes_Japan_Dataset/takiguchi/accident-07-damage left arm-takiguchi.pkl,321
Eyes_Japan_Dataset/takiguchi/accident-07-damage left arm-takiguchi.pkl,322
Eyes_Japan_Dataset/takiguchi/accident-07-damage left arm-takiguchi.pkl,323
Eyes_Japan_Dataset/takiguchi/accident-07-damage left arm-takiguchi.pkl,324
Eyes_Japan_Dataset/takiguchi/accident-07-damage left arm-takiguchi.pkl,325
Eyes_Japan_Dataset/takiguchi/accident-07-damage left arm-takiguchi.pkl,326
Eyes_Japan_Dataset/takiguchi/accident-07-damage left arm-takiguchi.pkl,327
Eyes_Japan_Dataset/takiguchi/accident-07-damage left arm-takiguchi.pkl,328
Eyes_Japan_Dataset/takiguchi/accident-07-damage left arm-takiguchi.pkl,329
Eyes_Japan_Dataset/takiguchi/accident-07-damage left arm-takiguchi.pkl,330
Eyes_Japan_Dataset/takiguchi/accident-07-damage left arm-takiguchi.pkl,331
Eyes_Japan_Dataset/takiguchi/accident-07-damage left arm-takiguchi.pkl,332
Eyes_Japan_Dataset/takiguchi/accident-07-damage left arm-takiguchi.pkl,333
Eyes_Japan_Dataset/takiguchi/accident-07-damage left arm-takiguchi.pkl,334
Eyes_Japan_Dataset/takiguchi/accident-07-damage left arm-takiguchi.pkl,335
Eyes_Japan_Dataset/takiguchi/accident-07-damage left arm-takiguchi.pkl,336
Eyes_Japan_Dataset/takiguchi/accident-07-damage left arm-takiguchi.pkl,337
Eyes_Japan_Dataset/takiguchi/accident-07-damage left arm-takiguchi.pkl,338
Eyes_Japan_Dataset/takiguchi/accident-07-damage left arm-takiguchi.pkl,339
Eyes_Japan_Dataset/takiguchi/accident-07-damage left arm-takiguchi.pkl,340
Eyes_Japan_Dataset/takiguchi/accident-07-damage left arm-takiguchi.pkl,341
Eyes_Japan_Dataset/takiguchi/accident-07-damage left arm-takiguchi.pkl,342
Eyes_Japan_Dataset/takiguchi/accident-07-damage left arm-takiguchi.pkl,343
Eyes_Japan_Dataset/takiguchi/accident-07-damage left arm-takiguchi.pkl,344
Eyes_Japan_Dataset/takiguchi/accident-07-damage left arm-takiguchi.pkl,345
Eyes_Japan_Dataset/takiguchi/accident-07-damage left arm-takiguchi.pkl,346
Eyes_Japan_Dataset/takiguchi/accident-07-damage left arm-takiguchi.pkl,347
Eyes_Japan_Dataset/takiguchi/accident-07-damage left arm-takiguchi.pkl,348
Eyes_Japan_Dataset/takiguchi/accident-07-damage left arm-takiguchi.pkl,349
Eyes_Japan_Dataset/takiguchi/accident-07-damage left arm-takiguchi.pkl,350
Eyes_Japan_Dataset/takiguchi/accident-07-damage left arm-takiguchi.pkl,351
Eyes_Japan_Dataset/takiguchi/accident-07-damage left arm-takiguchi.pkl,352
Eyes_Japan_Dataset/takiguchi/accident-07-damage left arm-takiguchi.pkl,353
Eyes_Japan_Dataset/takiguchi/accident-07-damage left arm-takiguchi.pkl,354
Eyes_Japan_Dataset/takiguchi/accident-07-damage left arm-takiguchi.pkl,355
Eyes_Japan_Dataset/takiguchi/accident-07-damage left arm-takiguchi.pkl,356
Eyes_Japan_Dataset/takiguchi/accident-07-damage left arm-takiguchi.pkl,357
Eyes_Japan_Dataset/takiguchi/accident-07-damage left arm-takiguchi.pkl,362
Eyes_Japan_Dataset/takiguchi/accident-07-damage left arm-takiguchi.pkl,363
Eyes_Japan_Dataset/takiguchi/accident-07-damage left arm-takiguchi.pkl,364
Eyes_Japan_Dataset/takiguchi/accident-07-damage left arm-takiguchi.pkl,365
Eyes_Japan_Dataset/takiguchi/accident-07-damage left arm-takiguchi.pkl,366
Eyes_Japan_Dataset/takiguchi/accident-07-damage left arm-takiguchi.pkl,367
Eyes_Japan_Dataset/takiguchi/accident-07-damage left arm-takiguchi.pkl,368
Eyes_Japan_Dataset/takiguchi/accident-07-damage left arm-takiguchi.pkl,369
Eyes_Japan_Dataset/takiguchi/accident-07-damage left arm-takiguchi.pkl,370
Eyes_Japan_Dataset/takiguchi/accident-14-dodge turn down-takiguchi.pkl,283
Eyes_Japan_Dataset/takiguchi/accident-14-dodge turn down-takiguchi.pkl,284
Eyes_Japan_Dataset/takiguchi/accident-14-dodge turn down-takiguchi.pkl,285
Eyes_Japan_Dataset/takiguchi/accident-14-dodge turn down-takiguchi.pkl,286
Eyes_Japan_Dataset/takiguchi/accident-14-dodge turn down-takiguchi.pkl,287
Eyes_Japan_Dataset/takiguchi/accident-14-dodge turn down-takiguchi.pkl,288
Eyes_Japan_Dataset/takiguchi/accident-14-dodge turn down-takiguchi.pkl,289
Eyes_Japan_Dataset/takiguchi/accident-14-dodge turn down-takiguchi.pkl,306
Eyes_Japan_Dataset/takiguchi/accident-14-dodge turn down-takiguchi.pkl,307
Eyes_Japan_Dataset/takiguchi/accident-14-dodge turn down-takiguchi.pkl,308
Eyes_Japan_Dataset/takiguchi/accident-14-dodge turn down-takiguchi.pkl,309
Eyes_Japan_Dataset/takiguchi/accident-14-dodge turn down-takiguchi.pkl,310
Eyes_Japan_Dataset/takiguchi/accident-14-dodge turn down-takiguchi.pkl,311
Eyes_Japan_Dataset/takiguchi/accident-14-dodge turn down-takiguchi.pkl,312
Eyes_Japan_Dataset/takiguchi/accident-14-dodge turn down-takiguchi.pkl,313
Eyes_Japan_Dataset/takiguchi/accident-14-dodge turn down-takiguchi.pkl,314
Eyes_Japan_Dataset/takiguchi/accident-14-dodge turn down-takiguchi.pkl,315
Eyes_Japan_Dataset/takiguchi/accident-14-dodge turn down-takiguchi.pkl,316
Eyes_Japan_Dataset/takiguchi/accident-14-dodge turn down-takiguchi.pkl,317
Eyes_Japan_Dataset/takiguchi/accident-14-dodge turn down-takiguchi.pkl,318
Eyes_Japan_Dataset/takiguchi/accident-14-dodge turn down-takiguchi.pkl,322
Eyes_Japan_Dataset/takiguchi/accident-14-dodge turn down-takiguchi.pkl,323
Eyes_Japan_Dataset/takiguchi/accident-14-dodge turn down-takiguchi.pkl,324
Eyes_Japan_Dataset/takiguchi/turn-05-turn-takiguchi.pkl,336
Eyes_Japan_Dataset/takiguchi/turn-05-turn-takiguchi.pkl,337
Eyes_Japan_Dataset/takiguchi/turn-05-turn-takiguchi.pkl,338
Eyes_Japan_Dataset/takiguchi/turn-05-turn-takiguchi.pkl,339
Eyes_Japan_Dataset/takiguchi/turn-05-turn-takiguchi.pkl,340
Eyes_Japan_Dataset/takiguchi/turn-05-turn-takiguchi.pkl,341
Eyes_Japan_Dataset/takiguchi/turn-05-turn-takiguchi.pkl,342
Eyes_Japan_Dataset/takiguchi/turn-05-turn-takiguchi.pkl,343
Eyes_Japan_Dataset/takiguchi/turn-05-turn-takiguchi.pkl,344
Eyes_Japan_Dataset/takiguchi/turn-05-turn-takiguchi.pkl,345
Eyes_Japan_Dataset/takiguchi/turn-05-turn-takiguchi.pkl,346
Eyes_Japan_Dataset/takiguchi/turn-05-turn-takiguchi.pkl,347
Eyes_Japan_Dataset/takiguchi/turn-05-turn-takiguchi.pkl,348
Eyes_Japan_Dataset/takiguchi/turn-05-turn-takiguchi.pkl,362
Eyes_Japan_Dataset/takiguchi/turn-05-turn-takiguchi.pkl,363
Eyes_Japan_Dataset/takiguchi/turn-05-turn-takiguchi.pkl,364
Eyes_Japan_Dataset/takiguchi/turn-05-turn-takiguchi.pkl,365
Eyes_Japan_Dataset/takiguchi/turn-05-turn-takiguchi.pkl,366
Eyes_Japan_Dataset/takiguchi/turn-05-turn-takiguchi.pkl,367
Eyes_Japan_Dataset/takiguchi/turn-05-turn-takiguchi.pkl,368
Eyes_Japan_Dataset/takiguchi/turn-05-turn-takiguchi.pkl,369
Eyes_Japan_Dataset/takiguchi/turn-05-turn-takiguchi.pkl,370
Eyes_Japan_Dataset/takiguchi/turn-05-turn-takiguchi.pkl,371
Eyes_Japan_Dataset/takiguchi/turn-05-turn-takiguchi.pkl,372
Eyes_Japan_Dataset/takiguchi/turn-05-turn-takiguchi.pkl,373
Eyes_Japan_Dataset/takiguchi/turn-05-turn-takiguchi.pkl,374
Eyes_Japan_Dataset/takiguchi/turn-05-turn-takiguchi.pkl,375
Eyes_Japan_Dataset/takiguchi/turn-05-turn-takiguchi.pkl,376
Eyes_Japan_Dataset/takiguchi/turn-05-turn-takiguchi.pkl,377
Eyes_Japan_Dataset/takiguchi/turn-05-turn-takiguchi.pkl,378
Eyes_Japan_Dataset/takiguchi/turn-05-turn-takiguchi.pkl,379
Eyes_Japan_Dataset/takiguchi/turn-05-turn-takiguchi.pkl,380
Eyes_Japan_Dataset/takiguchi/turn-05-turn-takiguchi.pkl,381
Eyes_Japan_Dataset/takiguchi/turn-05-turn-takiguchi.pkl,382
Eyes_Japan_Dataset/takiguchi/turn-05-turn-takiguchi.pkl,383
Eyes_Japan_Dataset/takiguchi/turn-05-turn-takiguchi.pkl,384
Eyes_Japan_Dataset/takiguchi/turn-05-turn-takiguchi.pkl,385
Eyes_Japan_Dataset/takiguchi/turn-05-turn-takiguchi.pkl,386
Eyes_Japan_Dataset/takiguchi/turn-05-turn-takiguchi.pkl,387
Eyes_Japan_Dataset/takiguchi/turn-05-turn-takiguchi.pkl,388
Eyes_Japan_Dataset/takiguchi/turn-05-turn-takiguchi.pkl,389
Eyes_Japan_Dataset/takiguchi/turn-05-turn-takiguchi.pkl,390
Eyes_Japan_Dataset/takiguchi/turn-05-turn-takiguchi.pkl,391
Eyes_Japan_Dataset/takiguchi/turn-05-turn-takiguchi.pkl,392
Eyes_Japan_Dataset/takiguchi/turn-05-turn-takiguchi.pkl,393
Eyes_Japan_Dataset/takiguchi/turn-05-turn-takiguchi.pkl,394
Eyes_Japan_Dataset/takiguchi/turn-05-turn-takiguchi.pkl,395
Eyes_Japan_Dataset/takiguchi/turn-05-turn-takiguchi.pkl,396
Eyes_Japan_Dataset/takiguchi/turn-05-turn-takiguchi.pkl,398
Eyes_Japan_Dataset/takiguchi/turn-05-turn-takiguchi.pkl,399
Eyes_Japan_Dataset/takiguchi/turn-05-turn-takiguchi.pkl,545
Eyes_Japan_Dataset/takiguchi/turn-05-turn-takiguchi.pkl,546
Eyes_Japan_Dataset/takiguchi/turn-05-turn-takiguchi.pkl,547
Eyes_Japan_Dataset/takiguchi/turn-05-turn-takiguchi.pkl,548
Eyes_Japan_Dataset/takiguchi/turn-05-turn-takiguchi.pkl,549
Eyes_Japan_Dataset/takiguchi/turn-05-turn-takiguchi.pkl,550
Eyes_Japan_Dataset/takiguchi/turn-05-turn-takiguchi.pkl,551
Eyes_Japan_Dataset/takiguchi/turn-05-turn-takiguchi.pkl,552
Eyes_Japan_Dataset/takiguchi/turn-05-turn-takiguchi.pkl,553
Eyes_Japan_Dataset/takiguchi/turn-05-turn-takiguchi.pkl,554
Eyes_Japan_Dataset/takiguchi/turn-05-turn-takiguchi.pkl,555
Eyes_Japan_Dataset/takiguchi/turn-05-turn-takiguchi.pkl,556
Eyes_Japan_Dataset/takiguchi/turn-05-turn-takiguchi.pkl,557
Eyes_Japan_Dataset/takiguchi/turn-05-turn-takiguchi.pkl,558
Eyes_Japan_Dataset/takiguchi/turn-05-turn-takiguchi.pkl,559
Eyes_Japan_Dataset/takiguchi/turn-05-turn-takiguchi.pkl,560
Eyes_Japan_Dataset/takiguchi/turn-05-turn-takiguchi.pkl,561
Eyes_Japan_Dataset/takiguchi/turn-05-turn-takiguchi.pkl,562
Eyes_Japan_Dataset/takiguchi/turn-05-turn-takiguchi.pkl,563
Eyes_Japan_Dataset/takiguchi/turn-05-turn-takiguchi.pkl,564
Eyes_Japan_Dataset/takiguchi/turn-05-turn-takiguchi.pkl,565
Eyes_Japan_Dataset/takiguchi/turn-05-turn-takiguchi.pkl,566
Eyes_Japan_Dataset/takiguchi/turn-05-turn-takiguchi.pkl,567
Eyes_Japan_Dataset/takiguchi/turn-05-turn-takiguchi.pkl,568
Eyes_Japan_Dataset/takiguchi/turn-05-turn-takiguchi.pkl,569
Eyes_Japan_Dataset/takiguchi/turn-05-turn-takiguchi.pkl,570
Eyes_Japan_Dataset/takiguchi/turn-05-turn-takiguchi.pkl,571
Eyes_Japan_Dataset/takiguchi/turn-05-turn-takiguchi.pkl,572
Eyes_Japan_Dataset/takiguchi/turn-05-turn-takiguchi.pkl,573
Eyes_Japan_Dataset/takiguchi/turn-05-turn-takiguchi.pkl,574
Eyes_Japan_Dataset/takiguchi/turn-05-turn-takiguchi.pkl,575
Eyes_Japan_Dataset/takiguchi/turn-05-turn-takiguchi.pkl,576
Eyes_Japan_Dataset/takiguchi/turn-05-turn-takiguchi.pkl,577
Eyes_Japan_Dataset/takiguchi/turn-05-turn-takiguchi.pkl,578
Eyes_Japan_Dataset/takiguchi/turn-05-turn-takiguchi.pkl,579
Eyes_Japan_Dataset/takiguchi/turn-05-turn-takiguchi.pkl,580
Eyes_Japan_Dataset/takiguchi/turn-05-turn-takiguchi.pkl,581
Eyes_Japan_Dataset/takiguchi/turn-05-turn-takiguchi.pkl,582
Eyes_Japan_Dataset/takiguchi/turn-05-turn-takiguchi.pkl,583
Eyes_Japan_Dataset/takiguchi/walk-05-backward-takiguchi.pkl,290
Eyes_Japan_Dataset/takiguchi/walk-05-backward-takiguchi.pkl,291
Eyes_Japan_Dataset/takiguchi/walk-05-backward-takiguchi.pkl,292
Eyes_Japan_Dataset/takiguchi/walk-05-backward-takiguchi.pkl,293
Eyes_Japan_Dataset/takiguchi/walk-05-backward-takiguchi.pkl,294
Eyes_Japan_Dataset/takiguchi/walk-05-backward-takiguchi.pkl,295
Eyes_Japan_Dataset/takiguchi/walk-05-backward-takiguchi.pkl,296
Eyes_Japan_Dataset/takiguchi/walk-05-backward-takiguchi.pkl,297
Eyes_Japan_Dataset/takiguchi/walk-05-backward-takiguchi.pkl,298
Eyes_Japan_Dataset/takiguchi/walk-05-backward-takiguchi.pkl,299
Eyes_Japan_Dataset/takiguchi/walk-05-backward-takiguchi.pkl,300
Eyes_Japan_Dataset/takiguchi/walk-05-backward-takiguchi.pkl,301
Eyes_Japan_Dataset/takiguchi/walk-05-backward-takiguchi.pkl,302
Eyes_Japan_Dataset/takiguchi/walk-05-backward-takiguchi.pkl,303
Eyes_Japan_Dataset/takiguchi/walk-05-backward-takiguchi.pkl,304
Eyes_Japan_Dataset/takiguchi/walk-05-backward-takiguchi.pkl,305
Eyes_Japan_Dataset/takiguchi/walk-05-backward-takiguchi.pkl,306
Eyes_Japan_Dataset/takiguchi/walk-05-backward-takiguchi.pkl,399
Eyes_Japan_Dataset/takiguchi/walk-05-backward-takiguchi.pkl,400
Eyes_Japan_Dataset/takiguchi/walk-05-backward-takiguchi.pkl,401
Eyes_Japan_Dataset/takiguchi/walk-05-backward-takiguchi.pkl,402
Eyes_Japan_Dataset/takiguchi/walk-05-backward-takiguchi.pkl,403
Eyes_Japan_Dataset/takiguchi/walk-05-backward-takiguchi.pkl,404
Eyes_Japan_Dataset/takiguchi/walk-05-backward-takiguchi.pkl,405
Eyes_Japan_Dataset/takiguchi/walk-05-backward-takiguchi.pkl,406
Eyes_Japan_Dataset/takiguchi/walk-05-backward-takiguchi.pkl,407
Eyes_Japan_Dataset/takiguchi/walk-05-backward-takiguchi.pkl,408
Eyes_Japan_Dataset/takiguchi/walk-05-backward-takiguchi.pkl,409
Eyes_Japan_Dataset/takiguchi/walk-05-backward-takiguchi.pkl,410
Eyes_Japan_Dataset/takiguchi/walk-05-backward-takiguchi.pkl,411
Eyes_Japan_Dataset/takiguchi/walk-05-backward-takiguchi.pkl,412
Eyes_Japan_Dataset/takiguchi/walk-05-backward-takiguchi.pkl,413
Eyes_Japan_Dataset/takiguchi/walk-05-backward-takiguchi.pkl,414
Eyes_Japan_Dataset/takiguchi/walk-05-backward-takiguchi.pkl,415
Eyes_Japan_Dataset/takiguchi/walk-05-backward-takiguchi.pkl,416
Eyes_Japan_Dataset/takiguchi/walk-05-backward-takiguchi.pkl,417
Eyes_Japan_Dataset/takiguchi/walk-05-backward-takiguchi.pkl,418
Eyes_Japan_Dataset/takiguchi/walk-05-backward-takiguchi.pkl,419
Eyes_Japan_Dataset/takiguchi/walk-05-backward-takiguchi.pkl,420
Eyes_Japan_Dataset/takiguchi/walk-05-backward-takiguchi.pkl,421
Eyes_Japan_Dataset/takiguchi/walk-05-backward-takiguchi.pkl,422
Eyes_Japan_Dataset/takiguchi/walk-16-push by hand-takiguchi.pkl,1034
Eyes_Japan_Dataset/takiguchi/walk-16-push by hand-takiguchi.pkl,1035
Eyes_Japan_Dataset/takiguchi/walk-16-push by hand-takiguchi.pkl,1036
Eyes_Japan_Dataset/takiguchi/walk-16-push by hand-takiguchi.pkl,1037
Eyes_Japan_Dataset/takiguchi/walk-16-push by hand-takiguchi.pkl,1038
Eyes_Japan_Dataset/takiguchi/walk-16-push by hand-takiguchi.pkl,1039
Eyes_Japan_Dataset/takiguchi/walk-16-push by hand-takiguchi.pkl,1040
Eyes_Japan_Dataset/takiguchi/walk-16-push by hand-takiguchi.pkl,1041
Eyes_Japan_Dataset/takiguchi/walk-16-push by hand-takiguchi.pkl,1042
Eyes_Japan_Dataset/takiguchi/walk-16-push by hand-takiguchi.pkl,1043
Eyes_Japan_Dataset/takiguchi/walk-16-push by hand-takiguchi.pkl,1044
Eyes_Japan_Dataset/takiguchi/walk-16-push by hand-takiguchi.pkl,1045
Eyes_Japan_Dataset/takiguchi/walk-16-push by hand-takiguchi.pkl,1046
Eyes_Japan_Dataset/takiguchi/walk-16-push by hand-takiguchi.pkl,1047
Eyes_Japan_Dataset/takiguchi/walk-16-push by hand-takiguchi.pkl,1048
Eyes_Japan_Dataset/takiguchi/walk-16-push by hand-takiguchi.pkl,1049
Eyes_Japan_Dataset/takiguchi/walk-16-push by hand-takiguchi.pkl,1050
Eyes_Japan_Dataset/takiguchi/walk-16-push by hand-takiguchi.pkl,1051
Eyes_Japan_Dataset/takiguchi/walk-16-push by hand-takiguchi.pkl,1052
Eyes_Japan_Dataset/takiguchi/walk-16-push by hand-takiguchi.pkl,1053
Eyes_Japan_Dataset/takiguchi/walk-16-push by hand-takiguchi.pkl,1054
Eyes_Japan_Dataset/takiguchi/walk-16-push by hand-takiguchi.pkl,1055
Eyes_Japan_Dataset/takiguchi/walk-16-push by hand-takiguchi.pkl,1056
Eyes_Japan_Dataset/takiguchi/walk-16-push by hand-takiguchi.pkl,1057
Eyes_Japan_Dataset/takiguchi/walk-16-push by hand-takiguchi.pkl,1058
Eyes_Japan_Dataset/takiguchi/walk-16-push by hand-takiguchi.pkl,1059
Eyes_Japan_Dataset/takiguchi/walk-16-push by hand-takiguchi.pkl,1060
Eyes_Japan_Dataset/takiguchi/walk-16-push by hand-takiguchi.pkl,1061
Eyes_Japan_Dataset/takiguchi/walk-16-push by hand-takiguchi.pkl,1062
Eyes_Japan_Dataset/takiguchi/walk-16-push by hand-takiguchi.pkl,1063
Eyes_Japan_Dataset/takiguchi/walk-16-push by hand-takiguchi.pkl,1064
Eyes_Japan_Dataset/takiguchi/walk-16-push by hand-takiguchi.pkl,1065
Eyes_Japan_Dataset/takiguchi/walk-16-push by hand-takiguchi.pkl,1066
Eyes_Japan_Dataset/takiguchi/walk-16-push by hand-takiguchi.pkl,1067
Eyes_Japan_Dataset/takiguchi/walk-16-push by hand-takiguchi.pkl,1068
Eyes_Japan_Dataset/takiguchi/walk-16-push by hand-takiguchi.pkl,1069
Eyes_Japan_Dataset/takiguchi/walk-16-push by hand-takiguchi.pkl,1070
Eyes_Japan_Dataset/takiguchi/walk-16-push by hand-takiguchi.pkl,1071
Eyes_Japan_Dataset/takiguchi/walk-16-push by hand-takiguchi.pkl,1072
Eyes_Japan_Dataset/takiguchi/walk-16-push by hand-takiguchi.pkl,1073
Eyes_Japan_Dataset/takiguchi/walk-16-push by hand-takiguchi.pkl,1074
Eyes_Japan_Dataset/takiguchi/walk-16-push by hand-takiguchi.pkl,1075
Eyes_Japan_Dataset/takiguchi/walk-16-push by hand-takiguchi.pkl,1076
Eyes_Japan_Dataset/takiguchi/walk-16-push by hand-takiguchi.pkl,1077
Eyes_Japan_Dataset/takiguchi/walk-16-push by hand-takiguchi.pkl,1078
Eyes_Japan_Dataset/takiguchi/walk-16-push by hand-takiguchi.pkl,1079
Eyes_Japan_Dataset/takiguchi/walk-16-push by hand-takiguchi.pkl,1080
Eyes_Japan_Dataset/takiguchi/walk-16-push by hand-takiguchi.pkl,1081
Eyes_Japan_Dataset/takiguchi/walk-16-push by hand-takiguchi.pkl,1082
Eyes_Japan_Dataset/takiguchi/walk-16-push by hand-takiguchi.pkl,1083
Eyes_Japan_Dataset/takiguchi/walk-16-push by hand-takiguchi.pkl,1084
Eyes_Japan_Dataset/takiguchi/walk-16-push by hand-takiguchi.pkl,1085
Eyes_Japan_Dataset/takiguchi/walk-16-push by hand-takiguchi.pkl,1086
Eyes_Japan_Dataset/takiguchi/walk-16-push by hand-takiguchi.pkl,1087
Eyes_Japan_Dataset/takiguchi/walk-16-push by hand-takiguchi.pkl,1088
Eyes_Japan_Dataset/takiguchi/walk-16-push by hand-takiguchi.pkl,1089
Eyes_Japan_Dataset/takiguchi/walk-16-push by hand-takiguchi.pkl,1090
Eyes_Japan_Dataset/takiguchi/walk-16-push by hand-takiguchi.pkl,1091
Eyes_Japan_Dataset/takiguchi/walk-16-push by hand-takiguchi.pkl,1092
Eyes_Japan_Dataset/takiguchi/walk-16-push by hand-takiguchi.pkl,1093
Eyes_Japan_Dataset/takiguchi/walk-16-push by hand-takiguchi.pkl,1094
Eyes_Japan_Dataset/takiguchi/walk-16-push by hand-takiguchi.pkl,1095
Eyes_Japan_Dataset/takiguchi/walk-16-push by hand-takiguchi.pkl,1096
Eyes_Japan_Dataset/takiguchi/walk-16-push by hand-takiguchi.pkl,1097
Eyes_Japan_Dataset/takiguchi/walk-16-push by hand-takiguchi.pkl,1098
Eyes_Japan_Dataset/takiguchi/walk-29-look down-takiguchi.pkl,117
Eyes_Japan_Dataset/takiguchi/walk-29-look down-takiguchi.pkl,118
Eyes_Japan_Dataset/takiguchi/walk-29-look down-takiguchi.pkl,119
Eyes_Japan_Dataset/takiguchi/walk-29-look down-takiguchi.pkl,120
Eyes_Japan_Dataset/takiguchi/walk-29-look down-takiguchi.pkl,121
Eyes_Japan_Dataset/takiguchi/walk-29-look down-takiguchi.pkl,122
Eyes_Japan_Dataset/takiguchi/walk-29-look down-takiguchi.pkl,123
Eyes_Japan_Dataset/takiguchi/walk-29-look down-takiguchi.pkl,124
Eyes_Japan_Dataset/takiguchi/walk-29-look down-takiguchi.pkl,125
Eyes_Japan_Dataset/takiguchi/walk-29-look down-takiguchi.pkl,126
Eyes_Japan_Dataset/takiguchi/walk-29-look down-takiguchi.pkl,127
Eyes_Japan_Dataset/takiguchi/walk-29-look down-takiguchi.pkl,128
Eyes_Japan_Dataset/takiguchi/walk-29-look down-takiguchi.pkl,129
Eyes_Japan_Dataset/takiguchi/walk-29-look down-takiguchi.pkl,207
Eyes_Japan_Dataset/takiguchi/walk-29-look down-takiguchi.pkl,208
Eyes_Japan_Dataset/takiguchi/walk-29-look down-takiguchi.pkl,209
Eyes_Japan_Dataset/takiguchi/walk-29-look down-takiguchi.pkl,210
Eyes_Japan_Dataset/takiguchi/walk-29-look down-takiguchi.pkl,211
Eyes_Japan_Dataset/takiguchi/walk-29-look down-takiguchi.pkl,212
Eyes_Japan_Dataset/takiguchi/walk-29-look down-takiguchi.pkl,213
Eyes_Japan_Dataset/takiguchi/walk-29-look down-takiguchi.pkl,214
Eyes_Japan_Dataset/takiguchi/walk-29-look down-takiguchi.pkl,215
Eyes_Japan_Dataset/takiguchi/walk-29-look down-takiguchi.pkl,216
Eyes_Japan_Dataset/takiguchi/walk-29-look down-takiguchi.pkl,217
Eyes_Japan_Dataset/takiguchi/walk-29-look down-takiguchi.pkl,218
Eyes_Japan_Dataset/takiguchi/walk-29-look down-takiguchi.pkl,219
Eyes_Japan_Dataset/takiguchi/walk-29-look down-takiguchi.pkl,220
Eyes_Japan_Dataset/takiguchi/walk-29-look down-takiguchi.pkl,221
Eyes_Japan_Dataset/takiguchi/walk-29-look down-takiguchi.pkl,222
Eyes_Japan_Dataset/takiguchi/walk-29-look down-takiguchi.pkl,307
Eyes_Japan_Dataset/takiguchi/walk-29-look down-takiguchi.pkl,308
Eyes_Japan_Dataset/takiguchi/walk-29-look down-takiguchi.pkl,309
Eyes_Japan_Dataset/takiguchi/walk-29-look down-takiguchi.pkl,310
Eyes_Japan_Dataset/takiguchi/walk-29-look down-takiguchi.pkl,311
Eyes_Japan_Dataset/takiguchi/walk-29-look down-takiguchi.pkl,312
Eyes_Japan_Dataset/takiguchi/walk-29-look down-takiguchi.pkl,313
Eyes_Japan_Dataset/takiguchi/walk-29-look down-takiguchi.pkl,314
Eyes_Japan_Dataset/takiguchi/walk-29-look down-takiguchi.pkl,315
Eyes_Japan_Dataset/takiguchi/walk-29-look down-takiguchi.pkl,316
Eyes_Japan_Dataset/takiguchi/walk-29-look down-takiguchi.pkl,317
Eyes_Japan_Dataset/takiguchi/walk-29-look down-takiguchi.pkl,318
Eyes_Japan_Dataset/takiguchi/walk-29-look down-takiguchi.pkl,319
Eyes_Japan_Dataset/takiguchi/walk-29-look down-takiguchi.pkl,320
Eyes_Japan_Dataset/takiguchi/walk-29-look down-takiguchi.pkl,321
Eyes_Japan_Dataset/takiguchi/walk-29-look down-takiguchi.pkl,322
Eyes_Japan_Dataset/takiguchi/walk-29-look down-takiguchi.pkl,323
Eyes_Japan_Dataset/takiguchi/walk-29-look down-takiguchi.pkl,324
Eyes_Japan_Dataset/takiguchi/walk-29-look down-takiguchi.pkl,325
Eyes_Japan_Dataset/takiguchi/walk-29-look down-takiguchi.pkl,326
Eyes_Japan_Dataset/takiguchi/walk-29-look down-takiguchi.pkl,327
Eyes_Japan_Dataset/takiguchi/walk-29-look down-takiguchi.pkl,328
Eyes_Japan_Dataset/takiguchi/walk-29-look down-takiguchi.pkl,329
Eyes_Japan_Dataset/takiguchi/walk-29-look down-takiguchi.pkl,330
Eyes_Japan_Dataset/takiguchi/walk-29-look down-takiguchi.pkl,408
Eyes_Japan_Dataset/takiguchi/walk-29-look down-takiguchi.pkl,409
Eyes_Japan_Dataset/takiguchi/walk-29-look down-takiguchi.pkl,410
Eyes_Japan_Dataset/takiguchi/walk-29-look down-takiguchi.pkl,411
Eyes_Japan_Dataset/takiguchi/walk-29-look down-takiguchi.pkl,412
Eyes_Japan_Dataset/takiguchi/walk-29-look down-takiguchi.pkl,413
Eyes_Japan_Dataset/takiguchi/walk-29-look down-takiguchi.pkl,414
Eyes_Japan_Dataset/takiguchi/walk-29-look down-takiguchi.pkl,415
Eyes_Japan_Dataset/takiguchi/walk-29-look down-takiguchi.pkl,416
Eyes_Japan_Dataset/takiguchi/walk-29-look down-takiguchi.pkl,417
Eyes_Japan_Dataset/takiguchi/walk-29-look down-takiguchi.pkl,418
Eyes_Japan_Dataset/takiguchi/walk-29-look down-takiguchi.pkl,419
Eyes_Japan_Dataset/takiguchi/walk-29-look down-takiguchi.pkl,420
Eyes_Japan_Dataset/takiguchi/walk-29-look down-takiguchi.pkl,421
Eyes_Japan_Dataset/takiguchi/walk-29-look down-takiguchi.pkl,422
Eyes_Japan_Dataset/takiguchi/walk-29-look down-takiguchi.pkl,423
Eyes_Japan_Dataset/takiguchi/walk-29-look down-takiguchi.pkl,424
Eyes_Japan_Dataset/takiguchi/walk-29-look down-takiguchi.pkl,425
Eyes_Japan_Dataset/takiguchi/walk-29-look down-takiguchi.pkl,426
Eyes_Japan_Dataset/takiguchi/walk-29-look down-takiguchi.pkl,427
Eyes_Japan_Dataset/takiguchi/walk-29-look down-takiguchi.pkl,428
Eyes_Japan_Dataset/takiguchi/walk-29-look down-takiguchi.pkl,429
Eyes_Japan_Dataset/takiguchi/walk-29-look down-takiguchi.pkl,430
Eyes_Japan_Dataset/takiguchi/walk-29-look down-takiguchi.pkl,431
Eyes_Japan_Dataset/takiguchi/walk-29-look down-takiguchi.pkl,527
Eyes_Japan_Dataset/takiguchi/walk-29-look down-takiguchi.pkl,528
Eyes_Japan_Dataset/takiguchi/walk-29-look down-takiguchi.pkl,529
Eyes_Japan_Dataset/takiguchi/walk-29-look down-takiguchi.pkl,530
Eyes_Japan_Dataset/takiguchi/walk-29-look down-takiguchi.pkl,531
Eyes_Japan_Dataset/takiguchi/walk-29-look down-takiguchi.pkl,532
Eyes_Japan_Dataset/takiguchi/walk-29-look down-takiguchi.pkl,533
Eyes_Japan_Dataset/takiguchi/walk-29-look down-takiguchi.pkl,534
Eyes_Japan_Dataset/takiguchi/walk-29-look down-takiguchi.pkl,535
Eyes_Japan_Dataset/takiguchi/walk-29-look down-takiguchi.pkl,536
Eyes_Japan_Dataset/takiguchi/walk-29-look down-takiguchi.pkl,537
Eyes_Japan_Dataset/takiguchi/walk-29-look down-takiguchi.pkl,538
Eyes_Japan_Dataset/takiguchi/walk-29-look down-takiguchi.pkl,539
Eyes_Japan_Dataset/takiguchi/walk-29-look down-takiguchi.pkl,540
Eyes_Japan_Dataset/takiguchi/walk-29-look down-takiguchi.pkl,541
Eyes_Japan_Dataset/takiguchi/walk-29-look down-takiguchi.pkl,542
Eyes_Japan_Dataset/takiguchi/walk-29-look down-takiguchi.pkl,543
Eyes_Japan_Dataset/takiguchi/walk-29-look down-takiguchi.pkl,544
Eyes_Japan_Dataset/takiguchi/walk-29-look down-takiguchi.pkl,545
Eyes_Japan_Dataset/takiguchi/walk-29-look down-takiguchi.pkl,546
Eyes_Japan_Dataset/takiguchi/walk-29-look down-takiguchi.pkl,547
Eyes_Japan_Dataset/takiguchi/walk-29-look down-takiguchi.pkl,548
Eyes_Japan_Dataset/takiguchi/walk-29-look down-takiguchi.pkl,549
Eyes_Japan_Dataset/takiguchi/walk-29-look down-takiguchi.pkl,550
Eyes_Japan_Dataset/takiguchi/walk-29-look down-takiguchi.pkl,551
Eyes_Japan_Dataset/takiguchi/walk-29-look down-takiguchi.pkl,552
Eyes_Japan_Dataset/takiguchi/walk-29-look down-takiguchi.pkl,553
Eyes_Japan_Dataset/takiguchi/walk-29-look down-takiguchi.pkl,554
Eyes_Japan_Dataset/takiguchi/walk-29-look down-takiguchi.pkl,555
Eyes_Japan_Dataset/takiguchi/walk-29-look down-takiguchi.pkl,556
Eyes_Japan_Dataset/takiguchi/walk-29-look down-takiguchi.pkl,557
Eyes_Japan_Dataset/takiguchi/walk-29-look down-takiguchi.pkl,558
Eyes_Japan_Dataset/takiguchi/walk-29-look down-takiguchi.pkl,559
Eyes_Japan_Dataset/takiguchi/walk-29-look down-takiguchi.pkl,560
Eyes_Japan_Dataset/takiguchi/walk-29-look down-takiguchi.pkl,561
Eyes_Japan_Dataset/takiguchi/walk-29-look down-takiguchi.pkl,562
Eyes_Japan_Dataset/takiguchi/walk-29-look down-takiguchi.pkl,563
KIT/1347/Experiment3_subject1347_random_01.pkl,154
KIT/1347/Experiment3_subject1347_random_01.pkl,155
KIT/1347/Experiment3_subject1347_random_01.pkl,156
KIT/1347/Experiment3_subject1347_random_01.pkl,157
KIT/1347/Experiment3_subject1347_random_01.pkl,158
KIT/1347/Experiment3a_subject1347_back_02.pkl,1006
KIT/1347/Experiment3a_subject1347_back_02.pkl,1007
KIT/1347/Experiment3a_subject1347_back_02.pkl,1008
KIT/1347/Experiment3a_subject1347_back_02.pkl,1009
KIT/1347/Experiment3a_subject1347_back_02.pkl,1010
KIT/1347/Experiment3a_subject1347_back_02.pkl,1011
KIT/1347/Experiment3a_subject1347_back_02.pkl,1012
KIT/1347/Experiment3a_subject1347_back_02.pkl,1013
KIT/1347/Experiment3a_subject1347_back_02.pkl,1014
KIT/1347/Experiment3a_subject1347_back_02.pkl,1015
KIT/1347/Experiment3a_subject1347_back_02.pkl,1016
KIT/1347/Experiment3a_subject1347_back_02.pkl,1017
KIT/1347/Experiment3a_subject1347_back_02.pkl,1018
KIT/1347/Experiment3a_subject1347_back_02.pkl,1019
KIT/167/bend_right04.pkl,39
KIT/167/bend_right04.pkl,40
KIT/167/bend_right04.pkl,41
KIT/167/turn_left09.pkl,57
KIT/167/turn_left09.pkl,58
KIT/167/turn_left09.pkl,59
KIT/167/turn_right06.pkl,55
KIT/167/turn_right06.pkl,56
KIT/167/turn_right06.pkl,57
KIT/167/turn_right06.pkl,58
KIT/167/turn_right06.pkl,59
KIT/167/turn_right07.pkl,55
KIT/167/turn_right07.pkl,56
KIT/167/turn_right07.pkl,57
KIT/167/turn_right07.pkl,58
KIT/183/turn_left07.pkl,28
KIT/183/turn_left07.pkl,29
KIT/183/turn_left07.pkl,30
KIT/183/turn_left07.pkl,31
KIT/183/turn_left07.pkl,32
KIT/183/turn_left09.pkl,36
KIT/183/turn_left09.pkl,37
KIT/183/turn_left09.pkl,38
KIT/183/turn_left09.pkl,39
KIT/183/turn_left09.pkl,40
KIT/183/turn_left09.pkl,41
KIT/183/turn_left09.pkl,42
KIT/183/turn_left09.pkl,43
KIT/183/turn_left09.pkl,44
KIT/183/turn_right07.pkl,52
KIT/205/turn_left02.pkl,50
KIT/3/Experiment3a_03.pkl,1740
KIT/3/Experiment3a_03.pkl,1741
KIT/3/Experiment3a_03.pkl,1742
KIT/3/Experiment3a_03.pkl,1743
KIT/3/Experiment3a_03.pkl,1744
KIT/3/Experiment3a_03.pkl,1745
KIT/3/Experiment3a_03.pkl,1746
KIT/3/Experiment3a_03.pkl,1747
KIT/3/Experiment3a_03.pkl,1748
KIT/3/Experiment3a_03.pkl,1749
KIT/3/Experiment3a_03.pkl,1750
KIT/3/Experiment3a_03.pkl,1751
KIT/3/Experiment3a_03.pkl,1752
KIT/3/Experiment3a_03.pkl,1753
KIT/3/Experiment3a_03.pkl,1754
KIT/3/Experiment3a_03.pkl,1755
KIT/3/Experiment3a_03.pkl,1756
KIT/3/Experiment3a_03.pkl,1757
KIT/3/Experiment3a_03.pkl,1758
KIT/3/Experiment3a_03.pkl,1759
KIT/3/Experiment3a_03.pkl,1760
KIT/3/Experiment3a_03.pkl,1761
KIT/3/Experiment3a_03.pkl,1762
KIT/3/Experiment3a_03.pkl,1763
KIT/3/Experiment3a_03.pkl,1764
KIT/3/Experiment3a_03.pkl,1765
KIT/3/Experiment3a_03.pkl,1766
KIT/3/Experiment3a_03.pkl,1767
KIT/3/Experiment3a_03.pkl,1768
KIT/3/Experiment3a_03.pkl,1769
KIT/3/Experiment3a_03.pkl,1770
KIT/3/Experiment3a_03.pkl,1771
KIT/3/Experiment3a_03.pkl,1772
KIT/3/Experiment3a_03.pkl,1773
KIT/3/Experiment3a_03.pkl,1774
KIT/3/Experiment3a_03.pkl,1775
KIT/3/Experiment3a_03.pkl,1776
KIT/3/Experiment3a_03.pkl,1777
KIT/3/Experiment3a_03.pkl,1778
KIT/3/Experiment3a_03.pkl,1779
KIT/3/Experiment3a_03.pkl,1780
KIT/3/Experiment3a_03.pkl,1781
KIT/3/Experiment3a_03.pkl,1782
KIT/3/Experiment3a_03.pkl,1783
KIT/3/Experiment3a_03.pkl,1784
KIT/3/Experiment3a_03.pkl,1785
KIT/3/Experiment3a_03.pkl,1786
KIT/3/Experiment3a_03.pkl,1787
KIT/3/Experiment3a_03.pkl,1788
KIT/3/Experiment3a_03.pkl,1789
KIT/3/Experiment3a_03.pkl,1790
KIT/3/Transfuse07.pkl,383
KIT/3/Transfuse07.pkl,384
KIT/3/Transfuse07.pkl,385
KIT/3/Transfuse07.pkl,386
KIT/3/Transfuse07.pkl,387
KIT/3/Transfuse07.pkl,388
KIT/3/Transfuse07.pkl,389
KIT/3/Transfuse07.pkl,390
KIT/3/Transfuse07.pkl,391
KIT/3/Transfuse07.pkl,392
KIT/3/Transfuse07.pkl,402
KIT/3/Transfuse07.pkl,403
KIT/3/Transfuse07.pkl,404
KIT/3/Transfuse07.pkl,405
KIT/3/Transfuse07.pkl,406
KIT/3/Transfuse07.pkl,407
KIT/3/turn_left01.pkl,62
KIT/3/turn_left03.pkl,59
KIT/3/turn_left03.pkl,60
KIT/3/turn_left03.pkl,67
KIT/3/turn_left03.pkl,68
KIT/3/turn_left03.pkl,69
KIT/3/turn_left03.pkl,70
KIT/3/turn_left03.pkl,71
KIT/3/turn_left03.pkl,72
KIT/3/turn_left03.pkl,73
KIT/3/turn_left03.pkl,74
KIT/3/turn_left03.pkl,75
KIT/3/turn_right06.pkl,43
KIT/3/upstairs_downstairs01.pkl,90
KIT/3/upstairs_downstairs01.pkl,91
KIT/3/upstairs_downstairs01.pkl,92
KIT/3/upstairs_downstairs01.pkl,93
KIT/3/upstairs_downstairs01.pkl,94
KIT/3/upstairs_downstairs01.pkl,95
KIT/3/upstairs_downstairs01.pkl,96
KIT/3/upstairs_downstairs01.pkl,97
KIT/3/upstairs_downstairs01.pkl,98
KIT/3/upstairs_downstairs01.pkl,99
KIT/3/upstairs_downstairs01.pkl,100
KIT/3/upstairs_downstairs01.pkl,101
KIT/3/upstairs_downstairs01.pkl,102
KIT/3/upstairs_downstairs01.pkl,103
KIT/3/upstairs_downstairs01.pkl,104
KIT/3/upstairs_downstairs01.pkl,105
KIT/3/upstairs_downstairs01.pkl,106
KIT/3/upstairs_downstairs01.pkl,107
KIT/3/upstairs_downstairs01.pkl,108
KIT/3/upstairs_downstairs01.pkl,109
KIT/3/upstairs_downstairs01.pkl,110
KIT/3/upstairs_downstairs01.pkl,111
KIT/3/upstairs_downstairs01.pkl,112
KIT/3/upstairs_downstairs01.pkl,113
KIT/3/upstairs_downstairs01.pkl,114
KIT/3/upstairs_downstairs01.pkl,115
KIT/3/upstairs_downstairs01.pkl,116
KIT/3/upstairs_downstairs01.pkl,117
KIT/3/upstairs_downstairs01.pkl,118
KIT/3/upstairs_downstairs01.pkl,119
KIT/3/upstairs_downstairs01.pkl,120
KIT/3/upstairs_downstairs01.pkl,121
KIT/3/upstairs_downstairs01.pkl,122
KIT/3/upstairs_downstairs01.pkl,123
KIT/3/upstairs_downstairs01.pkl,124
KIT/3/upstairs_downstairs01.pkl,125
KIT/3/upstairs_downstairs01.pkl,126
KIT/314/turn_left03.pkl,34
KIT/314/turn_left03.pkl,35
KIT/314/turn_left03.pkl,36
KIT/317/turn_left02.pkl,30
KIT/317/turn_left02.pkl,31
KIT/317/turn_right08.pkl,48
KIT/317/turn_right08.pkl,49
KIT/317/turn_right08.pkl,50
KIT/348/turn_right02.pkl,68
KIT/348/turn_right02.pkl,69
KIT/348/turn_right02.pkl,70
KIT/348/turn_right02.pkl,71
KIT/348/turn_right02.pkl,72
KIT/348/turn_right02.pkl,73
KIT/348/turn_right02.pkl,74
KIT/348/turn_right02.pkl,75
KIT/348/turn_right02.pkl,76
KIT/348/turn_right02.pkl,77
KIT/348/turn_right03.pkl,63
KIT/348/turn_right03.pkl,64
KIT/348/turn_right03.pkl,65
KIT/348/turn_right05.pkl,58
KIT/424/turn_left06.pkl,57
KIT/424/turn_left06.pkl,58
KIT/424/turn_left06.pkl,59
KIT/424/turn_left06.pkl,60
KIT/424/turn_left06.pkl,61
KIT/424/turn_left06.pkl,62
KIT/424/turn_left06.pkl,63
KIT/424/turn_left06.pkl,64
KIT/424/turn_left06.pkl,65
KIT/424/turn_left06.pkl,66
KIT/424/turn_left06.pkl,67
KIT/424/turn_left06.pkl,68
KIT/424/turn_left06.pkl,69
KIT/424/turn_left06.pkl,70
KIT/424/turn_left06.pkl,71
KIT/424/turn_right04.pkl,48
KIT/424/turn_right04.pkl,49
KIT/424/turn_right04.pkl,50
KIT/424/turn_right04.pkl,51
KIT/425/turn_right01.pkl,59
KIT/425/turn_right01.pkl,60
KIT/425/turn_right01.pkl,61
KIT/441/PizzaDelivery03.pkl,342
KIT/441/PizzaDelivery03.pkl,343
KIT/441/PizzaDelivery03.pkl,344
KIT/441/PizzaDelivery03.pkl,345
KIT/441/PizzaDelivery03.pkl,346
KIT/441/PizzaDelivery03.pkl,347
KIT/441/PizzaDelivery03.pkl,348
KIT/441/PizzaDelivery03.pkl,349
KIT/441/PizzaDelivery03.pkl,350
KIT/441/PizzaDelivery03.pkl,351
KIT/442/PizzaDelivery05.pkl,264
KIT/442/PizzaDelivery05.pkl,265
KIT/442/PizzaDelivery05.pkl,266
KIT/442/PizzaDelivery05.pkl,267
KIT/442/PizzaDelivery05.pkl,268
KIT/442/PizzaDelivery05.pkl,269
KIT/442/PizzaDelivery05.pkl,270
KIT/442/PizzaDelivery05.pkl,271
KIT/442/PizzaDelivery05.pkl,272
KIT/442/PizzaDelivery05.pkl,273
KIT/442/PizzaDelivery05.pkl,274
KIT/442/PizzaDelivery05.pkl,275
KIT/442/PizzaDelivery05.pkl,276
KIT/442/PizzaDelivery05.pkl,277
KIT/442/PizzaDelivery05.pkl,278
KIT/442/PizzaDelivery05.pkl,279
KIT/442/PizzaDelivery05.pkl,280
KIT/442/PizzaDelivery05.pkl,281
KIT/513/upstairs_downstairs06.pkl,52
KIT/513/upstairs_downstairs06.pkl,53
KIT/513/upstairs_downstairs06.pkl,54
KIT/513/upstairs_downstairs06.pkl,55
KIT/513/upstairs_downstairs06.pkl,56
KIT/513/upstairs_downstairs06.pkl,57
KIT/513/upstairs_downstairs06.pkl,58
KIT/513/upstairs_downstairs06.pkl,59
KIT/513/upstairs_downstairs06.pkl,60
KIT/513/upstairs_downstairs06.pkl,61
KIT/513/upstairs_downstairs06.pkl,62
KIT/513/upstairs_downstairs06.pkl,63
KIT/9/turn_left10.pkl,43
KIT/9/turn_left10.pkl,44
KIT/9/turn_left10.pkl,45
KIT/9/turn_left10.pkl,46
KIT/9/turn_left10.pkl,47
MPI_HDM05/bk/HDM_bk_01-01_03_120.pkl,249
MPI_HDM05/bk/HDM_bk_01-01_03_120.pkl,250
MPI_HDM05/bk/HDM_bk_01-01_03_120.pkl,251
MPI_HDM05/bk/HDM_bk_01-01_03_120.pkl,252
MPI_HDM05/bk/HDM_bk_01-01_03_120.pkl,253
MPI_HDM05/bk/HDM_bk_01-01_03_120.pkl,254
MPI_HDM05/bk/HDM_bk_01-01_03_120.pkl,255
MPI_HDM05/bk/HDM_bk_01-01_03_120.pkl,256
MPI_HDM05/bk/HDM_bk_01-01_03_120.pkl,257
MPI_HDM05/bk/HDM_bk_01-01_03_120.pkl,258
MPI_HDM05/bk/HDM_bk_01-01_03_120.pkl,259
MPI_HDM05/bk/HDM_bk_01-01_03_120.pkl,260
MPI_HDM05/bk/HDM_bk_01-01_03_120.pkl,261
MPI_HDM05/bk/HDM_bk_01-01_03_120.pkl,262
MPI_HDM05/bk/HDM_bk_01-01_03_120.pkl,263
MPI_HDM05/bk/HDM_bk_01-01_03_120.pkl,264
MPI_HDM05/bk/HDM_bk_01-01_03_120.pkl,265
MPI_HDM05/bk/HDM_bk_01-01_03_120.pkl,266
MPI_HDM05/bk/HDM_bk_01-01_03_120.pkl,267
MPI_HDM05/bk/HDM_bk_01-01_03_120.pkl,268
MPI_HDM05/bk/HDM_bk_01-01_03_120.pkl,269
MPI_HDM05/bk/HDM_bk_01-01_03_120.pkl,1214
MPI_HDM05/bk/HDM_bk_01-01_03_120.pkl,1215
MPI_HDM05/bk/HDM_bk_01-01_03_120.pkl,1216
MPI_HDM05/bk/HDM_bk_01-01_03_120.pkl,1217
MPI_HDM05/bk/HDM_bk_01-01_03_120.pkl,1218
MPI_HDM05/bk/HDM_bk_01-01_03_120.pkl,1219
MPI_HDM05/bk/HDM_bk_01-01_03_120.pkl,1220
MPI_HDM05/bk/HDM_bk_01-01_03_120.pkl,1221
MPI_HDM05/bk/HDM_bk_01-01_03_120.pkl,1222
MPI_HDM05/bk/HDM_bk_01-01_03_120.pkl,1223
MPI_HDM05/bk/HDM_bk_01-01_03_120.pkl,1224
MPI_HDM05/bk/HDM_bk_01-01_03_120.pkl,1225
MPI_HDM05/bk/HDM_bk_01-01_03_120.pkl,1226
MPI_HDM05/bk/HDM_bk_01-01_03_120.pkl,1227
MPI_HDM05/bk/HDM_bk_01-01_03_120.pkl,1228
MPI_HDM05/bk/HDM_bk_01-01_03_120.pkl,1229
MPI_HDM05/bk/HDM_bk_01-01_03_120.pkl,1230
MPI_HDM05/bk/HDM_bk_01-01_03_120.pkl,1231
MPI_HDM05/bk/HDM_bk_01-01_03_120.pkl,1232
MPI_HDM05/bk/HDM_bk_01-01_03_120.pkl,1233
MPI_HDM05/bk/HDM_bk_01-01_03_120.pkl,1234
MPI_HDM05/bk/HDM_bk_01-01_03_120.pkl,1235
MPI_HDM05/bk/HDM_bk_01-01_03_120.pkl,1236
MPI_HDM05/bk/HDM_bk_01-01_03_120.pkl,1237
MPI_HDM05/bk/HDM_bk_01-01_03_120.pkl,1238
MPI_HDM05/bk/HDM_bk_01-01_03_120.pkl,1239
MPI_HDM05/bk/HDM_bk_01-01_03_120.pkl,1240
MPI_HDM05/bk/HDM_bk_01-01_03_120.pkl,1241
MPI_HDM05/bk/HDM_bk_01-01_03_120.pkl,1242
MPI_HDM05/bk/HDM_bk_01-01_03_120.pkl,1243
MPI_HDM05/bk/HDM_bk_01-01_03_120.pkl,1244
MPI_HDM05/bk/HDM_bk_01-01_03_120.pkl,1245
MPI_HDM05/bk/HDM_bk_01-01_03_120.pkl,1246
MPI_HDM05/bk/HDM_bk_01-01_03_120.pkl,1247
MPI_HDM05/bk/HDM_bk_01-01_03_120.pkl,1248
MPI_HDM05/bk/HDM_bk_01-01_03_120.pkl,1249
MPI_HDM05/bk/HDM_bk_01-01_03_120.pkl,1250
MPI_HDM05/bk/HDM_bk_01-01_03_120.pkl,1251
MPI_HDM05/bk/HDM_bk_01-01_03_120.pkl,1252
MPI_HDM05/bk/HDM_bk_01-01_03_120.pkl,1253
MPI_HDM05/bk/HDM_bk_01-01_03_120.pkl,1254
MPI_HDM05/bk/HDM_bk_01-01_03_120.pkl,1255
MPI_HDM05/bk/HDM_bk_01-01_03_120.pkl,1256
MPI_HDM05/bk/HDM_bk_01-01_03_120.pkl,1415
MPI_HDM05/bk/HDM_bk_01-01_03_120.pkl,1416
MPI_HDM05/bk/HDM_bk_01-01_03_120.pkl,1417
MPI_HDM05/bk/HDM_bk_01-01_03_120.pkl,1418
MPI_HDM05/bk/HDM_bk_01-01_03_120.pkl,1419
MPI_HDM05/bk/HDM_bk_01-01_03_120.pkl,1420
MPI_HDM05/bk/HDM_bk_01-01_03_120.pkl,1421
MPI_HDM05/bk/HDM_bk_01-01_03_120.pkl,1422
MPI_HDM05/bk/HDM_bk_01-01_03_120.pkl,1423
MPI_HDM05/bk/HDM_bk_01-01_03_120.pkl,1424
MPI_HDM05/bk/HDM_bk_01-01_03_120.pkl,1425
MPI_HDM05/bk/HDM_bk_01-01_03_120.pkl,1426
MPI_HDM05/bk/HDM_bk_01-01_03_120.pkl,1427
MPI_HDM05/bk/HDM_bk_01-01_03_120.pkl,1428
MPI_HDM05/bk/HDM_bk_01-01_03_120.pkl,1429
MPI_HDM05/bk/HDM_bk_01-01_03_120.pkl,1430
MPI_HDM05/bk/HDM_bk_01-01_03_120.pkl,1431
MPI_HDM05/bk/HDM_bk_01-01_03_120.pkl,1432
MPI_HDM05/bk/HDM_bk_01-01_03_120.pkl,1433
MPI_HDM05/bk/HDM_bk_01-01_03_120.pkl,1434
MPI_HDM05/bk/HDM_bk_01-01_03_120.pkl,1435
MPI_HDM05/bk/HDM_bk_01-01_03_120.pkl,1436
MPI_HDM05/bk/HDM_bk_01-01_03_120.pkl,1437
MPI_HDM05/bk/HDM_bk_01-01_03_120.pkl,1438
MPI_HDM05/bk/HDM_bk_01-01_03_120.pkl,1439
MPI_HDM05/bk/HDM_bk_01-01_03_120.pkl,1440
MPI_HDM05/bk/HDM_bk_01-01_03_120.pkl,1441
MPI_HDM05/bk/HDM_bk_01-01_03_120.pkl,1442
MPI_HDM05/bk/HDM_bk_01-01_03_120.pkl,1443
MPI_HDM05/bk/HDM_bk_01-01_03_120.pkl,1444
MPI_HDM05/bk/HDM_bk_01-01_03_120.pkl,1445
MPI_HDM05/bk/HDM_bk_01-01_03_120.pkl,1446
MPI_HDM05/bk/HDM_bk_01-01_03_120.pkl,1447
MPI_HDM05/bk/HDM_bk_01-01_03_120.pkl,1448
MPI_HDM05/bk/HDM_bk_01-01_03_120.pkl,1449
MPI_HDM05/bk/HDM_bk_01-01_03_120.pkl,1450
MPI_HDM05/bk/HDM_bk_01-01_03_120.pkl,1451
MPI_HDM05/bk/HDM_bk_01-01_03_120.pkl,1452
MPI_HDM05/bk/HDM_bk_01-01_03_120.pkl,1453
MPI_HDM05/bk/HDM_bk_01-01_03_120.pkl,1454
MPI_HDM05/bk/HDM_bk_01-01_03_120.pkl,1455
MPI_HDM05/bk/HDM_bk_01-01_03_120.pkl,1456
MPI_HDM05/bk/HDM_bk_01-01_03_120.pkl,1457
MPI_HDM05/bk/HDM_bk_01-01_03_120.pkl,1458
MPI_HDM05/bk/HDM_bk_01-01_03_120.pkl,1459
MPI_HDM05/bk/HDM_bk_01-01_03_120.pkl,1460
MPI_HDM05/bk/HDM_bk_01-01_03_120.pkl,1461
MPI_HDM05/bk/HDM_bk_01-01_03_120.pkl,1462
MPI_HDM05/bk/HDM_bk_01-01_03_120.pkl,1463
MPI_HDM05/bk/HDM_bk_01-01_03_120.pkl,1464
MPI_HDM05/bk/HDM_bk_01-03_02_120.pkl,212
MPI_HDM05/bk/HDM_bk_01-03_02_120.pkl,213
MPI_HDM05/bk/HDM_bk_01-03_02_120.pkl,214
MPI_HDM05/bk/HDM_bk_01-03_02_120.pkl,215
MPI_HDM05/bk/HDM_bk_01-03_02_120.pkl,216
MPI_HDM05/bk/HDM_bk_01-03_02_120.pkl,217
MPI_HDM05/bk/HDM_bk_01-03_02_120.pkl,218
MPI_HDM05/bk/HDM_bk_01-03_02_120.pkl,219
MPI_HDM05/bk/HDM_bk_01-03_02_120.pkl,220
MPI_HDM05/bk/HDM_bk_01-03_02_120.pkl,221
MPI_HDM05/bk/HDM_bk_01-03_02_120.pkl,222
MPI_HDM05/bk/HDM_bk_01-03_02_120.pkl,223
MPI_HDM05/bk/HDM_bk_01-03_02_120.pkl,224
MPI_HDM05/bk/HDM_bk_01-03_02_120.pkl,225
MPI_HDM05/bk/HDM_bk_01-03_02_120.pkl,226
MPI_HDM05/bk/HDM_bk_01-03_02_120.pkl,227
MPI_HDM05/bk/HDM_bk_01-03_02_120.pkl,228
MPI_HDM05/bk/HDM_bk_01-03_02_120.pkl,229
MPI_HDM05/bk/HDM_bk_01-03_02_120.pkl,230
MPI_HDM05/bk/HDM_bk_01-03_02_120.pkl,231
MPI_HDM05/bk/HDM_bk_01-03_02_120.pkl,232
MPI_HDM05/bk/HDM_bk_01-03_02_120.pkl,233
MPI_HDM05/bk/HDM_bk_01-03_02_120.pkl,234
MPI_HDM05/bk/HDM_bk_01-03_02_120.pkl,235
MPI_HDM05/bk/HDM_bk_01-03_02_120.pkl,236
MPI_HDM05/bk/HDM_bk_01-03_02_120.pkl,237
MPI_HDM05/bk/HDM_bk_01-03_02_120.pkl,238
MPI_HDM05/bk/HDM_bk_01-03_02_120.pkl,239
MPI_HDM05/bk/HDM_bk_01-03_02_120.pkl,240
MPI_HDM05/bk/HDM_bk_01-03_02_120.pkl,241
MPI_HDM05/bk/HDM_bk_01-03_02_120.pkl,242
MPI_HDM05/bk/HDM_bk_01-03_02_120.pkl,653
MPI_HDM05/bk/HDM_bk_01-03_02_120.pkl,654
MPI_HDM05/bk/HDM_bk_01-03_02_120.pkl,655
MPI_HDM05/bk/HDM_bk_01-03_02_120.pkl,656
MPI_HDM05/bk/HDM_bk_01-03_02_120.pkl,657
MPI_HDM05/bk/HDM_bk_01-03_02_120.pkl,658
MPI_HDM05/bk/HDM_bk_01-03_02_120.pkl,659
MPI_HDM05/bk/HDM_bk_01-03_02_120.pkl,660
MPI_HDM05/bk/HDM_bk_01-03_02_120.pkl,661
MPI_HDM05/bk/HDM_bk_01-03_02_120.pkl,662
MPI_HDM05/bk/HDM_bk_01-03_02_120.pkl,663
MPI_HDM05/bk/HDM_bk_01-03_02_120.pkl,664
MPI_HDM05/bk/HDM_bk_01-03_02_120.pkl,665
MPI_HDM05/bk/HDM_bk_01-03_02_120.pkl,666
MPI_HDM05/bk/HDM_bk_01-03_02_120.pkl,667
MPI_HDM05/bk/HDM_bk_01-03_02_120.pkl,668
MPI_HDM05/bk/HDM_bk_01-03_02_120.pkl,669
MPI_HDM05/bk/HDM_bk_01-03_02_120.pkl,941
MPI_HDM05/bk/HDM_bk_01-03_02_120.pkl,942
MPI_HDM05/bk/HDM_bk_01-03_02_120.pkl,943
MPI_HDM05/bk/HDM_bk_01-03_02_120.pkl,944
MPI_HDM05/bk/HDM_bk_01-03_02_120.pkl,945
MPI_HDM05/bk/HDM_bk_01-03_02_120.pkl,946
MPI_HDM05/bk/HDM_bk_01-03_02_120.pkl,947
MPI_HDM05/bk/HDM_bk_01-03_02_120.pkl,948
MPI_HDM05/bk/HDM_bk_01-03_02_120.pkl,949
MPI_HDM05/bk/HDM_bk_01-03_02_120.pkl,950
MPI_HDM05/bk/HDM_bk_01-03_02_120.pkl,951
MPI_HDM05/bk/HDM_bk_01-03_02_120.pkl,952
MPI_HDM05/bk/HDM_bk_01-03_02_120.pkl,953
MPI_HDM05/bk/HDM_bk_01-03_03_120.pkl,235
MPI_HDM05/bk/HDM_bk_01-03_03_120.pkl,236
MPI_HDM05/bk/HDM_bk_01-03_03_120.pkl,237
MPI_HDM05/bk/HDM_bk_01-03_03_120.pkl,238
MPI_HDM05/bk/HDM_bk_01-03_03_120.pkl,239
MPI_HDM05/bk/HDM_bk_01-03_03_120.pkl,240
MPI_HDM05/bk/HDM_bk_01-03_03_120.pkl,241
MPI_HDM05/bk/HDM_bk_01-03_03_120.pkl,242
MPI_HDM05/bk/HDM_bk_01-03_03_120.pkl,243
MPI_HDM05/bk/HDM_bk_01-03_03_120.pkl,244
MPI_HDM05/bk/HDM_bk_01-03_03_120.pkl,245
MPI_HDM05/bk/HDM_bk_01-03_03_120.pkl,246
MPI_HDM05/bk/HDM_bk_01-03_03_120.pkl,247
MPI_HDM05/bk/HDM_bk_01-03_03_120.pkl,248
MPI_HDM05/bk/HDM_bk_01-03_03_120.pkl,249
MPI_HDM05/bk/HDM_bk_01-03_03_120.pkl,250
MPI_HDM05/bk/HDM_bk_01-03_03_120.pkl,251
MPI_HDM05/bk/HDM_bk_01-03_03_120.pkl,252
MPI_HDM05/bk/HDM_bk_01-03_03_120.pkl,253
MPI_HDM05/bk/HDM_bk_01-03_03_120.pkl,433
MPI_HDM05/bk/HDM_bk_01-03_03_120.pkl,434
MPI_HDM05/bk/HDM_bk_01-03_03_120.pkl,435
MPI_HDM05/bk/HDM_bk_01-03_03_120.pkl,436
MPI_HDM05/bk/HDM_bk_01-03_03_120.pkl,437
MPI_HDM05/bk/HDM_bk_01-03_03_120.pkl,438
MPI_HDM05/bk/HDM_bk_01-03_03_120.pkl,439
MPI_HDM05/bk/HDM_bk_01-03_03_120.pkl,440
MPI_HDM05/bk/HDM_bk_01-03_03_120.pkl,441
MPI_HDM05/bk/HDM_bk_01-03_03_120.pkl,442
MPI_HDM05/bk/HDM_bk_01-03_03_120.pkl,443
MPI_HDM05/bk/HDM_bk_01-03_03_120.pkl,444
MPI_HDM05/bk/HDM_bk_01-03_03_120.pkl,445
MPI_HDM05/bk/HDM_bk_01-03_03_120.pkl,446
MPI_HDM05/bk/HDM_bk_01-03_03_120.pkl,447
MPI_HDM05/bk/HDM_bk_01-03_03_120.pkl,448
MPI_HDM05/bk/HDM_bk_01-03_03_120.pkl,449
MPI_HDM05/bk/HDM_bk_01-03_03_120.pkl,450
MPI_HDM05/bk/HDM_bk_01-03_03_120.pkl,451
MPI_HDM05/bk/HDM_bk_01-03_03_120.pkl,452
MPI_HDM05/bk/HDM_bk_01-03_03_120.pkl,453
MPI_HDM05/bk/HDM_bk_01-03_03_120.pkl,454
MPI_HDM05/bk/HDM_bk_01-03_03_120.pkl,615
MPI_HDM05/bk/HDM_bk_01-03_03_120.pkl,616
MPI_HDM05/bk/HDM_bk_01-03_03_120.pkl,617
MPI_HDM05/bk/HDM_bk_01-03_03_120.pkl,618
MPI_HDM05/bk/HDM_bk_01-03_03_120.pkl,619
MPI_HDM05/bk/HDM_bk_01-03_03_120.pkl,620
MPI_HDM05/bk/HDM_bk_01-03_03_120.pkl,621
MPI_HDM05/bk/HDM_bk_01-03_03_120.pkl,622
MPI_HDM05/bk/HDM_bk_01-03_03_120.pkl,623
MPI_HDM05/bk/HDM_bk_01-03_03_120.pkl,624
MPI_HDM05/bk/HDM_bk_01-03_03_120.pkl,625
MPI_HDM05/bk/HDM_bk_01-03_03_120.pkl,626
MPI_HDM05/bk/HDM_bk_01-03_03_120.pkl,627
MPI_HDM05/bk/HDM_bk_01-03_03_120.pkl,628
MPI_HDM05/bk/HDM_bk_01-03_03_120.pkl,629
MPI_HDM05/bk/HDM_bk_01-03_03_120.pkl,630
MPI_HDM05/bk/HDM_bk_01-03_03_120.pkl,631
MPI_HDM05/bk/HDM_bk_01-03_03_120.pkl,632
MPI_HDM05/bk/HDM_bk_01-03_03_120.pkl,633
MPI_HDM05/bk/HDM_bk_01-03_03_120.pkl,634
MPI_HDM05/bk/HDM_bk_01-03_03_120.pkl,635
MPI_HDM05/bk/HDM_bk_01-03_03_120.pkl,636
MPI_HDM05/bk/HDM_bk_01-03_03_120.pkl,761
MPI_HDM05/bk/HDM_bk_01-03_03_120.pkl,762
MPI_HDM05/bk/HDM_bk_01-03_03_120.pkl,763
MPI_HDM05/bk/HDM_bk_01-03_03_120.pkl,764
MPI_HDM05/bk/HDM_bk_01-03_03_120.pkl,765
MPI_HDM05/bk/HDM_bk_01-03_03_120.pkl,766
MPI_HDM05/bk/HDM_bk_01-03_03_120.pkl,767
MPI_HDM05/bk/HDM_bk_01-03_03_120.pkl,768
MPI_HDM05/bk/HDM_bk_01-03_03_120.pkl,769
MPI_HDM05/bk/HDM_bk_01-03_03_120.pkl,770
MPI_HDM05/bk/HDM_bk_01-03_03_120.pkl,771
MPI_HDM05/bk/HDM_bk_01-03_03_120.pkl,772
MPI_HDM05/bk/HDM_bk_01-03_03_120.pkl,773
MPI_HDM05/bk/HDM_bk_01-03_03_120.pkl,774
MPI_HDM05/bk/HDM_bk_01-03_03_120.pkl,775
MPI_HDM05/bk/HDM_bk_01-03_03_120.pkl,776
MPI_HDM05/bk/HDM_bk_01-03_03_120.pkl,777
MPI_HDM05/bk/HDM_bk_01-03_03_120.pkl,778
MPI_HDM05/bk/HDM_bk_01-03_03_120.pkl,779
MPI_HDM05/bk/HDM_bk_01-03_03_120.pkl,780
MPI_HDM05/bk/HDM_bk_01-03_03_120.pkl,781
MPI_HDM05/bk/HDM_bk_01-03_03_120.pkl,782
MPI_HDM05/bk/HDM_bk_01-03_03_120.pkl,783
MPI_HDM05/bk/HDM_bk_01-03_03_120.pkl,908
MPI_HDM05/bk/HDM_bk_01-03_03_120.pkl,909
MPI_HDM05/bk/HDM_bk_01-03_03_120.pkl,910
MPI_HDM05/bk/HDM_bk_01-03_03_120.pkl,911
MPI_HDM05/bk/HDM_bk_01-03_04_120.pkl,161
MPI_HDM05/bk/HDM_bk_01-03_04_120.pkl,162
MPI_HDM05/bk/HDM_bk_01-03_04_120.pkl,163
MPI_HDM05/bk/HDM_bk_01-03_04_120.pkl,164
MPI_HDM05/bk/HDM_bk_01-03_04_120.pkl,165
MPI_HDM05/bk/HDM_bk_01-03_04_120.pkl,166
MPI_HDM05/bk/HDM_bk_01-03_04_120.pkl,167
MPI_HDM05/bk/HDM_bk_01-03_04_120.pkl,168
MPI_HDM05/bk/HDM_bk_01-03_04_120.pkl,169
MPI_HDM05/bk/HDM_bk_01-03_04_120.pkl,170
MPI_HDM05/bk/HDM_bk_01-03_04_120.pkl,171
MPI_HDM05/bk/HDM_bk_01-03_04_120.pkl,172
MPI_HDM05/bk/HDM_bk_01-03_04_120.pkl,173
MPI_HDM05/bk/HDM_bk_01-03_04_120.pkl,174
MPI_HDM05/bk/HDM_bk_01-03_04_120.pkl,175
MPI_HDM05/bk/HDM_bk_01-03_04_120.pkl,176
MPI_HDM05/bk/HDM_bk_01-03_04_120.pkl,177
MPI_HDM05/bk/HDM_bk_01-03_04_120.pkl,516
MPI_HDM05/bk/HDM_bk_01-03_04_120.pkl,517
MPI_HDM05/bk/HDM_bk_01-03_04_120.pkl,518
MPI_HDM05/bk/HDM_bk_01-03_04_120.pkl,519
MPI_HDM05/bk/HDM_bk_01-03_04_120.pkl,520
MPI_HDM05/bk/HDM_bk_01-03_04_120.pkl,521
MPI_HDM05/bk/HDM_bk_01-03_04_120.pkl,522
MPI_HDM05/bk/HDM_bk_01-03_04_120.pkl,523
MPI_HDM05/bk/HDM_bk_01-03_04_120.pkl,524
MPI_HDM05/bk/HDM_bk_01-03_04_120.pkl,525
MPI_HDM05/bk/HDM_bk_01-03_04_120.pkl,526
MPI_HDM05/bk/HDM_bk_01-03_04_120.pkl,527
MPI_HDM05/bk/HDM_bk_01-03_04_120.pkl,528
MPI_HDM05/bk/HDM_bk_01-03_04_120.pkl,529
MPI_HDM05/bk/HDM_bk_01-03_04_120.pkl,530
MPI_HDM05/bk/HDM_bk_01-03_04_120.pkl,531
MPI_HDM05/bk/HDM_bk_01-03_04_120.pkl,532
MPI_HDM05/bk/HDM_bk_01-03_04_120.pkl,533
MPI_HDM05/bk/HDM_bk_01-03_04_120.pkl,534
MPI_HDM05/bk/HDM_bk_01-03_04_120.pkl,535
MPI_HDM05/bk/HDM_bk_01-03_04_120.pkl,536
MPI_HDM05/bk/HDM_bk_01-03_04_120.pkl,639
MPI_HDM05/bk/HDM_bk_01-03_04_120.pkl,640
MPI_HDM05/bk/HDM_bk_01-03_04_120.pkl,641
MPI_HDM05/bk/HDM_bk_01-03_04_120.pkl,642
MPI_HDM05/bk/HDM_bk_01-03_04_120.pkl,643
MPI_HDM05/bk/HDM_bk_01-03_04_120.pkl,644
MPI_HDM05/bk/HDM_bk_01-03_04_120.pkl,645
MPI_HDM05/bk/HDM_bk_01-03_04_120.pkl,646
MPI_HDM05/bk/HDM_bk_01-03_04_120.pkl,647
MPI_HDM05/bk/HDM_bk_01-03_04_120.pkl,648
MPI_HDM05/bk/HDM_bk_01-03_04_120.pkl,649
MPI_HDM05/bk/HDM_bk_01-03_04_120.pkl,650
MPI_HDM05/bk/HDM_bk_01-03_04_120.pkl,651
MPI_HDM05/bk/HDM_bk_01-03_04_120.pkl,652
MPI_HDM05/bk/HDM_bk_01-03_04_120.pkl,653
MPI_HDM05/bk/HDM_bk_01-03_04_120.pkl,654
MPI_HDM05/bk/HDM_bk_01-03_04_120.pkl,655
MPI_HDM05/bk/HDM_bk_01-03_04_120.pkl,656
MPI_HDM05/bk/HDM_bk_01-03_04_120.pkl,657
MPI_HDM05/bk/HDM_bk_01-03_04_120.pkl,658
MPI_HDM05/bk/HDM_bk_01-03_04_120.pkl,659
MPI_HDM05/bk/HDM_bk_01-03_04_120.pkl,660
MPI_HDM05/bk/HDM_bk_01-03_04_120.pkl,661
MPI_HDM05/bk/HDM_bk_01-03_04_120.pkl,662
MPI_HDM05/bk/HDM_bk_01-03_04_120.pkl,663
MPI_HDM05/bk/HDM_bk_01-03_04_120.pkl,664
MPI_HDM05/bk/HDM_bk_01-03_04_120.pkl,665
MPI_HDM05/bk/HDM_bk_01-03_04_120.pkl,666
MPI_HDM05/bk/HDM_bk_01-03_04_120.pkl,667
MPI_HDM05/bk/HDM_bk_01-03_04_120.pkl,668
MPI_HDM05/bk/HDM_bk_01-03_04_120.pkl,669
MPI_HDM05/bk/HDM_bk_01-03_04_120.pkl,670
MPI_HDM05/bk/HDM_bk_01-03_04_120.pkl,671
MPI_HDM05/bk/HDM_bk_01-03_04_120.pkl,672
MPI_HDM05/bk/HDM_bk_01-04_02_120.pkl,506
MPI_HDM05/bk/HDM_bk_01-04_02_120.pkl,507
MPI_HDM05/bk/HDM_bk_01-04_02_120.pkl,508
MPI_HDM05/bk/HDM_bk_01-04_02_120.pkl,509
MPI_HDM05/bk/HDM_bk_01-04_02_120.pkl,510
MPI_HDM05/bk/HDM_bk_01-04_02_120.pkl,511
MPI_HDM05/bk/HDM_bk_01-04_02_120.pkl,512
MPI_HDM05/bk/HDM_bk_01-04_02_120.pkl,513
MPI_HDM05/bk/HDM_bk_01-04_02_120.pkl,514
MPI_HDM05/bk/HDM_bk_01-04_02_120.pkl,515
MPI_HDM05/bk/HDM_bk_01-04_02_120.pkl,516
MPI_HDM05/bk/HDM_bk_01-04_02_120.pkl,517
MPI_HDM05/bk/HDM_bk_01-04_02_120.pkl,518
MPI_HDM05/bk/HDM_bk_01-04_02_120.pkl,519
MPI_HDM05/bk/HDM_bk_01-04_02_120.pkl,520
MPI_HDM05/bk/HDM_bk_01-04_02_120.pkl,521
MPI_HDM05/bk/HDM_bk_01-04_02_120.pkl,522
MPI_HDM05/bk/HDM_bk_01-04_02_120.pkl,523
MPI_HDM05/bk/HDM_bk_01-04_02_120.pkl,524
MPI_HDM05/bk/HDM_bk_01-04_02_120.pkl,525
MPI_HDM05/bk/HDM_bk_01-04_02_120.pkl,526
MPI_HDM05/bk/HDM_bk_01-04_02_120.pkl,527
MPI_HDM05/bk/HDM_bk_01-04_02_120.pkl,528
MPI_HDM05/bk/HDM_bk_01-04_02_120.pkl,529
MPI_HDM05/bk/HDM_bk_01-04_02_120.pkl,530
MPI_HDM05/bk/HDM_bk_01-04_02_120.pkl,531
MPI_HDM05/bk/HDM_bk_01-04_02_120.pkl,532
MPI_HDM05/bk/HDM_bk_01-04_02_120.pkl,533
MPI_HDM05/bk/HDM_bk_01-04_02_120.pkl,534
MPI_HDM05/bk/HDM_bk_01-04_02_120.pkl,535
MPI_HDM05/bk/HDM_bk_01-04_02_120.pkl,536
MPI_HDM05/bk/HDM_bk_01-04_02_120.pkl,537
MPI_HDM05/bk/HDM_bk_01-04_02_120.pkl,538
MPI_HDM05/bk/HDM_bk_01-04_02_120.pkl,539
MPI_HDM05/bk/HDM_bk_01-04_02_120.pkl,540
MPI_HDM05/bk/HDM_bk_01-04_02_120.pkl,541
MPI_HDM05/bk/HDM_bk_01-04_02_120.pkl,542
MPI_HDM05/bk/HDM_bk_01-04_02_120.pkl,543
MPI_HDM05/bk/HDM_bk_01-04_02_120.pkl,544
MPI_HDM05/bk/HDM_bk_01-04_02_120.pkl,545
MPI_HDM05/bk/HDM_bk_01-04_02_120.pkl,546
MPI_HDM05/bk/HDM_bk_01-04_02_120.pkl,547
MPI_HDM05/bk/HDM_bk_01-04_02_120.pkl,548
MPI_HDM05/bk/HDM_bk_01-04_02_120.pkl,549
MPI_HDM05/bk/HDM_bk_01-04_02_120.pkl,550
MPI_HDM05/bk/HDM_bk_01-04_02_120.pkl,551
MPI_HDM05/bk/HDM_bk_01-04_02_120.pkl,881
MPI_HDM05/bk/HDM_bk_01-04_02_120.pkl,882
MPI_HDM05/bk/HDM_bk_01-04_02_120.pkl,883
MPI_HDM05/bk/HDM_bk_01-04_02_120.pkl,884
MPI_HDM05/bk/HDM_bk_01-04_02_120.pkl,885
MPI_HDM05/bk/HDM_bk_01-04_02_120.pkl,886
MPI_HDM05/bk/HDM_bk_01-04_02_120.pkl,887
MPI_HDM05/bk/HDM_bk_01-04_02_120.pkl,888
MPI_HDM05/bk/HDM_bk_01-04_02_120.pkl,889
MPI_HDM05/bk/HDM_bk_01-04_02_120.pkl,890
MPI_HDM05/bk/HDM_bk_01-04_02_120.pkl,891
MPI_HDM05/bk/HDM_bk_01-04_02_120.pkl,892
MPI_HDM05/bk/HDM_bk_01-04_02_120.pkl,893
MPI_HDM05/bk/HDM_bk_01-04_02_120.pkl,894
MPI_HDM05/bk/HDM_bk_01-04_02_120.pkl,895
MPI_HDM05/bk/HDM_bk_01-04_02_120.pkl,896
MPI_HDM05/bk/HDM_bk_01-04_02_120.pkl,897
MPI_HDM05/bk/HDM_bk_01-04_02_120.pkl,898
MPI_HDM05/bk/HDM_bk_01-04_02_120.pkl,899
MPI_HDM05/bk/HDM_bk_01-04_02_120.pkl,900
MPI_HDM05/bk/HDM_bk_01-04_02_120.pkl,901
MPI_HDM05/bk/HDM_bk_01-04_02_120.pkl,902
MPI_HDM05/bk/HDM_bk_01-04_02_120.pkl,903
MPI_HDM05/bk/HDM_bk_01-04_02_120.pkl,904
MPI_HDM05/bk/HDM_bk_01-04_02_120.pkl,905
MPI_HDM05/bk/HDM_bk_01-04_02_120.pkl,906
MPI_HDM05/bk/HDM_bk_01-04_02_120.pkl,907
MPI_HDM05/bk/HDM_bk_01-04_02_120.pkl,908
MPI_HDM05/bk/HDM_bk_01-04_02_120.pkl,909
MPI_HDM05/bk/HDM_bk_01-04_02_120.pkl,910
MPI_HDM05/bk/HDM_bk_01-04_02_120.pkl,911
MPI_HDM05/bk/HDM_bk_01-04_02_120.pkl,912
MPI_HDM05/bk/HDM_bk_01-04_02_120.pkl,913
MPI_HDM05/bk/HDM_bk_01-04_02_120.pkl,914
MPI_HDM05/bk/HDM_bk_01-04_02_120.pkl,915
MPI_HDM05/bk/HDM_bk_01-04_02_120.pkl,922
MPI_HDM05/bk/HDM_bk_01-04_02_120.pkl,923
MPI_HDM05/bk/HDM_bk_01-04_02_120.pkl,924
MPI_HDM05/bk/HDM_bk_01-04_02_120.pkl,925
MPI_HDM05/bk/HDM_bk_01-04_02_120.pkl,926
MPI_HDM05/bk/HDM_bk_01-04_02_120.pkl,927
MPI_HDM05/bk/HDM_bk_01-04_02_120.pkl,928
MPI_HDM05/bk/HDM_bk_01-04_02_120.pkl,929
MPI_HDM05/bk/HDM_bk_01-04_02_120.pkl,930
MPI_HDM05/bk/HDM_bk_01-04_02_120.pkl,931
MPI_HDM05/bk/HDM_bk_01-04_02_120.pkl,932
MPI_HDM05/bk/HDM_bk_01-04_02_120.pkl,933
MPI_HDM05/bk/HDM_bk_01-04_02_120.pkl,934
MPI_HDM05/bk/HDM_bk_01-04_02_120.pkl,1074
MPI_HDM05/bk/HDM_bk_01-04_02_120.pkl,1075
MPI_HDM05/bk/HDM_bk_01-04_02_120.pkl,1076
MPI_HDM05/bk/HDM_bk_01-04_02_120.pkl,1077
MPI_HDM05/bk/HDM_bk_01-04_02_120.pkl,1078
MPI_HDM05/bk/HDM_bk_01-04_02_120.pkl,1079
MPI_HDM05/bk/HDM_bk_01-04_02_120.pkl,1080
MPI_HDM05/bk/HDM_bk_01-04_02_120.pkl,1081
MPI_HDM05/bk/HDM_bk_01-04_02_120.pkl,1082
MPI_HDM05/bk/HDM_bk_01-04_02_120.pkl,1083
MPI_HDM05/bk/HDM_bk_01-04_02_120.pkl,1084
MPI_HDM05/bk/HDM_bk_01-04_02_120.pkl,1085
MPI_HDM05/bk/HDM_bk_01-04_02_120.pkl,1086
MPI_HDM05/bk/HDM_bk_01-04_02_120.pkl,1087
MPI_HDM05/bk/HDM_bk_01-04_02_120.pkl,1088
MPI_HDM05/bk/HDM_bk_01-04_02_120.pkl,1089
MPI_HDM05/bk/HDM_bk_01-04_02_120.pkl,1090
MPI_HDM05/bk/HDM_bk_01-04_02_120.pkl,1091
MPI_HDM05/bk/HDM_bk_01-04_02_120.pkl,1092
MPI_HDM05/bk/HDM_bk_01-04_02_120.pkl,1093
MPI_HDM05/bk/HDM_bk_01-04_02_120.pkl,1094
MPI_HDM05/bk/HDM_bk_01-04_02_120.pkl,1095
MPI_HDM05/bk/HDM_bk_01-04_02_120.pkl,1096
MPI_HDM05/bk/HDM_bk_01-04_02_120.pkl,1097
MPI_HDM05/bk/HDM_bk_01-04_02_120.pkl,1098
MPI_HDM05/bk/HDM_bk_01-04_02_120.pkl,1099
MPI_HDM05/bk/HDM_bk_01-04_02_120.pkl,1100
MPI_HDM05/bk/HDM_bk_01-04_02_120.pkl,1101
MPI_HDM05/bk/HDM_bk_01-04_02_120.pkl,1102
MPI_HDM05/bk/HDM_bk_01-04_02_120.pkl,1103
MPI_HDM05/bk/HDM_bk_01-04_02_120.pkl,1111
MPI_HDM05/bk/HDM_bk_01-04_02_120.pkl,1215
MPI_HDM05/bk/HDM_bk_01-04_02_120.pkl,1216
MPI_HDM05/bk/HDM_bk_01-04_02_120.pkl,1217
MPI_HDM05/bk/HDM_bk_01-04_02_120.pkl,1218
MPI_HDM05/bk/HDM_bk_01-04_02_120.pkl,1219
MPI_HDM05/bk/HDM_bk_01-04_02_120.pkl,1220
MPI_HDM05/bk/HDM_bk_01-04_02_120.pkl,1221
MPI_HDM05/bk/HDM_bk_01-04_02_120.pkl,1222
MPI_HDM05/bk/HDM_bk_01-04_02_120.pkl,1223
MPI_HDM05/bk/HDM_bk_01-04_02_120.pkl,1224
MPI_HDM05/bk/HDM_bk_01-04_02_120.pkl,1225
MPI_HDM05/bk/HDM_bk_01-04_02_120.pkl,1226
MPI_HDM05/bk/HDM_bk_01-04_02_120.pkl,1227
MPI_HDM05/bk/HDM_bk_01-04_02_120.pkl,1228
MPI_HDM05/bk/HDM_bk_01-04_02_120.pkl,1229
MPI_HDM05/bk/HDM_bk_01-04_02_120.pkl,1230
MPI_HDM05/bk/HDM_bk_01-04_02_120.pkl,1231
MPI_HDM05/bk/HDM_bk_01-04_02_120.pkl,1232
MPI_HDM05/bk/HDM_bk_01-04_02_120.pkl,1233
MPI_HDM05/bk/HDM_bk_01-04_02_120.pkl,1234
MPI_HDM05/bk/HDM_bk_01-04_02_120.pkl,1235
MPI_HDM05/bk/HDM_bk_01-04_02_120.pkl,1236
MPI_HDM05/bk/HDM_bk_01-04_02_120.pkl,1237
MPI_HDM05/bk/HDM_bk_01-04_02_120.pkl,1238
MPI_HDM05/bk/HDM_bk_01-04_02_120.pkl,1239
MPI_HDM05/bk/HDM_bk_01-04_02_120.pkl,1240
MPI_HDM05/bk/HDM_bk_01-04_02_120.pkl,1324
MPI_HDM05/bk/HDM_bk_01-04_02_120.pkl,1325
MPI_HDM05/bk/HDM_bk_01-04_02_120.pkl,1326
MPI_HDM05/bk/HDM_bk_01-04_02_120.pkl,1327
MPI_HDM05/bk/HDM_bk_01-04_02_120.pkl,1328
MPI_HDM05/bk/HDM_bk_01-04_02_120.pkl,1329
MPI_HDM05/bk/HDM_bk_01-04_02_120.pkl,1330
MPI_HDM05/bk/HDM_bk_01-04_02_120.pkl,1331
MPI_HDM05/bk/HDM_bk_01-04_02_120.pkl,1332
MPI_HDM05/bk/HDM_bk_01-04_02_120.pkl,1333
MPI_HDM05/bk/HDM_bk_01-04_02_120.pkl,1334
MPI_HDM05/bk/HDM_bk_01-04_02_120.pkl,1335
MPI_HDM05/bk/HDM_bk_01-04_02_120.pkl,1336
MPI_HDM05/bk/HDM_bk_01-04_02_120.pkl,1337
MPI_HDM05/bk/HDM_bk_01-04_02_120.pkl,1338
MPI_HDM05/bk/HDM_bk_01-04_02_120.pkl,1339
MPI_HDM05/bk/HDM_bk_01-04_02_120.pkl,1340
MPI_HDM05/bk/HDM_bk_01-04_02_120.pkl,1341
MPI_HDM05/bk/HDM_bk_01-04_02_120.pkl,1342
MPI_HDM05/bk/HDM_bk_01-04_02_120.pkl,1343
MPI_HDM05/bk/HDM_bk_01-04_02_120.pkl,1344
MPI_HDM05/bk/HDM_bk_01-04_02_120.pkl,1345
MPI_HDM05/bk/HDM_bk_01-04_02_120.pkl,1346
MPI_HDM05/bk/HDM_bk_01-04_02_120.pkl,1347
MPI_HDM05/bk/HDM_bk_01-04_02_120.pkl,1348
MPI_HDM05/bk/HDM_bk_01-04_02_120.pkl,1349
MPI_HDM05/bk/HDM_bk_01-04_02_120.pkl,1350
MPI_HDM05/bk/HDM_bk_01-04_02_120.pkl,1351
MPI_HDM05/bk/HDM_bk_01-04_02_120.pkl,1352
MPI_HDM05/bk/HDM_bk_01-04_02_120.pkl,1353
MPI_HDM05/bk/HDM_bk_01-04_03_120.pkl,187
MPI_HDM05/bk/HDM_bk_01-04_03_120.pkl,188
MPI_HDM05/bk/HDM_bk_01-04_03_120.pkl,189
MPI_HDM05/bk/HDM_bk_01-04_03_120.pkl,190
MPI_HDM05/bk/HDM_bk_01-04_03_120.pkl,191
MPI_HDM05/bk/HDM_bk_01-04_03_120.pkl,192
MPI_HDM05/bk/HDM_bk_01-04_03_120.pkl,193
MPI_HDM05/bk/HDM_bk_01-04_03_120.pkl,194
MPI_HDM05/bk/HDM_bk_01-04_03_120.pkl,195
MPI_HDM05/bk/HDM_bk_01-04_03_120.pkl,196
MPI_HDM05/bk/HDM_bk_01-04_03_120.pkl,197
MPI_HDM05/bk/HDM_bk_01-04_03_120.pkl,198
MPI_HDM05/bk/HDM_bk_01-04_03_120.pkl,313
MPI_HDM05/bk/HDM_bk_01-04_03_120.pkl,314
MPI_HDM05/bk/HDM_bk_01-04_03_120.pkl,315
MPI_HDM05/bk/HDM_bk_01-04_03_120.pkl,316
MPI_HDM05/bk/HDM_bk_01-04_03_120.pkl,317
MPI_HDM05/bk/HDM_bk_01-04_03_120.pkl,318
MPI_HDM05/bk/HDM_bk_01-04_03_120.pkl,319
MPI_HDM05/bk/HDM_bk_01-04_03_120.pkl,320
MPI_HDM05/bk/HDM_bk_01-04_03_120.pkl,321
MPI_HDM05/bk/HDM_bk_01-04_03_120.pkl,322
MPI_HDM05/bk/HDM_bk_01-04_03_120.pkl,323
MPI_HDM05/bk/HDM_bk_01-04_03_120.pkl,324
MPI_HDM05/bk/HDM_bk_01-04_03_120.pkl,325
MPI_HDM05/bk/HDM_bk_01-04_03_120.pkl,326
MPI_HDM05/bk/HDM_bk_01-04_03_120.pkl,327
MPI_HDM05/bk/HDM_bk_01-04_03_120.pkl,328
MPI_HDM05/bk/HDM_bk_01-04_03_120.pkl,452
MPI_HDM05/bk/HDM_bk_01-04_03_120.pkl,453
MPI_HDM05/bk/HDM_bk_01-04_03_120.pkl,454
MPI_HDM05/bk/HDM_bk_01-04_03_120.pkl,455
MPI_HDM05/bk/HDM_bk_01-04_03_120.pkl,456
MPI_HDM05/bk/HDM_bk_01-04_03_120.pkl,457
MPI_HDM05/bk/HDM_bk_01-04_03_120.pkl,458
MPI_HDM05/bk/HDM_bk_01-04_03_120.pkl,459
MPI_HDM05/bk/HDM_bk_01-04_03_120.pkl,460
MPI_HDM05/bk/HDM_bk_01-04_03_120.pkl,461
MPI_HDM05/bk/HDM_bk_01-04_03_120.pkl,462
MPI_HDM05/bk/HDM_bk_01-04_03_120.pkl,463
MPI_HDM05/bk/HDM_bk_01-04_03_120.pkl,464
MPI_HDM05/bk/HDM_bk_01-04_03_120.pkl,465
MPI_HDM05/bk/HDM_bk_01-04_03_120.pkl,466
MPI_HDM05/bk/HDM_bk_01-04_03_120.pkl,467
MPI_HDM05/bk/HDM_bk_01-04_03_120.pkl,468
MPI_HDM05/bk/HDM_bk_01-04_03_120.pkl,469
MPI_HDM05/bk/HDM_bk_01-04_03_120.pkl,817
MPI_HDM05/bk/HDM_bk_01-04_03_120.pkl,818
MPI_HDM05/bk/HDM_bk_01-04_03_120.pkl,819
MPI_HDM05/bk/HDM_bk_01-04_03_120.pkl,820
MPI_HDM05/bk/HDM_bk_01-04_03_120.pkl,821
MPI_HDM05/bk/HDM_bk_01-04_03_120.pkl,822
MPI_HDM05/bk/HDM_bk_01-04_03_120.pkl,823
MPI_HDM05/bk/HDM_bk_01-04_03_120.pkl,824
MPI_HDM05/bk/HDM_bk_01-04_03_120.pkl,825
MPI_HDM05/bk/HDM_bk_01-04_03_120.pkl,826
MPI_HDM05/bk/HDM_bk_01-04_03_120.pkl,827
MPI_HDM05/bk/HDM_bk_01-04_03_120.pkl,828
MPI_HDM05/bk/HDM_bk_01-04_03_120.pkl,829
MPI_HDM05/bk/HDM_bk_01-04_03_120.pkl,830
MPI_HDM05/bk/HDM_bk_02-01_02_120.pkl,170
MPI_HDM05/bk/HDM_bk_02-01_02_120.pkl,171
MPI_HDM05/bk/HDM_bk_02-01_02_120.pkl,172
MPI_HDM05/bk/HDM_bk_02-01_02_120.pkl,173
MPI_HDM05/bk/HDM_bk_02-01_02_120.pkl,174
MPI_HDM05/bk/HDM_bk_02-01_02_120.pkl,175
MPI_HDM05/bk/HDM_bk_02-01_02_120.pkl,176
MPI_HDM05/bk/HDM_bk_02-01_02_120.pkl,177
MPI_HDM05/bk/HDM_bk_02-01_02_120.pkl,178
MPI_HDM05/bk/HDM_bk_02-01_02_120.pkl,179
MPI_HDM05/bk/HDM_bk_02-01_02_120.pkl,180
MPI_HDM05/bk/HDM_bk_02-01_02_120.pkl,181
MPI_HDM05/bk/HDM_bk_02-01_02_120.pkl,182
MPI_HDM05/bk/HDM_bk_02-01_02_120.pkl,183
MPI_HDM05/bk/HDM_bk_02-01_02_120.pkl,184
MPI_HDM05/bk/HDM_bk_02-01_02_120.pkl,185
MPI_HDM05/bk/HDM_bk_02-01_02_120.pkl,186
MPI_HDM05/bk/HDM_bk_02-01_02_120.pkl,187
MPI_HDM05/bk/HDM_bk_02-01_02_120.pkl,188
MPI_HDM05/bk/HDM_bk_02-01_02_120.pkl,189
MPI_HDM05/bk/HDM_bk_02-01_02_120.pkl,190
MPI_HDM05/bk/HDM_bk_02-01_02_120.pkl,399
MPI_HDM05/bk/HDM_bk_02-01_02_120.pkl,400
MPI_HDM05/bk/HDM_bk_02-01_02_120.pkl,401
MPI_HDM05/bk/HDM_bk_02-01_02_120.pkl,402
MPI_HDM05/bk/HDM_bk_02-01_02_120.pkl,403
MPI_HDM05/bk/HDM_bk_02-01_02_120.pkl,404
MPI_HDM05/bk/HDM_bk_02-01_02_120.pkl,405
MPI_HDM05/bk/HDM_bk_02-01_02_120.pkl,406
MPI_HDM05/bk/HDM_bk_02-01_02_120.pkl,407
MPI_HDM05/bk/HDM_bk_02-01_02_120.pkl,408
MPI_HDM05/bk/HDM_bk_02-01_02_120.pkl,409
MPI_HDM05/bk/HDM_bk_02-01_02_120.pkl,410
MPI_HDM05/bk/HDM_bk_02-01_02_120.pkl,411
MPI_HDM05/bk/HDM_bk_02-01_02_120.pkl,412
MPI_HDM05/bk/HDM_bk_02-01_02_120.pkl,413
MPI_HDM05/bk/HDM_bk_02-01_02_120.pkl,414
MPI_HDM05/bk/HDM_bk_02-01_02_120.pkl,415
MPI_HDM05/bk/HDM_bk_02-01_02_120.pkl,416
MPI_HDM05/bk/HDM_bk_02-01_02_120.pkl,417
MPI_HDM05/bk/HDM_bk_02-01_02_120.pkl,418
MPI_HDM05/bk/HDM_bk_02-01_02_120.pkl,419
MPI_HDM05/bk/HDM_bk_02-01_02_120.pkl,420
MPI_HDM05/bk/HDM_bk_02-01_02_120.pkl,421
MPI_HDM05/bk/HDM_bk_02-01_02_120.pkl,422
MPI_HDM05/bk/HDM_bk_02-01_02_120.pkl,423
MPI_HDM05/bk/HDM_bk_02-01_02_120.pkl,424
MPI_HDM05/bk/HDM_bk_02-01_02_120.pkl,425
MPI_HDM05/bk/HDM_bk_02-01_02_120.pkl,426
MPI_HDM05/bk/HDM_bk_02-01_03_120.pkl,50
MPI_HDM05/bk/HDM_bk_02-01_03_120.pkl,51
MPI_HDM05/bk/HDM_bk_02-01_03_120.pkl,159
MPI_HDM05/bk/HDM_bk_02-01_03_120.pkl,160
MPI_HDM05/bk/HDM_bk_02-01_03_120.pkl,161
MPI_HDM05/bk/HDM_bk_02-01_03_120.pkl,162
MPI_HDM05/bk/HDM_bk_02-01_03_120.pkl,163
MPI_HDM05/bk/HDM_bk_02-01_03_120.pkl,164
MPI_HDM05/bk/HDM_bk_02-01_03_120.pkl,165
MPI_HDM05/bk/HDM_bk_02-01_03_120.pkl,166
MPI_HDM05/bk/HDM_bk_02-01_03_120.pkl,167
MPI_HDM05/bk/HDM_bk_02-01_03_120.pkl,168
MPI_HDM05/bk/HDM_bk_02-01_03_120.pkl,362
MPI_HDM05/bk/HDM_bk_02-01_03_120.pkl,363
MPI_HDM05/bk/HDM_bk_02-01_03_120.pkl,364
MPI_HDM05/bk/HDM_bk_02-01_03_120.pkl,365
MPI_HDM05/bk/HDM_bk_02-01_03_120.pkl,366
MPI_HDM05/bk/HDM_bk_02-01_03_120.pkl,367
MPI_HDM05/bk/HDM_bk_02-01_03_120.pkl,368
MPI_HDM05/bk/HDM_bk_02-01_03_120.pkl,369
MPI_HDM05/bk/HDM_bk_02-01_03_120.pkl,370
MPI_HDM05/bk/HDM_bk_02-01_03_120.pkl,371
MPI_HDM05/bk/HDM_bk_02-02_02_120.pkl,255
MPI_HDM05/bk/HDM_bk_02-02_02_120.pkl,256
MPI_HDM05/bk/HDM_bk_02-02_02_120.pkl,257
MPI_HDM05/bk/HDM_bk_02-02_02_120.pkl,258
MPI_HDM05/bk/HDM_bk_02-02_02_120.pkl,259
MPI_HDM05/bk/HDM_bk_02-02_02_120.pkl,260
MPI_HDM05/bk/HDM_bk_02-02_02_120.pkl,261
MPI_HDM05/bk/HDM_bk_02-02_02_120.pkl,262
MPI_HDM05/bk/HDM_bk_02-02_02_120.pkl,263
MPI_HDM05/bk/HDM_bk_02-02_02_120.pkl,264
MPI_HDM05/bk/HDM_bk_02-02_02_120.pkl,373
MPI_HDM05/bk/HDM_bk_02-02_02_120.pkl,374
MPI_HDM05/bk/HDM_bk_02-02_02_120.pkl,375
MPI_HDM05/bk/HDM_bk_02-02_02_120.pkl,376
MPI_HDM05/bk/HDM_bk_02-02_02_120.pkl,377
MPI_HDM05/bk/HDM_bk_02-02_02_120.pkl,378
MPI_HDM05/bk/HDM_bk_02-02_02_120.pkl,379
MPI_HDM05/bk/HDM_bk_02-02_02_120.pkl,447
MPI_HDM05/bk/HDM_bk_02-02_02_120.pkl,448
MPI_HDM05/bk/HDM_bk_02-02_02_120.pkl,449
MPI_HDM05/bk/HDM_bk_02-02_02_120.pkl,450
MPI_HDM05/bk/HDM_bk_02-02_02_120.pkl,451
MPI_HDM05/bk/HDM_bk_02-02_02_120.pkl,452
MPI_HDM05/bk/HDM_bk_02-02_02_120.pkl,453
MPI_HDM05/bk/HDM_bk_02-02_02_120.pkl,454
MPI_HDM05/bk/HDM_bk_02-02_02_120.pkl,455
MPI_HDM05/bk/HDM_bk_02-02_02_120.pkl,456
MPI_HDM05/bk/HDM_bk_02-02_02_120.pkl,559
MPI_HDM05/bk/HDM_bk_02-02_02_120.pkl,560
MPI_HDM05/bk/HDM_bk_02-02_02_120.pkl,639
MPI_HDM05/bk/HDM_bk_02-02_02_120.pkl,640
MPI_HDM05/bk/HDM_bk_02-02_02_120.pkl,641
MPI_HDM05/bk/HDM_bk_02-02_02_120.pkl,642
MPI_HDM05/bk/HDM_bk_02-02_02_120.pkl,643
MPI_HDM05/bk/HDM_bk_02-02_02_120.pkl,644
MPI_HDM05/bk/HDM_bk_02-02_02_120.pkl,645
MPI_HDM05/bk/HDM_bk_02-02_02_120.pkl,646
MPI_HDM05/bk/HDM_bk_02-02_02_120.pkl,842
MPI_HDM05/bk/HDM_bk_02-02_02_120.pkl,843
MPI_HDM05/bk/HDM_bk_02-02_02_120.pkl,844
MPI_HDM05/bk/HDM_bk_02-02_02_120.pkl,845
MPI_HDM05/bk/HDM_bk_02-02_02_120.pkl,846
MPI_HDM05/bk/HDM_bk_02-02_02_120.pkl,847
MPI_HDM05/bk/HDM_bk_02-02_02_120.pkl,848
MPI_HDM05/bk/HDM_bk_02-02_02_120.pkl,849
MPI_HDM05/bk/HDM_bk_02-02_02_120.pkl,850
MPI_HDM05/bk/HDM_bk_02-02_02_120.pkl,851
MPI_HDM05/bk/HDM_bk_02-02_02_120.pkl,852
MPI_HDM05/bk/HDM_bk_02-02_02_120.pkl,853
MPI_HDM05/bk/HDM_bk_02-02_02_120.pkl,854
MPI_HDM05/bk/HDM_bk_02-02_02_120.pkl,855
MPI_HDM05/bk/HDM_bk_02-02_02_120.pkl,1047
MPI_HDM05/bk/HDM_bk_02-02_02_120.pkl,1048
MPI_HDM05/bk/HDM_bk_02-02_02_120.pkl,1049
MPI_HDM05/bk/HDM_bk_02-02_02_120.pkl,1050
MPI_HDM05/bk/HDM_bk_02-02_02_120.pkl,1051
MPI_HDM05/bk/HDM_bk_02-02_02_120.pkl,1052
MPI_HDM05/bk/HDM_bk_02-02_02_120.pkl,1053
MPI_HDM05/bk/HDM_bk_02-02_02_120.pkl,1054
MPI_HDM05/bk/HDM_bk_02-02_02_120.pkl,1055
MPI_HDM05/bk/HDM_bk_02-02_02_120.pkl,1056
MPI_HDM05/bk/HDM_bk_02-02_02_120.pkl,1057
MPI_HDM05/bk/HDM_bk_02-02_02_120.pkl,1206
MPI_HDM05/bk/HDM_bk_02-02_02_120.pkl,1207
MPI_HDM05/bk/HDM_bk_02-02_02_120.pkl,1208
MPI_HDM05/bk/HDM_bk_02-02_02_120.pkl,1209
MPI_HDM05/bk/HDM_bk_02-02_02_120.pkl,1210
MPI_HDM05/bk/HDM_bk_02-02_02_120.pkl,1211
MPI_HDM05/bk/HDM_bk_02-02_02_120.pkl,1212
MPI_HDM05/bk/HDM_bk_02-02_02_120.pkl,1213
MPI_HDM05/bk/HDM_bk_02-02_02_120.pkl,1214
MPI_HDM05/bk/HDM_bk_02-02_02_120.pkl,1215
MPI_HDM05/bk/HDM_bk_02-02_02_120.pkl,1285
MPI_HDM05/bk/HDM_bk_02-02_02_120.pkl,1286
MPI_HDM05/bk/HDM_bk_02-02_02_120.pkl,1287
MPI_HDM05/bk/HDM_bk_02-02_02_120.pkl,1288
MPI_HDM05/bk/HDM_bk_02-02_02_120.pkl,1289
MPI_HDM05/bk/HDM_bk_02-02_02_120.pkl,1290
MPI_HDM05/bk/HDM_bk_02-02_02_120.pkl,1291
MPI_HDM05/bk/HDM_bk_02-02_02_120.pkl,1292
MPI_HDM05/bk/HDM_bk_02-02_02_120.pkl,1293
MPI_HDM05/bk/HDM_bk_02-02_02_120.pkl,1294
MPI_HDM05/bk/HDM_bk_02-02_02_120.pkl,1295
MPI_HDM05/bk/HDM_bk_02-02_02_120.pkl,1296
MPI_HDM05/bk/HDM_bk_02-02_02_120.pkl,1297
MPI_HDM05/bk/HDM_bk_02-02_02_120.pkl,1298
MPI_HDM05/bk/HDM_bk_02-02_02_120.pkl,1299
MPI_HDM05/bk/HDM_bk_02-02_02_120.pkl,1300
MPI_HDM05/bk/HDM_bk_02-02_02_120.pkl,1301
MPI_HDM05/bk/HDM_bk_02-02_02_120.pkl,1302
MPI_HDM05/bk/HDM_bk_02-02_02_120.pkl,1303
MPI_HDM05/bk/HDM_bk_02-02_02_120.pkl,1304
MPI_HDM05/bk/HDM_bk_02-02_02_120.pkl,1305
MPI_HDM05/bk/HDM_bk_02-02_02_120.pkl,1306
MPI_HDM05/bk/HDM_bk_02-02_02_120.pkl,1307
MPI_HDM05/bk/HDM_bk_02-02_02_120.pkl,1308
MPI_HDM05/bk/HDM_bk_02-02_02_120.pkl,1309
MPI_HDM05/bk/HDM_bk_03-04_01_120.pkl,1753
MPI_HDM05/bk/HDM_bk_03-04_01_120.pkl,1754
MPI_HDM05/bk/HDM_bk_03-04_01_120.pkl,1755
MPI_HDM05/bk/HDM_bk_03-04_01_120.pkl,1756
MPI_HDM05/bk/HDM_bk_03-04_01_120.pkl,1757
MPI_HDM05/bk/HDM_bk_03-04_01_120.pkl,1758
MPI_HDM05/bk/HDM_bk_03-04_01_120.pkl,1759
MPI_HDM05/bk/HDM_bk_03-04_01_120.pkl,1760
MPI_HDM05/bk/HDM_bk_03-04_01_120.pkl,1761
MPI_HDM05/bk/HDM_bk_03-04_01_120.pkl,1762
MPI_HDM05/bk/HDM_bk_03-04_01_120.pkl,1763
MPI_HDM05/bk/HDM_bk_03-04_01_120.pkl,1764
MPI_HDM05/bk/HDM_bk_03-04_01_120.pkl,1765
MPI_HDM05/bk/HDM_bk_03-04_01_120.pkl,1766
MPI_HDM05/bk/HDM_bk_03-04_01_120.pkl,1767
MPI_HDM05/bk/HDM_bk_03-04_01_120.pkl,1768
MPI_HDM05/bk/HDM_bk_03-04_01_120.pkl,1769
MPI_HDM05/bk/HDM_bk_03-04_01_120.pkl,1770
MPI_HDM05/bk/HDM_bk_03-04_01_120.pkl,1771
MPI_HDM05/bk/HDM_bk_03-04_01_120.pkl,1772
MPI_HDM05/bk/HDM_bk_03-04_01_120.pkl,1773
MPI_HDM05/bk/HDM_bk_03-04_01_120.pkl,1774
MPI_HDM05/bk/HDM_bk_03-11_02_120.pkl,104
MPI_HDM05/bk/HDM_bk_03-11_02_120.pkl,105
MPI_HDM05/bk/HDM_bk_03-11_02_120.pkl,106
MPI_HDM05/bk/HDM_bk_05-03_01_120.pkl,109
MPI_HDM05/bk/HDM_bk_05-03_01_120.pkl,110
MPI_HDM05/bk/HDM_bk_05-03_01_120.pkl,111
MPI_HDM05/bk/HDM_bk_05-03_01_120.pkl,112
MPI_HDM05/bk/HDM_bk_05-03_01_120.pkl,113
MPI_HDM05/bk/HDM_bk_05-03_01_120.pkl,114
MPI_HDM05/bk/HDM_bk_05-03_01_120.pkl,115
MPI_HDM05/bk/HDM_bk_05-03_01_120.pkl,116
MPI_HDM05/bk/HDM_bk_05-03_01_120.pkl,117
MPI_HDM05/bk/HDM_bk_05-03_01_120.pkl,118
MPI_HDM05/bk/HDM_bk_05-03_01_120.pkl,119
MPI_HDM05/bk/HDM_bk_05-03_01_120.pkl,120
MPI_HDM05/bk/HDM_bk_05-03_01_120.pkl,121
MPI_HDM05/bk/HDM_bk_05-03_01_120.pkl,372
MPI_HDM05/bk/HDM_bk_05-03_01_120.pkl,373
MPI_HDM05/bk/HDM_bk_05-03_01_120.pkl,374
MPI_HDM05/bk/HDM_bk_05-03_01_120.pkl,375
MPI_HDM05/bk/HDM_bk_05-03_01_120.pkl,376
MPI_HDM05/bk/HDM_bk_05-03_01_120.pkl,377
MPI_HDM05/bk/HDM_bk_05-03_01_120.pkl,378
MPI_HDM05/bk/HDM_bk_05-03_01_120.pkl,379
MPI_HDM05/bk/HDM_bk_05-03_01_120.pkl,380
MPI_HDM05/bk/HDM_bk_05-03_01_120.pkl,381
MPI_HDM05/bk/HDM_bk_05-03_01_120.pkl,382
MPI_HDM05/bk/HDM_bk_05-03_01_120.pkl,507
MPI_HDM05/bk/HDM_bk_05-03_01_120.pkl,508
MPI_HDM05/bk/HDM_bk_05-03_01_120.pkl,509
MPI_HDM05/bk/HDM_bk_05-03_01_120.pkl,510
MPI_HDM05/bk/HDM_bk_05-03_01_120.pkl,511
MPI_HDM05/bk/HDM_bk_05-03_01_120.pkl,512
MPI_HDM05/bk/HDM_bk_05-03_01_120.pkl,513
MPI_HDM05/bk/HDM_bk_05-03_01_120.pkl,514
MPI_HDM05/bk/HDM_bk_05-03_01_120.pkl,515
MPI_HDM05/bk/HDM_bk_05-03_01_120.pkl,516
MPI_HDM05/bk/HDM_bk_05-03_01_120.pkl,517
MPI_HDM05/bk/HDM_bk_05-03_01_120.pkl,518
MPI_HDM05/bk/HDM_bk_05-03_01_120.pkl,519
MPI_HDM05/bk/HDM_bk_05-03_01_120.pkl,520
MPI_HDM05/bk/HDM_bk_05-03_01_120.pkl,521
MPI_HDM05/bk/HDM_bk_05-03_01_120.pkl,522
MPI_HDM05/bk/HDM_bk_05-03_01_120.pkl,523
MPI_HDM05/bk/HDM_bk_05-03_01_120.pkl,524
MPI_HDM05/bk/HDM_bk_05-03_01_120.pkl,525
MPI_HDM05/bk/HDM_bk_05-03_01_120.pkl,526
MPI_HDM05/bk/HDM_bk_05-03_01_120.pkl,527
MPI_HDM05/bk/HDM_bk_05-03_01_120.pkl,528
MPI_HDM05/bk/HDM_bk_05-03_01_120.pkl,529
MPI_HDM05/bk/HDM_bk_05-03_01_120.pkl,530
MPI_HDM05/bk/HDM_bk_05-03_01_120.pkl,531
MPI_HDM05/bk/HDM_bk_05-03_01_120.pkl,532
MPI_HDM05/bk/HDM_bk_05-03_02_120.pkl,631
MPI_HDM05/bk/HDM_bk_05-03_02_120.pkl,632
MPI_HDM05/bk/HDM_bk_05-03_02_120.pkl,633
MPI_HDM05/bk/HDM_bk_05-03_02_120.pkl,634
MPI_HDM05/bk/HDM_bk_05-03_02_120.pkl,635
MPI_HDM05/bk/HDM_bk_05-03_02_120.pkl,636
MPI_HDM05/bk/HDM_bk_05-03_02_120.pkl,637
MPI_HDM05/bk/HDM_bk_05-03_02_120.pkl,638
MPI_HDM05/bk/HDM_bk_05-03_02_120.pkl,639
MPI_HDM05/bk/HDM_bk_05-03_02_120.pkl,640
MPI_HDM05/bk/HDM_bk_05-03_02_120.pkl,641
MPI_HDM05/bk/HDM_bk_05-03_02_120.pkl,642
MPI_HDM05/bk/HDM_bk_05-03_02_120.pkl,643
MPI_HDM05/bk/HDM_bk_05-03_02_120.pkl,644
MPI_HDM05/bk/HDM_bk_05-03_02_120.pkl,645
MPI_HDM05/bk/HDM_bk_05-03_02_120.pkl,646
MPI_HDM05/bk/HDM_bk_05-03_02_120.pkl,647
MPI_HDM05/bk/HDM_bk_05-03_02_120.pkl,648
MPI_HDM05/bk/HDM_bk_05-03_02_120.pkl,649
MPI_HDM05/bk/HDM_bk_05-03_02_120.pkl,650
MPI_HDM05/bk/HDM_bk_05-03_02_120.pkl,651
MPI_HDM05/dg/HDM_dg_01-01_01_120.pkl,242
MPI_HDM05/dg/HDM_dg_01-01_01_120.pkl,243
MPI_HDM05/dg/HDM_dg_01-01_01_120.pkl,244
MPI_HDM05/dg/HDM_dg_01-01_01_120.pkl,245
MPI_HDM05/dg/HDM_dg_01-01_01_120.pkl,246
MPI_HDM05/dg/HDM_dg_01-01_01_120.pkl,247
MPI_HDM05/dg/HDM_dg_01-01_01_120.pkl,248
MPI_HDM05/dg/HDM_dg_01-01_01_120.pkl,249
MPI_HDM05/dg/HDM_dg_01-01_01_120.pkl,250
MPI_HDM05/dg/HDM_dg_01-01_01_120.pkl,251
MPI_HDM05/dg/HDM_dg_01-01_01_120.pkl,252
MPI_HDM05/dg/HDM_dg_01-01_01_120.pkl,253
MPI_HDM05/dg/HDM_dg_01-01_01_120.pkl,254
MPI_HDM05/dg/HDM_dg_01-01_01_120.pkl,255
MPI_HDM05/dg/HDM_dg_01-01_01_120.pkl,256
MPI_HDM05/dg/HDM_dg_01-01_01_120.pkl,257
MPI_HDM05/dg/HDM_dg_01-01_01_120.pkl,258
MPI_HDM05/dg/HDM_dg_01-01_01_120.pkl,259
MPI_HDM05/dg/HDM_dg_01-01_01_120.pkl,260
MPI_HDM05/dg/HDM_dg_01-01_01_120.pkl,261
MPI_HDM05/dg/HDM_dg_01-01_01_120.pkl,262
MPI_HDM05/dg/HDM_dg_01-01_01_120.pkl,263
MPI_HDM05/dg/HDM_dg_01-01_01_120.pkl,264
MPI_HDM05/dg/HDM_dg_01-01_01_120.pkl,265
MPI_HDM05/dg/HDM_dg_01-01_01_120.pkl,266
MPI_HDM05/dg/HDM_dg_01-01_01_120.pkl,267
MPI_HDM05/dg/HDM_dg_01-01_01_120.pkl,268
MPI_HDM05/dg/HDM_dg_01-01_01_120.pkl,1396
MPI_HDM05/dg/HDM_dg_01-01_01_120.pkl,1397
MPI_HDM05/dg/HDM_dg_01-01_01_120.pkl,1398
MPI_HDM05/dg/HDM_dg_01-01_01_120.pkl,1399
MPI_HDM05/dg/HDM_dg_01-01_01_120.pkl,1400
MPI_HDM05/dg/HDM_dg_01-01_01_120.pkl,1401
MPI_HDM05/dg/HDM_dg_01-01_01_120.pkl,1402
MPI_HDM05/dg/HDM_dg_01-01_01_120.pkl,1403
MPI_HDM05/dg/HDM_dg_01-01_01_120.pkl,1404
MPI_HDM05/dg/HDM_dg_01-01_01_120.pkl,1405
MPI_HDM05/dg/HDM_dg_01-01_01_120.pkl,1406
MPI_HDM05/dg/HDM_dg_01-01_01_120.pkl,1407
MPI_HDM05/dg/HDM_dg_01-01_01_120.pkl,1408
MPI_HDM05/dg/HDM_dg_01-01_01_120.pkl,1409
MPI_HDM05/dg/HDM_dg_01-01_01_120.pkl,1410
MPI_HDM05/dg/HDM_dg_01-01_01_120.pkl,1411
MPI_HDM05/dg/HDM_dg_01-01_01_120.pkl,1412
MPI_HDM05/dg/HDM_dg_01-01_03_120.pkl,233
MPI_HDM05/dg/HDM_dg_01-01_03_120.pkl,234
MPI_HDM05/dg/HDM_dg_01-01_03_120.pkl,235
MPI_HDM05/dg/HDM_dg_01-01_03_120.pkl,236
MPI_HDM05/dg/HDM_dg_01-01_03_120.pkl,237
MPI_HDM05/dg/HDM_dg_01-01_03_120.pkl,238
MPI_HDM05/dg/HDM_dg_01-01_03_120.pkl,239
MPI_HDM05/dg/HDM_dg_01-01_03_120.pkl,240
MPI_HDM05/dg/HDM_dg_01-01_03_120.pkl,241
MPI_HDM05/dg/HDM_dg_01-01_03_120.pkl,242
MPI_HDM05/dg/HDM_dg_01-01_03_120.pkl,997
MPI_HDM05/dg/HDM_dg_01-01_03_120.pkl,998
MPI_HDM05/dg/HDM_dg_01-01_03_120.pkl,999
MPI_HDM05/dg/HDM_dg_01-01_03_120.pkl,1000
MPI_HDM05/dg/HDM_dg_01-01_03_120.pkl,1001
MPI_HDM05/dg/HDM_dg_01-01_03_120.pkl,1002
MPI_HDM05/dg/HDM_dg_01-01_03_120.pkl,1003
MPI_HDM05/dg/HDM_dg_01-01_03_120.pkl,1004
MPI_HDM05/dg/HDM_dg_01-01_03_120.pkl,1005
MPI_HDM05/dg/HDM_dg_01-01_03_120.pkl,1006
MPI_HDM05/dg/HDM_dg_01-01_03_120.pkl,1007
MPI_HDM05/dg/HDM_dg_01-01_03_120.pkl,1137
MPI_HDM05/dg/HDM_dg_01-01_03_120.pkl,1138
MPI_HDM05/dg/HDM_dg_01-01_03_120.pkl,1139
MPI_HDM05/dg/HDM_dg_01-01_03_120.pkl,1140
MPI_HDM05/dg/HDM_dg_01-01_03_120.pkl,1141
MPI_HDM05/dg/HDM_dg_01-01_03_120.pkl,1142
MPI_HDM05/dg/HDM_dg_01-01_03_120.pkl,1143
MPI_HDM05/dg/HDM_dg_01-01_03_120.pkl,1144
MPI_HDM05/dg/HDM_dg_01-01_03_120.pkl,1145
MPI_HDM05/dg/HDM_dg_01-01_03_120.pkl,1292
MPI_HDM05/dg/HDM_dg_01-01_03_120.pkl,1293
MPI_HDM05/dg/HDM_dg_01-01_03_120.pkl,1294
MPI_HDM05/dg/HDM_dg_01-01_03_120.pkl,1295
MPI_HDM05/dg/HDM_dg_01-01_03_120.pkl,1296
MPI_HDM05/dg/HDM_dg_01-01_03_120.pkl,1297
MPI_HDM05/dg/HDM_dg_01-01_03_120.pkl,1298
MPI_HDM05/dg/HDM_dg_01-01_03_120.pkl,1299
MPI_HDM05/dg/HDM_dg_01-01_03_120.pkl,1300
MPI_HDM05/dg/HDM_dg_01-01_03_120.pkl,1301
MPI_HDM05/dg/HDM_dg_01-01_03_120.pkl,1302
MPI_HDM05/dg/HDM_dg_01-01_03_120.pkl,1303
MPI_HDM05/dg/HDM_dg_01-01_03_120.pkl,1304
MPI_HDM05/dg/HDM_dg_01-01_03_120.pkl,1305
MPI_HDM05/dg/HDM_dg_01-01_03_120.pkl,1306
MPI_HDM05/dg/HDM_dg_01-01_03_120.pkl,1307
MPI_HDM05/dg/HDM_dg_01-01_03_120.pkl,1308
MPI_HDM05/dg/HDM_dg_01-01_03_120.pkl,1309
MPI_HDM05/dg/HDM_dg_01-01_03_120.pkl,1310
MPI_HDM05/dg/HDM_dg_01-01_03_120.pkl,1311
MPI_HDM05/dg/HDM_dg_01-01_03_120.pkl,1312
MPI_HDM05/dg/HDM_dg_01-01_03_120.pkl,1426
MPI_HDM05/dg/HDM_dg_01-01_03_120.pkl,1427
MPI_HDM05/dg/HDM_dg_01-01_03_120.pkl,1428
MPI_HDM05/dg/HDM_dg_01-01_03_120.pkl,1429
MPI_HDM05/dg/HDM_dg_01-01_03_120.pkl,1430
MPI_HDM05/dg/HDM_dg_01-01_03_120.pkl,1431
MPI_HDM05/dg/HDM_dg_01-01_03_120.pkl,1432
MPI_HDM05/dg/HDM_dg_01-01_03_120.pkl,1433
MPI_HDM05/dg/HDM_dg_01-01_03_120.pkl,1434
MPI_HDM05/dg/HDM_dg_01-01_03_120.pkl,1435
MPI_HDM05/dg/HDM_dg_01-01_03_120.pkl,1436
MPI_HDM05/dg/HDM_dg_01-01_03_120.pkl,1437
MPI_HDM05/dg/HDM_dg_01-01_03_120.pkl,1438
MPI_HDM05/dg/HDM_dg_01-03_02_120.pkl,409
MPI_HDM05/dg/HDM_dg_01-03_02_120.pkl,410
MPI_HDM05/dg/HDM_dg_01-03_02_120.pkl,411
MPI_HDM05/dg/HDM_dg_01-03_02_120.pkl,412
MPI_HDM05/dg/HDM_dg_01-03_02_120.pkl,588
MPI_HDM05/dg/HDM_dg_01-03_02_120.pkl,589
MPI_HDM05/dg/HDM_dg_01-03_02_120.pkl,590
MPI_HDM05/dg/HDM_dg_01-03_02_120.pkl,591
MPI_HDM05/dg/HDM_dg_01-03_02_120.pkl,592
MPI_HDM05/dg/HDM_dg_01-03_02_120.pkl,593
MPI_HDM05/dg/HDM_dg_01-03_02_120.pkl,594
MPI_HDM05/dg/HDM_dg_01-03_02_120.pkl,595
MPI_HDM05/dg/HDM_dg_01-03_03_120.pkl,183
MPI_HDM05/dg/HDM_dg_01-03_03_120.pkl,184
MPI_HDM05/dg/HDM_dg_01-03_03_120.pkl,185
MPI_HDM05/dg/HDM_dg_01-03_03_120.pkl,186
MPI_HDM05/dg/HDM_dg_01-03_03_120.pkl,187
MPI_HDM05/dg/HDM_dg_01-03_03_120.pkl,188
MPI_HDM05/dg/HDM_dg_01-03_03_120.pkl,189
MPI_HDM05/dg/HDM_dg_01-03_03_120.pkl,190
MPI_HDM05/dg/HDM_dg_01-03_03_120.pkl,191
MPI_HDM05/dg/HDM_dg_01-03_03_120.pkl,192
MPI_HDM05/dg/HDM_dg_01-03_03_120.pkl,193
MPI_HDM05/dg/HDM_dg_01-03_03_120.pkl,194
MPI_HDM05/dg/HDM_dg_01-03_03_120.pkl,195
MPI_HDM05/dg/HDM_dg_01-03_03_120.pkl,196
MPI_HDM05/dg/HDM_dg_01-03_03_120.pkl,295
MPI_HDM05/dg/HDM_dg_01-03_03_120.pkl,296
MPI_HDM05/dg/HDM_dg_01-03_03_120.pkl,297
MPI_HDM05/dg/HDM_dg_01-03_03_120.pkl,298
MPI_HDM05/dg/HDM_dg_01-03_03_120.pkl,299
MPI_HDM05/dg/HDM_dg_01-03_03_120.pkl,300
MPI_HDM05/dg/HDM_dg_01-03_03_120.pkl,301
MPI_HDM05/dg/HDM_dg_01-03_03_120.pkl,302
MPI_HDM05/dg/HDM_dg_01-03_03_120.pkl,303
MPI_HDM05/dg/HDM_dg_01-03_03_120.pkl,304
MPI_HDM05/dg/HDM_dg_01-03_03_120.pkl,305
MPI_HDM05/dg/HDM_dg_01-03_03_120.pkl,306
MPI_HDM05/dg/HDM_dg_01-03_03_120.pkl,307
MPI_HDM05/dg/HDM_dg_01-03_03_120.pkl,308
MPI_HDM05/dg/HDM_dg_01-03_03_120.pkl,309
MPI_HDM05/dg/HDM_dg_01-03_03_120.pkl,310
MPI_HDM05/dg/HDM_dg_01-03_03_120.pkl,311
MPI_HDM05/dg/HDM_dg_01-03_03_120.pkl,312
MPI_HDM05/dg/HDM_dg_01-03_03_120.pkl,313
MPI_HDM05/dg/HDM_dg_01-03_03_120.pkl,314
MPI_HDM05/dg/HDM_dg_01-03_03_120.pkl,315
MPI_HDM05/dg/HDM_dg_01-03_03_120.pkl,316
MPI_HDM05/dg/HDM_dg_01-03_03_120.pkl,317
MPI_HDM05/dg/HDM_dg_01-03_03_120.pkl,318
MPI_HDM05/dg/HDM_dg_01-03_03_120.pkl,416
MPI_HDM05/dg/HDM_dg_01-03_03_120.pkl,417
MPI_HDM05/dg/HDM_dg_01-03_03_120.pkl,418
MPI_HDM05/dg/HDM_dg_01-03_03_120.pkl,419
MPI_HDM05/dg/HDM_dg_01-03_03_120.pkl,420
MPI_HDM05/dg/HDM_dg_01-03_03_120.pkl,421
MPI_HDM05/dg/HDM_dg_01-03_03_120.pkl,602
MPI_HDM05/dg/HDM_dg_01-03_03_120.pkl,603
MPI_HDM05/dg/HDM_dg_02-03_02_120.pkl,509
MPI_HDM05/dg/HDM_dg_02-03_02_120.pkl,510
MPI_HDM05/dg/HDM_dg_02-03_02_120.pkl,511
MPI_HDM05/dg/HDM_dg_02-03_02_120.pkl,512
MPI_HDM05/dg/HDM_dg_02-03_02_120.pkl,513
MPI_HDM05/dg/HDM_dg_02-03_02_120.pkl,514
MPI_HDM05/dg/HDM_dg_02-03_02_120.pkl,515
MPI_HDM05/dg/HDM_dg_02-03_02_120.pkl,516
MPI_HDM05/dg/HDM_dg_02-03_02_120.pkl,517
MPI_HDM05/dg/HDM_dg_02-03_02_120.pkl,518
MPI_HDM05/dg/HDM_dg_02-03_02_120.pkl,519
MPI_HDM05/dg/HDM_dg_02-03_02_120.pkl,520
MPI_HDM05/dg/HDM_dg_02-03_02_120.pkl,521
MPI_HDM05/dg/HDM_dg_02-03_02_120.pkl,522
MPI_HDM05/dg/HDM_dg_02-03_02_120.pkl,523
MPI_HDM05/dg/HDM_dg_02-03_02_120.pkl,524
MPI_HDM05/dg/HDM_dg_02-03_02_120.pkl,525
MPI_HDM05/dg/HDM_dg_02-03_02_120.pkl,526
MPI_HDM05/dg/HDM_dg_02-03_02_120.pkl,527
MPI_HDM05/dg/HDM_dg_02-03_02_120.pkl,528
MPI_HDM05/dg/HDM_dg_02-03_02_120.pkl,529
MPI_HDM05/dg/HDM_dg_02-03_02_120.pkl,530
MPI_HDM05/dg/HDM_dg_02-03_02_120.pkl,531
MPI_HDM05/dg/HDM_dg_02-03_02_120.pkl,532
MPI_HDM05/dg/HDM_dg_02-03_02_120.pkl,533
MPI_HDM05/dg/HDM_dg_02-03_02_120.pkl,534
MPI_HDM05/dg/HDM_dg_02-03_02_120.pkl,535
MPI_HDM05/dg/HDM_dg_02-03_02_120.pkl,536
MPI_HDM05/dg/HDM_dg_02-03_02_120.pkl,537
MPI_HDM05/dg/HDM_dg_02-03_02_120.pkl,538
MPI_HDM05/dg/HDM_dg_02-03_02_120.pkl,539
MPI_HDM05/dg/HDM_dg_02-03_02_120.pkl,540
MPI_HDM05/dg/HDM_dg_02-03_02_120.pkl,541
MPI_HDM05/dg/HDM_dg_02-03_02_120.pkl,542
MPI_HDM05/dg/HDM_dg_02-03_02_120.pkl,543
MPI_HDM05/dg/HDM_dg_02-03_02_120.pkl,544
MPI_HDM05/dg/HDM_dg_02-03_02_120.pkl,545
MPI_HDM05/dg/HDM_dg_02-03_02_120.pkl,546
MPI_HDM05/dg/HDM_dg_02-03_02_120.pkl,547
MPI_HDM05/dg/HDM_dg_02-03_02_120.pkl,548
MPI_HDM05/dg/HDM_dg_02-03_02_120.pkl,549
MPI_HDM05/dg/HDM_dg_03-11_02_120.pkl,53
MPI_HDM05/dg/HDM_dg_03-11_02_120.pkl,54
MPI_HDM05/dg/HDM_dg_03-11_02_120.pkl,55
MPI_HDM05/dg/HDM_dg_03-11_02_120.pkl,56
MPI_HDM05/dg/HDM_dg_03-11_02_120.pkl,57
MPI_HDM05/dg/HDM_dg_03-11_02_120.pkl,58
MPI_HDM05/dg/HDM_dg_03-11_02_120.pkl,59
MPI_HDM05/dg/HDM_dg_03-11_02_120.pkl,60
MPI_HDM05/dg/HDM_dg_03-11_02_120.pkl,61
MPI_HDM05/dg/HDM_dg_03-11_02_120.pkl,62
MPI_HDM05/dg/HDM_dg_03-11_02_120.pkl,63
MPI_HDM05/dg/HDM_dg_03-11_02_120.pkl,64
MPI_HDM05/dg/HDM_dg_03-11_02_120.pkl,65
MPI_HDM05/dg/HDM_dg_03-11_02_120.pkl,66
MPI_HDM05/dg/HDM_dg_03-11_02_120.pkl,67
MPI_HDM05/dg/HDM_dg_03-11_02_120.pkl,68
MPI_HDM05/dg/HDM_dg_03-11_02_120.pkl,69
MPI_HDM05/dg/HDM_dg_03-11_02_120.pkl,560
MPI_HDM05/dg/HDM_dg_03-11_02_120.pkl,561
MPI_HDM05/dg/HDM_dg_03-11_02_120.pkl,562
MPI_HDM05/dg/HDM_dg_03-11_02_120.pkl,563
MPI_HDM05/dg/HDM_dg_03-11_02_120.pkl,564
MPI_HDM05/dg/HDM_dg_03-11_02_120.pkl,565
MPI_HDM05/dg/HDM_dg_03-11_02_120.pkl,566
MPI_HDM05/dg/HDM_dg_03-11_02_120.pkl,567
MPI_HDM05/dg/HDM_dg_03-11_02_120.pkl,568
MPI_HDM05/dg/HDM_dg_03-11_02_120.pkl,569
MPI_HDM05/dg/HDM_dg_03-11_02_120.pkl,570
MPI_HDM05/dg/HDM_dg_03-11_02_120.pkl,571
MPI_HDM05/dg/HDM_dg_03-11_02_120.pkl,572
MPI_HDM05/mm/HDM_mm_01-01_01_120.pkl,905
MPI_HDM05/mm/HDM_mm_01-01_01_120.pkl,906
MPI_HDM05/mm/HDM_mm_01-01_01_120.pkl,907
MPI_HDM05/mm/HDM_mm_01-01_01_120.pkl,908
MPI_HDM05/mm/HDM_mm_01-01_01_120.pkl,909
MPI_HDM05/mm/HDM_mm_01-01_01_120.pkl,910
MPI_HDM05/mm/HDM_mm_01-01_01_120.pkl,911
MPI_HDM05/mm/HDM_mm_01-01_01_120.pkl,912
MPI_HDM05/mm/HDM_mm_01-01_01_120.pkl,913
MPI_HDM05/mm/HDM_mm_01-01_01_120.pkl,914
MPI_HDM05/mm/HDM_mm_01-01_01_120.pkl,915
MPI_HDM05/mm/HDM_mm_01-01_01_120.pkl,916
MPI_HDM05/mm/HDM_mm_01-01_01_120.pkl,917
MPI_HDM05/mm/HDM_mm_01-01_01_120.pkl,918
MPI_HDM05/mm/HDM_mm_01-01_01_120.pkl,919
MPI_HDM05/mm/HDM_mm_01-01_01_120.pkl,920
MPI_HDM05/mm/HDM_mm_01-01_01_120.pkl,921
MPI_HDM05/mm/HDM_mm_01-01_01_120.pkl,922
MPI_HDM05/mm/HDM_mm_01-01_01_120.pkl,1030
MPI_HDM05/mm/HDM_mm_01-01_01_120.pkl,1031
MPI_HDM05/mm/HDM_mm_01-01_01_120.pkl,1032
MPI_HDM05/mm/HDM_mm_01-01_01_120.pkl,1033
MPI_HDM05/mm/HDM_mm_01-01_01_120.pkl,1034
MPI_HDM05/mm/HDM_mm_01-01_01_120.pkl,1035
MPI_HDM05/mm/HDM_mm_01-01_01_120.pkl,1036
MPI_HDM05/mm/HDM_mm_01-01_01_120.pkl,1037
MPI_HDM05/mm/HDM_mm_01-01_01_120.pkl,1038
MPI_HDM05/mm/HDM_mm_01-01_01_120.pkl,1039
MPI_HDM05/mm/HDM_mm_01-01_01_120.pkl,1040
MPI_HDM05/mm/HDM_mm_01-01_01_120.pkl,1041
MPI_HDM05/mm/HDM_mm_01-01_01_120.pkl,1042
MPI_HDM05/mm/HDM_mm_01-01_01_120.pkl,1043
MPI_HDM05/mm/HDM_mm_01-01_01_120.pkl,1044
MPI_HDM05/mm/HDM_mm_01-01_01_120.pkl,1045
MPI_HDM05/mm/HDM_mm_01-01_01_120.pkl,1046
MPI_HDM05/mm/HDM_mm_01-01_01_120.pkl,1386
MPI_HDM05/mm/HDM_mm_01-01_01_120.pkl,1387
MPI_HDM05/mm/HDM_mm_01-01_01_120.pkl,1388
MPI_HDM05/mm/HDM_mm_01-01_01_120.pkl,1389
MPI_HDM05/mm/HDM_mm_01-01_01_120.pkl,1390
MPI_HDM05/mm/HDM_mm_01-01_01_120.pkl,1391
MPI_HDM05/mm/HDM_mm_01-01_01_120.pkl,1392
MPI_HDM05/mm/HDM_mm_01-01_01_120.pkl,1393
MPI_HDM05/mm/HDM_mm_01-01_01_120.pkl,1584
MPI_HDM05/mm/HDM_mm_01-01_01_120.pkl,1585
MPI_HDM05/mm/HDM_mm_01-01_01_120.pkl,1586
MPI_HDM05/mm/HDM_mm_01-01_01_120.pkl,1587
MPI_HDM05/mm/HDM_mm_01-01_01_120.pkl,1588
MPI_HDM05/mm/HDM_mm_01-01_01_120.pkl,1589
MPI_HDM05/mm/HDM_mm_01-01_01_120.pkl,1590
MPI_HDM05/mm/HDM_mm_01-01_01_120.pkl,1591
MPI_HDM05/mm/HDM_mm_01-01_01_120.pkl,1592
MPI_HDM05/mm/HDM_mm_01-01_01_120.pkl,1593
MPI_HDM05/mm/HDM_mm_01-01_01_120.pkl,1594
MPI_HDM05/mm/HDM_mm_01-01_01_120.pkl,1595
MPI_HDM05/mm/HDM_mm_01-01_01_120.pkl,1596
MPI_HDM05/mm/HDM_mm_01-01_01_120.pkl,1597
MPI_HDM05/mm/HDM_mm_01-01_01_120.pkl,1598
MPI_HDM05/mm/HDM_mm_01-01_01_120.pkl,1599
MPI_HDM05/mm/HDM_mm_01-01_01_120.pkl,1600
MPI_HDM05/mm/HDM_mm_01-01_01_120.pkl,1601
MPI_HDM05/mm/HDM_mm_01-01_01_120.pkl,1602
MPI_HDM05/mm/HDM_mm_01-01_01_120.pkl,1603
MPI_HDM05/mm/HDM_mm_01-01_02_120.pkl,195
MPI_HDM05/mm/HDM_mm_01-01_02_120.pkl,196
MPI_HDM05/mm/HDM_mm_01-01_02_120.pkl,197
MPI_HDM05/mm/HDM_mm_01-01_02_120.pkl,198
MPI_HDM05/mm/HDM_mm_01-01_02_120.pkl,199
MPI_HDM05/mm/HDM_mm_01-01_02_120.pkl,200
MPI_HDM05/mm/HDM_mm_01-01_02_120.pkl,201
MPI_HDM05/mm/HDM_mm_01-01_02_120.pkl,202
MPI_HDM05/mm/HDM_mm_01-01_02_120.pkl,203
MPI_HDM05/mm/HDM_mm_01-01_02_120.pkl,204
MPI_HDM05/mm/HDM_mm_01-01_02_120.pkl,205
MPI_HDM05/mm/HDM_mm_01-01_02_120.pkl,206
MPI_HDM05/mm/HDM_mm_01-01_02_120.pkl,207
MPI_HDM05/mm/HDM_mm_01-01_02_120.pkl,208
MPI_HDM05/mm/HDM_mm_01-01_02_120.pkl,209
MPI_HDM05/mm/HDM_mm_01-01_02_120.pkl,210
MPI_HDM05/mm/HDM_mm_01-01_02_120.pkl,211
MPI_HDM05/mm/HDM_mm_01-01_02_120.pkl,212
MPI_HDM05/mm/HDM_mm_01-01_02_120.pkl,213
MPI_HDM05/mm/HDM_mm_01-01_02_120.pkl,214
MPI_HDM05/mm/HDM_mm_01-01_02_120.pkl,960
MPI_HDM05/mm/HDM_mm_01-01_02_120.pkl,961
MPI_HDM05/mm/HDM_mm_01-01_02_120.pkl,962
MPI_HDM05/mm/HDM_mm_01-01_02_120.pkl,963
MPI_HDM05/mm/HDM_mm_01-01_02_120.pkl,964
MPI_HDM05/mm/HDM_mm_01-01_02_120.pkl,965
MPI_HDM05/mm/HDM_mm_01-01_02_120.pkl,966
MPI_HDM05/mm/HDM_mm_01-01_02_120.pkl,967
MPI_HDM05/mm/HDM_mm_01-01_02_120.pkl,968
MPI_HDM05/mm/HDM_mm_01-01_02_120.pkl,969
MPI_HDM05/mm/HDM_mm_01-01_02_120.pkl,970
MPI_HDM05/mm/HDM_mm_01-01_02_120.pkl,971
MPI_HDM05/mm/HDM_mm_01-01_02_120.pkl,972
MPI_HDM05/mm/HDM_mm_01-01_02_120.pkl,973
MPI_HDM05/mm/HDM_mm_01-01_02_120.pkl,974
MPI_HDM05/mm/HDM_mm_01-01_02_120.pkl,975
MPI_HDM05/mm/HDM_mm_01-01_02_120.pkl,976
MPI_HDM05/mm/HDM_mm_01-01_02_120.pkl,977
MPI_HDM05/mm/HDM_mm_01-03_01_120.pkl,185
MPI_HDM05/mm/HDM_mm_01-03_01_120.pkl,186
MPI_HDM05/mm/HDM_mm_01-03_01_120.pkl,187
MPI_HDM05/mm/HDM_mm_01-03_01_120.pkl,188
MPI_HDM05/mm/HDM_mm_01-03_01_120.pkl,189
MPI_HDM05/mm/HDM_mm_01-03_01_120.pkl,190
MPI_HDM05/mm/HDM_mm_01-03_01_120.pkl,191
MPI_HDM05/mm/HDM_mm_01-03_01_120.pkl,192
MPI_HDM05/mm/HDM_mm_01-03_01_120.pkl,193
MPI_HDM05/mm/HDM_mm_01-03_01_120.pkl,194
MPI_HDM05/mm/HDM_mm_01-03_01_120.pkl,195
MPI_HDM05/mm/HDM_mm_01-03_01_120.pkl,196
MPI_HDM05/mm/HDM_mm_01-03_01_120.pkl,197
MPI_HDM05/mm/HDM_mm_01-03_01_120.pkl,198
MPI_HDM05/mm/HDM_mm_01-03_01_120.pkl,199
MPI_HDM05/mm/HDM_mm_01-03_01_120.pkl,200
MPI_HDM05/mm/HDM_mm_01-03_01_120.pkl,201
MPI_HDM05/mm/HDM_mm_01-03_01_120.pkl,202
MPI_HDM05/mm/HDM_mm_01-03_01_120.pkl,203
MPI_HDM05/mm/HDM_mm_01-03_01_120.pkl,204
MPI_HDM05/mm/HDM_mm_01-03_01_120.pkl,205
MPI_HDM05/mm/HDM_mm_01-03_01_120.pkl,206
MPI_HDM05/mm/HDM_mm_01-03_01_120.pkl,207
MPI_HDM05/mm/HDM_mm_01-03_01_120.pkl,208
MPI_HDM05/mm/HDM_mm_01-03_01_120.pkl,209
MPI_HDM05/mm/HDM_mm_01-03_01_120.pkl,210
MPI_HDM05/mm/HDM_mm_01-03_01_120.pkl,211
MPI_HDM05/mm/HDM_mm_01-03_01_120.pkl,212
MPI_HDM05/mm/HDM_mm_01-03_01_120.pkl,213
MPI_HDM05/mm/HDM_mm_01-03_01_120.pkl,318
MPI_HDM05/mm/HDM_mm_01-03_01_120.pkl,319
MPI_HDM05/mm/HDM_mm_01-03_01_120.pkl,320
MPI_HDM05/mm/HDM_mm_01-03_01_120.pkl,321
MPI_HDM05/mm/HDM_mm_01-03_01_120.pkl,322
MPI_HDM05/mm/HDM_mm_01-03_01_120.pkl,323
MPI_HDM05/mm/HDM_mm_01-03_01_120.pkl,324
MPI_HDM05/mm/HDM_mm_01-03_01_120.pkl,325
MPI_HDM05/mm/HDM_mm_01-03_01_120.pkl,559
MPI_HDM05/mm/HDM_mm_01-03_01_120.pkl,560
MPI_HDM05/mm/HDM_mm_01-03_01_120.pkl,561
MPI_HDM05/mm/HDM_mm_01-03_01_120.pkl,562
MPI_HDM05/mm/HDM_mm_01-03_01_120.pkl,563
MPI_HDM05/mm/HDM_mm_01-03_01_120.pkl,564
MPI_HDM05/mm/HDM_mm_01-03_01_120.pkl,565
MPI_HDM05/mm/HDM_mm_01-03_01_120.pkl,566
MPI_HDM05/mm/HDM_mm_01-03_01_120.pkl,567
MPI_HDM05/mm/HDM_mm_01-03_01_120.pkl,568
MPI_HDM05/mm/HDM_mm_01-03_01_120.pkl,569
MPI_HDM05/mm/HDM_mm_01-03_01_120.pkl,570
MPI_HDM05/mm/HDM_mm_01-03_01_120.pkl,571
MPI_HDM05/mm/HDM_mm_01-03_01_120.pkl,572
MPI_HDM05/mm/HDM_mm_01-03_01_120.pkl,573
MPI_HDM05/mm/HDM_mm_01-03_01_120.pkl,574
MPI_HDM05/mm/HDM_mm_01-03_01_120.pkl,575
MPI_HDM05/mm/HDM_mm_01-03_01_120.pkl,576
MPI_HDM05/mm/HDM_mm_01-03_01_120.pkl,577
MPI_HDM05/mm/HDM_mm_01-03_03_120.pkl,187
MPI_HDM05/mm/HDM_mm_01-03_03_120.pkl,188
MPI_HDM05/mm/HDM_mm_01-03_03_120.pkl,189
MPI_HDM05/mm/HDM_mm_01-03_03_120.pkl,190
MPI_HDM05/mm/HDM_mm_01-03_03_120.pkl,191
MPI_HDM05/mm/HDM_mm_01-03_03_120.pkl,192
MPI_HDM05/mm/HDM_mm_01-03_03_120.pkl,193
MPI_HDM05/mm/HDM_mm_01-03_03_120.pkl,194
MPI_HDM05/mm/HDM_mm_01-03_03_120.pkl,195
MPI_HDM05/mm/HDM_mm_01-03_03_120.pkl,196
MPI_HDM05/mm/HDM_mm_01-03_03_120.pkl,197
MPI_HDM05/mm/HDM_mm_01-03_03_120.pkl,305
MPI_HDM05/mm/HDM_mm_01-03_03_120.pkl,306
MPI_HDM05/mm/HDM_mm_01-03_03_120.pkl,307
MPI_HDM05/mm/HDM_mm_01-03_03_120.pkl,308
MPI_HDM05/mm/HDM_mm_01-03_03_120.pkl,309
MPI_HDM05/mm/HDM_mm_01-03_03_120.pkl,310
MPI_HDM05/mm/HDM_mm_01-03_03_120.pkl,311
MPI_HDM05/mm/HDM_mm_01-03_03_120.pkl,312
MPI_HDM05/mm/HDM_mm_01-03_03_120.pkl,313
MPI_HDM05/mm/HDM_mm_01-03_03_120.pkl,314
MPI_HDM05/mm/HDM_mm_01-03_03_120.pkl,315
MPI_HDM05/mm/HDM_mm_01-03_03_120.pkl,316
MPI_HDM05/mm/HDM_mm_01-03_03_120.pkl,409
MPI_HDM05/mm/HDM_mm_01-03_03_120.pkl,410
MPI_HDM05/mm/HDM_mm_01-03_03_120.pkl,411
MPI_HDM05/mm/HDM_mm_01-03_03_120.pkl,412
MPI_HDM05/mm/HDM_mm_01-03_03_120.pkl,413
MPI_HDM05/mm/HDM_mm_01-03_03_120.pkl,414
MPI_HDM05/mm/HDM_mm_01-03_03_120.pkl,415
MPI_HDM05/mm/HDM_mm_01-03_03_120.pkl,416
MPI_HDM05/mm/HDM_mm_01-03_03_120.pkl,417
MPI_HDM05/mm/HDM_mm_01-03_03_120.pkl,418
MPI_HDM05/mm/HDM_mm_01-03_03_120.pkl,419
MPI_HDM05/mm/HDM_mm_01-03_03_120.pkl,420
MPI_HDM05/mm/HDM_mm_01-03_03_120.pkl,421
MPI_HDM05/mm/HDM_mm_01-03_03_120.pkl,422
MPI_HDM05/mm/HDM_mm_01-03_03_120.pkl,423
MPI_HDM05/mm/HDM_mm_01-03_03_120.pkl,424
MPI_HDM05/mm/HDM_mm_01-03_03_120.pkl,425
MPI_HDM05/mm/HDM_mm_01-03_03_120.pkl,426
MPI_HDM05/mm/HDM_mm_01-03_03_120.pkl,527
MPI_HDM05/mm/HDM_mm_01-03_03_120.pkl,528
MPI_HDM05/mm/HDM_mm_01-03_03_120.pkl,529
MPI_HDM05/mm/HDM_mm_01-03_03_120.pkl,530
MPI_HDM05/mm/HDM_mm_01-03_03_120.pkl,531
MPI_HDM05/mm/HDM_mm_01-03_03_120.pkl,532
MPI_HDM05/mm/HDM_mm_01-03_03_120.pkl,533
MPI_HDM05/mm/HDM_mm_01-03_03_120.pkl,534
MPI_HDM05/mm/HDM_mm_01-03_03_120.pkl,535
MPI_HDM05/mm/HDM_mm_01-03_03_120.pkl,536
MPI_HDM05/mm/HDM_mm_01-03_03_120.pkl,537
MPI_HDM05/mm/HDM_mm_02-02_02_120.pkl,78
MPI_HDM05/mm/HDM_mm_02-02_02_120.pkl,321
MPI_HDM05/mm/HDM_mm_02-02_02_120.pkl,322
MPI_HDM05/mm/HDM_mm_02-02_02_120.pkl,323
MPI_HDM05/mm/HDM_mm_02-02_02_120.pkl,324
MPI_HDM05/mm/HDM_mm_02-02_02_120.pkl,325
MPI_HDM05/mm/HDM_mm_02-02_02_120.pkl,326
MPI_HDM05/mm/HDM_mm_02-02_02_120.pkl,327
MPI_HDM05/mm/HDM_mm_02-02_02_120.pkl,328
MPI_HDM05/mm/HDM_mm_02-02_02_120.pkl,329
MPI_HDM05/mm/HDM_mm_02-02_02_120.pkl,491
MPI_HDM05/mm/HDM_mm_02-02_02_120.pkl,492
MPI_HDM05/mm/HDM_mm_02-02_02_120.pkl,493
MPI_HDM05/mm/HDM_mm_02-02_02_120.pkl,494
MPI_HDM05/mm/HDM_mm_02-02_02_120.pkl,495
MPI_HDM05/mm/HDM_mm_02-02_02_120.pkl,496
MPI_HDM05/mm/HDM_mm_02-02_02_120.pkl,497
MPI_HDM05/mm/HDM_mm_02-02_02_120.pkl,498
MPI_HDM05/mm/HDM_mm_02-02_02_120.pkl,499
MPI_HDM05/mm/HDM_mm_02-02_02_120.pkl,500
MPI_HDM05/mm/HDM_mm_02-02_02_120.pkl,501
MPI_HDM05/mm/HDM_mm_02-02_02_120.pkl,502
MPI_HDM05/mm/HDM_mm_02-02_02_120.pkl,503
MPI_HDM05/mm/HDM_mm_02-02_02_120.pkl,504
MPI_HDM05/mm/HDM_mm_02-02_02_120.pkl,505
MPI_HDM05/mm/HDM_mm_02-02_02_120.pkl,506
MPI_HDM05/mm/HDM_mm_02-02_02_120.pkl,507
MPI_HDM05/mm/HDM_mm_02-02_02_120.pkl,566
MPI_HDM05/mm/HDM_mm_02-02_02_120.pkl,567
MPI_HDM05/mm/HDM_mm_02-02_02_120.pkl,568
MPI_HDM05/mm/HDM_mm_02-02_02_120.pkl,569
MPI_HDM05/mm/HDM_mm_02-02_02_120.pkl,570
MPI_HDM05/mm/HDM_mm_02-02_02_120.pkl,571
MPI_HDM05/mm/HDM_mm_02-02_02_120.pkl,572
MPI_HDM05/mm/HDM_mm_02-02_02_120.pkl,573
MPI_HDM05/mm/HDM_mm_02-02_02_120.pkl,574
MPI_HDM05/mm/HDM_mm_02-02_02_120.pkl,575
MPI_HDM05/mm/HDM_mm_02-02_02_120.pkl,576
MPI_HDM05/mm/HDM_mm_02-02_02_120.pkl,577
MPI_HDM05/mm/HDM_mm_02-02_02_120.pkl,578
MPI_HDM05/mm/HDM_mm_02-02_02_120.pkl,579
MPI_HDM05/mm/HDM_mm_02-02_02_120.pkl,754
MPI_HDM05/mm/HDM_mm_02-02_02_120.pkl,755
MPI_HDM05/mm/HDM_mm_02-02_02_120.pkl,756
MPI_HDM05/mm/HDM_mm_02-02_02_120.pkl,757
MPI_HDM05/mm/HDM_mm_02-02_02_120.pkl,758
MPI_HDM05/mm/HDM_mm_02-02_02_120.pkl,759
MPI_HDM05/mm/HDM_mm_02-02_02_120.pkl,760
MPI_HDM05/mm/HDM_mm_02-02_02_120.pkl,761
MPI_HDM05/mm/HDM_mm_02-02_02_120.pkl,762
MPI_HDM05/mm/HDM_mm_02-02_02_120.pkl,763
MPI_HDM05/mm/HDM_mm_02-02_02_120.pkl,764
MPI_HDM05/mm/HDM_mm_02-02_02_120.pkl,765
MPI_HDM05/mm/HDM_mm_02-02_02_120.pkl,766
MPI_HDM05/mm/HDM_mm_02-02_02_120.pkl,767
MPI_HDM05/mm/HDM_mm_02-02_02_120.pkl,768
MPI_HDM05/mm/HDM_mm_02-02_02_120.pkl,1018
MPI_HDM05/mm/HDM_mm_02-02_02_120.pkl,1019
MPI_HDM05/mm/HDM_mm_02-02_02_120.pkl,1020
MPI_HDM05/mm/HDM_mm_02-02_02_120.pkl,1021
MPI_HDM05/mm/HDM_mm_02-02_02_120.pkl,1022
MPI_HDM05/mm/HDM_mm_02-02_02_120.pkl,1023
MPI_HDM05/mm/HDM_mm_02-02_02_120.pkl,1024
MPI_HDM05/mm/HDM_mm_02-02_02_120.pkl,1025
MPI_HDM05/mm/HDM_mm_02-02_02_120.pkl,1026
MPI_HDM05/mm/HDM_mm_02-02_02_120.pkl,1027
MPI_HDM05/mm/HDM_mm_02-02_02_120.pkl,1028
MPI_HDM05/mm/HDM_mm_02-02_02_120.pkl,1029
MPI_HDM05/mm/HDM_mm_02-02_02_120.pkl,1030
MPI_HDM05/mm/HDM_mm_02-02_02_120.pkl,1031
MPI_HDM05/mm/HDM_mm_02-02_02_120.pkl,1032
MPI_HDM05/mm/HDM_mm_02-02_02_120.pkl,1033
MPI_HDM05/mm/HDM_mm_02-02_02_120.pkl,1034
MPI_HDM05/mm/HDM_mm_02-02_02_120.pkl,1035
MPI_HDM05/mm/HDM_mm_02-02_02_120.pkl,1036
MPI_HDM05/mm/HDM_mm_02-02_02_120.pkl,1101
MPI_HDM05/mm/HDM_mm_02-02_02_120.pkl,1102
MPI_HDM05/mm/HDM_mm_02-02_02_120.pkl,1103
MPI_HDM05/mm/HDM_mm_02-02_02_120.pkl,1104
MPI_HDM05/mm/HDM_mm_02-02_02_120.pkl,1105
MPI_HDM05/mm/HDM_mm_02-02_02_120.pkl,1106
MPI_HDM05/mm/HDM_mm_02-02_02_120.pkl,1107
MPI_HDM05/mm/HDM_mm_02-02_02_120.pkl,1108
MPI_HDM05/mm/HDM_mm_02-02_02_120.pkl,1109
MPI_HDM05/mm/HDM_mm_02-02_02_120.pkl,1110
MPI_HDM05/mm/HDM_mm_02-02_02_120.pkl,1111
MPI_HDM05/mm/HDM_mm_02-02_02_120.pkl,1112
MPI_HDM05/mm/HDM_mm_02-02_02_120.pkl,1113
MPI_HDM05/mm/HDM_mm_02-02_02_120.pkl,1114
MPI_HDM05/mm/HDM_mm_02-02_02_120.pkl,1115
MPI_HDM05/mm/HDM_mm_02-02_02_120.pkl,1116
MPI_HDM05/tr/HDM_tr_01-03_02_120.pkl,89
MPI_HDM05/tr/HDM_tr_01-03_02_120.pkl,90
MPI_HDM05/tr/HDM_tr_01-03_02_120.pkl,91
MPI_HDM05/tr/HDM_tr_01-03_02_120.pkl,92
MPI_HDM05/tr/HDM_tr_01-03_02_120.pkl,93
MPI_HDM05/tr/HDM_tr_01-03_02_120.pkl,94
MPI_HDM05/tr/HDM_tr_01-03_02_120.pkl,95
MPI_HDM05/tr/HDM_tr_01-03_02_120.pkl,96
MPI_HDM05/tr/HDM_tr_01-03_02_120.pkl,97
MPI_HDM05/tr/HDM_tr_01-03_02_120.pkl,216
MPI_HDM05/tr/HDM_tr_01-03_02_120.pkl,217
MPI_HDM05/tr/HDM_tr_01-03_02_120.pkl,218
MPI_HDM05/tr/HDM_tr_01-03_02_120.pkl,219
MPI_HDM05/tr/HDM_tr_01-03_02_120.pkl,220
MPI_HDM05/tr/HDM_tr_01-03_02_120.pkl,221
MPI_HDM05/tr/HDM_tr_01-03_02_120.pkl,222
MPI_HDM05/tr/HDM_tr_01-03_02_120.pkl,223
MPI_HDM05/tr/HDM_tr_01-03_02_120.pkl,224
MPI_HDM05/tr/HDM_tr_01-03_02_120.pkl,225
MPI_HDM05/tr/HDM_tr_01-03_02_120.pkl,226
MPI_HDM05/tr/HDM_tr_01-03_02_120.pkl,227
MPI_HDM05/tr/HDM_tr_01-03_02_120.pkl,228
MPI_HDM05/tr/HDM_tr_01-03_02_120.pkl,229
MPI_HDM05/tr/HDM_tr_01-03_02_120.pkl,230
MPI_HDM05/tr/HDM_tr_01-03_02_120.pkl,231
MPI_HDM05/tr/HDM_tr_01-03_02_120.pkl,232
MPI_HDM05/tr/HDM_tr_01-03_02_120.pkl,233
MPI_HDM05/tr/HDM_tr_01-03_02_120.pkl,234
MPI_HDM05/tr/HDM_tr_01-03_02_120.pkl,345
MPI_HDM05/tr/HDM_tr_01-03_02_120.pkl,346
MPI_HDM05/tr/HDM_tr_01-03_02_120.pkl,347
MPI_HDM05/tr/HDM_tr_01-03_02_120.pkl,348
MPI_HDM05/tr/HDM_tr_01-03_02_120.pkl,349
MPI_HDM05/tr/HDM_tr_01-03_02_120.pkl,350
MPI_HDM05/tr/HDM_tr_01-03_02_120.pkl,351
MPI_HDM05/tr/HDM_tr_01-03_02_120.pkl,352
MPI_HDM05/tr/HDM_tr_01-03_02_120.pkl,353
MPI_HDM05/tr/HDM_tr_01-03_02_120.pkl,354
MPI_HDM05/tr/HDM_tr_01-03_02_120.pkl,355
MPI_HDM05/tr/HDM_tr_01-03_02_120.pkl,356
MPI_HDM05/tr/HDM_tr_01-03_02_120.pkl,357
MPI_HDM05/tr/HDM_tr_01-03_02_120.pkl,358
MPI_HDM05/tr/HDM_tr_01-03_02_120.pkl,359
MPI_HDM05/tr/HDM_tr_01-03_02_120.pkl,455
MPI_HDM05/tr/HDM_tr_01-03_02_120.pkl,456
MPI_HDM05/tr/HDM_tr_01-03_02_120.pkl,457
MPI_HDM05/tr/HDM_tr_01-03_02_120.pkl,458
MPI_HDM05/tr/HDM_tr_01-03_02_120.pkl,459
MPI_HDM05/tr/HDM_tr_01-03_02_120.pkl,460
MPI_HDM05/tr/HDM_tr_01-03_02_120.pkl,461
MPI_HDM05/tr/HDM_tr_01-03_02_120.pkl,462
MPI_HDM05/tr/HDM_tr_01-03_02_120.pkl,463
MPI_HDM05/tr/HDM_tr_01-03_02_120.pkl,464
MPI_HDM05/tr/HDM_tr_01-03_02_120.pkl,465
MPI_HDM05/tr/HDM_tr_01-03_02_120.pkl,466
MPI_HDM05/tr/HDM_tr_01-03_02_120.pkl,467
MPI_HDM05/tr/HDM_tr_01-03_02_120.pkl,564
MPI_HDM05/tr/HDM_tr_01-03_02_120.pkl,565
MPI_HDM05/tr/HDM_tr_01-03_02_120.pkl,566
MPI_HDM05/tr/HDM_tr_01-03_02_120.pkl,567
MPI_HDM05/tr/HDM_tr_01-03_02_120.pkl,568
MPI_HDM05/tr/HDM_tr_01-03_02_120.pkl,569
MPI_HDM05/tr/HDM_tr_01-03_02_120.pkl,570
MPI_HDM05/tr/HDM_tr_01-03_02_120.pkl,571
MPI_HDM05/tr/HDM_tr_01-03_02_120.pkl,572
MPI_HDM05/tr/HDM_tr_01-03_02_120.pkl,573
MPI_HDM05/tr/HDM_tr_01-03_02_120.pkl,656
MPI_HDM05/tr/HDM_tr_01-03_02_120.pkl,657
MPI_HDM05/tr/HDM_tr_01-03_02_120.pkl,658
MPI_HDM05/tr/HDM_tr_01-03_02_120.pkl,659
MPI_HDM05/tr/HDM_tr_01-03_02_120.pkl,660
MPI_HDM05/tr/HDM_tr_01-03_02_120.pkl,661
MPI_HDM05/tr/HDM_tr_01-03_02_120.pkl,662
MPI_HDM05/tr/HDM_tr_01-03_02_120.pkl,663
MPI_HDM05/tr/HDM_tr_01-03_02_120.pkl,664
MPI_HDM05/tr/HDM_tr_01-03_02_120.pkl,665
MPI_HDM05/tr/HDM_tr_01-03_02_120.pkl,666
MPI_HDM05/tr/HDM_tr_01-03_02_120.pkl,667
MPI_HDM05/tr/HDM_tr_01-03_02_120.pkl,668
MPI_HDM05/tr/HDM_tr_01-03_04_120.pkl,86
MPI_HDM05/tr/HDM_tr_01-03_04_120.pkl,87
MPI_HDM05/tr/HDM_tr_01-03_04_120.pkl,88
MPI_HDM05/tr/HDM_tr_01-03_04_120.pkl,89
MPI_HDM05/tr/HDM_tr_01-03_04_120.pkl,90
MPI_HDM05/tr/HDM_tr_01-03_04_120.pkl,91
MPI_HDM05/tr/HDM_tr_01-03_04_120.pkl,190
MPI_HDM05/tr/HDM_tr_01-03_04_120.pkl,191
MPI_HDM05/tr/HDM_tr_01-03_04_120.pkl,192
MPI_HDM05/tr/HDM_tr_01-03_04_120.pkl,193
MPI_HDM05/tr/HDM_tr_01-03_04_120.pkl,194
MPI_HDM05/tr/HDM_tr_01-03_04_120.pkl,195
MPI_HDM05/tr/HDM_tr_01-03_04_120.pkl,196
MPI_HDM05/tr/HDM_tr_01-03_04_120.pkl,197
MPI_HDM05/tr/HDM_tr_01-03_04_120.pkl,198
MPI_HDM05/tr/HDM_tr_01-03_04_120.pkl,199
MPI_HDM05/tr/HDM_tr_01-03_04_120.pkl,200
MPI_HDM05/tr/HDM_tr_01-03_04_120.pkl,201
MPI_HDM05/tr/HDM_tr_01-03_04_120.pkl,202
MPI_HDM05/tr/HDM_tr_01-03_04_120.pkl,203
MPI_HDM05/tr/HDM_tr_01-03_04_120.pkl,204
MPI_HDM05/tr/HDM_tr_01-03_04_120.pkl,205
MPI_HDM05/tr/HDM_tr_01-03_04_120.pkl,206
MPI_HDM05/tr/HDM_tr_01-03_04_120.pkl,207
MPI_HDM05/tr/HDM_tr_01-03_04_120.pkl,208
MPI_HDM05/tr/HDM_tr_01-03_04_120.pkl,412
MPI_HDM05/tr/HDM_tr_01-03_04_120.pkl,413
MPI_HDM05/tr/HDM_tr_01-03_04_120.pkl,414
MPI_HDM05/tr/HDM_tr_01-03_04_120.pkl,415
MPI_HDM05/tr/HDM_tr_01-03_04_120.pkl,416
MPI_HDM05/tr/HDM_tr_01-03_04_120.pkl,417
MPI_HDM05/tr/HDM_tr_01-03_04_120.pkl,418
MPI_HDM05/tr/HDM_tr_01-03_04_120.pkl,419
MPI_HDM05/tr/HDM_tr_01-03_04_120.pkl,420
MPI_HDM05/tr/HDM_tr_01-03_04_120.pkl,421
MPI_HDM05/tr/HDM_tr_01-03_04_120.pkl,422
MPI_HDM05/tr/HDM_tr_01-03_04_120.pkl,532
MPI_HDM05/tr/HDM_tr_01-03_04_120.pkl,533
MPI_HDM05/tr/HDM_tr_01-03_04_120.pkl,534
MPI_HDM05/tr/HDM_tr_01-03_04_120.pkl,535
MPI_HDM05/tr/HDM_tr_01-03_04_120.pkl,536
MPI_HDM05/tr/HDM_tr_01-03_04_120.pkl,537
MPI_HDM05/tr/HDM_tr_01-03_04_120.pkl,538
MPI_HDM05/tr/HDM_tr_01-03_04_120.pkl,539
MPI_HDM05/tr/HDM_tr_01-03_04_120.pkl,540
MPI_HDM05/tr/HDM_tr_01-03_04_120.pkl,541
MPI_HDM05/tr/HDM_tr_01-03_04_120.pkl,542
MPI_HDM05/tr/HDM_tr_01-03_04_120.pkl,543
MPI_HDM05/tr/HDM_tr_01-03_04_120.pkl,544
MPI_HDM05/tr/HDM_tr_01-03_04_120.pkl,545
MPI_HDM05/tr/HDM_tr_01-03_04_120.pkl,546
MPI_HDM05/tr/HDM_tr_01-03_04_120.pkl,638
MPI_HDM05/tr/HDM_tr_01-03_04_120.pkl,639
MPI_HDM05/tr/HDM_tr_01-03_04_120.pkl,640
MPI_HDM05/tr/HDM_tr_01-03_04_120.pkl,641
MPI_HDM05/tr/HDM_tr_01-03_04_120.pkl,642
MPI_HDM05/tr/HDM_tr_01-03_04_120.pkl,643
MPI_HDM05/tr/HDM_tr_01-03_04_120.pkl,644
MPI_HDM05/tr/HDM_tr_01-03_04_120.pkl,645
MPI_HDM05/tr/HDM_tr_01-03_04_120.pkl,646
MPI_HDM05/tr/HDM_tr_01-03_04_120.pkl,647
MPI_HDM05/tr/HDM_tr_01-04_01_120.pkl,198
MPI_HDM05/tr/HDM_tr_01-04_01_120.pkl,199
MPI_HDM05/tr/HDM_tr_01-04_01_120.pkl,200
MPI_HDM05/tr/HDM_tr_01-04_01_120.pkl,201
MPI_HDM05/tr/HDM_tr_01-04_01_120.pkl,202
MPI_HDM05/tr/HDM_tr_01-04_01_120.pkl,203
MPI_HDM05/tr/HDM_tr_01-04_01_120.pkl,204
MPI_HDM05/tr/HDM_tr_01-04_01_120.pkl,205
MPI_HDM05/tr/HDM_tr_01-04_01_120.pkl,206
MPI_HDM05/tr/HDM_tr_01-04_01_120.pkl,207
MPI_HDM05/tr/HDM_tr_01-04_01_120.pkl,208
MPI_HDM05/tr/HDM_tr_01-04_01_120.pkl,209
MPI_HDM05/tr/HDM_tr_01-04_01_120.pkl,210
MPI_HDM05/tr/HDM_tr_01-04_01_120.pkl,211
MPI_HDM05/tr/HDM_tr_01-04_01_120.pkl,212
MPI_HDM05/tr/HDM_tr_01-04_01_120.pkl,213
MPI_HDM05/tr/HDM_tr_01-04_01_120.pkl,214
MPI_HDM05/tr/HDM_tr_01-04_01_120.pkl,215
MPI_HDM05/tr/HDM_tr_01-04_01_120.pkl,316
MPI_HDM05/tr/HDM_tr_01-04_01_120.pkl,317
MPI_HDM05/tr/HDM_tr_01-04_01_120.pkl,318
MPI_HDM05/tr/HDM_tr_01-04_01_120.pkl,319
MPI_HDM05/tr/HDM_tr_01-04_01_120.pkl,320
MPI_HDM05/tr/HDM_tr_01-04_01_120.pkl,321
MPI_HDM05/tr/HDM_tr_01-04_01_120.pkl,322
MPI_HDM05/tr/HDM_tr_01-04_01_120.pkl,323
MPI_HDM05/tr/HDM_tr_01-04_01_120.pkl,324
MPI_HDM05/tr/HDM_tr_01-04_01_120.pkl,325
MPI_HDM05/tr/HDM_tr_01-04_01_120.pkl,479
MPI_HDM05/tr/HDM_tr_01-04_01_120.pkl,480
MPI_HDM05/tr/HDM_tr_01-04_01_120.pkl,481
MPI_HDM05/tr/HDM_tr_01-04_01_120.pkl,482
MPI_HDM05/tr/HDM_tr_01-04_01_120.pkl,483
MPI_HDM05/tr/HDM_tr_01-04_01_120.pkl,484
MPI_HDM05/tr/HDM_tr_01-04_01_120.pkl,485
MPI_HDM05/tr/HDM_tr_01-04_01_120.pkl,486
MPI_HDM05/tr/HDM_tr_01-04_01_120.pkl,487
MPI_HDM05/tr/HDM_tr_01-04_01_120.pkl,488
MPI_HDM05/tr/HDM_tr_01-04_01_120.pkl,489
MPI_HDM05/tr/HDM_tr_01-04_01_120.pkl,490
MPI_HDM05/tr/HDM_tr_01-04_01_120.pkl,491
MPI_HDM05/tr/HDM_tr_01-04_01_120.pkl,492
MPI_HDM05/tr/HDM_tr_01-04_01_120.pkl,493
MPI_HDM05/tr/HDM_tr_01-04_01_120.pkl,494
MPI_HDM05/tr/HDM_tr_01-04_01_120.pkl,495
MPI_HDM05/tr/HDM_tr_01-04_01_120.pkl,939
MPI_HDM05/tr/HDM_tr_01-04_01_120.pkl,940
MPI_HDM05/tr/HDM_tr_01-04_01_120.pkl,941
MPI_HDM05/tr/HDM_tr_01-04_01_120.pkl,942
MPI_HDM05/tr/HDM_tr_01-04_01_120.pkl,943
MPI_HDM05/tr/HDM_tr_01-04_01_120.pkl,944
MPI_HDM05/tr/HDM_tr_01-04_01_120.pkl,945
MPI_HDM05/tr/HDM_tr_01-04_01_120.pkl,946
MPI_HDM05/tr/HDM_tr_01-04_01_120.pkl,947
MPI_HDM05/tr/HDM_tr_01-04_01_120.pkl,948
MPI_HDM05/tr/HDM_tr_01-04_01_120.pkl,949
MPI_HDM05/tr/HDM_tr_01-04_01_120.pkl,950
MPI_HDM05/tr/HDM_tr_01-04_01_120.pkl,951
MPI_HDM05/tr/HDM_tr_01-04_01_120.pkl,952
MPI_HDM05/tr/HDM_tr_01-04_01_120.pkl,953
MPI_HDM05/tr/HDM_tr_01-04_01_120.pkl,954
MPI_HDM05/tr/HDM_tr_01-04_01_120.pkl,955
MPI_HDM05/tr/HDM_tr_01-04_01_120.pkl,956
MPI_HDM05/tr/HDM_tr_01-04_01_120.pkl,957
MPI_HDM05/tr/HDM_tr_01-04_01_120.pkl,958
MPI_HDM05/tr/HDM_tr_01-04_01_120.pkl,959
MPI_HDM05/tr/HDM_tr_01-04_01_120.pkl,960
MPI_HDM05/tr/HDM_tr_01-04_01_120.pkl,1093
MPI_HDM05/tr/HDM_tr_01-04_01_120.pkl,1094
MPI_HDM05/tr/HDM_tr_01-04_01_120.pkl,1095
MPI_HDM05/tr/HDM_tr_01-04_01_120.pkl,1096
MPI_HDM05/tr/HDM_tr_01-04_01_120.pkl,1097
MPI_HDM05/tr/HDM_tr_01-04_01_120.pkl,1098
MPI_HDM05/tr/HDM_tr_01-04_01_120.pkl,1099
MPI_HDM05/tr/HDM_tr_01-04_01_120.pkl,1100
MPI_HDM05/tr/HDM_tr_01-04_01_120.pkl,1101
MPI_HDM05/tr/HDM_tr_01-04_01_120.pkl,1102
MPI_HDM05/tr/HDM_tr_01-04_01_120.pkl,1103
MPI_HDM05/tr/HDM_tr_01-04_01_120.pkl,1104
MPI_HDM05/tr/HDM_tr_01-04_01_120.pkl,1105
MPI_HDM05/tr/HDM_tr_02-01_01_120.pkl,34
MPI_HDM05/tr/HDM_tr_02-01_01_120.pkl,35
MPI_HDM05/tr/HDM_tr_02-01_01_120.pkl,36
MPI_HDM05/tr/HDM_tr_02-01_01_120.pkl,37
MPI_HDM05/tr/HDM_tr_02-01_01_120.pkl,38
MPI_HDM05/tr/HDM_tr_02-01_01_120.pkl,39
MPI_HDM05/tr/HDM_tr_02-01_01_120.pkl,168
MPI_HDM05/tr/HDM_tr_02-01_01_120.pkl,169
MPI_HDM05/tr/HDM_tr_02-01_01_120.pkl,170
MPI_HDM05/tr/HDM_tr_02-01_01_120.pkl,171
MPI_HDM05/tr/HDM_tr_02-01_01_120.pkl,172
MPI_HDM05/tr/HDM_tr_02-01_01_120.pkl,173
MPI_HDM05/tr/HDM_tr_02-01_01_120.pkl,174
MPI_HDM05/tr/HDM_tr_02-01_01_120.pkl,175
MPI_HDM05/tr/HDM_tr_02-01_01_120.pkl,176
MPI_HDM05/tr/HDM_tr_02-01_01_120.pkl,177
MPI_HDM05/tr/HDM_tr_02-01_01_120.pkl,374
MPI_HDM05/tr/HDM_tr_02-01_01_120.pkl,375
MPI_HDM05/tr/HDM_tr_02-01_01_120.pkl,376
MPI_HDM05/tr/HDM_tr_02-01_01_120.pkl,377
MPI_HDM05/tr/HDM_tr_02-01_01_120.pkl,378
MPI_HDM05/tr/HDM_tr_02-01_01_120.pkl,379
MPI_HDM05/tr/HDM_tr_02-01_01_120.pkl,380
MPI_HDM05/tr/HDM_tr_02-01_01_120.pkl,381
MPI_HDM05/tr/HDM_tr_02-01_01_120.pkl,382
MPI_HDM05/tr/HDM_tr_02-01_01_120.pkl,383
MPI_HDM05/tr/HDM_tr_02-01_01_120.pkl,384
MPI_HDM05/tr/HDM_tr_02-01_01_120.pkl,385
MPI_HDM05/tr/HDM_tr_02-01_01_120.pkl,386
MPI_HDM05/tr/HDM_tr_02-01_01_120.pkl,567
MPI_HDM05/tr/HDM_tr_02-01_01_120.pkl,568
MPI_HDM05/tr/HDM_tr_02-01_01_120.pkl,569
MPI_HDM05/tr/HDM_tr_02-01_01_120.pkl,570
MPI_HDM05/tr/HDM_tr_02-01_01_120.pkl,571
MPI_HDM05/tr/HDM_tr_02-01_01_120.pkl,572
MPI_HDM05/tr/HDM_tr_02-01_01_120.pkl,573
MPI_HDM05/tr/HDM_tr_02-01_01_120.pkl,574
MPI_HDM05/tr/HDM_tr_02-01_01_120.pkl,575
MPI_HDM05/tr/HDM_tr_02-01_01_120.pkl,576
MPI_HDM05/tr/HDM_tr_02-01_01_120.pkl,577
MPI_HDM05/tr/HDM_tr_02-01_01_120.pkl,578
MPI_HDM05/tr/HDM_tr_02-01_01_120.pkl,579
MPI_HDM05/tr/HDM_tr_02-01_01_120.pkl,580
MPI_HDM05/tr/HDM_tr_02-01_01_120.pkl,581
MPI_HDM05/tr/HDM_tr_02-01_01_120.pkl,582
MPI_HDM05/tr/HDM_tr_02-01_01_120.pkl,583
MPI_HDM05/tr/HDM_tr_02-01_01_120.pkl,584
MPI_HDM05/tr/HDM_tr_02-01_01_120.pkl,585
MPI_HDM05/tr/HDM_tr_02-01_01_120.pkl,586
MPI_HDM05/tr/HDM_tr_02-01_01_120.pkl,587
MPI_HDM05/tr/HDM_tr_02-01_01_120.pkl,588
MPI_HDM05/tr/HDM_tr_02-01_01_120.pkl,589
MPI_HDM05/tr/HDM_tr_02-01_01_120.pkl,590
MPI_HDM05/tr/HDM_tr_02-01_01_120.pkl,591
MPI_HDM05/tr/HDM_tr_02-01_01_120.pkl,592
MPI_HDM05/tr/HDM_tr_02-01_03_120.pkl,343
MPI_HDM05/tr/HDM_tr_02-01_03_120.pkl,344
MPI_HDM05/tr/HDM_tr_02-01_03_120.pkl,345
MPI_HDM05/tr/HDM_tr_02-01_03_120.pkl,346
MPI_HDM05/tr/HDM_tr_02-01_03_120.pkl,347
MPI_HDM05/tr/HDM_tr_02-01_03_120.pkl,348
MPI_HDM05/tr/HDM_tr_02-01_03_120.pkl,349
MPI_HDM05/tr/HDM_tr_02-01_03_120.pkl,350
MPI_HDM05/tr/HDM_tr_02-01_03_120.pkl,351
MPI_HDM05/tr/HDM_tr_02-01_03_120.pkl,352
MPI_HDM05/tr/HDM_tr_02-01_03_120.pkl,353
MPI_HDM05/tr/HDM_tr_02-01_03_120.pkl,354
MPI_HDM05/tr/HDM_tr_02-01_03_120.pkl,355
MPI_HDM05/tr/HDM_tr_02-01_03_120.pkl,356
MPI_HDM05/tr/HDM_tr_02-01_03_120.pkl,357
MPI_HDM05/tr/HDM_tr_02-01_03_120.pkl,358
MPI_HDM05/tr/HDM_tr_02-01_03_120.pkl,359
MPI_HDM05/tr/HDM_tr_02-01_03_120.pkl,360
MPI_HDM05/tr/HDM_tr_02-01_03_120.pkl,361
MPI_HDM05/tr/HDM_tr_02-01_03_120.pkl,571
MPI_HDM05/tr/HDM_tr_02-01_03_120.pkl,572
MPI_HDM05/tr/HDM_tr_02-01_03_120.pkl,573
MPI_HDM05/tr/HDM_tr_02-01_03_120.pkl,574
MPI_HDM05/tr/HDM_tr_02-01_03_120.pkl,575
MPI_HDM05/tr/HDM_tr_02-01_03_120.pkl,576
MPI_HDM05/tr/HDM_tr_02-01_03_120.pkl,577
MPI_HDM05/tr/HDM_tr_02-01_03_120.pkl,578
MPI_HDM05/tr/HDM_tr_02-02_02_120.pkl,83
MPI_HDM05/tr/HDM_tr_02-02_02_120.pkl,84
MPI_HDM05/tr/HDM_tr_02-02_02_120.pkl,85
MPI_HDM05/tr/HDM_tr_02-02_02_120.pkl,86
MPI_HDM05/tr/HDM_tr_02-02_02_120.pkl,87
MPI_HDM05/tr/HDM_tr_02-02_02_120.pkl,88
MPI_HDM05/tr/HDM_tr_02-02_02_120.pkl,89
MPI_HDM05/tr/HDM_tr_02-02_02_120.pkl,90
MPI_HDM05/tr/HDM_tr_02-02_02_120.pkl,185
MPI_HDM05/tr/HDM_tr_02-02_02_120.pkl,186
MPI_HDM05/tr/HDM_tr_02-02_02_120.pkl,240
MPI_HDM05/tr/HDM_tr_02-02_02_120.pkl,241
MPI_HDM05/tr/HDM_tr_02-02_02_120.pkl,242
MPI_HDM05/tr/HDM_tr_02-02_02_120.pkl,243
MPI_HDM05/tr/HDM_tr_02-02_02_120.pkl,244
MPI_HDM05/tr/HDM_tr_02-02_02_120.pkl,245
MPI_HDM05/tr/HDM_tr_02-02_02_120.pkl,246
MPI_HDM05/tr/HDM_tr_02-02_02_120.pkl,247
MPI_HDM05/tr/HDM_tr_02-02_02_120.pkl,360
MPI_HDM05/tr/HDM_tr_02-02_02_120.pkl,417
MPI_HDM05/tr/HDM_tr_02-02_02_120.pkl,418
MPI_HDM05/tr/HDM_tr_02-02_02_120.pkl,419
MPI_HDM05/tr/HDM_tr_02-02_02_120.pkl,420
MPI_HDM05/tr/HDM_tr_02-02_02_120.pkl,421
MPI_HDM05/tr/HDM_tr_02-02_02_120.pkl,422
MPI_HDM05/tr/HDM_tr_02-02_02_120.pkl,423
MPI_HDM05/tr/HDM_tr_02-02_02_120.pkl,424
MPI_HDM05/tr/HDM_tr_02-02_02_120.pkl,425
MPI_HDM05/tr/HDM_tr_02-02_02_120.pkl,600
MPI_HDM05/tr/HDM_tr_02-02_02_120.pkl,601
MPI_HDM05/tr/HDM_tr_02-02_02_120.pkl,602
MPI_HDM05/tr/HDM_tr_02-02_02_120.pkl,603
MPI_HDM05/tr/HDM_tr_02-02_02_120.pkl,604
MPI_HDM05/tr/HDM_tr_02-02_02_120.pkl,605
MPI_HDM05/tr/HDM_tr_02-02_02_120.pkl,606
MPI_HDM05/tr/HDM_tr_02-02_02_120.pkl,722
MPI_HDM05/tr/HDM_tr_02-02_02_120.pkl,723
MPI_HDM05/tr/HDM_tr_02-02_02_120.pkl,724
MPI_HDM05/tr/HDM_tr_02-02_02_120.pkl,725
MPI_HDM05/tr/HDM_tr_02-02_02_120.pkl,726
MPI_HDM05/tr/HDM_tr_02-02_02_120.pkl,727
MPI_HDM05/tr/HDM_tr_02-02_02_120.pkl,728
MPI_HDM05/tr/HDM_tr_02-02_02_120.pkl,729
MPI_HDM05/tr/HDM_tr_02-02_02_120.pkl,730
MPI_HDM05/tr/HDM_tr_02-02_02_120.pkl,792
MPI_HDM05/tr/HDM_tr_02-02_02_120.pkl,793
MPI_HDM05/tr/HDM_tr_02-02_02_120.pkl,794
MPI_HDM05/tr/HDM_tr_02-02_02_120.pkl,795
MPI_HDM05/tr/HDM_tr_02-02_02_120.pkl,796
MPI_HDM05/tr/HDM_tr_02-02_02_120.pkl,797
MPI_HDM05/tr/HDM_tr_02-02_02_120.pkl,798
MPI_HDM05/tr/HDM_tr_02-02_02_120.pkl,799
MPI_HDM05/tr/HDM_tr_02-02_02_120.pkl,986
MPI_HDM05/tr/HDM_tr_02-02_02_120.pkl,987
MPI_HDM05/tr/HDM_tr_02-02_02_120.pkl,988
MPI_HDM05/tr/HDM_tr_02-02_02_120.pkl,989
MPI_HDM05/tr/HDM_tr_02-02_02_120.pkl,990
MPI_HDM05/tr/HDM_tr_02-02_02_120.pkl,991
MPI_HDM05/tr/HDM_tr_02-02_02_120.pkl,992
MPI_HDM05/tr/HDM_tr_02-02_02_120.pkl,993
MPI_HDM05/tr/HDM_tr_02-02_02_120.pkl,994
MPI_HDM05/tr/HDM_tr_02-02_02_120.pkl,995
MPI_HDM05/tr/HDM_tr_02-02_02_120.pkl,996
MPI_HDM05/tr/HDM_tr_02-02_02_120.pkl,997
MPI_HDM05/tr/HDM_tr_02-02_02_120.pkl,998
MPI_HDM05/tr/HDM_tr_02-02_02_120.pkl,999
MPI_HDM05/tr/HDM_tr_02-02_02_120.pkl,1101
MPI_HDM05/tr/HDM_tr_02-02_02_120.pkl,1102
MPI_HDM05/tr/HDM_tr_02-02_02_120.pkl,1103
MPI_HDM05/tr/HDM_tr_02-02_02_120.pkl,1104
MPI_HDM05/tr/HDM_tr_02-02_02_120.pkl,1105
MPI_HDM05/tr/HDM_tr_02-02_02_120.pkl,1106
MPI_HDM05/tr/HDM_tr_02-02_02_120.pkl,1107
MPI_HDM05/tr/HDM_tr_02-02_02_120.pkl,1108
MPI_HDM05/tr/HDM_tr_02-02_04_120.pkl,69
MPI_HDM05/tr/HDM_tr_02-02_04_120.pkl,70
MPI_HDM05/tr/HDM_tr_02-02_04_120.pkl,223
MPI_HDM05/tr/HDM_tr_02-02_04_120.pkl,224
MPI_HDM05/tr/HDM_tr_02-02_04_120.pkl,374
MPI_HDM05/tr/HDM_tr_02-02_04_120.pkl,375
MPI_HDM05/tr/HDM_tr_02-02_04_120.pkl,376
MPI_HDM05/tr/HDM_tr_02-02_04_120.pkl,377
MPI_HDM05/tr/HDM_tr_02-02_04_120.pkl,378
MPI_HDM05/tr/HDM_tr_02-02_04_120.pkl,379
MPI_HDM05/tr/HDM_tr_02-02_04_120.pkl,380
MPI_HDM05/tr/HDM_tr_02-02_04_120.pkl,381
MPI_HDM05/tr/HDM_tr_02-02_04_120.pkl,382
MPI_HDM05/tr/HDM_tr_02-02_04_120.pkl,383
MPI_HDM05/tr/HDM_tr_02-02_04_120.pkl,541
MPI_HDM05/tr/HDM_tr_02-02_04_120.pkl,542
MPI_HDM05/tr/HDM_tr_02-02_04_120.pkl,644
MPI_HDM05/tr/HDM_tr_02-02_04_120.pkl,645
MPI_HDM05/tr/HDM_tr_02-02_04_120.pkl,646
MPI_HDM05/tr/HDM_tr_02-02_04_120.pkl,647
MPI_HDM05/tr/HDM_tr_02-02_04_120.pkl,648
MPI_HDM05/tr/HDM_tr_02-02_04_120.pkl,649
MPI_HDM05/tr/HDM_tr_02-02_04_120.pkl,650
MPI_HDM05/tr/HDM_tr_02-02_04_120.pkl,651
MPI_HDM05/tr/HDM_tr_02-02_04_120.pkl,715
MPI_HDM05/tr/HDM_tr_02-02_04_120.pkl,716
MPI_HDM05/tr/HDM_tr_02-02_04_120.pkl,717
MPI_HDM05/tr/HDM_tr_02-02_04_120.pkl,718
MPI_HDM05/tr/HDM_tr_02-02_04_120.pkl,719
MPI_HDM05/tr/HDM_tr_02-02_04_120.pkl,720
MPI_HDM05/tr/HDM_tr_02-02_04_120.pkl,721
MPI_HDM05/tr/HDM_tr_02-02_04_120.pkl,722
MPI_HDM05/tr/HDM_tr_02-02_04_120.pkl,725
MPI_HDM05/tr/HDM_tr_02-02_04_120.pkl,726
MPI_HDM05/tr/HDM_tr_02-02_04_120.pkl,908
MPI_HDM05/tr/HDM_tr_02-02_04_120.pkl,909
MPI_HDM05/tr/HDM_tr_02-02_04_120.pkl,910
MPI_HDM05/tr/HDM_tr_02-02_04_120.pkl,911
MPI_HDM05/tr/HDM_tr_02-02_04_120.pkl,1024
MPI_HDM05/tr/HDM_tr_02-02_04_120.pkl,1025
MPI_HDM05/tr/HDM_tr_02-02_04_120.pkl,1026
MPI_HDM05/tr/HDM_tr_02-02_04_120.pkl,1027
MPI_HDM05/tr/HDM_tr_02-02_04_120.pkl,1028
MPI_HDM05/tr/HDM_tr_02-02_04_120.pkl,1029
MPI_HDM05/tr/HDM_tr_02-02_04_120.pkl,1030
MPI_HDM05/tr/HDM_tr_03-04_02_120.pkl,1304
MPI_HDM05/tr/HDM_tr_03-04_02_120.pkl,1305
MPI_HDM05/tr/HDM_tr_03-04_02_120.pkl,1306
MPI_HDM05/tr/HDM_tr_03-04_02_120.pkl,1307
MPI_HDM05/tr/HDM_tr_03-04_02_120.pkl,1308
MPI_HDM05/tr/HDM_tr_05-03_04_120.pkl,183
MPI_HDM05/tr/HDM_tr_05-03_04_120.pkl,184
MPI_HDM05/tr/HDM_tr_05-03_04_120.pkl,185
MPI_HDM05/tr/HDM_tr_05-03_04_120.pkl,186
MPI_HDM05/tr/HDM_tr_05-03_04_120.pkl,187
MPI_HDM05/tr/HDM_tr_05-03_04_120.pkl,188
MPI_HDM05/tr/HDM_tr_05-03_04_120.pkl,189
MPI_HDM05/tr/HDM_tr_05-03_04_120.pkl,190
MPI_HDM05/tr/HDM_tr_05-03_04_120.pkl,191
MPI_HDM05/tr/HDM_tr_05-03_04_120.pkl,381
MPI_HDM05/tr/HDM_tr_05-03_04_120.pkl,382
MPI_HDM05/tr/HDM_tr_05-03_04_120.pkl,383
MPI_HDM05/tr/HDM_tr_05-03_04_120.pkl,384
MPI_HDM05/tr/HDM_tr_05-03_04_120.pkl,385
MPI_HDM05/tr/HDM_tr_05-03_04_120.pkl,386
MPI_HDM05/tr/HDM_tr_05-03_04_120.pkl,387
MPI_HDM05/tr/HDM_tr_05-03_04_120.pkl,388
MPI_HDM05/tr/HDM_tr_05-03_04_120.pkl,389
MPI_HDM05/tr/HDM_tr_05-03_04_120.pkl,390
MPI_HDM05/tr/HDM_tr_05-03_04_120.pkl,391
SFU/0018/0018_Catwalk001.pkl,250
SFU/0018/0018_Catwalk001.pkl,251
SFU/0018/0018_Catwalk001.pkl,252
SFU/0018/0018_Catwalk001.pkl,253
SFU/0018/0018_Catwalk001.pkl,254
SFU/0018/0018_Catwalk001.pkl,255
Transitions_mocap/mazen_c3d/crawl_jumpingtwist360.pkl,153
Transitions_mocap/mazen_c3d/crawl_jumpingtwist360.pkl,154
Transitions_mocap/mazen_c3d/crawl_jumpingtwist360.pkl,155
Transitions_mocap/mazen_c3d/crawl_jumpingtwist360.pkl,156
Transitions_mocap/mazen_c3d/crawl_jumpingtwist360.pkl,157
Transitions_mocap/mazen_c3d/crawl_jumpingtwist360.pkl,158
Transitions_mocap/mazen_c3d/crawl_jumpingtwist360.pkl,159
Transitions_mocap/mazen_c3d/crawl_jumpingtwist360.pkl,160
Transitions_mocap/mazen_c3d/crawl_jumpingtwist360.pkl,161
Transitions_mocap/mazen_c3d/crawl_jumpingtwist360.pkl,162
Transitions_mocap/mazen_c3d/crawl_jumpingtwist360.pkl,163
Transitions_mocap/mazen_c3d/crawl_jumpingtwist360.pkl,164
Transitions_mocap/mazen_c3d/crawl_jumpingtwist360.pkl,165
Transitions_mocap/mazen_c3d/crawl_jumpingtwist360.pkl,166
Transitions_mocap/mazen_c3d/crawl_jumpingtwist360.pkl,167
Transitions_mocap/mazen_c3d/crawl_jumpingtwist360.pkl,168
Transitions_mocap/mazen_c3d/jumpingjacks_turntwist180.pkl,89
Transitions_mocap/mazen_c3d/jumpingjacks_turntwist180.pkl,90
Transitions_mocap/mazen_c3d/jumpingjacks_turntwist180.pkl,91
Transitions_mocap/mazen_c3d/jumpingjacks_turntwist180.pkl,92
Transitions_mocap/mazen_c3d/jumpingjacks_turntwist180.pkl,93
Transitions_mocap/mazen_c3d/jumpingjacks_turntwist180.pkl,94
Transitions_mocap/mazen_c3d/jumpingjacks_turntwist180.pkl,95
Transitions_mocap/mazen_c3d/jumpingjacks_turntwist180.pkl,96
Transitions_mocap/mazen_c3d/jumpingjacks_turntwist180.pkl,97
Transitions_mocap/mazen_c3d/jumpingjacks_turntwist180.pkl,98
Transitions_mocap/mazen_c3d/jumpingjacks_turntwist180.pkl,99
Transitions_mocap/mazen_c3d/jumpingjacks_turntwist180.pkl,100
Transitions_mocap/mazen_c3d/jumpingjacks_turntwist180.pkl,101
Transitions_mocap/mazen_c3d/jumpingjacks_turntwist180.pkl,102
Transitions_mocap/mazen_c3d/jumpingjacks_turntwist180.pkl,103
Transitions_mocap/mazen_c3d/jumpingjacks_turntwist180.pkl,104
Transitions_mocap/mazen_c3d/jumpingjacks_turntwist180.pkl,105
Transitions_mocap/mazen_c3d/jumpingjacks_turntwist180.pkl,106
Transitions_mocap/mazen_c3d/jumpingjacks_turntwist180.pkl,107
Transitions_mocap/mazen_c3d/jumpingjacks_turntwist180.pkl,108
Transitions_mocap/mazen_c3d/jumpingjacks_turntwist180.pkl,109
Transitions_mocap/mazen_c3d/jumpingjacks_turntwist180.pkl,110
Transitions_mocap/mazen_c3d/jumpingjacks_turntwist180.pkl,111
Transitions_mocap/mazen_c3d/jumpingjacks_turntwist180.pkl,112
Transitions_mocap/mazen_c3d/jumpingjacks_turntwist180.pkl,113
Transitions_mocap/mazen_c3d/jumpingjacks_turntwist180.pkl,114
Transitions_mocap/mazen_c3d/jumpingjacks_turntwist180.pkl,115
Transitions_mocap/mazen_c3d/jumpingjacks_turntwist180.pkl,116
Transitions_mocap/mazen_c3d/jumpingjacks_turntwist180.pkl,117
Transitions_mocap/mazen_c3d/jumpingjacks_turntwist180.pkl,118
Transitions_mocap/mazen_c3d/jumpingjacks_turntwist180.pkl,119
Transitions_mocap/mazen_c3d/turntwist_walk.pkl,20
Transitions_mocap/mazen_c3d/turntwist_walk.pkl,21
