rel_pkl,source_chunk_idx
ACCAD/Female1Walking_c3d/B9 - walk turn left (90).pkl,4
ACCAD/Female1Walking_c3d/B9 - walk turn left (90).pkl,5
ACCAD/Female1Walking_c3d/B9 - walk turn left (90).pkl,6
ACCAD/Female1Walking_c3d/B9 - walk turn left (90).pkl,7
ACCAD/Female1Walking_c3d/B9 - walk turn left (90).pkl,8
ACCAD/Female1Walking_c3d/B9 - walk turn left (90).pkl,9
ACCAD/Female1Walking_c3d/B9 - walk turn left (90).pkl,10
ACCAD/Female1Walking_c3d/B9 - walk turn left (90).pkl,11
ACCAD/Female1Walking_c3d/B9 - walk turn left (90).pkl,12
ACCAD/Female1Walking_c3d/B9 - walk turn left (90).pkl,13
ACCAD/Female1Walking_c3d/B9 - walk turn left (90).pkl,14
ACCAD/Female1Walking_c3d/B9 - walk turn left (90).pkl,15
ACCAD/Female1Walking_c3d/B9 - walk turn left (90).pkl,16
ACCAD/Female1Walking_c3d/B9 - walk turn left (90).pkl,17
ACCAD/Female1Walking_c3d/B9 - walk turn left (90).pkl,18
ACCAD/Female1Walking_c3d/B9 - walk turn left (90).pkl,19
ACCAD/Female1Walking_c3d/B9 - walk turn left (90).pkl,20
ACCAD/Female1Walking_c3d/B9 - walk turn left (90).pkl,21
ACCAD/Female1Walking_c3d/B9 - walk turn left (90).pkl,22
ACCAD/Female1Walking_c3d/B9 - walk turn left (90).pkl,23
ACCAD/Female1Walking_c3d/B9 - walk turn left (90).pkl,24
ACCAD/Female1Walking_c3d/B9 - walk turn left (90).pkl,25
ACCAD/Female1Walking_c3d/B9 - walk turn left (90).pkl,26
ACCAD/Female1Walking_c3d/B9 - walk turn left (90).pkl,27
ACCAD/Female1Walking_c3d/B9 - walk turn left (90).pkl,28
ACCAD/Female1Walking_c3d/B9 - walk turn left (90).pkl,29
ACCAD/Female1Walking_c3d/B9 - walk turn left (90).pkl,30
ACCAD/Female1Walking_c3d/B9 - walk turn left (90).pkl,31
ACCAD/Female1Walking_c3d/B9 - walk turn left (90).pkl,32
ACCAD/Female1Walking_c3d/B9 - walk turn left (90).pkl,33
ACCAD/Female1Walking_c3d/B9 - walk turn left (90).pkl,34
ACCAD/Female1Walking_c3d/B9 - walk turn left (90).pkl,35
ACCAD/Female1Walking_c3d/B9 - walk turn left (90).pkl,36
ACCAD/Female1Walking_c3d/B9 - walk turn left (90).pkl,37
ACCAD/Female1Walking_c3d/B9 - walk turn left (90).pkl,38
ACCAD/Female1Walking_c3d/B9 - walk turn left (90).pkl,39
ACCAD/Female1Walking_c3d/B9 - walk turn left (90).pkl,40
ACCAD/Female1Walking_c3d/B9 - walk turn left (90).pkl,41
ACCAD/Female1Walking_c3d/B9 - walk turn left (90).pkl,42
ACCAD/Female1Walking_c3d/B9 - walk turn left (90).pkl,43
ACCAD/Female1Walking_c3d/B9 - walk turn left (90).pkl,44
ACCAD/Female1Walking_c3d/B9 - walk turn left (90).pkl,45
ACCAD/Female1Walking_c3d/B9 - walk turn left (90).pkl,46
ACCAD/Female1Walking_c3d/B9 - walk turn left (90).pkl,47
ACCAD/Female1Walking_c3d/B9 - walk turn left (90).pkl,48
ACCAD/Female1Walking_c3d/B9 - walk turn left (90).pkl,49
ACCAD/Female1Walking_c3d/B9 - walk turn left (90).pkl,50
ACCAD/Female1Walking_c3d/B9 - walk turn left (90).pkl,51
ACCAD/Female1Walking_c3d/B9 - walk turn left (90).pkl,52
ACCAD/Female1Walking_c3d/B9 - walk turn left (90).pkl,53
ACCAD/Female1Walking_c3d/B9 - walk turn left (90).pkl,54
ACCAD/Female1Walking_c3d/B9 - walk turn left (90).pkl,55
ACCAD/Female1Walking_c3d/B9 - walk turn left (90).pkl,56
ACCAD/Female1Walking_c3d/B9 - walk turn left (90).pkl,57
ACCAD/Female1Walking_c3d/B9 - walk turn left (90).pkl,58
ACCAD/Female1Walking_c3d/B9 - walk turn left (90).pkl,59
ACCAD/Female1Walking_c3d/B9 - walk turn left (90).pkl,60
ACCAD/Female1Walking_c3d/B9 - walk turn left (90).pkl,61
ACCAD/Female1Walking_c3d/B9 - walk turn left (90).pkl,62
ACCAD/Male2MartialArtsExtended_c3d/Extended 2.pkl,391
ACCAD/Male2MartialArtsExtended_c3d/Extended 2.pkl,392
ACCAD/Male2MartialArtsExtended_c3d/Extended 2.pkl,393
ACCAD/Male2MartialArtsExtended_c3d/Extended 2.pkl,394
ACCAD/Male2MartialArtsExtended_c3d/Extended 2.pkl,395
ACCAD/Male2MartialArtsExtended_c3d/Extended 2.pkl,396
ACCAD/Male2MartialArtsExtended_c3d/Extended 2.pkl,397
ACCAD/Male2MartialArtsExtended_c3d/Extended 2.pkl,398
ACCAD/Male2MartialArtsExtended_c3d/Extended 2.pkl,399
ACCAD/Male2MartialArtsExtended_c3d/Extended 2.pkl,400
ACCAD/Male2MartialArtsExtended_c3d/Extended 2.pkl,401
ACCAD/Male2MartialArtsExtended_c3d/Extended 2.pkl,402
ACCAD/Male2MartialArtsExtended_c3d/Extended 2.pkl,403
ACCAD/Male2MartialArtsExtended_c3d/Extended 2.pkl,404
ACCAD/Male2MartialArtsExtended_c3d/Extended 2.pkl,405
ACCAD/Male2MartialArtsExtended_c3d/Extended 2.pkl,406
ACCAD/Male2MartialArtsExtended_c3d/Extended 2.pkl,407
ACCAD/Male2MartialArtsExtended_c3d/Extended 2.pkl,408
ACCAD/Male2MartialArtsExtended_c3d/Extended 2.pkl,409
ACCAD/Male2Running_c3d/C4 - run to walk.pkl,25
ACCAD/Male2Running_c3d/C4 - run to walk.pkl,26
ACCAD/Male2Running_c3d/C4 - run to walk.pkl,27
ACCAD/Male2Running_c3d/C4 - run to walk.pkl,28
ACCAD/Male2Running_c3d/C4 - run to walk.pkl,29
ACCAD/Male2Running_c3d/C4 - run to walk.pkl,30
ACCAD/Male2Running_c3d/C4 - run to walk.pkl,31
ACCAD/Male2Running_c3d/C4 - run to walk.pkl,32
ACCAD/Male2Running_c3d/C4 - run to walk.pkl,33
ACCAD/Male2Running_c3d/C4 - run to walk.pkl,34
ACCAD/Male2Running_c3d/C4 - run to walk.pkl,35
ACCAD/Male2Running_c3d/C4 - run to walk.pkl,36
ACCAD/Male2Running_c3d/C4 - run to walk.pkl,37
ACCAD/Male2Running_c3d/C4 - run to walk.pkl,38
ACCAD/Male2Running_c3d/C4 - run to walk.pkl,39
ACCAD/Male2Running_c3d/C4 - run to walk.pkl,40
ACCAD/Male2Running_c3d/C4 - run to walk.pkl,41
ACCAD/Male2Running_c3d/C4 - run to walk.pkl,42
ACCAD/Male2Running_c3d/C4 - run to walk.pkl,43
ACCAD/Male2Running_c3d/C4 - run to walk.pkl,44
ACCAD/Male2Running_c3d/C4 - run to walk.pkl,45
ACCAD/Male2Running_c3d/C4 - run to walk.pkl,46
ACCAD/Male2Running_c3d/C4 - run to walk.pkl,47
ACCAD/Male2Running_c3d/C4 - run to walk.pkl,48
ACCAD/Male2Running_c3d/C4 - run to walk.pkl,49
ACCAD/Male2Running_c3d/C4 - run to walk.pkl,50
ACCAD/Male2Running_c3d/C4 - run to walk.pkl,51
ACCAD/Male2Running_c3d/C4 - run to walk.pkl,52
ACCAD/Male2Running_c3d/C4 - run to walk.pkl,53
ACCAD/Male2Running_c3d/C4 - run to walk.pkl,54
ACCAD/Male2Running_c3d/C4 - run to walk.pkl,55
ACCAD/Male2Running_c3d/C4 - run to walk.pkl,56
ACCAD/Male2Running_c3d/C4 - run to walk.pkl,57
ACCAD/Male2Running_c3d/C4 - run to walk.pkl,58
ACCAD/Male2Running_c3d/C4 - run to walk.pkl,59
ACCAD/Male2Running_c3d/C4 - run to walk.pkl,60
ACCAD/Male2Running_c3d/C4 - run to walk.pkl,61
ACCAD/Male2Running_c3d/C4 - run to walk.pkl,62
ACCAD/Male2Running_c3d/C4 - run to walk.pkl,63
ACCAD/Male2Running_c3d/C4 - run to walk.pkl,64
ACCAD/Male2Running_c3d/C4 - run to walk.pkl,65
ACCAD/Male2Running_c3d/C4 - run to walk.pkl,66
ACCAD/Male2Running_c3d/C4 - run to walk.pkl,67
ACCAD/Male2Running_c3d/C4 - run to walk.pkl,68
ACCAD/Male2Running_c3d/C4 - run to walk.pkl,69
ACCAD/Male2Running_c3d/C4 - run to walk.pkl,70
ACCAD/Male2Running_c3d/C4 - run to walk.pkl,71
ACCAD/Male2Running_c3d/C4 - run to walk.pkl,72
ACCAD/Male2Running_c3d/C4 - run to walk.pkl,73
ACCAD/Male2Running_c3d/C4 - run to walk.pkl,74
ACCAD/Male2Running_c3d/C4 - run to walk.pkl,75
ACCAD/Male2Walking_c3d/B21 -  put down box to walk.pkl,75
ACCAD/Male2Walking_c3d/B21 -  put down box to walk.pkl,76
ACCAD/Male2Walking_c3d/B21 -  put down box to walk.pkl,77
ACCAD/Male2Walking_c3d/B21 -  put down box to walk.pkl,78
ACCAD/Male2Walking_c3d/B21 -  put down box to walk.pkl,79
ACCAD/Male2Walking_c3d/B21 -  put down box to walk.pkl,80
ACCAD/Male2Walking_c3d/B21 -  put down box to walk.pkl,81
ACCAD/Male2Walking_c3d/B21 -  put down box to walk.pkl,82
ACCAD/Male2Walking_c3d/B21 -  put down box to walk.pkl,83
ACCAD/Male2Walking_c3d/B21 -  put down box to walk.pkl,84
ACCAD/Male2Walking_c3d/B21 -  put down box to walk.pkl,85
ACCAD/Male2Walking_c3d/B21 -  put down box to walk.pkl,86
ACCAD/Male2Walking_c3d/B21 -  put down box to walk.pkl,87
ACCAD/Male2Walking_c3d/B21 -  put down box to walk.pkl,88
ACCAD/Male2Walking_c3d/B21 -  put down box to walk.pkl,89
ACCAD/Male2Walking_c3d/B21 -  put down box to walk.pkl,90
ACCAD/Male2Walking_c3d/B21 -  put down box to walk.pkl,91
ACCAD/Male2Walking_c3d/B21 -  put down box to walk.pkl,92
ACCAD/Male2Walking_c3d/B21 -  put down box to walk.pkl,93
ACCAD/Male2Walking_c3d/B21 -  put down box to walk.pkl,94
ACCAD/Male2Walking_c3d/B21 -  put down box to walk.pkl,95
ACCAD/Male2Walking_c3d/B21 -  put down box to walk.pkl,96
ACCAD/Male2Walking_c3d/B21 -  put down box to walk.pkl,97
ACCAD/Male2Walking_c3d/B21 -  put down box to walk.pkl,98
ACCAD/Male2Walking_c3d/B21 -  put down box to walk.pkl,99
ACCAD/Male2Walking_c3d/B21 -  put down box to walk.pkl,100
ACCAD/Male2Walking_c3d/B21 -  put down box to walk.pkl,101
ACCAD/Male2Walking_c3d/B21 -  put down box to walk.pkl,102
ACCAD/Male2Walking_c3d/B21 -  put down box to walk.pkl,103
ACCAD/Male2Walking_c3d/B21 -  put down box to walk.pkl,104
ACCAD/Male2Walking_c3d/B21 -  put down box to walk.pkl,105
ACCAD/Male2Walking_c3d/B21 -  put down box to walk.pkl,106
ACCAD/Male2Walking_c3d/B21 -  put down box to walk.pkl,107
ACCAD/Male2Walking_c3d/B21 -  put down box to walk.pkl,108
ACCAD/Male2Walking_c3d/B21 -  put down box to walk.pkl,109
ACCAD/Male2Walking_c3d/B21 -  put down box to walk.pkl,110
ACCAD/Male2Walking_c3d/B21 -  put down box to walk.pkl,111
ACCAD/Male2Walking_c3d/B21 -  put down box to walk.pkl,112
ACCAD/Male2Walking_c3d/B21 -  put down box to walk.pkl,113
ACCAD/Male2Walking_c3d/B21 -  put down box to walk.pkl,114
ACCAD/Male2Walking_c3d/B21 -  put down box to walk.pkl,115
ACCAD/Male2Walking_c3d/B21 -  put down box to walk.pkl,116
ACCAD/Male2Walking_c3d/B9 -  Walk turn left 90.pkl,8
ACCAD/Male2Walking_c3d/B9 -  Walk turn left 90.pkl,9
ACCAD/Male2Walking_c3d/B9 -  Walk turn left 90.pkl,10
ACCAD/Male2Walking_c3d/B9 -  Walk turn left 90.pkl,11
ACCAD/Male2Walking_c3d/B9 -  Walk turn left 90.pkl,12
ACCAD/Male2Walking_c3d/B9 -  Walk turn left 90.pkl,13
ACCAD/Male2Walking_c3d/B9 -  Walk turn left 90.pkl,14
ACCAD/Male2Walking_c3d/B9 -  Walk turn left 90.pkl,15
ACCAD/Male2Walking_c3d/B9 -  Walk turn left 90.pkl,16
ACCAD/Male2Walking_c3d/B9 -  Walk turn left 90.pkl,17
ACCAD/Male2Walking_c3d/B9 -  Walk turn left 90.pkl,18
ACCAD/Male2Walking_c3d/B9 -  Walk turn left 90.pkl,19
ACCAD/Male2Walking_c3d/B9 -  Walk turn left 90.pkl,20
ACCAD/Male2Walking_c3d/B9 -  Walk turn left 90.pkl,21
ACCAD/Male2Walking_c3d/B9 -  Walk turn left 90.pkl,22
ACCAD/Male2Walking_c3d/B9 -  Walk turn left 90.pkl,23
ACCAD/Male2Walking_c3d/B9 -  Walk turn left 90.pkl,24
ACCAD/Male2Walking_c3d/B9 -  Walk turn left 90.pkl,25
ACCAD/Male2Walking_c3d/B9 -  Walk turn left 90.pkl,26
ACCAD/Male2Walking_c3d/B9 -  Walk turn left 90.pkl,27
ACCAD/Male2Walking_c3d/B9 -  Walk turn left 90.pkl,28
ACCAD/Male2Walking_c3d/B9 -  Walk turn left 90.pkl,29
ACCAD/Male2Walking_c3d/B9 -  Walk turn left 90.pkl,30
ACCAD/Male2Walking_c3d/B9 -  Walk turn left 90.pkl,31
ACCAD/Male2Walking_c3d/B9 -  Walk turn left 90.pkl,32
ACCAD/Male2Walking_c3d/B9 -  Walk turn left 90.pkl,33
ACCAD/Male2Walking_c3d/B9 -  Walk turn left 90.pkl,34
ACCAD/Male2Walking_c3d/B9 -  Walk turn left 90.pkl,35
ACCAD/Male2Walking_c3d/B9 -  Walk turn left 90.pkl,36
ACCAD/Male2Walking_c3d/B9 -  Walk turn left 90.pkl,37
ACCAD/Male2Walking_c3d/B9 -  Walk turn left 90.pkl,38
ACCAD/Male2Walking_c3d/B9 -  Walk turn left 90.pkl,39
BMLmovi/Subject_29_F_MoSh/Subject_29_F_1.pkl,89
BMLmovi/Subject_29_F_MoSh/Subject_29_F_1.pkl,90
BMLmovi/Subject_29_F_MoSh/Subject_29_F_1.pkl,91
BMLmovi/Subject_29_F_MoSh/Subject_29_F_1.pkl,92
BMLmovi/Subject_29_F_MoSh/Subject_29_F_1.pkl,93
BMLmovi/Subject_29_F_MoSh/Subject_29_F_1.pkl,94
BMLmovi/Subject_29_F_MoSh/Subject_29_F_1.pkl,95
BMLmovi/Subject_29_F_MoSh/Subject_29_F_1.pkl,96
BMLmovi/Subject_29_F_MoSh/Subject_29_F_1.pkl,97
BMLmovi/Subject_29_F_MoSh/Subject_29_F_1.pkl,98
BMLmovi/Subject_29_F_MoSh/Subject_29_F_1.pkl,99
BMLmovi/Subject_29_F_MoSh/Subject_29_F_1.pkl,100
BMLmovi/Subject_29_F_MoSh/Subject_29_F_1.pkl,101
BMLmovi/Subject_29_F_MoSh/Subject_29_F_1.pkl,102
BMLmovi/Subject_29_F_MoSh/Subject_29_F_1.pkl,103
BMLmovi/Subject_29_F_MoSh/Subject_29_F_1.pkl,104
BMLmovi/Subject_29_F_MoSh/Subject_29_F_1.pkl,105
BMLmovi/Subject_29_F_MoSh/Subject_29_F_1.pkl,106
BMLmovi/Subject_29_F_MoSh/Subject_29_F_1.pkl,107
BMLmovi/Subject_29_F_MoSh/Subject_29_F_1.pkl,108
BMLmovi/Subject_29_F_MoSh/Subject_29_F_1.pkl,109
BMLmovi/Subject_29_F_MoSh/Subject_29_F_1.pkl,110
BMLmovi/Subject_29_F_MoSh/Subject_29_F_1.pkl,111
BMLmovi/Subject_29_F_MoSh/Subject_29_F_1.pkl,112
BMLmovi/Subject_29_F_MoSh/Subject_29_F_1.pkl,113
BMLmovi/Subject_29_F_MoSh/Subject_29_F_1.pkl,114
BMLmovi/Subject_29_F_MoSh/Subject_29_F_1.pkl,115
BMLmovi/Subject_29_F_MoSh/Subject_29_F_1.pkl,116
BMLmovi/Subject_29_F_MoSh/Subject_29_F_1.pkl,117
BMLmovi/Subject_29_F_MoSh/Subject_29_F_1.pkl,118
BMLmovi/Subject_29_F_MoSh/Subject_29_F_1.pkl,119
BMLmovi/Subject_29_F_MoSh/Subject_29_F_1.pkl,120
BMLmovi/Subject_29_F_MoSh/Subject_29_F_1.pkl,121
BMLmovi/Subject_29_F_MoSh/Subject_29_F_1.pkl,122
BMLmovi/Subject_29_F_MoSh/Subject_29_F_1.pkl,123
BMLmovi/Subject_29_F_MoSh/Subject_29_F_1.pkl,124
BMLmovi/Subject_29_F_MoSh/Subject_29_F_1.pkl,125
BMLmovi/Subject_29_F_MoSh/Subject_29_F_1.pkl,126
BMLmovi/Subject_29_F_MoSh/Subject_29_F_1.pkl,127
BMLmovi/Subject_29_F_MoSh/Subject_29_F_1.pkl,128
BMLmovi/Subject_29_F_MoSh/Subject_29_F_1.pkl,129
BMLmovi/Subject_29_F_MoSh/Subject_29_F_1.pkl,130
BMLmovi/Subject_29_F_MoSh/Subject_29_F_1.pkl,131
BMLmovi/Subject_29_F_MoSh/Subject_29_F_1.pkl,132
BMLmovi/Subject_29_F_MoSh/Subject_29_F_1.pkl,133
BMLmovi/Subject_29_F_MoSh/Subject_29_F_1.pkl,134
BMLmovi/Subject_29_F_MoSh/Subject_29_F_1.pkl,135
BMLmovi/Subject_29_F_MoSh/Subject_29_F_1.pkl,136
BMLmovi/Subject_44_F_MoSh/Subject_44_F_3.pkl,228
BMLmovi/Subject_44_F_MoSh/Subject_44_F_3.pkl,229
BMLmovi/Subject_44_F_MoSh/Subject_44_F_3.pkl,230
BMLmovi/Subject_44_F_MoSh/Subject_44_F_3.pkl,231
BMLmovi/Subject_44_F_MoSh/Subject_44_F_3.pkl,232
BMLmovi/Subject_44_F_MoSh/Subject_44_F_3.pkl,233
BMLmovi/Subject_44_F_MoSh/Subject_44_F_3.pkl,234
BMLmovi/Subject_44_F_MoSh/Subject_44_F_3.pkl,235
BMLmovi/Subject_44_F_MoSh/Subject_44_F_3.pkl,236
BMLmovi/Subject_44_F_MoSh/Subject_44_F_3.pkl,237
BMLmovi/Subject_44_F_MoSh/Subject_44_F_3.pkl,238
BMLmovi/Subject_44_F_MoSh/Subject_44_F_3.pkl,239
BMLmovi/Subject_44_F_MoSh/Subject_44_F_3.pkl,240
BMLmovi/Subject_44_F_MoSh/Subject_44_F_3.pkl,241
BMLmovi/Subject_44_F_MoSh/Subject_44_F_3.pkl,242
BMLmovi/Subject_44_F_MoSh/Subject_44_F_3.pkl,243
BMLmovi/Subject_44_F_MoSh/Subject_44_F_3.pkl,244
BMLmovi/Subject_44_F_MoSh/Subject_44_F_3.pkl,245
BMLmovi/Subject_52_F_MoSh/Subject_52_F_12.pkl,132
BMLmovi/Subject_52_F_MoSh/Subject_52_F_12.pkl,133
BMLmovi/Subject_52_F_MoSh/Subject_52_F_12.pkl,134
BMLmovi/Subject_52_F_MoSh/Subject_52_F_12.pkl,135
BMLmovi/Subject_52_F_MoSh/Subject_52_F_12.pkl,136
BMLmovi/Subject_52_F_MoSh/Subject_52_F_12.pkl,137
BioMotionLab_NTroje/rub001/0020_knocking1.pkl,133
BioMotionLab_NTroje/rub001/0020_knocking1.pkl,134
BioMotionLab_NTroje/rub001/0020_knocking1.pkl,135
BioMotionLab_NTroje/rub001/0020_knocking1.pkl,136
BioMotionLab_NTroje/rub001/0020_knocking1.pkl,137
BioMotionLab_NTroje/rub001/0020_knocking1.pkl,138
BioMotionLab_NTroje/rub001/0020_knocking1.pkl,139
BioMotionLab_NTroje/rub001/0020_knocking1.pkl,140
BioMotionLab_NTroje/rub001/0020_knocking1.pkl,141
BioMotionLab_NTroje/rub001/0020_knocking1.pkl,142
BioMotionLab_NTroje/rub001/0020_knocking1.pkl,143
BioMotionLab_NTroje/rub001/0020_knocking1.pkl,144
BioMotionLab_NTroje/rub001/0020_knocking1.pkl,145
BioMotionLab_NTroje/rub001/0020_knocking1.pkl,146
BioMotionLab_NTroje/rub001/0020_knocking1.pkl,147
BioMotionLab_NTroje/rub001/0020_knocking1.pkl,148
BioMotionLab_NTroje/rub001/0020_knocking1.pkl,149
BioMotionLab_NTroje/rub001/0020_knocking1.pkl,150
BioMotionLab_NTroje/rub001/0020_knocking1.pkl,151
BioMotionLab_NTroje/rub001/0020_knocking1.pkl,152
BioMotionLab_NTroje/rub001/0020_knocking1.pkl,153
BioMotionLab_NTroje/rub001/0020_knocking1.pkl,154
BioMotionLab_NTroje/rub001/0020_knocking1.pkl,155
BioMotionLab_NTroje/rub001/0020_knocking1.pkl,156
BioMotionLab_NTroje/rub001/0020_knocking1.pkl,157
BioMotionLab_NTroje/rub001/0020_knocking1.pkl,158
BioMotionLab_NTroje/rub001/0020_knocking1.pkl,159
BioMotionLab_NTroje/rub004/0009_knocking2.pkl,0
BioMotionLab_NTroje/rub004/0009_knocking2.pkl,1
BioMotionLab_NTroje/rub004/0009_knocking2.pkl,2
BioMotionLab_NTroje/rub004/0009_knocking2.pkl,3
BioMotionLab_NTroje/rub004/0009_knocking2.pkl,4
BioMotionLab_NTroje/rub004/0009_knocking2.pkl,5
BioMotionLab_NTroje/rub004/0009_knocking2.pkl,6
BioMotionLab_NTroje/rub004/0009_knocking2.pkl,7
BioMotionLab_NTroje/rub004/0009_knocking2.pkl,8
BioMotionLab_NTroje/rub004/0009_knocking2.pkl,9
BioMotionLab_NTroje/rub004/0009_knocking2.pkl,10
BioMotionLab_NTroje/rub004/0009_knocking2.pkl,11
BioMotionLab_NTroje/rub004/0009_knocking2.pkl,12
BioMotionLab_NTroje/rub004/0009_knocking2.pkl,13
BioMotionLab_NTroje/rub005/0000_treadmill_norm.pkl,0
BioMotionLab_NTroje/rub005/0000_treadmill_norm.pkl,1
BioMotionLab_NTroje/rub005/0000_treadmill_norm.pkl,2
BioMotionLab_NTroje/rub005/0000_treadmill_norm.pkl,3
BioMotionLab_NTroje/rub005/0000_treadmill_norm.pkl,4
BioMotionLab_NTroje/rub005/0000_treadmill_norm.pkl,5
BioMotionLab_NTroje/rub005/0000_treadmill_norm.pkl,6
BioMotionLab_NTroje/rub005/0000_treadmill_norm.pkl,7
BioMotionLab_NTroje/rub005/0000_treadmill_norm.pkl,8
BioMotionLab_NTroje/rub005/0000_treadmill_norm.pkl,9
BioMotionLab_NTroje/rub005/0000_treadmill_norm.pkl,10
BioMotionLab_NTroje/rub005/0000_treadmill_norm.pkl,11
BioMotionLab_NTroje/rub005/0000_treadmill_norm.pkl,12
BioMotionLab_NTroje/rub005/0000_treadmill_norm.pkl,13
BioMotionLab_NTroje/rub005/0000_treadmill_norm.pkl,14
BioMotionLab_NTroje/rub005/0000_treadmill_norm.pkl,15
BioMotionLab_NTroje/rub005/0000_treadmill_norm.pkl,16
BioMotionLab_NTroje/rub005/0000_treadmill_norm.pkl,17
BioMotionLab_NTroje/rub005/0000_treadmill_norm.pkl,18
BioMotionLab_NTroje/rub005/0000_treadmill_norm.pkl,19
BioMotionLab_NTroje/rub005/0000_treadmill_norm.pkl,20
BioMotionLab_NTroje/rub005/0000_treadmill_norm.pkl,21
BioMotionLab_NTroje/rub005/0000_treadmill_norm.pkl,22
BioMotionLab_NTroje/rub005/0000_treadmill_norm.pkl,23
BioMotionLab_NTroje/rub005/0000_treadmill_norm.pkl,24
BioMotionLab_NTroje/rub005/0000_treadmill_norm.pkl,25
BioMotionLab_NTroje/rub005/0000_treadmill_norm.pkl,26
BioMotionLab_NTroje/rub005/0000_treadmill_norm.pkl,27
BioMotionLab_NTroje/rub005/0000_treadmill_norm.pkl,28
BioMotionLab_NTroje/rub005/0000_treadmill_norm.pkl,29
BioMotionLab_NTroje/rub005/0000_treadmill_norm.pkl,30
BioMotionLab_NTroje/rub005/0000_treadmill_norm.pkl,31
BioMotionLab_NTroje/rub005/0000_treadmill_norm.pkl,32
BioMotionLab_NTroje/rub005/0000_treadmill_norm.pkl,33
BioMotionLab_NTroje/rub005/0000_treadmill_norm.pkl,34
BioMotionLab_NTroje/rub005/0000_treadmill_norm.pkl,35
BioMotionLab_NTroje/rub005/0000_treadmill_norm.pkl,36
BioMotionLab_NTroje/rub005/0000_treadmill_norm.pkl,37
BioMotionLab_NTroje/rub005/0000_treadmill_norm.pkl,38
BioMotionLab_NTroje/rub005/0000_treadmill_norm.pkl,39
BioMotionLab_NTroje/rub005/0000_treadmill_norm.pkl,40
BioMotionLab_NTroje/rub005/0000_treadmill_norm.pkl,41
BioMotionLab_NTroje/rub005/0000_treadmill_norm.pkl,42
BioMotionLab_NTroje/rub005/0000_treadmill_norm.pkl,43
BioMotionLab_NTroje/rub005/0000_treadmill_norm.pkl,44
BioMotionLab_NTroje/rub005/0000_treadmill_norm.pkl,45
BioMotionLab_NTroje/rub005/0000_treadmill_norm.pkl,46
BioMotionLab_NTroje/rub005/0000_treadmill_norm.pkl,47
BioMotionLab_NTroje/rub005/0000_treadmill_norm.pkl,48
BioMotionLab_NTroje/rub005/0000_treadmill_norm.pkl,49
BioMotionLab_NTroje/rub005/0000_treadmill_norm.pkl,50
BioMotionLab_NTroje/rub005/0000_treadmill_norm.pkl,51
BioMotionLab_NTroje/rub005/0000_treadmill_norm.pkl,52
BioMotionLab_NTroje/rub005/0000_treadmill_norm.pkl,53
BioMotionLab_NTroje/rub005/0000_treadmill_norm.pkl,54
BioMotionLab_NTroje/rub005/0000_treadmill_norm.pkl,55
BioMotionLab_NTroje/rub005/0000_treadmill_norm.pkl,56
BioMotionLab_NTroje/rub005/0000_treadmill_norm.pkl,57
BioMotionLab_NTroje/rub005/0000_treadmill_norm.pkl,58
BioMotionLab_NTroje/rub005/0000_treadmill_norm.pkl,59
BioMotionLab_NTroje/rub005/0000_treadmill_norm.pkl,60
BioMotionLab_NTroje/rub005/0000_treadmill_norm.pkl,61
BioMotionLab_NTroje/rub005/0000_treadmill_norm.pkl,62
BioMotionLab_NTroje/rub005/0000_treadmill_norm.pkl,63
BioMotionLab_NTroje/rub005/0000_treadmill_norm.pkl,64
BioMotionLab_NTroje/rub005/0000_treadmill_norm.pkl,65
BioMotionLab_NTroje/rub005/0000_treadmill_norm.pkl,66
BioMotionLab_NTroje/rub005/0000_treadmill_norm.pkl,67
BioMotionLab_NTroje/rub005/0000_treadmill_norm.pkl,68
BioMotionLab_NTroje/rub005/0000_treadmill_norm.pkl,69
BioMotionLab_NTroje/rub005/0000_treadmill_norm.pkl,70
BioMotionLab_NTroje/rub005/0000_treadmill_norm.pkl,71
BioMotionLab_NTroje/rub005/0000_treadmill_norm.pkl,72
BioMotionLab_NTroje/rub005/0000_treadmill_norm.pkl,73
BioMotionLab_NTroje/rub005/0000_treadmill_norm.pkl,74
BioMotionLab_NTroje/rub005/0000_treadmill_norm.pkl,75
BioMotionLab_NTroje/rub005/0000_treadmill_norm.pkl,76
BioMotionLab_NTroje/rub005/0000_treadmill_norm.pkl,77
BioMotionLab_NTroje/rub005/0000_treadmill_norm.pkl,78
BioMotionLab_NTroje/rub005/0000_treadmill_norm.pkl,79
BioMotionLab_NTroje/rub005/0000_treadmill_norm.pkl,80
BioMotionLab_NTroje/rub005/0000_treadmill_norm.pkl,81
BioMotionLab_NTroje/rub005/0000_treadmill_norm.pkl,82
BioMotionLab_NTroje/rub005/0000_treadmill_norm.pkl,83
BioMotionLab_NTroje/rub005/0000_treadmill_norm.pkl,84
BioMotionLab_NTroje/rub005/0000_treadmill_norm.pkl,85
BioMotionLab_NTroje/rub005/0000_treadmill_norm.pkl,86
BioMotionLab_NTroje/rub005/0000_treadmill_norm.pkl,87
BioMotionLab_NTroje/rub005/0000_treadmill_norm.pkl,88
BioMotionLab_NTroje/rub005/0000_treadmill_norm.pkl,89
BioMotionLab_NTroje/rub005/0000_treadmill_norm.pkl,90
BioMotionLab_NTroje/rub005/0000_treadmill_norm.pkl,91
BioMotionLab_NTroje/rub005/0000_treadmill_norm.pkl,92
BioMotionLab_NTroje/rub005/0000_treadmill_norm.pkl,93
BioMotionLab_NTroje/rub005/0000_treadmill_norm.pkl,94
BioMotionLab_NTroje/rub005/0000_treadmill_norm.pkl,95
BioMotionLab_NTroje/rub005/0000_treadmill_norm.pkl,96
BioMotionLab_NTroje/rub005/0000_treadmill_norm.pkl,97
BioMotionLab_NTroje/rub005/0000_treadmill_norm.pkl,98
BioMotionLab_NTroje/rub005/0000_treadmill_norm.pkl,99
BioMotionLab_NTroje/rub005/0000_treadmill_norm.pkl,100
BioMotionLab_NTroje/rub005/0000_treadmill_norm.pkl,101
BioMotionLab_NTroje/rub005/0000_treadmill_norm.pkl,102
BioMotionLab_NTroje/rub005/0000_treadmill_norm.pkl,103
BioMotionLab_NTroje/rub005/0000_treadmill_norm.pkl,104
BioMotionLab_NTroje/rub005/0000_treadmill_norm.pkl,105
BioMotionLab_NTroje/rub005/0000_treadmill_norm.pkl,106
BioMotionLab_NTroje/rub005/0000_treadmill_norm.pkl,107
BioMotionLab_NTroje/rub005/0000_treadmill_norm.pkl,108
BioMotionLab_NTroje/rub005/0000_treadmill_norm.pkl,109
BioMotionLab_NTroje/rub005/0000_treadmill_norm.pkl,110
BioMotionLab_NTroje/rub005/0000_treadmill_norm.pkl,111
BioMotionLab_NTroje/rub005/0000_treadmill_norm.pkl,112
BioMotionLab_NTroje/rub005/0000_treadmill_norm.pkl,113
BioMotionLab_NTroje/rub005/0000_treadmill_norm.pkl,114
BioMotionLab_NTroje/rub005/0000_treadmill_norm.pkl,115
BioMotionLab_NTroje/rub005/0000_treadmill_norm.pkl,116
BioMotionLab_NTroje/rub005/0000_treadmill_norm.pkl,117
BioMotionLab_NTroje/rub005/0000_treadmill_norm.pkl,118
BioMotionLab_NTroje/rub005/0000_treadmill_norm.pkl,119
BioMotionLab_NTroje/rub005/0000_treadmill_norm.pkl,120
BioMotionLab_NTroje/rub005/0000_treadmill_norm.pkl,121
BioMotionLab_NTroje/rub005/0000_treadmill_norm.pkl,122
BioMotionLab_NTroje/rub005/0000_treadmill_norm.pkl,123
BioMotionLab_NTroje/rub005/0000_treadmill_norm.pkl,124
BioMotionLab_NTroje/rub005/0000_treadmill_norm.pkl,125
BioMotionLab_NTroje/rub005/0000_treadmill_norm.pkl,126
BioMotionLab_NTroje/rub005/0000_treadmill_norm.pkl,127
BioMotionLab_NTroje/rub005/0000_treadmill_norm.pkl,128
BioMotionLab_NTroje/rub005/0000_treadmill_norm.pkl,129
BioMotionLab_NTroje/rub005/0000_treadmill_norm.pkl,130
BioMotionLab_NTroje/rub005/0000_treadmill_norm.pkl,131
BioMotionLab_NTroje/rub005/0000_treadmill_norm.pkl,132
BioMotionLab_NTroje/rub005/0000_treadmill_norm.pkl,133
BioMotionLab_NTroje/rub005/0000_treadmill_norm.pkl,134
BioMotionLab_NTroje/rub005/0000_treadmill_norm.pkl,135
BioMotionLab_NTroje/rub005/0000_treadmill_norm.pkl,136
BioMotionLab_NTroje/rub005/0000_treadmill_norm.pkl,137
BioMotionLab_NTroje/rub005/0000_treadmill_norm.pkl,138
BioMotionLab_NTroje/rub005/0000_treadmill_norm.pkl,139
BioMotionLab_NTroje/rub005/0000_treadmill_norm.pkl,140
BioMotionLab_NTroje/rub005/0000_treadmill_norm.pkl,141
BioMotionLab_NTroje/rub005/0000_treadmill_norm.pkl,142
BioMotionLab_NTroje/rub005/0000_treadmill_norm.pkl,143
BioMotionLab_NTroje/rub005/0000_treadmill_norm.pkl,144
BioMotionLab_NTroje/rub005/0000_treadmill_norm.pkl,145
BioMotionLab_NTroje/rub005/0000_treadmill_norm.pkl,146
BioMotionLab_NTroje/rub005/0000_treadmill_norm.pkl,147
BioMotionLab_NTroje/rub005/0000_treadmill_norm.pkl,148
BioMotionLab_NTroje/rub005/0000_treadmill_norm.pkl,149
BioMotionLab_NTroje/rub005/0000_treadmill_norm.pkl,150
BioMotionLab_NTroje/rub005/0000_treadmill_norm.pkl,151
BioMotionLab_NTroje/rub005/0000_treadmill_norm.pkl,152
BioMotionLab_NTroje/rub005/0000_treadmill_norm.pkl,153
BioMotionLab_NTroje/rub005/0000_treadmill_norm.pkl,154
BioMotionLab_NTroje/rub005/0000_treadmill_norm.pkl,155
BioMotionLab_NTroje/rub005/0000_treadmill_norm.pkl,156
BioMotionLab_NTroje/rub005/0000_treadmill_norm.pkl,157
BioMotionLab_NTroje/rub005/0000_treadmill_norm.pkl,158
BioMotionLab_NTroje/rub005/0000_treadmill_norm.pkl,159
BioMotionLab_NTroje/rub005/0000_treadmill_norm.pkl,160
BioMotionLab_NTroje/rub005/0000_treadmill_norm.pkl,161
BioMotionLab_NTroje/rub005/0000_treadmill_norm.pkl,162
BioMotionLab_NTroje/rub005/0000_treadmill_norm.pkl,163
BioMotionLab_NTroje/rub005/0000_treadmill_norm.pkl,164
BioMotionLab_NTroje/rub005/0000_treadmill_norm.pkl,165
BioMotionLab_NTroje/rub005/0000_treadmill_norm.pkl,166
BioMotionLab_NTroje/rub005/0000_treadmill_norm.pkl,167
BioMotionLab_NTroje/rub005/0000_treadmill_norm.pkl,168
BioMotionLab_NTroje/rub005/0000_treadmill_norm.pkl,169
BioMotionLab_NTroje/rub005/0000_treadmill_norm.pkl,170
BioMotionLab_NTroje/rub005/0000_treadmill_norm.pkl,171
BioMotionLab_NTroje/rub005/0000_treadmill_norm.pkl,172
BioMotionLab_NTroje/rub005/0000_treadmill_norm.pkl,173
BioMotionLab_NTroje/rub005/0000_treadmill_norm.pkl,174
BioMotionLab_NTroje/rub005/0000_treadmill_norm.pkl,175
BioMotionLab_NTroje/rub005/0000_treadmill_norm.pkl,176
BioMotionLab_NTroje/rub005/0000_treadmill_norm.pkl,177
BioMotionLab_NTroje/rub005/0000_treadmill_norm.pkl,178
BioMotionLab_NTroje/rub005/0000_treadmill_norm.pkl,179
BioMotionLab_NTroje/rub005/0000_treadmill_norm.pkl,180
BioMotionLab_NTroje/rub005/0000_treadmill_norm.pkl,181
BioMotionLab_NTroje/rub005/0000_treadmill_norm.pkl,182
BioMotionLab_NTroje/rub005/0000_treadmill_norm.pkl,183
BioMotionLab_NTroje/rub005/0000_treadmill_norm.pkl,184
BioMotionLab_NTroje/rub005/0000_treadmill_norm.pkl,185
BioMotionLab_NTroje/rub005/0000_treadmill_norm.pkl,186
BioMotionLab_NTroje/rub005/0000_treadmill_norm.pkl,187
BioMotionLab_NTroje/rub005/0000_treadmill_norm.pkl,188
BioMotionLab_NTroje/rub005/0000_treadmill_norm.pkl,189
BioMotionLab_NTroje/rub005/0000_treadmill_norm.pkl,190
BioMotionLab_NTroje/rub005/0000_treadmill_norm.pkl,191
BioMotionLab_NTroje/rub005/0000_treadmill_norm.pkl,192
BioMotionLab_NTroje/rub005/0000_treadmill_norm.pkl,193
BioMotionLab_NTroje/rub005/0000_treadmill_norm.pkl,194
BioMotionLab_NTroje/rub005/0000_treadmill_norm.pkl,195
BioMotionLab_NTroje/rub005/0000_treadmill_norm.pkl,196
BioMotionLab_NTroje/rub005/0000_treadmill_norm.pkl,197
BioMotionLab_NTroje/rub005/0000_treadmill_norm.pkl,198
BioMotionLab_NTroje/rub005/0000_treadmill_norm.pkl,199
BioMotionLab_NTroje/rub005/0000_treadmill_norm.pkl,200
BioMotionLab_NTroje/rub005/0000_treadmill_norm.pkl,201
BioMotionLab_NTroje/rub005/0000_treadmill_norm.pkl,202
BioMotionLab_NTroje/rub005/0000_treadmill_norm.pkl,203
BioMotionLab_NTroje/rub005/0000_treadmill_norm.pkl,204
BioMotionLab_NTroje/rub005/0000_treadmill_norm.pkl,205
BioMotionLab_NTroje/rub005/0000_treadmill_norm.pkl,206
BioMotionLab_NTroje/rub005/0000_treadmill_norm.pkl,207
BioMotionLab_NTroje/rub005/0000_treadmill_norm.pkl,208
BioMotionLab_NTroje/rub005/0000_treadmill_norm.pkl,209
BioMotionLab_NTroje/rub005/0000_treadmill_norm.pkl,210
BioMotionLab_NTroje/rub005/0000_treadmill_norm.pkl,211
BioMotionLab_NTroje/rub005/0000_treadmill_norm.pkl,212
BioMotionLab_NTroje/rub005/0000_treadmill_norm.pkl,213
BioMotionLab_NTroje/rub005/0000_treadmill_norm.pkl,214
BioMotionLab_NTroje/rub005/0000_treadmill_norm.pkl,215
BioMotionLab_NTroje/rub005/0000_treadmill_norm.pkl,216
BioMotionLab_NTroje/rub005/0000_treadmill_norm.pkl,217
BioMotionLab_NTroje/rub005/0000_treadmill_norm.pkl,218
BioMotionLab_NTroje/rub005/0000_treadmill_norm.pkl,219
BioMotionLab_NTroje/rub005/0000_treadmill_norm.pkl,220
BioMotionLab_NTroje/rub005/0000_treadmill_norm.pkl,221
BioMotionLab_NTroje/rub005/0000_treadmill_norm.pkl,222
BioMotionLab_NTroje/rub005/0000_treadmill_norm.pkl,223
BioMotionLab_NTroje/rub005/0000_treadmill_norm.pkl,224
BioMotionLab_NTroje/rub005/0000_treadmill_norm.pkl,225
BioMotionLab_NTroje/rub005/0000_treadmill_norm.pkl,226
BioMotionLab_NTroje/rub005/0000_treadmill_norm.pkl,227
BioMotionLab_NTroje/rub005/0000_treadmill_norm.pkl,228
BioMotionLab_NTroje/rub005/0000_treadmill_norm.pkl,229
BioMotionLab_NTroje/rub005/0000_treadmill_norm.pkl,230
BioMotionLab_NTroje/rub005/0000_treadmill_norm.pkl,231
BioMotionLab_NTroje/rub005/0000_treadmill_norm.pkl,232
BioMotionLab_NTroje/rub005/0000_treadmill_norm.pkl,233
BioMotionLab_NTroje/rub005/0000_treadmill_norm.pkl,234
BioMotionLab_NTroje/rub005/0000_treadmill_norm.pkl,235
BioMotionLab_NTroje/rub005/0000_treadmill_norm.pkl,236
BioMotionLab_NTroje/rub005/0000_treadmill_norm.pkl,237
BioMotionLab_NTroje/rub005/0000_treadmill_norm.pkl,238
BioMotionLab_NTroje/rub005/0000_treadmill_norm.pkl,239
BioMotionLab_NTroje/rub005/0000_treadmill_norm.pkl,240
BioMotionLab_NTroje/rub005/0000_treadmill_norm.pkl,241
BioMotionLab_NTroje/rub005/0000_treadmill_norm.pkl,242
BioMotionLab_NTroje/rub005/0000_treadmill_norm.pkl,243
BioMotionLab_NTroje/rub005/0000_treadmill_norm.pkl,244
BioMotionLab_NTroje/rub005/0000_treadmill_norm.pkl,245
BioMotionLab_NTroje/rub005/0000_treadmill_norm.pkl,246
BioMotionLab_NTroje/rub005/0000_treadmill_norm.pkl,247
BioMotionLab_NTroje/rub005/0000_treadmill_norm.pkl,248
BioMotionLab_NTroje/rub005/0000_treadmill_norm.pkl,249
BioMotionLab_NTroje/rub005/0000_treadmill_norm.pkl,250
BioMotionLab_NTroje/rub005/0000_treadmill_norm.pkl,251
BioMotionLab_NTroje/rub005/0000_treadmill_norm.pkl,252
BioMotionLab_NTroje/rub005/0000_treadmill_norm.pkl,253
BioMotionLab_NTroje/rub005/0000_treadmill_norm.pkl,254
BioMotionLab_NTroje/rub005/0000_treadmill_norm.pkl,255
BioMotionLab_NTroje/rub005/0000_treadmill_norm.pkl,256
BioMotionLab_NTroje/rub005/0000_treadmill_norm.pkl,257
BioMotionLab_NTroje/rub005/0000_treadmill_norm.pkl,258
BioMotionLab_NTroje/rub005/0000_treadmill_norm.pkl,259
BioMotionLab_NTroje/rub005/0000_treadmill_norm.pkl,260
BioMotionLab_NTroje/rub005/0000_treadmill_norm.pkl,261
BioMotionLab_NTroje/rub005/0000_treadmill_norm.pkl,262
BioMotionLab_NTroje/rub005/0000_treadmill_norm.pkl,263
BioMotionLab_NTroje/rub005/0000_treadmill_norm.pkl,264
BioMotionLab_NTroje/rub005/0000_treadmill_norm.pkl,265
BioMotionLab_NTroje/rub005/0000_treadmill_norm.pkl,266
BioMotionLab_NTroje/rub005/0000_treadmill_norm.pkl,267
BioMotionLab_NTroje/rub005/0000_treadmill_norm.pkl,268
BioMotionLab_NTroje/rub005/0000_treadmill_norm.pkl,269
BioMotionLab_NTroje/rub005/0000_treadmill_norm.pkl,270
BioMotionLab_NTroje/rub005/0000_treadmill_norm.pkl,271
BioMotionLab_NTroje/rub005/0000_treadmill_norm.pkl,272
BioMotionLab_NTroje/rub005/0000_treadmill_norm.pkl,273
BioMotionLab_NTroje/rub005/0000_treadmill_norm.pkl,274
BioMotionLab_NTroje/rub005/0000_treadmill_norm.pkl,275
BioMotionLab_NTroje/rub005/0000_treadmill_norm.pkl,276
BioMotionLab_NTroje/rub005/0000_treadmill_norm.pkl,277
BioMotionLab_NTroje/rub005/0000_treadmill_norm.pkl,278
BioMotionLab_NTroje/rub005/0000_treadmill_norm.pkl,279
BioMotionLab_NTroje/rub005/0000_treadmill_norm.pkl,280
BioMotionLab_NTroje/rub005/0000_treadmill_norm.pkl,281
BioMotionLab_NTroje/rub005/0000_treadmill_norm.pkl,282
BioMotionLab_NTroje/rub005/0000_treadmill_norm.pkl,283
BioMotionLab_NTroje/rub005/0000_treadmill_norm.pkl,284
BioMotionLab_NTroje/rub005/0000_treadmill_norm.pkl,285
BioMotionLab_NTroje/rub005/0000_treadmill_norm.pkl,286
BioMotionLab_NTroje/rub005/0000_treadmill_norm.pkl,287
BioMotionLab_NTroje/rub005/0000_treadmill_norm.pkl,288
BioMotionLab_NTroje/rub005/0000_treadmill_norm.pkl,289
BioMotionLab_NTroje/rub005/0000_treadmill_norm.pkl,290
BioMotionLab_NTroje/rub005/0000_treadmill_norm.pkl,291
BioMotionLab_NTroje/rub005/0000_treadmill_norm.pkl,292
BioMotionLab_NTroje/rub005/0000_treadmill_norm.pkl,293
BioMotionLab_NTroje/rub005/0000_treadmill_norm.pkl,294
BioMotionLab_NTroje/rub005/0000_treadmill_norm.pkl,295
BioMotionLab_NTroje/rub005/0000_treadmill_norm.pkl,296
BioMotionLab_NTroje/rub005/0000_treadmill_norm.pkl,297
BioMotionLab_NTroje/rub005/0000_treadmill_norm.pkl,298
BioMotionLab_NTroje/rub005/0000_treadmill_norm.pkl,299
BioMotionLab_NTroje/rub005/0000_treadmill_norm.pkl,300
BioMotionLab_NTroje/rub005/0000_treadmill_norm.pkl,301
BioMotionLab_NTroje/rub005/0000_treadmill_norm.pkl,302
BioMotionLab_NTroje/rub005/0000_treadmill_norm.pkl,303
BioMotionLab_NTroje/rub005/0000_treadmill_norm.pkl,304
BioMotionLab_NTroje/rub005/0000_treadmill_norm.pkl,305
BioMotionLab_NTroje/rub005/0000_treadmill_norm.pkl,306
BioMotionLab_NTroje/rub005/0000_treadmill_norm.pkl,307
BioMotionLab_NTroje/rub005/0000_treadmill_norm.pkl,308
BioMotionLab_NTroje/rub005/0000_treadmill_norm.pkl,309
BioMotionLab_NTroje/rub005/0000_treadmill_norm.pkl,310
BioMotionLab_NTroje/rub005/0000_treadmill_norm.pkl,311
BioMotionLab_NTroje/rub005/0000_treadmill_norm.pkl,312
BioMotionLab_NTroje/rub005/0000_treadmill_norm.pkl,313
BioMotionLab_NTroje/rub005/0000_treadmill_norm.pkl,314
BioMotionLab_NTroje/rub005/0000_treadmill_norm.pkl,315
BioMotionLab_NTroje/rub005/0000_treadmill_norm.pkl,316
BioMotionLab_NTroje/rub005/0000_treadmill_norm.pkl,317
BioMotionLab_NTroje/rub005/0000_treadmill_norm.pkl,318
BioMotionLab_NTroje/rub005/0000_treadmill_norm.pkl,319
BioMotionLab_NTroje/rub005/0000_treadmill_norm.pkl,320
BioMotionLab_NTroje/rub005/0000_treadmill_norm.pkl,321
BioMotionLab_NTroje/rub005/0000_treadmill_norm.pkl,322
BioMotionLab_NTroje/rub005/0000_treadmill_norm.pkl,323
BioMotionLab_NTroje/rub005/0000_treadmill_norm.pkl,324
BioMotionLab_NTroje/rub005/0008_knocking1.pkl,0
BioMotionLab_NTroje/rub005/0008_knocking1.pkl,1
BioMotionLab_NTroje/rub005/0008_knocking1.pkl,2
BioMotionLab_NTroje/rub005/0008_knocking1.pkl,3
BioMotionLab_NTroje/rub005/0008_knocking1.pkl,4
BioMotionLab_NTroje/rub005/0008_knocking1.pkl,5
BioMotionLab_NTroje/rub005/0008_knocking1.pkl,6
BioMotionLab_NTroje/rub005/0008_knocking1.pkl,7
BioMotionLab_NTroje/rub005/0008_knocking1.pkl,8
BioMotionLab_NTroje/rub005/0008_knocking1.pkl,9
BioMotionLab_NTroje/rub005/0008_knocking1.pkl,10
BioMotionLab_NTroje/rub005/0008_knocking1.pkl,11
BioMotionLab_NTroje/rub005/0008_knocking1.pkl,12
BioMotionLab_NTroje/rub005/0008_knocking1.pkl,13
BioMotionLab_NTroje/rub005/0008_knocking1.pkl,14
BioMotionLab_NTroje/rub005/0008_knocking1.pkl,15
BioMotionLab_NTroje/rub005/0008_knocking1.pkl,16
BioMotionLab_NTroje/rub005/0008_knocking1.pkl,17
BioMotionLab_NTroje/rub005/0008_knocking1.pkl,18
BioMotionLab_NTroje/rub005/0008_knocking1.pkl,19
BioMotionLab_NTroje/rub005/0008_knocking1.pkl,20
BioMotionLab_NTroje/rub005/0008_knocking1.pkl,21
BioMotionLab_NTroje/rub005/0008_knocking1.pkl,22
BioMotionLab_NTroje/rub005/0008_knocking1.pkl,23
BioMotionLab_NTroje/rub005/0010_sitting1.pkl,0
BioMotionLab_NTroje/rub005/0010_sitting1.pkl,1
BioMotionLab_NTroje/rub005/0010_sitting1.pkl,2
BioMotionLab_NTroje/rub005/0010_sitting1.pkl,3
BioMotionLab_NTroje/rub005/0010_sitting1.pkl,4
BioMotionLab_NTroje/rub005/0010_sitting1.pkl,5
BioMotionLab_NTroje/rub005/0010_sitting1.pkl,6
BioMotionLab_NTroje/rub005/0010_sitting1.pkl,7
BioMotionLab_NTroje/rub005/0010_sitting1.pkl,8
BioMotionLab_NTroje/rub005/0010_sitting1.pkl,112
BioMotionLab_NTroje/rub005/0010_sitting1.pkl,113
BioMotionLab_NTroje/rub005/0010_sitting1.pkl,114
BioMotionLab_NTroje/rub005/0010_sitting1.pkl,115
BioMotionLab_NTroje/rub005/0010_sitting1.pkl,116
BioMotionLab_NTroje/rub005/0010_sitting1.pkl,117
BioMotionLab_NTroje/rub005/0010_sitting1.pkl,118
BioMotionLab_NTroje/rub005/0010_sitting1.pkl,119
BioMotionLab_NTroje/rub005/0010_sitting1.pkl,120
BioMotionLab_NTroje/rub005/0010_sitting1.pkl,121
BioMotionLab_NTroje/rub005/0010_sitting1.pkl,122
BioMotionLab_NTroje/rub007/0009_knocking2.pkl,0
BioMotionLab_NTroje/rub007/0009_knocking2.pkl,1
BioMotionLab_NTroje/rub007/0009_knocking2.pkl,2
BioMotionLab_NTroje/rub007/0009_knocking2.pkl,3
BioMotionLab_NTroje/rub007/0009_knocking2.pkl,4
BioMotionLab_NTroje/rub007/0009_knocking2.pkl,5
BioMotionLab_NTroje/rub007/0009_knocking2.pkl,6
BioMotionLab_NTroje/rub007/0009_knocking2.pkl,7
BioMotionLab_NTroje/rub007/0009_knocking2.pkl,8
BioMotionLab_NTroje/rub007/0009_knocking2.pkl,9
BioMotionLab_NTroje/rub007/0009_knocking2.pkl,10
BioMotionLab_NTroje/rub007/0009_knocking2.pkl,11
BioMotionLab_NTroje/rub007/0009_knocking2.pkl,12
BioMotionLab_NTroje/rub007/0009_knocking2.pkl,13
BioMotionLab_NTroje/rub007/0009_knocking2.pkl,14
BioMotionLab_NTroje/rub007/0009_knocking2.pkl,15
BioMotionLab_NTroje/rub007/0009_knocking2.pkl,16
BioMotionLab_NTroje/rub007/0009_knocking2.pkl,17
BioMotionLab_NTroje/rub007/0009_knocking2.pkl,18
BioMotionLab_NTroje/rub007/0009_knocking2.pkl,19
BioMotionLab_NTroje/rub007/0009_knocking2.pkl,20
BioMotionLab_NTroje/rub007/0009_knocking2.pkl,21
BioMotionLab_NTroje/rub007/0009_knocking2.pkl,22
BioMotionLab_NTroje/rub007/0009_knocking2.pkl,23
BioMotionLab_NTroje/rub007/0009_knocking2.pkl,24
BioMotionLab_NTroje/rub007/0009_knocking2.pkl,25
BioMotionLab_NTroje/rub007/0009_knocking2.pkl,26
BioMotionLab_NTroje/rub007/0009_knocking2.pkl,27
BioMotionLab_NTroje/rub007/0009_knocking2.pkl,28
BioMotionLab_NTroje/rub007/0009_knocking2.pkl,29
BioMotionLab_NTroje/rub007/0009_knocking2.pkl,30
BioMotionLab_NTroje/rub007/0009_knocking2.pkl,145
BioMotionLab_NTroje/rub007/0009_knocking2.pkl,146
BioMotionLab_NTroje/rub007/0009_knocking2.pkl,147
BioMotionLab_NTroje/rub007/0009_knocking2.pkl,148
BioMotionLab_NTroje/rub007/0009_knocking2.pkl,149
BioMotionLab_NTroje/rub007/0009_knocking2.pkl,150
BioMotionLab_NTroje/rub007/0009_knocking2.pkl,151
BioMotionLab_NTroje/rub007/0009_knocking2.pkl,152
BioMotionLab_NTroje/rub007/0009_knocking2.pkl,153
BioMotionLab_NTroje/rub007/0009_knocking2.pkl,154
BioMotionLab_NTroje/rub007/0009_knocking2.pkl,155
BioMotionLab_NTroje/rub007/0009_knocking2.pkl,156
BioMotionLab_NTroje/rub007/0009_knocking2.pkl,157
BioMotionLab_NTroje/rub007/0009_knocking2.pkl,158
BioMotionLab_NTroje/rub007/0009_knocking2.pkl,159
BioMotionLab_NTroje/rub007/0009_knocking2.pkl,160
BioMotionLab_NTroje/rub007/0009_knocking2.pkl,161
BioMotionLab_NTroje/rub007/0009_knocking2.pkl,162
BioMotionLab_NTroje/rub007/0009_knocking2.pkl,163
BioMotionLab_NTroje/rub007/0009_knocking2.pkl,164
BioMotionLab_NTroje/rub007/0009_knocking2.pkl,165
BioMotionLab_NTroje/rub007/0009_knocking2.pkl,166
BioMotionLab_NTroje/rub007/0009_knocking2.pkl,167
BioMotionLab_NTroje/rub007/0009_knocking2.pkl,168
BioMotionLab_NTroje/rub007/0009_knocking2.pkl,169
BioMotionLab_NTroje/rub007/0009_knocking2.pkl,170
BioMotionLab_NTroje/rub007/0009_knocking2.pkl,171
BioMotionLab_NTroje/rub007/0015_lifting_heavy2.pkl,140
BioMotionLab_NTroje/rub007/0015_lifting_heavy2.pkl,141
BioMotionLab_NTroje/rub007/0015_lifting_heavy2.pkl,142
BioMotionLab_NTroje/rub007/0015_lifting_heavy2.pkl,143
BioMotionLab_NTroje/rub007/0015_lifting_heavy2.pkl,144
BioMotionLab_NTroje/rub007/0015_lifting_heavy2.pkl,145
BioMotionLab_NTroje/rub007/0015_lifting_heavy2.pkl,146
BioMotionLab_NTroje/rub007/0015_lifting_heavy2.pkl,147
BioMotionLab_NTroje/rub007/0015_lifting_heavy2.pkl,148
BioMotionLab_NTroje/rub007/0015_lifting_heavy2.pkl,149
BioMotionLab_NTroje/rub007/0015_lifting_heavy2.pkl,150
BioMotionLab_NTroje/rub007/0015_lifting_heavy2.pkl,151
BioMotionLab_NTroje/rub007/0015_lifting_heavy2.pkl,152
BioMotionLab_NTroje/rub007/0015_lifting_heavy2.pkl,153
BioMotionLab_NTroje/rub007/0015_lifting_heavy2.pkl,154
BioMotionLab_NTroje/rub007/0015_lifting_heavy2.pkl,155
BioMotionLab_NTroje/rub007/0015_lifting_heavy2.pkl,156
BioMotionLab_NTroje/rub007/0015_lifting_heavy2.pkl,157
BioMotionLab_NTroje/rub007/0015_lifting_heavy2.pkl,158
BioMotionLab_NTroje/rub007/0015_lifting_heavy2.pkl,159
BioMotionLab_NTroje/rub011/0014_knocking2.pkl,0
BioMotionLab_NTroje/rub011/0014_knocking2.pkl,1
BioMotionLab_NTroje/rub011/0014_knocking2.pkl,2
BioMotionLab_NTroje/rub011/0014_knocking2.pkl,3
BioMotionLab_NTroje/rub011/0014_knocking2.pkl,4
BioMotionLab_NTroje/rub011/0014_knocking2.pkl,5
BioMotionLab_NTroje/rub011/0014_knocking2.pkl,6
BioMotionLab_NTroje/rub011/0014_knocking2.pkl,7
BioMotionLab_NTroje/rub012/0016_sitting2.pkl,0
BioMotionLab_NTroje/rub012/0016_sitting2.pkl,1
BioMotionLab_NTroje/rub012/0016_sitting2.pkl,2
BioMotionLab_NTroje/rub012/0016_sitting2.pkl,3
BioMotionLab_NTroje/rub012/0016_sitting2.pkl,4
BioMotionLab_NTroje/rub012/0016_sitting2.pkl,5
BioMotionLab_NTroje/rub012/0016_sitting2.pkl,6
BioMotionLab_NTroje/rub012/0016_sitting2.pkl,7
BioMotionLab_NTroje/rub012/0016_sitting2.pkl,8
BioMotionLab_NTroje/rub012/0016_sitting2.pkl,9
BioMotionLab_NTroje/rub012/0016_sitting2.pkl,10
BioMotionLab_NTroje/rub012/0016_sitting2.pkl,11
BioMotionLab_NTroje/rub012/0016_sitting2.pkl,12
BioMotionLab_NTroje/rub012/0016_sitting2.pkl,13
BioMotionLab_NTroje/rub012/0016_sitting2.pkl,14
BioMotionLab_NTroje/rub012/0016_sitting2.pkl,15
BioMotionLab_NTroje/rub012/0016_sitting2.pkl,16
BioMotionLab_NTroje/rub012/0016_sitting2.pkl,17
BioMotionLab_NTroje/rub012/0016_sitting2.pkl,18
BioMotionLab_NTroje/rub012/0016_sitting2.pkl,19
BioMotionLab_NTroje/rub012/0016_sitting2.pkl,20
BioMotionLab_NTroje/rub012/0016_sitting2.pkl,21
BioMotionLab_NTroje/rub012/0016_sitting2.pkl,22
BioMotionLab_NTroje/rub012/0016_sitting2.pkl,23
BioMotionLab_NTroje/rub012/0016_sitting2.pkl,24
BioMotionLab_NTroje/rub012/0016_sitting2.pkl,25
BioMotionLab_NTroje/rub012/0016_sitting2.pkl,26
BioMotionLab_NTroje/rub012/0016_sitting2.pkl,27
BioMotionLab_NTroje/rub012/0016_sitting2.pkl,28
BioMotionLab_NTroje/rub012/0018_lifting_light2.pkl,0
BioMotionLab_NTroje/rub012/0018_lifting_light2.pkl,1
BioMotionLab_NTroje/rub012/0018_lifting_light2.pkl,2
BioMotionLab_NTroje/rub012/0018_lifting_light2.pkl,3
BioMotionLab_NTroje/rub012/0018_lifting_light2.pkl,4
BioMotionLab_NTroje/rub012/0018_lifting_light2.pkl,5
BioMotionLab_NTroje/rub012/0018_lifting_light2.pkl,6
BioMotionLab_NTroje/rub012/0018_lifting_light2.pkl,7
BioMotionLab_NTroje/rub012/0018_lifting_light2.pkl,8
BioMotionLab_NTroje/rub012/0018_lifting_light2.pkl,9
BioMotionLab_NTroje/rub012/0018_lifting_light2.pkl,10
BioMotionLab_NTroje/rub012/0018_lifting_light2.pkl,11
BioMotionLab_NTroje/rub012/0018_lifting_light2.pkl,12
BioMotionLab_NTroje/rub012/0018_lifting_light2.pkl,13
BioMotionLab_NTroje/rub012/0018_lifting_light2.pkl,14
BioMotionLab_NTroje/rub012/0018_lifting_light2.pkl,15
BioMotionLab_NTroje/rub012/0018_lifting_light2.pkl,16
BioMotionLab_NTroje/rub012/0018_lifting_light2.pkl,17
BioMotionLab_NTroje/rub012/0018_lifting_light2.pkl,18
BioMotionLab_NTroje/rub012/0018_lifting_light2.pkl,19
BioMotionLab_NTroje/rub012/0018_lifting_light2.pkl,20
BioMotionLab_NTroje/rub012/0018_lifting_light2.pkl,21
BioMotionLab_NTroje/rub012/0018_lifting_light2.pkl,22
BioMotionLab_NTroje/rub012/0018_lifting_light2.pkl,23
BioMotionLab_NTroje/rub012/0018_lifting_light2.pkl,24
BioMotionLab_NTroje/rub015/0021_lifting_heavy2.pkl,119
BioMotionLab_NTroje/rub015/0021_lifting_heavy2.pkl,120
BioMotionLab_NTroje/rub015/0021_lifting_heavy2.pkl,121
BioMotionLab_NTroje/rub015/0021_lifting_heavy2.pkl,122
BioMotionLab_NTroje/rub015/0021_lifting_heavy2.pkl,123
BioMotionLab_NTroje/rub015/0021_lifting_heavy2.pkl,124
BioMotionLab_NTroje/rub015/0021_lifting_heavy2.pkl,125
BioMotionLab_NTroje/rub015/0021_lifting_heavy2.pkl,126
BioMotionLab_NTroje/rub015/0021_lifting_heavy2.pkl,127
BioMotionLab_NTroje/rub015/0021_lifting_heavy2.pkl,128
BioMotionLab_NTroje/rub015/0021_lifting_heavy2.pkl,129
BioMotionLab_NTroje/rub015/0021_lifting_heavy2.pkl,130
BioMotionLab_NTroje/rub015/0021_lifting_heavy2.pkl,131
BioMotionLab_NTroje/rub015/0021_lifting_heavy2.pkl,132
BioMotionLab_NTroje/rub015/0021_lifting_heavy2.pkl,133
BioMotionLab_NTroje/rub015/0021_lifting_heavy2.pkl,134
BioMotionLab_NTroje/rub015/0021_lifting_heavy2.pkl,135
BioMotionLab_NTroje/rub015/0021_lifting_heavy2.pkl,136
BioMotionLab_NTroje/rub015/0021_lifting_heavy2.pkl,137
BioMotionLab_NTroje/rub015/0021_lifting_heavy2.pkl,138
BioMotionLab_NTroje/rub015/0021_lifting_heavy2.pkl,139
BioMotionLab_NTroje/rub015/0021_lifting_heavy2.pkl,140
BioMotionLab_NTroje/rub016/0016_sitting2.pkl,0
BioMotionLab_NTroje/rub016/0016_sitting2.pkl,1
BioMotionLab_NTroje/rub016/0016_sitting2.pkl,2
BioMotionLab_NTroje/rub016/0016_sitting2.pkl,3
BioMotionLab_NTroje/rub016/0016_sitting2.pkl,4
BioMotionLab_NTroje/rub016/0016_sitting2.pkl,5
BioMotionLab_NTroje/rub016/0016_sitting2.pkl,6
BioMotionLab_NTroje/rub016/0016_sitting2.pkl,7
BioMotionLab_NTroje/rub016/0016_sitting2.pkl,8
BioMotionLab_NTroje/rub016/0016_sitting2.pkl,9
BioMotionLab_NTroje/rub016/0016_sitting2.pkl,10
BioMotionLab_NTroje/rub016/0016_sitting2.pkl,11
BioMotionLab_NTroje/rub016/0016_sitting2.pkl,12
BioMotionLab_NTroje/rub016/0016_sitting2.pkl,13
BioMotionLab_NTroje/rub016/0016_sitting2.pkl,14
BioMotionLab_NTroje/rub016/0016_sitting2.pkl,15
BioMotionLab_NTroje/rub016/0016_sitting2.pkl,16
BioMotionLab_NTroje/rub016/0016_sitting2.pkl,17
BioMotionLab_NTroje/rub016/0016_sitting2.pkl,18
BioMotionLab_NTroje/rub016/0016_sitting2.pkl,19
BioMotionLab_NTroje/rub017/0013_knocking1.pkl,0
BioMotionLab_NTroje/rub017/0013_knocking1.pkl,1
BioMotionLab_NTroje/rub017/0013_knocking1.pkl,2
BioMotionLab_NTroje/rub017/0013_knocking1.pkl,3
BioMotionLab_NTroje/rub017/0013_knocking1.pkl,4
BioMotionLab_NTroje/rub017/0013_knocking1.pkl,5
BioMotionLab_NTroje/rub017/0013_knocking1.pkl,6
BioMotionLab_NTroje/rub017/0013_knocking1.pkl,7
BioMotionLab_NTroje/rub017/0013_knocking1.pkl,8
BioMotionLab_NTroje/rub017/0013_knocking1.pkl,9
BioMotionLab_NTroje/rub017/0013_knocking1.pkl,10
BioMotionLab_NTroje/rub017/0013_knocking1.pkl,11
BioMotionLab_NTroje/rub017/0013_knocking1.pkl,12
BioMotionLab_NTroje/rub017/0013_knocking1.pkl,13
BioMotionLab_NTroje/rub017/0013_knocking1.pkl,14
BioMotionLab_NTroje/rub017/0013_knocking1.pkl,15
BioMotionLab_NTroje/rub017/0013_knocking1.pkl,16
BioMotionLab_NTroje/rub017/0013_knocking1.pkl,17
BioMotionLab_NTroje/rub017/0013_knocking1.pkl,18
BioMotionLab_NTroje/rub017/0013_knocking1.pkl,19
BioMotionLab_NTroje/rub017/0013_knocking1.pkl,20
BioMotionLab_NTroje/rub017/0013_knocking1.pkl,21
BioMotionLab_NTroje/rub017/0013_knocking1.pkl,22
BioMotionLab_NTroje/rub017/0013_knocking1.pkl,23
BioMotionLab_NTroje/rub017/0013_knocking1.pkl,24
BioMotionLab_NTroje/rub017/0013_knocking1.pkl,25
BioMotionLab_NTroje/rub017/0013_knocking1.pkl,26
BioMotionLab_NTroje/rub017/0013_knocking1.pkl,27
BioMotionLab_NTroje/rub017/0013_knocking1.pkl,28
BioMotionLab_NTroje/rub017/0013_knocking1.pkl,29
BioMotionLab_NTroje/rub017/0013_knocking1.pkl,30
BioMotionLab_NTroje/rub017/0013_knocking1.pkl,31
BioMotionLab_NTroje/rub017/0013_knocking1.pkl,32
BioMotionLab_NTroje/rub017/0013_knocking1.pkl,33
BioMotionLab_NTroje/rub017/0013_knocking1.pkl,34
BioMotionLab_NTroje/rub017/0013_knocking1.pkl,35
BioMotionLab_NTroje/rub017/0013_knocking1.pkl,36
BioMotionLab_NTroje/rub017/0013_knocking1.pkl,37
BioMotionLab_NTroje/rub017/0013_knocking1.pkl,38
BioMotionLab_NTroje/rub017/0013_knocking1.pkl,39
BioMotionLab_NTroje/rub017/0013_knocking1.pkl,40
BioMotionLab_NTroje/rub017/0013_knocking1.pkl,41
BioMotionLab_NTroje/rub017/0013_knocking1.pkl,42
BioMotionLab_NTroje/rub017/0013_knocking1.pkl,43
BioMotionLab_NTroje/rub018/0017_lifting_light1.pkl,0
BioMotionLab_NTroje/rub020/0013_knocking1.pkl,0
BioMotionLab_NTroje/rub020/0013_knocking1.pkl,1
BioMotionLab_NTroje/rub020/0013_knocking1.pkl,2
BioMotionLab_NTroje/rub020/0013_knocking1.pkl,3
BioMotionLab_NTroje/rub020/0013_knocking1.pkl,4
BioMotionLab_NTroje/rub020/0013_knocking1.pkl,5
BioMotionLab_NTroje/rub020/0013_knocking1.pkl,6
BioMotionLab_NTroje/rub020/0013_knocking1.pkl,7
BioMotionLab_NTroje/rub020/0013_knocking1.pkl,8
BioMotionLab_NTroje/rub020/0013_knocking1.pkl,9
BioMotionLab_NTroje/rub020/0013_knocking1.pkl,10
BioMotionLab_NTroje/rub020/0013_knocking1.pkl,11
BioMotionLab_NTroje/rub020/0013_knocking1.pkl,12
BioMotionLab_NTroje/rub020/0013_knocking1.pkl,13
BioMotionLab_NTroje/rub020/0013_knocking1.pkl,14
BioMotionLab_NTroje/rub020/0013_knocking1.pkl,15
BioMotionLab_NTroje/rub020/0013_knocking1.pkl,16
BioMotionLab_NTroje/rub020/0013_knocking1.pkl,17
BioMotionLab_NTroje/rub020/0013_knocking1.pkl,18
BioMotionLab_NTroje/rub020/0013_knocking1.pkl,19
BioMotionLab_NTroje/rub020/0013_knocking1.pkl,20
BioMotionLab_NTroje/rub020/0013_knocking1.pkl,21
BioMotionLab_NTroje/rub020/0013_knocking1.pkl,22
BioMotionLab_NTroje/rub020/0013_knocking1.pkl,23
BioMotionLab_NTroje/rub020/0013_knocking1.pkl,24
BioMotionLab_NTroje/rub020/0013_knocking1.pkl,25
BioMotionLab_NTroje/rub020/0013_knocking1.pkl,26
BioMotionLab_NTroje/rub020/0013_knocking1.pkl,27
BioMotionLab_NTroje/rub020/0013_knocking1.pkl,28
BioMotionLab_NTroje/rub020/0013_knocking1.pkl,29
BioMotionLab_NTroje/rub020/0013_knocking1.pkl,30
BioMotionLab_NTroje/rub020/0013_knocking1.pkl,31
BioMotionLab_NTroje/rub020/0013_knocking1.pkl,32
BioMotionLab_NTroje/rub020/0013_knocking1.pkl,175
BioMotionLab_NTroje/rub020/0013_knocking1.pkl,176
BioMotionLab_NTroje/rub020/0013_knocking1.pkl,177
BioMotionLab_NTroje/rub020/0013_knocking1.pkl,178
BioMotionLab_NTroje/rub020/0013_knocking1.pkl,179
BioMotionLab_NTroje/rub020/0013_knocking1.pkl,180
BioMotionLab_NTroje/rub020/0013_knocking1.pkl,181
BioMotionLab_NTroje/rub020/0013_knocking1.pkl,182
BioMotionLab_NTroje/rub020/0013_knocking1.pkl,183
BioMotionLab_NTroje/rub020/0013_knocking1.pkl,184
BioMotionLab_NTroje/rub020/0013_knocking1.pkl,185
BioMotionLab_NTroje/rub020/0013_knocking1.pkl,186
BioMotionLab_NTroje/rub020/0013_knocking1.pkl,187
BioMotionLab_NTroje/rub020/0013_knocking1.pkl,188
BioMotionLab_NTroje/rub020/0013_knocking1.pkl,189
BioMotionLab_NTroje/rub020/0013_knocking1.pkl,190
BioMotionLab_NTroje/rub020/0013_knocking1.pkl,191
BioMotionLab_NTroje/rub020/0013_knocking1.pkl,192
BioMotionLab_NTroje/rub020/0013_knocking1.pkl,193
BioMotionLab_NTroje/rub020/0013_knocking1.pkl,194
BioMotionLab_NTroje/rub020/0013_knocking1.pkl,195
BioMotionLab_NTroje/rub020/0013_knocking1.pkl,196
BioMotionLab_NTroje/rub020/0013_knocking1.pkl,197
BioMotionLab_NTroje/rub020/0013_knocking1.pkl,198
BioMotionLab_NTroje/rub020/0013_knocking1.pkl,199
BioMotionLab_NTroje/rub020/0013_knocking1.pkl,200
BioMotionLab_NTroje/rub020/0013_knocking1.pkl,201
BioMotionLab_NTroje/rub020/0013_knocking1.pkl,202
BioMotionLab_NTroje/rub020/0013_knocking1.pkl,203
BioMotionLab_NTroje/rub020/0013_knocking1.pkl,204
BioMotionLab_NTroje/rub020/0013_knocking1.pkl,205
BioMotionLab_NTroje/rub020/0013_knocking1.pkl,206
BioMotionLab_NTroje/rub020/0013_knocking1.pkl,207
BioMotionLab_NTroje/rub020/0016_sitting2.pkl,0
BioMotionLab_NTroje/rub020/0016_sitting2.pkl,1
BioMotionLab_NTroje/rub020/0016_sitting2.pkl,2
BioMotionLab_NTroje/rub020/0016_sitting2.pkl,3
BioMotionLab_NTroje/rub020/0016_sitting2.pkl,4
BioMotionLab_NTroje/rub020/0016_sitting2.pkl,5
BioMotionLab_NTroje/rub020/0016_sitting2.pkl,6
BioMotionLab_NTroje/rub020/0016_sitting2.pkl,7
BioMotionLab_NTroje/rub020/0016_sitting2.pkl,8
BioMotionLab_NTroje/rub020/0016_sitting2.pkl,9
BioMotionLab_NTroje/rub021/0014_knocking2.pkl,0
BioMotionLab_NTroje/rub021/0014_knocking2.pkl,1
BioMotionLab_NTroje/rub021/0014_knocking2.pkl,2
BioMotionLab_NTroje/rub021/0014_knocking2.pkl,3
BioMotionLab_NTroje/rub021/0014_knocking2.pkl,4
BioMotionLab_NTroje/rub021/0014_knocking2.pkl,5
BioMotionLab_NTroje/rub021/0014_knocking2.pkl,6
BioMotionLab_NTroje/rub021/0014_knocking2.pkl,7
BioMotionLab_NTroje/rub021/0014_knocking2.pkl,8
BioMotionLab_NTroje/rub021/0014_knocking2.pkl,9
BioMotionLab_NTroje/rub021/0014_knocking2.pkl,10
BioMotionLab_NTroje/rub021/0014_knocking2.pkl,11
BioMotionLab_NTroje/rub021/0014_knocking2.pkl,12
BioMotionLab_NTroje/rub021/0014_knocking2.pkl,13
BioMotionLab_NTroje/rub021/0014_knocking2.pkl,14
BioMotionLab_NTroje/rub021/0014_knocking2.pkl,15
BioMotionLab_NTroje/rub021/0014_knocking2.pkl,16
BioMotionLab_NTroje/rub021/0014_knocking2.pkl,17
BioMotionLab_NTroje/rub021/0014_knocking2.pkl,18
BioMotionLab_NTroje/rub021/0014_knocking2.pkl,19
BioMotionLab_NTroje/rub021/0014_knocking2.pkl,20
BioMotionLab_NTroje/rub021/0014_knocking2.pkl,21
BioMotionLab_NTroje/rub021/0014_knocking2.pkl,22
BioMotionLab_NTroje/rub021/0014_knocking2.pkl,23
BioMotionLab_NTroje/rub021/0014_knocking2.pkl,24
BioMotionLab_NTroje/rub021/0014_knocking2.pkl,25
BioMotionLab_NTroje/rub021/0014_knocking2.pkl,26
BioMotionLab_NTroje/rub021/0014_knocking2.pkl,27
BioMotionLab_NTroje/rub021/0014_knocking2.pkl,28
BioMotionLab_NTroje/rub021/0014_knocking2.pkl,29
BioMotionLab_NTroje/rub021/0014_knocking2.pkl,30
BioMotionLab_NTroje/rub021/0014_knocking2.pkl,31
BioMotionLab_NTroje/rub021/0014_knocking2.pkl,32
BioMotionLab_NTroje/rub021/0014_knocking2.pkl,33
BioMotionLab_NTroje/rub021/0014_knocking2.pkl,34
BioMotionLab_NTroje/rub021/0014_knocking2.pkl,35
BioMotionLab_NTroje/rub021/0014_knocking2.pkl,36
BioMotionLab_NTroje/rub021/0014_knocking2.pkl,37
BioMotionLab_NTroje/rub021/0014_knocking2.pkl,38
BioMotionLab_NTroje/rub021/0014_knocking2.pkl,39
BioMotionLab_NTroje/rub021/0014_knocking2.pkl,40
BioMotionLab_NTroje/rub021/0014_knocking2.pkl,41
BioMotionLab_NTroje/rub021/0014_knocking2.pkl,42
BioMotionLab_NTroje/rub021/0014_knocking2.pkl,43
BioMotionLab_NTroje/rub021/0017_lifting_light1.pkl,0
BioMotionLab_NTroje/rub021/0017_lifting_light1.pkl,1
BioMotionLab_NTroje/rub021/0017_lifting_light1.pkl,2
BioMotionLab_NTroje/rub021/0017_lifting_light1.pkl,3
BioMotionLab_NTroje/rub021/0017_lifting_light1.pkl,4
BioMotionLab_NTroje/rub021/0017_lifting_light1.pkl,5
BioMotionLab_NTroje/rub021/0017_lifting_light1.pkl,6
BioMotionLab_NTroje/rub021/0017_lifting_light1.pkl,7
BioMotionLab_NTroje/rub021/0017_lifting_light1.pkl,8
BioMotionLab_NTroje/rub021/0017_lifting_light1.pkl,9
BioMotionLab_NTroje/rub021/0017_lifting_light1.pkl,10
BioMotionLab_NTroje/rub021/0017_lifting_light1.pkl,11
BioMotionLab_NTroje/rub021/0017_lifting_light1.pkl,12
BioMotionLab_NTroje/rub021/0017_lifting_light1.pkl,131
BioMotionLab_NTroje/rub021/0017_lifting_light1.pkl,132
BioMotionLab_NTroje/rub021/0017_lifting_light1.pkl,133
BioMotionLab_NTroje/rub021/0017_lifting_light1.pkl,134
BioMotionLab_NTroje/rub021/0017_lifting_light1.pkl,135
BioMotionLab_NTroje/rub021/0017_lifting_light1.pkl,136
BioMotionLab_NTroje/rub021/0017_lifting_light1.pkl,137
BioMotionLab_NTroje/rub022/0016_lifting_light1.pkl,0
BioMotionLab_NTroje/rub022/0016_lifting_light1.pkl,1
BioMotionLab_NTroje/rub022/0016_lifting_light1.pkl,2
BioMotionLab_NTroje/rub022/0016_lifting_light1.pkl,3
BioMotionLab_NTroje/rub022/0016_lifting_light1.pkl,4
BioMotionLab_NTroje/rub022/0016_lifting_light1.pkl,5
BioMotionLab_NTroje/rub022/0016_lifting_light1.pkl,6
BioMotionLab_NTroje/rub022/0016_lifting_light1.pkl,7
BioMotionLab_NTroje/rub022/0016_lifting_light1.pkl,8
BioMotionLab_NTroje/rub022/0016_lifting_light1.pkl,9
BioMotionLab_NTroje/rub022/0016_lifting_light1.pkl,10
BioMotionLab_NTroje/rub022/0016_lifting_light1.pkl,11
BioMotionLab_NTroje/rub022/0016_lifting_light1.pkl,12
BioMotionLab_NTroje/rub022/0016_lifting_light1.pkl,13
BioMotionLab_NTroje/rub023/0015_sitting1.pkl,0
BioMotionLab_NTroje/rub023/0015_sitting1.pkl,1
BioMotionLab_NTroje/rub023/0015_sitting1.pkl,2
BioMotionLab_NTroje/rub023/0015_sitting1.pkl,3
BioMotionLab_NTroje/rub023/0015_sitting1.pkl,4
BioMotionLab_NTroje/rub023/0015_sitting1.pkl,5
BioMotionLab_NTroje/rub023/0015_sitting1.pkl,6
BioMotionLab_NTroje/rub023/0015_sitting1.pkl,7
BioMotionLab_NTroje/rub023/0015_sitting1.pkl,8
BioMotionLab_NTroje/rub023/0015_sitting1.pkl,9
BioMotionLab_NTroje/rub023/0015_sitting1.pkl,10
BioMotionLab_NTroje/rub023/0015_sitting1.pkl,11
BioMotionLab_NTroje/rub023/0015_sitting1.pkl,12
BioMotionLab_NTroje/rub023/0015_sitting1.pkl,13
BioMotionLab_NTroje/rub023/0015_sitting1.pkl,14
BioMotionLab_NTroje/rub023/0015_sitting1.pkl,15
BioMotionLab_NTroje/rub023/0015_sitting1.pkl,16
BioMotionLab_NTroje/rub023/0015_sitting1.pkl,17
BioMotionLab_NTroje/rub023/0015_sitting1.pkl,18
BioMotionLab_NTroje/rub023/0015_sitting1.pkl,19
BioMotionLab_NTroje/rub023/0015_sitting1.pkl,20
BioMotionLab_NTroje/rub023/0015_sitting1.pkl,21
BioMotionLab_NTroje/rub023/0015_sitting1.pkl,22
BioMotionLab_NTroje/rub023/0015_sitting1.pkl,23
BioMotionLab_NTroje/rub023/0015_sitting1.pkl,24
BioMotionLab_NTroje/rub023/0015_sitting1.pkl,25
BioMotionLab_NTroje/rub023/0015_sitting1.pkl,26
BioMotionLab_NTroje/rub023/0015_sitting1.pkl,27
BioMotionLab_NTroje/rub023/0016_sitting2.pkl,0
BioMotionLab_NTroje/rub023/0016_sitting2.pkl,1
BioMotionLab_NTroje/rub023/0016_sitting2.pkl,2
BioMotionLab_NTroje/rub023/0016_sitting2.pkl,3
BioMotionLab_NTroje/rub023/0016_sitting2.pkl,4
BioMotionLab_NTroje/rub023/0016_sitting2.pkl,5
BioMotionLab_NTroje/rub023/0016_sitting2.pkl,6
BioMotionLab_NTroje/rub023/0016_sitting2.pkl,7
BioMotionLab_NTroje/rub023/0016_sitting2.pkl,8
BioMotionLab_NTroje/rub023/0016_sitting2.pkl,9
BioMotionLab_NTroje/rub023/0016_sitting2.pkl,10
BioMotionLab_NTroje/rub023/0016_sitting2.pkl,11
BioMotionLab_NTroje/rub023/0016_sitting2.pkl,12
BioMotionLab_NTroje/rub023/0016_sitting2.pkl,13
BioMotionLab_NTroje/rub023/0016_sitting2.pkl,14
BioMotionLab_NTroje/rub023/0016_sitting2.pkl,15
BioMotionLab_NTroje/rub023/0016_sitting2.pkl,16
BioMotionLab_NTroje/rub023/0016_sitting2.pkl,17
BioMotionLab_NTroje/rub023/0016_sitting2.pkl,18
BioMotionLab_NTroje/rub023/0016_sitting2.pkl,19
BioMotionLab_NTroje/rub023/0016_sitting2.pkl,20
BioMotionLab_NTroje/rub023/0016_sitting2.pkl,21
BioMotionLab_NTroje/rub023/0016_sitting2.pkl,22
BioMotionLab_NTroje/rub023/0016_sitting2.pkl,23
BioMotionLab_NTroje/rub023/0016_sitting2.pkl,24
BioMotionLab_NTroje/rub023/0016_sitting2.pkl,25
BioMotionLab_NTroje/rub023/0016_sitting2.pkl,26
BioMotionLab_NTroje/rub023/0016_sitting2.pkl,27
BioMotionLab_NTroje/rub023/0016_sitting2.pkl,28
BioMotionLab_NTroje/rub023/0016_sitting2.pkl,29
BioMotionLab_NTroje/rub023/0016_sitting2.pkl,30
BioMotionLab_NTroje/rub023/0016_sitting2.pkl,31
BioMotionLab_NTroje/rub025/0013_knocking2.pkl,0
BioMotionLab_NTroje/rub025/0013_knocking2.pkl,1
BioMotionLab_NTroje/rub025/0013_knocking2.pkl,2
BioMotionLab_NTroje/rub025/0013_knocking2.pkl,3
BioMotionLab_NTroje/rub025/0013_knocking2.pkl,4
BioMotionLab_NTroje/rub025/0013_knocking2.pkl,5
BioMotionLab_NTroje/rub025/0013_knocking2.pkl,6
BioMotionLab_NTroje/rub025/0013_knocking2.pkl,7
BioMotionLab_NTroje/rub025/0013_knocking2.pkl,8
BioMotionLab_NTroje/rub025/0013_knocking2.pkl,9
BioMotionLab_NTroje/rub025/0013_knocking2.pkl,10
BioMotionLab_NTroje/rub025/0013_knocking2.pkl,11
BioMotionLab_NTroje/rub025/0013_knocking2.pkl,12
BioMotionLab_NTroje/rub025/0013_knocking2.pkl,13
BioMotionLab_NTroje/rub025/0013_knocking2.pkl,14
BioMotionLab_NTroje/rub025/0013_knocking2.pkl,15
BioMotionLab_NTroje/rub025/0013_knocking2.pkl,16
BioMotionLab_NTroje/rub025/0013_knocking2.pkl,17
BioMotionLab_NTroje/rub025/0013_knocking2.pkl,18
BioMotionLab_NTroje/rub025/0013_knocking2.pkl,19
BioMotionLab_NTroje/rub025/0013_knocking2.pkl,20
BioMotionLab_NTroje/rub025/0013_knocking2.pkl,21
BioMotionLab_NTroje/rub025/0013_knocking2.pkl,22
BioMotionLab_NTroje/rub025/0013_knocking2.pkl,23
BioMotionLab_NTroje/rub025/0013_knocking2.pkl,24
BioMotionLab_NTroje/rub025/0013_knocking2.pkl,25
BioMotionLab_NTroje/rub025/0013_knocking2.pkl,26
BioMotionLab_NTroje/rub025/0013_knocking2.pkl,27
BioMotionLab_NTroje/rub025/0013_knocking2.pkl,28
BioMotionLab_NTroje/rub025/0013_knocking2.pkl,29
BioMotionLab_NTroje/rub025/0013_knocking2.pkl,30
BioMotionLab_NTroje/rub025/0013_knocking2.pkl,31
BioMotionLab_NTroje/rub025/0013_knocking2.pkl,32
BioMotionLab_NTroje/rub025/0013_knocking2.pkl,33
BioMotionLab_NTroje/rub025/0013_knocking2.pkl,34
BioMotionLab_NTroje/rub025/0013_knocking2.pkl,35
BioMotionLab_NTroje/rub025/0013_knocking2.pkl,36
BioMotionLab_NTroje/rub025/0013_knocking2.pkl,37
BioMotionLab_NTroje/rub025/0013_knocking2.pkl,38
BioMotionLab_NTroje/rub025/0013_knocking2.pkl,39
BioMotionLab_NTroje/rub025/0013_knocking2.pkl,40
BioMotionLab_NTroje/rub025/0013_knocking2.pkl,41
BioMotionLab_NTroje/rub025/0013_knocking2.pkl,42
BioMotionLab_NTroje/rub025/0013_knocking2.pkl,43
BioMotionLab_NTroje/rub025/0013_knocking2.pkl,44
BioMotionLab_NTroje/rub025/0013_knocking2.pkl,45
BioMotionLab_NTroje/rub025/0013_knocking2.pkl,46
BioMotionLab_NTroje/rub025/0013_knocking2.pkl,47
BioMotionLab_NTroje/rub025/0013_knocking2.pkl,48
BioMotionLab_NTroje/rub025/0013_knocking2.pkl,49
BioMotionLab_NTroje/rub025/0013_knocking2.pkl,50
BioMotionLab_NTroje/rub025/0013_knocking2.pkl,51
BioMotionLab_NTroje/rub025/0013_knocking2.pkl,52
BioMotionLab_NTroje/rub025/0013_knocking2.pkl,53
BioMotionLab_NTroje/rub025/0013_knocking2.pkl,54
BioMotionLab_NTroje/rub025/0013_knocking2.pkl,55
BioMotionLab_NTroje/rub025/0013_knocking2.pkl,56
BioMotionLab_NTroje/rub025/0013_knocking2.pkl,57
BioMotionLab_NTroje/rub025/0013_knocking2.pkl,58
BioMotionLab_NTroje/rub025/0013_knocking2.pkl,59
BioMotionLab_NTroje/rub025/0013_knocking2.pkl,60
BioMotionLab_NTroje/rub025/0013_knocking2.pkl,61
BioMotionLab_NTroje/rub025/0013_knocking2.pkl,62
BioMotionLab_NTroje/rub025/0013_knocking2.pkl,63
BioMotionLab_NTroje/rub025/0013_knocking2.pkl,64
BioMotionLab_NTroje/rub025/0013_knocking2.pkl,65
BioMotionLab_NTroje/rub025/0013_knocking2.pkl,66
BioMotionLab_NTroje/rub025/0013_knocking2.pkl,67
BioMotionLab_NTroje/rub025/0013_knocking2.pkl,68
BioMotionLab_NTroje/rub025/0013_knocking2.pkl,69
BioMotionLab_NTroje/rub025/0013_knocking2.pkl,70
BioMotionLab_NTroje/rub025/0013_knocking2.pkl,71
BioMotionLab_NTroje/rub025/0013_knocking2.pkl,72
BioMotionLab_NTroje/rub025/0013_knocking2.pkl,73
BioMotionLab_NTroje/rub025/0013_knocking2.pkl,74
BioMotionLab_NTroje/rub025/0013_knocking2.pkl,75
BioMotionLab_NTroje/rub025/0013_knocking2.pkl,76
BioMotionLab_NTroje/rub025/0013_knocking2.pkl,77
BioMotionLab_NTroje/rub025/0013_knocking2.pkl,78
BioMotionLab_NTroje/rub025/0013_knocking2.pkl,79
BioMotionLab_NTroje/rub025/0013_knocking2.pkl,80
BioMotionLab_NTroje/rub025/0013_knocking2.pkl,81
BioMotionLab_NTroje/rub025/0017_lifting_light2.pkl,0
BioMotionLab_NTroje/rub025/0017_lifting_light2.pkl,1
BioMotionLab_NTroje/rub025/0017_lifting_light2.pkl,2
BioMotionLab_NTroje/rub025/0017_lifting_light2.pkl,3
BioMotionLab_NTroje/rub025/0017_lifting_light2.pkl,4
BioMotionLab_NTroje/rub025/0017_lifting_light2.pkl,5
BioMotionLab_NTroje/rub025/0017_lifting_light2.pkl,6
BioMotionLab_NTroje/rub025/0017_lifting_light2.pkl,7
BioMotionLab_NTroje/rub025/0017_lifting_light2.pkl,8
BioMotionLab_NTroje/rub025/0017_lifting_light2.pkl,9
BioMotionLab_NTroje/rub025/0017_lifting_light2.pkl,10
BioMotionLab_NTroje/rub025/0017_lifting_light2.pkl,11
BioMotionLab_NTroje/rub025/0017_lifting_light2.pkl,113
BioMotionLab_NTroje/rub025/0017_lifting_light2.pkl,114
BioMotionLab_NTroje/rub025/0017_lifting_light2.pkl,115
BioMotionLab_NTroje/rub025/0017_lifting_light2.pkl,116
BioMotionLab_NTroje/rub025/0017_lifting_light2.pkl,117
BioMotionLab_NTroje/rub025/0017_lifting_light2.pkl,118
BioMotionLab_NTroje/rub025/0017_lifting_light2.pkl,119
BioMotionLab_NTroje/rub025/0017_lifting_light2.pkl,120
BioMotionLab_NTroje/rub025/0017_lifting_light2.pkl,121
BioMotionLab_NTroje/rub025/0017_lifting_light2.pkl,122
BioMotionLab_NTroje/rub025/0017_lifting_light2.pkl,123
BioMotionLab_NTroje/rub025/0017_lifting_light2.pkl,124
BioMotionLab_NTroje/rub025/0017_lifting_light2.pkl,125
BioMotionLab_NTroje/rub025/0017_lifting_light2.pkl,126
BioMotionLab_NTroje/rub025/0017_lifting_light2.pkl,127
BioMotionLab_NTroje/rub025/0017_lifting_light2.pkl,128
BioMotionLab_NTroje/rub025/0017_lifting_light2.pkl,129
BioMotionLab_NTroje/rub027/0017_lifting_light1.pkl,3
BioMotionLab_NTroje/rub027/0017_lifting_light1.pkl,4
BioMotionLab_NTroje/rub027/0017_lifting_light1.pkl,5
BioMotionLab_NTroje/rub027/0017_lifting_light1.pkl,6
BioMotionLab_NTroje/rub027/0017_lifting_light1.pkl,7
BioMotionLab_NTroje/rub027/0017_lifting_light1.pkl,8
BioMotionLab_NTroje/rub027/0017_lifting_light1.pkl,9
BioMotionLab_NTroje/rub027/0017_lifting_light1.pkl,10
BioMotionLab_NTroje/rub027/0017_lifting_light1.pkl,112
BioMotionLab_NTroje/rub027/0017_lifting_light1.pkl,113
BioMotionLab_NTroje/rub027/0017_lifting_light1.pkl,114
BioMotionLab_NTroje/rub027/0017_lifting_light1.pkl,115
BioMotionLab_NTroje/rub027/0017_lifting_light1.pkl,116
BioMotionLab_NTroje/rub027/0017_lifting_light1.pkl,117
BioMotionLab_NTroje/rub027/0017_lifting_light1.pkl,118
BioMotionLab_NTroje/rub027/0017_lifting_light1.pkl,119
BioMotionLab_NTroje/rub027/0017_lifting_light1.pkl,120
BioMotionLab_NTroje/rub027/0017_lifting_light1.pkl,121
BioMotionLab_NTroje/rub027/0017_lifting_light1.pkl,122
BioMotionLab_NTroje/rub027/0017_lifting_light1.pkl,123
BioMotionLab_NTroje/rub027/0017_lifting_light1.pkl,124
BioMotionLab_NTroje/rub027/0017_lifting_light1.pkl,125
BioMotionLab_NTroje/rub027/0017_lifting_light1.pkl,126
BioMotionLab_NTroje/rub027/0017_lifting_light1.pkl,127
BioMotionLab_NTroje/rub027/0017_lifting_light1.pkl,128
BioMotionLab_NTroje/rub027/0017_lifting_light1.pkl,129
BioMotionLab_NTroje/rub027/0017_lifting_light1.pkl,130
BioMotionLab_NTroje/rub027/0017_lifting_light1.pkl,131
BioMotionLab_NTroje/rub027/0017_lifting_light1.pkl,132
BioMotionLab_NTroje/rub028/0016_sitting2.pkl,0
BioMotionLab_NTroje/rub028/0016_sitting2.pkl,1
BioMotionLab_NTroje/rub028/0016_sitting2.pkl,2
BioMotionLab_NTroje/rub028/0016_sitting2.pkl,3
BioMotionLab_NTroje/rub028/0016_sitting2.pkl,4
BioMotionLab_NTroje/rub028/0016_sitting2.pkl,5
BioMotionLab_NTroje/rub028/0016_sitting2.pkl,6
BioMotionLab_NTroje/rub028/0016_sitting2.pkl,7
BioMotionLab_NTroje/rub028/0016_sitting2.pkl,8
BioMotionLab_NTroje/rub028/0016_sitting2.pkl,9
BioMotionLab_NTroje/rub028/0016_sitting2.pkl,10
BioMotionLab_NTroje/rub028/0016_sitting2.pkl,11
BioMotionLab_NTroje/rub028/0016_sitting2.pkl,12
BioMotionLab_NTroje/rub028/0016_sitting2.pkl,13
BioMotionLab_NTroje/rub028/0016_sitting2.pkl,14
BioMotionLab_NTroje/rub028/0016_sitting2.pkl,15
BioMotionLab_NTroje/rub028/0016_sitting2.pkl,16
BioMotionLab_NTroje/rub028/0016_sitting2.pkl,17
BioMotionLab_NTroje/rub028/0016_sitting2.pkl,18
BioMotionLab_NTroje/rub028/0016_sitting2.pkl,19
BioMotionLab_NTroje/rub028/0018_lifting_light2.pkl,0
BioMotionLab_NTroje/rub028/0018_lifting_light2.pkl,1
BioMotionLab_NTroje/rub028/0018_lifting_light2.pkl,2
BioMotionLab_NTroje/rub028/0018_lifting_light2.pkl,3
BioMotionLab_NTroje/rub028/0018_lifting_light2.pkl,4
BioMotionLab_NTroje/rub028/0018_lifting_light2.pkl,5
BioMotionLab_NTroje/rub028/0018_lifting_light2.pkl,6
BioMotionLab_NTroje/rub028/0018_lifting_light2.pkl,7
BioMotionLab_NTroje/rub028/0018_lifting_light2.pkl,8
BioMotionLab_NTroje/rub028/0018_lifting_light2.pkl,9
BioMotionLab_NTroje/rub028/0018_lifting_light2.pkl,10
BioMotionLab_NTroje/rub028/0018_lifting_light2.pkl,11
BioMotionLab_NTroje/rub028/0018_lifting_light2.pkl,12
BioMotionLab_NTroje/rub028/0018_lifting_light2.pkl,13
BioMotionLab_NTroje/rub028/0018_lifting_light2.pkl,14
BioMotionLab_NTroje/rub028/0018_lifting_light2.pkl,15
BioMotionLab_NTroje/rub028/0018_lifting_light2.pkl,16
BioMotionLab_NTroje/rub028/0018_lifting_light2.pkl,17
BioMotionLab_NTroje/rub028/0018_lifting_light2.pkl,18
BioMotionLab_NTroje/rub029/0014_knocking2.pkl,0
BioMotionLab_NTroje/rub029/0014_knocking2.pkl,1
BioMotionLab_NTroje/rub029/0014_knocking2.pkl,2
BioMotionLab_NTroje/rub029/0014_knocking2.pkl,3
BioMotionLab_NTroje/rub029/0014_knocking2.pkl,4
BioMotionLab_NTroje/rub029/0014_knocking2.pkl,5
BioMotionLab_NTroje/rub029/0014_knocking2.pkl,6
BioMotionLab_NTroje/rub029/0014_knocking2.pkl,7
BioMotionLab_NTroje/rub029/0014_knocking2.pkl,8
BioMotionLab_NTroje/rub029/0014_knocking2.pkl,9
BioMotionLab_NTroje/rub029/0014_knocking2.pkl,10
BioMotionLab_NTroje/rub029/0014_knocking2.pkl,11
BioMotionLab_NTroje/rub029/0014_knocking2.pkl,12
BioMotionLab_NTroje/rub029/0014_knocking2.pkl,13
BioMotionLab_NTroje/rub029/0014_knocking2.pkl,14
BioMotionLab_NTroje/rub029/0014_knocking2.pkl,15
BioMotionLab_NTroje/rub029/0014_knocking2.pkl,16
BioMotionLab_NTroje/rub029/0014_knocking2.pkl,17
BioMotionLab_NTroje/rub029/0014_knocking2.pkl,18
BioMotionLab_NTroje/rub029/0014_knocking2.pkl,19
BioMotionLab_NTroje/rub029/0014_knocking2.pkl,20
BioMotionLab_NTroje/rub029/0014_knocking2.pkl,21
BioMotionLab_NTroje/rub029/0014_knocking2.pkl,22
BioMotionLab_NTroje/rub029/0014_knocking2.pkl,23
BioMotionLab_NTroje/rub029/0014_knocking2.pkl,24
BioMotionLab_NTroje/rub029/0016_sitting2.pkl,1
BioMotionLab_NTroje/rub029/0016_sitting2.pkl,2
BioMotionLab_NTroje/rub029/0016_sitting2.pkl,3
BioMotionLab_NTroje/rub029/0016_sitting2.pkl,4
BioMotionLab_NTroje/rub029/0016_sitting2.pkl,5
BioMotionLab_NTroje/rub029/0016_sitting2.pkl,6
BioMotionLab_NTroje/rub029/0016_sitting2.pkl,7
BioMotionLab_NTroje/rub029/0016_sitting2.pkl,8
BioMotionLab_NTroje/rub029/0016_sitting2.pkl,9
BioMotionLab_NTroje/rub029/0016_sitting2.pkl,10
BioMotionLab_NTroje/rub029/0016_sitting2.pkl,11
BioMotionLab_NTroje/rub029/0016_sitting2.pkl,12
BioMotionLab_NTroje/rub029/0016_sitting2.pkl,13
BioMotionLab_NTroje/rub029/0016_sitting2.pkl,14
BioMotionLab_NTroje/rub029/0016_sitting2.pkl,15
BioMotionLab_NTroje/rub029/0016_sitting2.pkl,16
BioMotionLab_NTroje/rub029/0016_sitting2.pkl,17
BioMotionLab_NTroje/rub029/0016_sitting2.pkl,18
BioMotionLab_NTroje/rub029/0016_sitting2.pkl,19
BioMotionLab_NTroje/rub029/0016_sitting2.pkl,20
BioMotionLab_NTroje/rub029/0016_sitting2.pkl,21
BioMotionLab_NTroje/rub029/0016_sitting2.pkl,22
BioMotionLab_NTroje/rub029/0016_sitting2.pkl,23
BioMotionLab_NTroje/rub029/0016_sitting2.pkl,24
BioMotionLab_NTroje/rub029/0016_sitting2.pkl,25
BioMotionLab_NTroje/rub029/0016_sitting2.pkl,26
BioMotionLab_NTroje/rub029/0016_sitting2.pkl,27
BioMotionLab_NTroje/rub029/0020_lifting_heavy2.pkl,0
BioMotionLab_NTroje/rub029/0020_lifting_heavy2.pkl,1
BioMotionLab_NTroje/rub029/0020_lifting_heavy2.pkl,2
BioMotionLab_NTroje/rub029/0020_lifting_heavy2.pkl,3
BioMotionLab_NTroje/rub029/0020_lifting_heavy2.pkl,4
BioMotionLab_NTroje/rub029/0020_lifting_heavy2.pkl,5
BioMotionLab_NTroje/rub029/0020_lifting_heavy2.pkl,6
BioMotionLab_NTroje/rub029/0020_lifting_heavy2.pkl,7
BioMotionLab_NTroje/rub029/0020_lifting_heavy2.pkl,8
BioMotionLab_NTroje/rub029/0020_lifting_heavy2.pkl,9
BioMotionLab_NTroje/rub029/0020_lifting_heavy2.pkl,10
BioMotionLab_NTroje/rub029/0020_lifting_heavy2.pkl,11
BioMotionLab_NTroje/rub029/0020_lifting_heavy2.pkl,12
BioMotionLab_NTroje/rub029/0020_lifting_heavy2.pkl,13
BioMotionLab_NTroje/rub029/0020_lifting_heavy2.pkl,14
BioMotionLab_NTroje/rub029/0020_lifting_heavy2.pkl,15
BioMotionLab_NTroje/rub029/0020_lifting_heavy2.pkl,16
BioMotionLab_NTroje/rub029/0020_lifting_heavy2.pkl,17
BioMotionLab_NTroje/rub029/0020_lifting_heavy2.pkl,18
BioMotionLab_NTroje/rub029/0020_lifting_heavy2.pkl,19
BioMotionLab_NTroje/rub029/0020_lifting_heavy2.pkl,20
BioMotionLab_NTroje/rub029/0020_lifting_heavy2.pkl,21
BioMotionLab_NTroje/rub029/0020_lifting_heavy2.pkl,22
BioMotionLab_NTroje/rub029/0020_lifting_heavy2.pkl,23
BioMotionLab_NTroje/rub029/0020_lifting_heavy2.pkl,24
BioMotionLab_NTroje/rub029/0020_lifting_heavy2.pkl,25
BioMotionLab_NTroje/rub029/0020_lifting_heavy2.pkl,26
BioMotionLab_NTroje/rub029/0020_lifting_heavy2.pkl,27
BioMotionLab_NTroje/rub029/0020_lifting_heavy2.pkl,28
BioMotionLab_NTroje/rub029/0020_lifting_heavy2.pkl,29
BioMotionLab_NTroje/rub029/0020_lifting_heavy2.pkl,30
BioMotionLab_NTroje/rub029/0020_lifting_heavy2.pkl,31
BioMotionLab_NTroje/rub029/0020_lifting_heavy2.pkl,32
BioMotionLab_NTroje/rub029/0020_lifting_heavy2.pkl,33
BioMotionLab_NTroje/rub029/0020_lifting_heavy2.pkl,34
BioMotionLab_NTroje/rub029/0020_lifting_heavy2.pkl,35
BioMotionLab_NTroje/rub029/0020_lifting_heavy2.pkl,36
BioMotionLab_NTroje/rub029/0020_lifting_heavy2.pkl,37
BioMotionLab_NTroje/rub029/0020_lifting_heavy2.pkl,38
BioMotionLab_NTroje/rub029/0020_lifting_heavy2.pkl,39
BioMotionLab_NTroje/rub029/0020_lifting_heavy2.pkl,137
BioMotionLab_NTroje/rub029/0020_lifting_heavy2.pkl,138
BioMotionLab_NTroje/rub029/0020_lifting_heavy2.pkl,139
BioMotionLab_NTroje/rub029/0020_lifting_heavy2.pkl,140
BioMotionLab_NTroje/rub029/0020_lifting_heavy2.pkl,141
BioMotionLab_NTroje/rub029/0020_lifting_heavy2.pkl,142
BioMotionLab_NTroje/rub029/0020_lifting_heavy2.pkl,143
BioMotionLab_NTroje/rub029/0020_lifting_heavy2.pkl,144
BioMotionLab_NTroje/rub029/0020_lifting_heavy2.pkl,145
BioMotionLab_NTroje/rub029/0020_lifting_heavy2.pkl,146
BioMotionLab_NTroje/rub029/0020_lifting_heavy2.pkl,147
BioMotionLab_NTroje/rub029/0020_lifting_heavy2.pkl,148
BioMotionLab_NTroje/rub029/0020_lifting_heavy2.pkl,149
BioMotionLab_NTroje/rub029/0020_lifting_heavy2.pkl,150
BioMotionLab_NTroje/rub029/0020_lifting_heavy2.pkl,151
BioMotionLab_NTroje/rub029/0020_lifting_heavy2.pkl,152
BioMotionLab_NTroje/rub029/0020_lifting_heavy2.pkl,153
BioMotionLab_NTroje/rub029/0020_lifting_heavy2.pkl,154
BioMotionLab_NTroje/rub029/0020_lifting_heavy2.pkl,155
BioMotionLab_NTroje/rub029/0020_lifting_heavy2.pkl,156
BioMotionLab_NTroje/rub029/0020_lifting_heavy2.pkl,157
BioMotionLab_NTroje/rub029/0020_lifting_heavy2.pkl,158
BioMotionLab_NTroje/rub029/0020_lifting_heavy2.pkl,159
BioMotionLab_NTroje/rub029/0020_lifting_heavy2.pkl,160
BioMotionLab_NTroje/rub029/0020_lifting_heavy2.pkl,161
BioMotionLab_NTroje/rub029/0020_lifting_heavy2.pkl,162
BioMotionLab_NTroje/rub029/0020_lifting_heavy2.pkl,163
BioMotionLab_NTroje/rub029/0020_lifting_heavy2.pkl,164
BioMotionLab_NTroje/rub029/0020_lifting_heavy2.pkl,165
BioMotionLab_NTroje/rub029/0020_lifting_heavy2.pkl,166
BioMotionLab_NTroje/rub029/0020_lifting_heavy2.pkl,167
BioMotionLab_NTroje/rub029/0020_lifting_heavy2.pkl,168
BioMotionLab_NTroje/rub029/0020_lifting_heavy2.pkl,169
BioMotionLab_NTroje/rub029/0020_lifting_heavy2.pkl,170
BioMotionLab_NTroje/rub029/0020_lifting_heavy2.pkl,171
BioMotionLab_NTroje/rub029/0020_lifting_heavy2.pkl,172
BioMotionLab_NTroje/rub029/0020_lifting_heavy2.pkl,173
BioMotionLab_NTroje/rub029/0020_lifting_heavy2.pkl,174
BioMotionLab_NTroje/rub029/0020_lifting_heavy2.pkl,175
BioMotionLab_NTroje/rub029/0020_lifting_heavy2.pkl,176
BioMotionLab_NTroje/rub030/0014_knocking2.pkl,0
BioMotionLab_NTroje/rub030/0014_knocking2.pkl,1
BioMotionLab_NTroje/rub030/0014_knocking2.pkl,2
BioMotionLab_NTroje/rub030/0014_knocking2.pkl,3
BioMotionLab_NTroje/rub030/0014_knocking2.pkl,4
BioMotionLab_NTroje/rub030/0014_knocking2.pkl,5
BioMotionLab_NTroje/rub030/0014_knocking2.pkl,6
BioMotionLab_NTroje/rub030/0014_knocking2.pkl,7
BioMotionLab_NTroje/rub030/0014_knocking2.pkl,8
BioMotionLab_NTroje/rub030/0014_knocking2.pkl,9
BioMotionLab_NTroje/rub030/0014_knocking2.pkl,10
BioMotionLab_NTroje/rub030/0014_knocking2.pkl,11
BioMotionLab_NTroje/rub030/0014_knocking2.pkl,12
BioMotionLab_NTroje/rub030/0014_knocking2.pkl,13
BioMotionLab_NTroje/rub030/0014_knocking2.pkl,14
BioMotionLab_NTroje/rub030/0014_knocking2.pkl,15
BioMotionLab_NTroje/rub030/0014_knocking2.pkl,16
BioMotionLab_NTroje/rub030/0014_knocking2.pkl,17
BioMotionLab_NTroje/rub030/0014_knocking2.pkl,18
BioMotionLab_NTroje/rub030/0014_knocking2.pkl,19
BioMotionLab_NTroje/rub030/0014_knocking2.pkl,20
BioMotionLab_NTroje/rub030/0014_knocking2.pkl,21
BioMotionLab_NTroje/rub030/0014_knocking2.pkl,22
BioMotionLab_NTroje/rub030/0014_knocking2.pkl,23
BioMotionLab_NTroje/rub030/0014_knocking2.pkl,24
BioMotionLab_NTroje/rub030/0014_knocking2.pkl,25
BioMotionLab_NTroje/rub030/0016_sitting2.pkl,0
BioMotionLab_NTroje/rub030/0016_sitting2.pkl,1
BioMotionLab_NTroje/rub030/0016_sitting2.pkl,2
BioMotionLab_NTroje/rub030/0016_sitting2.pkl,3
BioMotionLab_NTroje/rub030/0016_sitting2.pkl,4
BioMotionLab_NTroje/rub030/0016_sitting2.pkl,5
BioMotionLab_NTroje/rub030/0016_sitting2.pkl,6
BioMotionLab_NTroje/rub030/0016_sitting2.pkl,7
BioMotionLab_NTroje/rub030/0016_sitting2.pkl,8
BioMotionLab_NTroje/rub030/0016_sitting2.pkl,9
BioMotionLab_NTroje/rub030/0016_sitting2.pkl,10
BioMotionLab_NTroje/rub030/0016_sitting2.pkl,11
BioMotionLab_NTroje/rub030/0016_sitting2.pkl,12
BioMotionLab_NTroje/rub030/0016_sitting2.pkl,13
BioMotionLab_NTroje/rub030/0016_sitting2.pkl,14
BioMotionLab_NTroje/rub030/0016_sitting2.pkl,15
BioMotionLab_NTroje/rub030/0016_sitting2.pkl,16
BioMotionLab_NTroje/rub030/0016_sitting2.pkl,17
BioMotionLab_NTroje/rub030/0016_sitting2.pkl,18
BioMotionLab_NTroje/rub030/0016_sitting2.pkl,19
BioMotionLab_NTroje/rub030/0016_sitting2.pkl,20
BioMotionLab_NTroje/rub030/0016_sitting2.pkl,21
BioMotionLab_NTroje/rub030/0016_sitting2.pkl,22
BioMotionLab_NTroje/rub030/0016_sitting2.pkl,23
BioMotionLab_NTroje/rub030/0016_sitting2.pkl,24
BioMotionLab_NTroje/rub030/0016_sitting2.pkl,25
BioMotionLab_NTroje/rub030/0016_sitting2.pkl,26
BioMotionLab_NTroje/rub030/0016_sitting2.pkl,27
BioMotionLab_NTroje/rub030/0016_sitting2.pkl,28
BioMotionLab_NTroje/rub030/0016_sitting2.pkl,29
BioMotionLab_NTroje/rub030/0030_scamper.pkl,65
BioMotionLab_NTroje/rub030/0030_scamper.pkl,66
BioMotionLab_NTroje/rub030/0030_scamper.pkl,67
BioMotionLab_NTroje/rub030/0030_scamper.pkl,68
BioMotionLab_NTroje/rub030/0030_scamper.pkl,69
BioMotionLab_NTroje/rub030/0030_scamper.pkl,70
BioMotionLab_NTroje/rub030/0030_scamper.pkl,71
BioMotionLab_NTroje/rub030/0030_scamper.pkl,72
BioMotionLab_NTroje/rub030/0030_scamper.pkl,73
BioMotionLab_NTroje/rub030/0030_scamper.pkl,74
BioMotionLab_NTroje/rub030/0030_scamper.pkl,75
BioMotionLab_NTroje/rub033/0014_sitting1.pkl,0
BioMotionLab_NTroje/rub033/0014_sitting1.pkl,1
BioMotionLab_NTroje/rub033/0014_sitting1.pkl,2
BioMotionLab_NTroje/rub033/0014_sitting1.pkl,3
BioMotionLab_NTroje/rub033/0014_sitting1.pkl,4
BioMotionLab_NTroje/rub033/0014_sitting1.pkl,5
BioMotionLab_NTroje/rub033/0014_sitting1.pkl,349
BioMotionLab_NTroje/rub033/0014_sitting1.pkl,350
BioMotionLab_NTroje/rub033/0014_sitting1.pkl,351
BioMotionLab_NTroje/rub033/0014_sitting1.pkl,352
BioMotionLab_NTroje/rub033/0014_sitting1.pkl,353
BioMotionLab_NTroje/rub033/0014_sitting1.pkl,354
BioMotionLab_NTroje/rub033/0014_sitting1.pkl,355
BioMotionLab_NTroje/rub033/0014_sitting1.pkl,356
BioMotionLab_NTroje/rub033/0014_sitting1.pkl,357
BioMotionLab_NTroje/rub033/0014_sitting1.pkl,358
BioMotionLab_NTroje/rub033/0016_lifting_light1.pkl,0
BioMotionLab_NTroje/rub033/0016_lifting_light1.pkl,1
BioMotionLab_NTroje/rub033/0016_lifting_light1.pkl,2
BioMotionLab_NTroje/rub033/0016_lifting_light1.pkl,3
BioMotionLab_NTroje/rub033/0016_lifting_light1.pkl,4
BioMotionLab_NTroje/rub033/0016_lifting_light1.pkl,5
BioMotionLab_NTroje/rub033/0016_lifting_light1.pkl,6
BioMotionLab_NTroje/rub033/0016_lifting_light1.pkl,7
BioMotionLab_NTroje/rub033/0016_lifting_light1.pkl,8
BioMotionLab_NTroje/rub033/0016_lifting_light1.pkl,9
BioMotionLab_NTroje/rub033/0016_lifting_light1.pkl,10
BioMotionLab_NTroje/rub033/0016_lifting_light1.pkl,11
BioMotionLab_NTroje/rub033/0016_lifting_light1.pkl,12
BioMotionLab_NTroje/rub033/0016_lifting_light1.pkl,13
BioMotionLab_NTroje/rub033/0016_lifting_light1.pkl,14
BioMotionLab_NTroje/rub033/0016_lifting_light1.pkl,15
BioMotionLab_NTroje/rub033/0016_lifting_light1.pkl,16
BioMotionLab_NTroje/rub033/0016_lifting_light1.pkl,17
BioMotionLab_NTroje/rub033/0016_lifting_light1.pkl,18
BioMotionLab_NTroje/rub033/0016_lifting_light1.pkl,19
BioMotionLab_NTroje/rub033/0016_lifting_light1.pkl,20
BioMotionLab_NTroje/rub033/0016_lifting_light1.pkl,21
BioMotionLab_NTroje/rub033/0016_lifting_light1.pkl,22
BioMotionLab_NTroje/rub033/0016_lifting_light1.pkl,23
BioMotionLab_NTroje/rub033/0016_lifting_light1.pkl,24
BioMotionLab_NTroje/rub033/0016_lifting_light1.pkl,25
BioMotionLab_NTroje/rub033/0016_lifting_light1.pkl,26
BioMotionLab_NTroje/rub033/0016_lifting_light1.pkl,27
BioMotionLab_NTroje/rub033/0016_lifting_light1.pkl,28
BioMotionLab_NTroje/rub033/0016_lifting_light1.pkl,29
BioMotionLab_NTroje/rub033/0016_lifting_light1.pkl,30
BioMotionLab_NTroje/rub033/0016_lifting_light1.pkl,31
BioMotionLab_NTroje/rub035/0016_sitting2.pkl,0
BioMotionLab_NTroje/rub035/0016_sitting2.pkl,1
BioMotionLab_NTroje/rub035/0016_sitting2.pkl,2
BioMotionLab_NTroje/rub035/0016_sitting2.pkl,3
BioMotionLab_NTroje/rub035/0016_sitting2.pkl,4
BioMotionLab_NTroje/rub035/0016_sitting2.pkl,5
BioMotionLab_NTroje/rub035/0016_sitting2.pkl,6
BioMotionLab_NTroje/rub035/0016_sitting2.pkl,7
BioMotionLab_NTroje/rub035/0016_sitting2.pkl,8
BioMotionLab_NTroje/rub035/0016_sitting2.pkl,9
BioMotionLab_NTroje/rub035/0016_sitting2.pkl,10
BioMotionLab_NTroje/rub035/0016_sitting2.pkl,11
BioMotionLab_NTroje/rub035/0016_sitting2.pkl,12
BioMotionLab_NTroje/rub035/0016_sitting2.pkl,13
BioMotionLab_NTroje/rub035/0016_sitting2.pkl,14
BioMotionLab_NTroje/rub035/0016_sitting2.pkl,15
BioMotionLab_NTroje/rub035/0016_sitting2.pkl,16
BioMotionLab_NTroje/rub035/0016_sitting2.pkl,17
BioMotionLab_NTroje/rub035/0016_sitting2.pkl,18
BioMotionLab_NTroje/rub037/0015_sitting1.pkl,0
BioMotionLab_NTroje/rub037/0015_sitting1.pkl,1
BioMotionLab_NTroje/rub037/0015_sitting1.pkl,2
BioMotionLab_NTroje/rub037/0015_sitting1.pkl,3
BioMotionLab_NTroje/rub037/0015_sitting1.pkl,4
BioMotionLab_NTroje/rub037/0015_sitting1.pkl,5
BioMotionLab_NTroje/rub037/0015_sitting1.pkl,6
BioMotionLab_NTroje/rub037/0015_sitting1.pkl,7
BioMotionLab_NTroje/rub037/0015_sitting1.pkl,220
BioMotionLab_NTroje/rub037/0015_sitting1.pkl,221
BioMotionLab_NTroje/rub037/0015_sitting1.pkl,222
BioMotionLab_NTroje/rub037/0015_sitting1.pkl,223
BioMotionLab_NTroje/rub037/0015_sitting1.pkl,224
BioMotionLab_NTroje/rub037/0015_sitting1.pkl,225
BioMotionLab_NTroje/rub037/0015_sitting1.pkl,226
BioMotionLab_NTroje/rub037/0015_sitting1.pkl,227
BioMotionLab_NTroje/rub037/0015_sitting1.pkl,228
BioMotionLab_NTroje/rub037/0015_sitting1.pkl,229
BioMotionLab_NTroje/rub037/0015_sitting1.pkl,230
BioMotionLab_NTroje/rub037/0015_sitting1.pkl,231
BioMotionLab_NTroje/rub037/0015_sitting1.pkl,232
BioMotionLab_NTroje/rub037/0015_sitting1.pkl,233
BioMotionLab_NTroje/rub037/0015_sitting1.pkl,234
BioMotionLab_NTroje/rub037/0015_sitting1.pkl,235
BioMotionLab_NTroje/rub037/0015_sitting1.pkl,236
BioMotionLab_NTroje/rub037/0015_sitting1.pkl,237
BioMotionLab_NTroje/rub037/0015_sitting1.pkl,238
BioMotionLab_NTroje/rub037/0015_sitting1.pkl,239
BioMotionLab_NTroje/rub037/0015_sitting1.pkl,240
BioMotionLab_NTroje/rub037/0015_sitting1.pkl,241
BioMotionLab_NTroje/rub037/0015_sitting1.pkl,242
BioMotionLab_NTroje/rub037/0015_sitting1.pkl,243
BioMotionLab_NTroje/rub037/0015_sitting1.pkl,244
BioMotionLab_NTroje/rub037/0015_sitting1.pkl,245
BioMotionLab_NTroje/rub038/0013_knocking1.pkl,0
BioMotionLab_NTroje/rub038/0013_knocking1.pkl,1
BioMotionLab_NTroje/rub038/0013_knocking1.pkl,2
BioMotionLab_NTroje/rub038/0013_knocking1.pkl,3
BioMotionLab_NTroje/rub038/0013_knocking1.pkl,4
BioMotionLab_NTroje/rub038/0013_knocking1.pkl,5
BioMotionLab_NTroje/rub038/0013_knocking1.pkl,6
BioMotionLab_NTroje/rub038/0013_knocking1.pkl,7
BioMotionLab_NTroje/rub038/0013_knocking1.pkl,8
BioMotionLab_NTroje/rub038/0013_knocking1.pkl,9
BioMotionLab_NTroje/rub038/0013_knocking1.pkl,10
BioMotionLab_NTroje/rub038/0013_knocking1.pkl,11
BioMotionLab_NTroje/rub038/0013_knocking1.pkl,12
BioMotionLab_NTroje/rub038/0013_knocking1.pkl,13
BioMotionLab_NTroje/rub038/0013_knocking1.pkl,14
BioMotionLab_NTroje/rub038/0013_knocking1.pkl,15
BioMotionLab_NTroje/rub038/0013_knocking1.pkl,16
BioMotionLab_NTroje/rub038/0013_knocking1.pkl,17
BioMotionLab_NTroje/rub038/0013_knocking1.pkl,18
BioMotionLab_NTroje/rub038/0013_knocking1.pkl,19
BioMotionLab_NTroje/rub038/0013_knocking1.pkl,20
BioMotionLab_NTroje/rub038/0013_knocking1.pkl,21
BioMotionLab_NTroje/rub038/0013_knocking1.pkl,22
BioMotionLab_NTroje/rub038/0013_knocking1.pkl,23
BioMotionLab_NTroje/rub038/0013_knocking1.pkl,24
BioMotionLab_NTroje/rub038/0013_knocking1.pkl,25
BioMotionLab_NTroje/rub038/0013_knocking1.pkl,26
BioMotionLab_NTroje/rub038/0013_knocking1.pkl,27
BioMotionLab_NTroje/rub038/0013_knocking1.pkl,28
BioMotionLab_NTroje/rub038/0013_knocking1.pkl,29
BioMotionLab_NTroje/rub038/0013_knocking1.pkl,30
BioMotionLab_NTroje/rub038/0013_knocking1.pkl,31
BioMotionLab_NTroje/rub038/0013_knocking1.pkl,32
BioMotionLab_NTroje/rub038/0013_knocking1.pkl,33
BioMotionLab_NTroje/rub038/0013_knocking1.pkl,34
BioMotionLab_NTroje/rub038/0013_knocking1.pkl,35
BioMotionLab_NTroje/rub038/0013_knocking1.pkl,36
BioMotionLab_NTroje/rub038/0013_knocking1.pkl,37
BioMotionLab_NTroje/rub038/0013_knocking1.pkl,38
BioMotionLab_NTroje/rub038/0013_knocking1.pkl,39
BioMotionLab_NTroje/rub038/0013_knocking1.pkl,40
BioMotionLab_NTroje/rub038/0013_knocking1.pkl,41
BioMotionLab_NTroje/rub038/0013_knocking1.pkl,42
BioMotionLab_NTroje/rub038/0013_knocking1.pkl,43
BioMotionLab_NTroje/rub038/0013_knocking1.pkl,44
BioMotionLab_NTroje/rub038/0013_knocking1.pkl,45
BioMotionLab_NTroje/rub038/0013_knocking1.pkl,46
BioMotionLab_NTroje/rub038/0013_knocking1.pkl,47
BioMotionLab_NTroje/rub038/0013_knocking1.pkl,48
BioMotionLab_NTroje/rub038/0013_knocking1.pkl,183
BioMotionLab_NTroje/rub038/0013_knocking1.pkl,184
BioMotionLab_NTroje/rub038/0013_knocking1.pkl,185
BioMotionLab_NTroje/rub038/0013_knocking1.pkl,186
BioMotionLab_NTroje/rub038/0013_knocking1.pkl,187
BioMotionLab_NTroje/rub038/0013_knocking1.pkl,188
BioMotionLab_NTroje/rub038/0013_knocking1.pkl,189
BioMotionLab_NTroje/rub038/0013_knocking1.pkl,190
BioMotionLab_NTroje/rub038/0013_knocking1.pkl,191
BioMotionLab_NTroje/rub038/0013_knocking1.pkl,192
BioMotionLab_NTroje/rub038/0013_knocking1.pkl,193
BioMotionLab_NTroje/rub038/0013_knocking1.pkl,194
BioMotionLab_NTroje/rub038/0013_knocking1.pkl,195
BioMotionLab_NTroje/rub038/0013_knocking1.pkl,196
BioMotionLab_NTroje/rub038/0013_knocking1.pkl,197
BioMotionLab_NTroje/rub038/0013_knocking1.pkl,198
BioMotionLab_NTroje/rub038/0013_knocking1.pkl,199
BioMotionLab_NTroje/rub038/0013_knocking1.pkl,200
BioMotionLab_NTroje/rub038/0013_knocking1.pkl,201
BioMotionLab_NTroje/rub038/0013_knocking1.pkl,202
BioMotionLab_NTroje/rub038/0013_knocking1.pkl,203
BioMotionLab_NTroje/rub038/0013_knocking1.pkl,204
BioMotionLab_NTroje/rub038/0013_knocking1.pkl,205
BioMotionLab_NTroje/rub038/0013_knocking1.pkl,206
BioMotionLab_NTroje/rub038/0013_knocking1.pkl,207
BioMotionLab_NTroje/rub038/0019_lifting_heavy1.pkl,0
BioMotionLab_NTroje/rub038/0019_lifting_heavy1.pkl,1
BioMotionLab_NTroje/rub038/0019_lifting_heavy1.pkl,2
BioMotionLab_NTroje/rub038/0019_lifting_heavy1.pkl,3
BioMotionLab_NTroje/rub038/0019_lifting_heavy1.pkl,4
BioMotionLab_NTroje/rub038/0019_lifting_heavy1.pkl,5
BioMotionLab_NTroje/rub038/0019_lifting_heavy1.pkl,6
BioMotionLab_NTroje/rub038/0019_lifting_heavy1.pkl,7
BioMotionLab_NTroje/rub038/0019_lifting_heavy1.pkl,8
BioMotionLab_NTroje/rub038/0019_lifting_heavy1.pkl,9
BioMotionLab_NTroje/rub041/0014_knocking2.pkl,0
BioMotionLab_NTroje/rub041/0014_knocking2.pkl,1
BioMotionLab_NTroje/rub041/0014_knocking2.pkl,2
BioMotionLab_NTroje/rub041/0014_knocking2.pkl,3
BioMotionLab_NTroje/rub041/0014_knocking2.pkl,4
BioMotionLab_NTroje/rub041/0014_knocking2.pkl,5
BioMotionLab_NTroje/rub041/0014_knocking2.pkl,6
BioMotionLab_NTroje/rub041/0014_knocking2.pkl,7
BioMotionLab_NTroje/rub041/0014_knocking2.pkl,8
BioMotionLab_NTroje/rub041/0014_knocking2.pkl,9
BioMotionLab_NTroje/rub041/0014_knocking2.pkl,10
BioMotionLab_NTroje/rub041/0014_knocking2.pkl,11
BioMotionLab_NTroje/rub041/0014_knocking2.pkl,12
BioMotionLab_NTroje/rub041/0014_knocking2.pkl,13
BioMotionLab_NTroje/rub041/0014_knocking2.pkl,14
BioMotionLab_NTroje/rub041/0014_knocking2.pkl,15
BioMotionLab_NTroje/rub041/0014_knocking2.pkl,16
BioMotionLab_NTroje/rub041/0014_knocking2.pkl,17
BioMotionLab_NTroje/rub041/0014_knocking2.pkl,18
BioMotionLab_NTroje/rub041/0014_knocking2.pkl,19
BioMotionLab_NTroje/rub041/0014_knocking2.pkl,20
BioMotionLab_NTroje/rub041/0014_knocking2.pkl,21
BioMotionLab_NTroje/rub041/0014_knocking2.pkl,22
BioMotionLab_NTroje/rub041/0014_knocking2.pkl,23
BioMotionLab_NTroje/rub041/0014_knocking2.pkl,24
BioMotionLab_NTroje/rub041/0014_knocking2.pkl,25
BioMotionLab_NTroje/rub041/0014_knocking2.pkl,26
BioMotionLab_NTroje/rub041/0014_knocking2.pkl,27
BioMotionLab_NTroje/rub041/0014_knocking2.pkl,28
BioMotionLab_NTroje/rub041/0014_knocking2.pkl,29
BioMotionLab_NTroje/rub041/0014_knocking2.pkl,30
BioMotionLab_NTroje/rub041/0014_knocking2.pkl,31
BioMotionLab_NTroje/rub041/0014_knocking2.pkl,32
BioMotionLab_NTroje/rub041/0014_knocking2.pkl,33
BioMotionLab_NTroje/rub041/0014_knocking2.pkl,34
BioMotionLab_NTroje/rub041/0014_knocking2.pkl,35
BioMotionLab_NTroje/rub041/0020_lifting_heavy2.pkl,141
BioMotionLab_NTroje/rub041/0020_lifting_heavy2.pkl,142
BioMotionLab_NTroje/rub041/0020_lifting_heavy2.pkl,143
BioMotionLab_NTroje/rub041/0020_lifting_heavy2.pkl,144
BioMotionLab_NTroje/rub041/0020_lifting_heavy2.pkl,145
BioMotionLab_NTroje/rub041/0020_lifting_heavy2.pkl,146
BioMotionLab_NTroje/rub041/0020_lifting_heavy2.pkl,147
BioMotionLab_NTroje/rub041/0020_lifting_heavy2.pkl,148
BioMotionLab_NTroje/rub041/0020_lifting_heavy2.pkl,149
BioMotionLab_NTroje/rub041/0020_lifting_heavy2.pkl,150
BioMotionLab_NTroje/rub041/0020_lifting_heavy2.pkl,151
BioMotionLab_NTroje/rub041/0020_lifting_heavy2.pkl,152
BioMotionLab_NTroje/rub041/0020_lifting_heavy2.pkl,153
BioMotionLab_NTroje/rub041/0020_lifting_heavy2.pkl,154
BioMotionLab_NTroje/rub041/0020_lifting_heavy2.pkl,155
BioMotionLab_NTroje/rub041/0020_lifting_heavy2.pkl,156
BioMotionLab_NTroje/rub041/0020_lifting_heavy2.pkl,157
BioMotionLab_NTroje/rub041/0020_lifting_heavy2.pkl,158
BioMotionLab_NTroje/rub041/0020_lifting_heavy2.pkl,159
BioMotionLab_NTroje/rub041/0020_lifting_heavy2.pkl,160
BioMotionLab_NTroje/rub041/0020_lifting_heavy2.pkl,161
BioMotionLab_NTroje/rub041/0020_lifting_heavy2.pkl,162
BioMotionLab_NTroje/rub041/0020_lifting_heavy2.pkl,163
BioMotionLab_NTroje/rub041/0020_lifting_heavy2.pkl,164
BioMotionLab_NTroje/rub041/0020_lifting_heavy2.pkl,165
BioMotionLab_NTroje/rub041/0020_lifting_heavy2.pkl,166
BioMotionLab_NTroje/rub041/0020_lifting_heavy2.pkl,167
BioMotionLab_NTroje/rub041/0020_lifting_heavy2.pkl,168
BioMotionLab_NTroje/rub041/0020_lifting_heavy2.pkl,169
BioMotionLab_NTroje/rub041/0020_lifting_heavy2.pkl,170
BioMotionLab_NTroje/rub041/0020_lifting_heavy2.pkl,171
BioMotionLab_NTroje/rub041/0020_lifting_heavy2.pkl,172
BioMotionLab_NTroje/rub041/0020_lifting_heavy2.pkl,173
BioMotionLab_NTroje/rub041/0020_lifting_heavy2.pkl,174
BioMotionLab_NTroje/rub041/0020_lifting_heavy2.pkl,175
BioMotionLab_NTroje/rub041/0020_lifting_heavy2.pkl,176
BioMotionLab_NTroje/rub041/0020_lifting_heavy2.pkl,177
BioMotionLab_NTroje/rub041/0020_lifting_heavy2.pkl,178
BioMotionLab_NTroje/rub041/0020_lifting_heavy2.pkl,179
BioMotionLab_NTroje/rub041/0020_lifting_heavy2.pkl,180
BioMotionLab_NTroje/rub041/0020_lifting_heavy2.pkl,181
BioMotionLab_NTroje/rub041/0020_lifting_heavy2.pkl,182
BioMotionLab_NTroje/rub041/0020_lifting_heavy2.pkl,183
BioMotionLab_NTroje/rub041/0020_lifting_heavy2.pkl,184
BioMotionLab_NTroje/rub041/0020_lifting_heavy2.pkl,185
BioMotionLab_NTroje/rub041/0020_lifting_heavy2.pkl,186
BioMotionLab_NTroje/rub042/0020_lifting_heavy2.pkl,0
BioMotionLab_NTroje/rub042/0020_lifting_heavy2.pkl,1
BioMotionLab_NTroje/rub042/0020_lifting_heavy2.pkl,2
BioMotionLab_NTroje/rub042/0020_lifting_heavy2.pkl,3
BioMotionLab_NTroje/rub042/0020_lifting_heavy2.pkl,4
BioMotionLab_NTroje/rub042/0020_lifting_heavy2.pkl,5
BioMotionLab_NTroje/rub042/0020_lifting_heavy2.pkl,6
BioMotionLab_NTroje/rub042/0020_lifting_heavy2.pkl,7
BioMotionLab_NTroje/rub042/0020_lifting_heavy2.pkl,8
BioMotionLab_NTroje/rub042/0020_lifting_heavy2.pkl,9
BioMotionLab_NTroje/rub042/0020_lifting_heavy2.pkl,10
BioMotionLab_NTroje/rub042/0020_lifting_heavy2.pkl,11
BioMotionLab_NTroje/rub042/0020_lifting_heavy2.pkl,12
BioMotionLab_NTroje/rub042/0020_lifting_heavy2.pkl,13
BioMotionLab_NTroje/rub043/0019_lifting_heavy1.pkl,118
BioMotionLab_NTroje/rub043/0019_lifting_heavy1.pkl,119
BioMotionLab_NTroje/rub043/0019_lifting_heavy1.pkl,120
BioMotionLab_NTroje/rub043/0019_lifting_heavy1.pkl,121
BioMotionLab_NTroje/rub043/0019_lifting_heavy1.pkl,122
BioMotionLab_NTroje/rub043/0019_lifting_heavy1.pkl,123
BioMotionLab_NTroje/rub043/0019_lifting_heavy1.pkl,124
BioMotionLab_NTroje/rub043/0019_lifting_heavy1.pkl,125
BioMotionLab_NTroje/rub044/0015_sitting1.pkl,0
BioMotionLab_NTroje/rub044/0015_sitting1.pkl,1
BioMotionLab_NTroje/rub044/0015_sitting1.pkl,2
BioMotionLab_NTroje/rub044/0015_sitting1.pkl,3
BioMotionLab_NTroje/rub044/0015_sitting1.pkl,4
BioMotionLab_NTroje/rub044/0015_sitting1.pkl,5
BioMotionLab_NTroje/rub044/0015_sitting1.pkl,6
BioMotionLab_NTroje/rub044/0015_sitting1.pkl,7
BioMotionLab_NTroje/rub045/0016_sitting2.pkl,0
BioMotionLab_NTroje/rub045/0016_sitting2.pkl,1
BioMotionLab_NTroje/rub045/0016_sitting2.pkl,2
BioMotionLab_NTroje/rub045/0016_sitting2.pkl,3
BioMotionLab_NTroje/rub045/0016_sitting2.pkl,4
BioMotionLab_NTroje/rub045/0016_sitting2.pkl,5
BioMotionLab_NTroje/rub045/0016_sitting2.pkl,6
BioMotionLab_NTroje/rub045/0016_sitting2.pkl,7
BioMotionLab_NTroje/rub045/0016_sitting2.pkl,8
BioMotionLab_NTroje/rub045/0016_sitting2.pkl,9
BioMotionLab_NTroje/rub045/0016_sitting2.pkl,10
BioMotionLab_NTroje/rub045/0016_sitting2.pkl,11
BioMotionLab_NTroje/rub045/0016_sitting2.pkl,12
BioMotionLab_NTroje/rub045/0016_sitting2.pkl,13
BioMotionLab_NTroje/rub045/0016_sitting2.pkl,14
BioMotionLab_NTroje/rub045/0016_sitting2.pkl,15
BioMotionLab_NTroje/rub045/0016_sitting2.pkl,16
BioMotionLab_NTroje/rub045/0016_sitting2.pkl,17
BioMotionLab_NTroje/rub045/0016_sitting2.pkl,18
BioMotionLab_NTroje/rub045/0016_sitting2.pkl,19
BioMotionLab_NTroje/rub050/0017_lifting_light1.pkl,113
BioMotionLab_NTroje/rub050/0017_lifting_light1.pkl,114
BioMotionLab_NTroje/rub050/0017_lifting_light1.pkl,115
BioMotionLab_NTroje/rub050/0017_lifting_light1.pkl,116
BioMotionLab_NTroje/rub050/0017_lifting_light1.pkl,117
BioMotionLab_NTroje/rub050/0017_lifting_light1.pkl,118
BioMotionLab_NTroje/rub050/0017_lifting_light1.pkl,119
BioMotionLab_NTroje/rub050/0017_lifting_light1.pkl,120
BioMotionLab_NTroje/rub050/0017_lifting_light1.pkl,121
BioMotionLab_NTroje/rub050/0017_lifting_light1.pkl,122
BioMotionLab_NTroje/rub050/0017_lifting_light1.pkl,123
BioMotionLab_NTroje/rub050/0017_lifting_light1.pkl,124
BioMotionLab_NTroje/rub050/0017_lifting_light1.pkl,125
BioMotionLab_NTroje/rub050/0017_lifting_light1.pkl,126
BioMotionLab_NTroje/rub050/0017_lifting_light1.pkl,127
BioMotionLab_NTroje/rub050/0017_lifting_light1.pkl,128
BioMotionLab_NTroje/rub050/0017_lifting_light1.pkl,129
BioMotionLab_NTroje/rub050/0017_lifting_light1.pkl,130
BioMotionLab_NTroje/rub050/0017_lifting_light1.pkl,131
BioMotionLab_NTroje/rub050/0017_lifting_light1.pkl,132
BioMotionLab_NTroje/rub050/0017_lifting_light1.pkl,133
BioMotionLab_NTroje/rub050/0017_lifting_light1.pkl,134
BioMotionLab_NTroje/rub050/0017_lifting_light1.pkl,135
BioMotionLab_NTroje/rub050/0017_lifting_light1.pkl,136
BioMotionLab_NTroje/rub050/0017_lifting_light1.pkl,137
BioMotionLab_NTroje/rub050/0017_lifting_light1.pkl,138
BioMotionLab_NTroje/rub050/0017_lifting_light1.pkl,139
BioMotionLab_NTroje/rub050/0017_lifting_light1.pkl,140
BioMotionLab_NTroje/rub050/0017_lifting_light1.pkl,141
BioMotionLab_NTroje/rub050/0017_lifting_light1.pkl,142
BioMotionLab_NTroje/rub051/0018_lifting_light2.pkl,128
BioMotionLab_NTroje/rub051/0018_lifting_light2.pkl,129
BioMotionLab_NTroje/rub051/0018_lifting_light2.pkl,130
BioMotionLab_NTroje/rub051/0018_lifting_light2.pkl,131
BioMotionLab_NTroje/rub051/0018_lifting_light2.pkl,132
BioMotionLab_NTroje/rub051/0018_lifting_light2.pkl,133
BioMotionLab_NTroje/rub051/0018_lifting_light2.pkl,134
BioMotionLab_NTroje/rub051/0018_lifting_light2.pkl,135
BioMotionLab_NTroje/rub053/0016_sitting2.pkl,0
BioMotionLab_NTroje/rub053/0016_sitting2.pkl,1
BioMotionLab_NTroje/rub053/0016_sitting2.pkl,2
BioMotionLab_NTroje/rub053/0016_sitting2.pkl,3
BioMotionLab_NTroje/rub053/0016_sitting2.pkl,4
BioMotionLab_NTroje/rub053/0016_sitting2.pkl,5
BioMotionLab_NTroje/rub053/0016_sitting2.pkl,6
BioMotionLab_NTroje/rub053/0016_sitting2.pkl,7
BioMotionLab_NTroje/rub053/0016_sitting2.pkl,8
BioMotionLab_NTroje/rub053/0016_sitting2.pkl,9
BioMotionLab_NTroje/rub053/0016_sitting2.pkl,10
BioMotionLab_NTroje/rub053/0016_sitting2.pkl,11
BioMotionLab_NTroje/rub053/0016_sitting2.pkl,169
BioMotionLab_NTroje/rub053/0016_sitting2.pkl,170
BioMotionLab_NTroje/rub053/0016_sitting2.pkl,171
BioMotionLab_NTroje/rub053/0016_sitting2.pkl,172
BioMotionLab_NTroje/rub053/0016_sitting2.pkl,173
BioMotionLab_NTroje/rub053/0016_sitting2.pkl,174
BioMotionLab_NTroje/rub053/0016_sitting2.pkl,175
BioMotionLab_NTroje/rub053/0016_sitting2.pkl,176
BioMotionLab_NTroje/rub053/0016_sitting2.pkl,177
BioMotionLab_NTroje/rub053/0016_sitting2.pkl,178
BioMotionLab_NTroje/rub053/0016_sitting2.pkl,179
BioMotionLab_NTroje/rub053/0016_sitting2.pkl,180
BioMotionLab_NTroje/rub053/0016_sitting2.pkl,181
BioMotionLab_NTroje/rub053/0016_sitting2.pkl,182
BioMotionLab_NTroje/rub053/0016_sitting2.pkl,183
BioMotionLab_NTroje/rub053/0016_sitting2.pkl,184
BioMotionLab_NTroje/rub053/0016_sitting2.pkl,185
BioMotionLab_NTroje/rub053/0016_sitting2.pkl,186
BioMotionLab_NTroje/rub053/0016_sitting2.pkl,187
BioMotionLab_NTroje/rub053/0016_sitting2.pkl,188
BioMotionLab_NTroje/rub053/0016_sitting2.pkl,189
BioMotionLab_NTroje/rub053/0016_sitting2.pkl,190
BioMotionLab_NTroje/rub053/0016_sitting2.pkl,191
BioMotionLab_NTroje/rub053/0016_sitting2.pkl,192
BioMotionLab_NTroje/rub053/0016_sitting2.pkl,193
BioMotionLab_NTroje/rub054/0013_knocking1.pkl,0
BioMotionLab_NTroje/rub054/0013_knocking1.pkl,1
BioMotionLab_NTroje/rub054/0013_knocking1.pkl,2
BioMotionLab_NTroje/rub054/0013_knocking1.pkl,3
BioMotionLab_NTroje/rub054/0013_knocking1.pkl,4
BioMotionLab_NTroje/rub054/0013_knocking1.pkl,5
BioMotionLab_NTroje/rub054/0013_knocking1.pkl,6
BioMotionLab_NTroje/rub054/0013_knocking1.pkl,7
BioMotionLab_NTroje/rub054/0013_knocking1.pkl,8
BioMotionLab_NTroje/rub054/0013_knocking1.pkl,9
BioMotionLab_NTroje/rub054/0013_knocking1.pkl,10
BioMotionLab_NTroje/rub054/0013_knocking1.pkl,11
BioMotionLab_NTroje/rub054/0013_knocking1.pkl,12
BioMotionLab_NTroje/rub054/0013_knocking1.pkl,13
BioMotionLab_NTroje/rub054/0013_knocking1.pkl,14
BioMotionLab_NTroje/rub054/0013_knocking1.pkl,15
BioMotionLab_NTroje/rub054/0013_knocking1.pkl,16
BioMotionLab_NTroje/rub054/0013_knocking1.pkl,17
BioMotionLab_NTroje/rub054/0013_knocking1.pkl,18
BioMotionLab_NTroje/rub054/0013_knocking1.pkl,19
BioMotionLab_NTroje/rub054/0013_knocking1.pkl,20
BioMotionLab_NTroje/rub054/0013_knocking1.pkl,21
BioMotionLab_NTroje/rub054/0013_knocking1.pkl,22
BioMotionLab_NTroje/rub054/0013_knocking1.pkl,23
BioMotionLab_NTroje/rub054/0013_knocking1.pkl,24
BioMotionLab_NTroje/rub054/0016_sitting2.pkl,2
BioMotionLab_NTroje/rub054/0016_sitting2.pkl,3
BioMotionLab_NTroje/rub054/0016_sitting2.pkl,4
BioMotionLab_NTroje/rub054/0016_sitting2.pkl,5
BioMotionLab_NTroje/rub054/0016_sitting2.pkl,6
BioMotionLab_NTroje/rub054/0016_sitting2.pkl,7
BioMotionLab_NTroje/rub054/0016_sitting2.pkl,8
BioMotionLab_NTroje/rub054/0016_sitting2.pkl,9
BioMotionLab_NTroje/rub054/0016_sitting2.pkl,10
BioMotionLab_NTroje/rub054/0016_sitting2.pkl,11
BioMotionLab_NTroje/rub054/0016_sitting2.pkl,12
BioMotionLab_NTroje/rub054/0016_sitting2.pkl,13
BioMotionLab_NTroje/rub054/0016_sitting2.pkl,14
BioMotionLab_NTroje/rub054/0016_sitting2.pkl,15
BioMotionLab_NTroje/rub054/0016_sitting2.pkl,16
BioMotionLab_NTroje/rub054/0016_sitting2.pkl,17
BioMotionLab_NTroje/rub054/0016_sitting2.pkl,18
BioMotionLab_NTroje/rub054/0016_sitting2.pkl,19
BioMotionLab_NTroje/rub054/0016_sitting2.pkl,20
BioMotionLab_NTroje/rub054/0016_sitting2.pkl,21
BioMotionLab_NTroje/rub054/0016_sitting2.pkl,22
BioMotionLab_NTroje/rub054/0016_sitting2.pkl,23
BioMotionLab_NTroje/rub054/0016_sitting2.pkl,24
BioMotionLab_NTroje/rub054/0016_sitting2.pkl,25
BioMotionLab_NTroje/rub054/0016_sitting2.pkl,26
BioMotionLab_NTroje/rub054/0016_sitting2.pkl,27
BioMotionLab_NTroje/rub054/0016_sitting2.pkl,28
BioMotionLab_NTroje/rub054/0016_sitting2.pkl,29
BioMotionLab_NTroje/rub054/0020_lifting_heavy2.pkl,0
BioMotionLab_NTroje/rub054/0020_lifting_heavy2.pkl,1
BioMotionLab_NTroje/rub054/0020_lifting_heavy2.pkl,2
BioMotionLab_NTroje/rub054/0020_lifting_heavy2.pkl,3
BioMotionLab_NTroje/rub054/0020_lifting_heavy2.pkl,4
BioMotionLab_NTroje/rub054/0020_lifting_heavy2.pkl,5
BioMotionLab_NTroje/rub054/0020_lifting_heavy2.pkl,6
BioMotionLab_NTroje/rub054/0020_lifting_heavy2.pkl,7
BioMotionLab_NTroje/rub054/0020_lifting_heavy2.pkl,8
BioMotionLab_NTroje/rub054/0020_lifting_heavy2.pkl,9
BioMotionLab_NTroje/rub054/0020_lifting_heavy2.pkl,10
BioMotionLab_NTroje/rub054/0020_lifting_heavy2.pkl,11
BioMotionLab_NTroje/rub054/0020_lifting_heavy2.pkl,12
BioMotionLab_NTroje/rub054/0020_lifting_heavy2.pkl,13
BioMotionLab_NTroje/rub054/0020_lifting_heavy2.pkl,14
BioMotionLab_NTroje/rub054/0020_lifting_heavy2.pkl,15
BioMotionLab_NTroje/rub054/0020_lifting_heavy2.pkl,16
BioMotionLab_NTroje/rub054/0020_lifting_heavy2.pkl,17
BioMotionLab_NTroje/rub054/0020_lifting_heavy2.pkl,18
BioMotionLab_NTroje/rub054/0020_lifting_heavy2.pkl,19
BioMotionLab_NTroje/rub054/0020_lifting_heavy2.pkl,20
BioMotionLab_NTroje/rub054/0020_lifting_heavy2.pkl,21
BioMotionLab_NTroje/rub054/0020_lifting_heavy2.pkl,22
BioMotionLab_NTroje/rub054/0020_lifting_heavy2.pkl,23
BioMotionLab_NTroje/rub056/0015_sitting1.pkl,0
BioMotionLab_NTroje/rub056/0015_sitting1.pkl,1
BioMotionLab_NTroje/rub056/0015_sitting1.pkl,2
BioMotionLab_NTroje/rub056/0015_sitting1.pkl,3
BioMotionLab_NTroje/rub056/0015_sitting1.pkl,4
BioMotionLab_NTroje/rub056/0015_sitting1.pkl,5
BioMotionLab_NTroje/rub056/0015_sitting1.pkl,6
BioMotionLab_NTroje/rub056/0015_sitting1.pkl,7
BioMotionLab_NTroje/rub056/0015_sitting1.pkl,8
BioMotionLab_NTroje/rub056/0015_sitting1.pkl,9
BioMotionLab_NTroje/rub056/0015_sitting1.pkl,10
BioMotionLab_NTroje/rub056/0015_sitting1.pkl,11
BioMotionLab_NTroje/rub056/0015_sitting1.pkl,12
BioMotionLab_NTroje/rub056/0015_sitting1.pkl,13
BioMotionLab_NTroje/rub056/0015_sitting1.pkl,14
BioMotionLab_NTroje/rub056/0015_sitting1.pkl,15
BioMotionLab_NTroje/rub056/0015_sitting1.pkl,137
BioMotionLab_NTroje/rub056/0015_sitting1.pkl,138
BioMotionLab_NTroje/rub056/0015_sitting1.pkl,139
BioMotionLab_NTroje/rub056/0015_sitting1.pkl,140
BioMotionLab_NTroje/rub056/0015_sitting1.pkl,141
BioMotionLab_NTroje/rub056/0015_sitting1.pkl,142
BioMotionLab_NTroje/rub056/0015_sitting1.pkl,143
BioMotionLab_NTroje/rub056/0015_sitting1.pkl,144
BioMotionLab_NTroje/rub056/0015_sitting1.pkl,145
BioMotionLab_NTroje/rub056/0015_sitting1.pkl,146
BioMotionLab_NTroje/rub056/0015_sitting1.pkl,147
BioMotionLab_NTroje/rub056/0015_sitting1.pkl,148
BioMotionLab_NTroje/rub056/0015_sitting1.pkl,149
BioMotionLab_NTroje/rub056/0015_sitting1.pkl,150
BioMotionLab_NTroje/rub056/0015_sitting1.pkl,151
BioMotionLab_NTroje/rub056/0015_sitting1.pkl,152
BioMotionLab_NTroje/rub056/0015_sitting1.pkl,153
BioMotionLab_NTroje/rub056/0015_sitting1.pkl,154
BioMotionLab_NTroje/rub056/0015_sitting1.pkl,155
BioMotionLab_NTroje/rub056/0015_sitting1.pkl,156
BioMotionLab_NTroje/rub056/0015_sitting1.pkl,157
BioMotionLab_NTroje/rub056/0015_sitting1.pkl,158
BioMotionLab_NTroje/rub056/0015_sitting1.pkl,159
BioMotionLab_NTroje/rub056/0015_sitting1.pkl,160
BioMotionLab_NTroje/rub056/0015_sitting1.pkl,161
BioMotionLab_NTroje/rub056/0019_lifting_heavy1.pkl,114
BioMotionLab_NTroje/rub056/0019_lifting_heavy1.pkl,115
BioMotionLab_NTroje/rub056/0019_lifting_heavy1.pkl,116
BioMotionLab_NTroje/rub056/0019_lifting_heavy1.pkl,117
BioMotionLab_NTroje/rub056/0019_lifting_heavy1.pkl,118
BioMotionLab_NTroje/rub056/0019_lifting_heavy1.pkl,119
BioMotionLab_NTroje/rub056/0019_lifting_heavy1.pkl,120
BioMotionLab_NTroje/rub056/0019_lifting_heavy1.pkl,121
BioMotionLab_NTroje/rub056/0019_lifting_heavy1.pkl,122
BioMotionLab_NTroje/rub056/0019_lifting_heavy1.pkl,123
BioMotionLab_NTroje/rub056/0019_lifting_heavy1.pkl,124
BioMotionLab_NTroje/rub056/0019_lifting_heavy1.pkl,125
BioMotionLab_NTroje/rub056/0019_lifting_heavy1.pkl,126
BioMotionLab_NTroje/rub056/0019_lifting_heavy1.pkl,127
BioMotionLab_NTroje/rub056/0019_lifting_heavy1.pkl,128
BioMotionLab_NTroje/rub056/0019_lifting_heavy1.pkl,129
BioMotionLab_NTroje/rub056/0019_lifting_heavy1.pkl,130
BioMotionLab_NTroje/rub056/0019_lifting_heavy1.pkl,131
BioMotionLab_NTroje/rub056/0019_lifting_heavy1.pkl,132
BioMotionLab_NTroje/rub056/0019_lifting_heavy1.pkl,133
BioMotionLab_NTroje/rub056/0019_lifting_heavy1.pkl,134
BioMotionLab_NTroje/rub056/0019_lifting_heavy1.pkl,135
BioMotionLab_NTroje/rub056/0019_lifting_heavy1.pkl,136
BioMotionLab_NTroje/rub056/0019_lifting_heavy1.pkl,137
BioMotionLab_NTroje/rub056/0019_lifting_heavy1.pkl,138
BioMotionLab_NTroje/rub056/0019_lifting_heavy1.pkl,139
BioMotionLab_NTroje/rub056/0019_lifting_heavy1.pkl,140
BioMotionLab_NTroje/rub056/0019_lifting_heavy1.pkl,141
BioMotionLab_NTroje/rub056/0019_lifting_heavy1.pkl,142
BioMotionLab_NTroje/rub058/0017_lifting_light1.pkl,0
BioMotionLab_NTroje/rub058/0017_lifting_light1.pkl,1
BioMotionLab_NTroje/rub058/0017_lifting_light1.pkl,2
BioMotionLab_NTroje/rub058/0017_lifting_light1.pkl,3
BioMotionLab_NTroje/rub058/0017_lifting_light1.pkl,4
BioMotionLab_NTroje/rub058/0017_lifting_light1.pkl,5
BioMotionLab_NTroje/rub058/0017_lifting_light1.pkl,6
BioMotionLab_NTroje/rub058/0017_lifting_light1.pkl,7
BioMotionLab_NTroje/rub058/0017_lifting_light1.pkl,8
BioMotionLab_NTroje/rub058/0017_lifting_light1.pkl,9
BioMotionLab_NTroje/rub058/0017_lifting_light1.pkl,10
BioMotionLab_NTroje/rub058/0017_lifting_light1.pkl,11
BioMotionLab_NTroje/rub058/0017_lifting_light1.pkl,12
BioMotionLab_NTroje/rub058/0017_lifting_light1.pkl,13
BioMotionLab_NTroje/rub058/0017_lifting_light1.pkl,14
BioMotionLab_NTroje/rub058/0017_lifting_light1.pkl,15
BioMotionLab_NTroje/rub058/0017_lifting_light1.pkl,16
BioMotionLab_NTroje/rub059/0016_sitting2.pkl,1
BioMotionLab_NTroje/rub059/0016_sitting2.pkl,2
BioMotionLab_NTroje/rub059/0016_sitting2.pkl,3
BioMotionLab_NTroje/rub059/0016_sitting2.pkl,4
BioMotionLab_NTroje/rub059/0016_sitting2.pkl,5
BioMotionLab_NTroje/rub059/0016_sitting2.pkl,6
BioMotionLab_NTroje/rub059/0016_sitting2.pkl,7
BioMotionLab_NTroje/rub059/0016_sitting2.pkl,8
BioMotionLab_NTroje/rub059/0016_sitting2.pkl,9
BioMotionLab_NTroje/rub059/0016_sitting2.pkl,10
BioMotionLab_NTroje/rub059/0016_sitting2.pkl,11
BioMotionLab_NTroje/rub059/0016_sitting2.pkl,12
BioMotionLab_NTroje/rub059/0016_sitting2.pkl,13
BioMotionLab_NTroje/rub059/0016_sitting2.pkl,14
BioMotionLab_NTroje/rub059/0016_sitting2.pkl,15
BioMotionLab_NTroje/rub059/0016_sitting2.pkl,16
BioMotionLab_NTroje/rub059/0016_sitting2.pkl,17
BioMotionLab_NTroje/rub059/0016_sitting2.pkl,18
BioMotionLab_NTroje/rub059/0016_sitting2.pkl,19
BioMotionLab_NTroje/rub059/0016_sitting2.pkl,20
BioMotionLab_NTroje/rub059/0016_sitting2.pkl,21
BioMotionLab_NTroje/rub059/0016_sitting2.pkl,22
BioMotionLab_NTroje/rub059/0016_sitting2.pkl,23
BioMotionLab_NTroje/rub059/0016_sitting2.pkl,24
BioMotionLab_NTroje/rub059/0016_sitting2.pkl,25
BioMotionLab_NTroje/rub059/0016_sitting2.pkl,26
BioMotionLab_NTroje/rub059/0016_sitting2.pkl,27
BioMotionLab_NTroje/rub059/0016_sitting2.pkl,28
BioMotionLab_NTroje/rub059/0016_sitting2.pkl,29
BioMotionLab_NTroje/rub059/0016_sitting2.pkl,30
BioMotionLab_NTroje/rub059/0016_sitting2.pkl,31
BioMotionLab_NTroje/rub059/0016_sitting2.pkl,32
BioMotionLab_NTroje/rub059/0016_sitting2.pkl,33
BioMotionLab_NTroje/rub059/0016_sitting2.pkl,34
BioMotionLab_NTroje/rub059/0016_sitting2.pkl,35
BioMotionLab_NTroje/rub059/0016_sitting2.pkl,36
BioMotionLab_NTroje/rub059/0016_sitting2.pkl,37
BioMotionLab_NTroje/rub060/0016_sitting2.pkl,0
BioMotionLab_NTroje/rub060/0016_sitting2.pkl,1
BioMotionLab_NTroje/rub060/0016_sitting2.pkl,2
BioMotionLab_NTroje/rub060/0016_sitting2.pkl,3
BioMotionLab_NTroje/rub060/0016_sitting2.pkl,4
BioMotionLab_NTroje/rub060/0016_sitting2.pkl,5
BioMotionLab_NTroje/rub060/0016_sitting2.pkl,6
BioMotionLab_NTroje/rub060/0016_sitting2.pkl,7
BioMotionLab_NTroje/rub060/0016_sitting2.pkl,8
BioMotionLab_NTroje/rub060/0016_sitting2.pkl,9
BioMotionLab_NTroje/rub060/0016_sitting2.pkl,10
BioMotionLab_NTroje/rub060/0016_sitting2.pkl,11
BioMotionLab_NTroje/rub060/0016_sitting2.pkl,12
BioMotionLab_NTroje/rub060/0016_sitting2.pkl,13
BioMotionLab_NTroje/rub060/0016_sitting2.pkl,14
BioMotionLab_NTroje/rub060/0016_sitting2.pkl,15
BioMotionLab_NTroje/rub060/0016_sitting2.pkl,16
BioMotionLab_NTroje/rub060/0016_sitting2.pkl,17
BioMotionLab_NTroje/rub060/0016_sitting2.pkl,18
BioMotionLab_NTroje/rub060/0016_sitting2.pkl,19
BioMotionLab_NTroje/rub060/0016_sitting2.pkl,20
BioMotionLab_NTroje/rub060/0016_sitting2.pkl,21
BioMotionLab_NTroje/rub060/0016_sitting2.pkl,22
BioMotionLab_NTroje/rub060/0018_lifting_light2.pkl,0
BioMotionLab_NTroje/rub060/0018_lifting_light2.pkl,1
BioMotionLab_NTroje/rub060/0018_lifting_light2.pkl,2
BioMotionLab_NTroje/rub060/0018_lifting_light2.pkl,3
BioMotionLab_NTroje/rub060/0018_lifting_light2.pkl,4
BioMotionLab_NTroje/rub060/0018_lifting_light2.pkl,5
BioMotionLab_NTroje/rub060/0018_lifting_light2.pkl,6
BioMotionLab_NTroje/rub060/0018_lifting_light2.pkl,7
BioMotionLab_NTroje/rub060/0018_lifting_light2.pkl,8
BioMotionLab_NTroje/rub061/0013_knocking1.pkl,0
BioMotionLab_NTroje/rub061/0013_knocking1.pkl,1
BioMotionLab_NTroje/rub061/0013_knocking1.pkl,2
BioMotionLab_NTroje/rub061/0013_knocking1.pkl,3
BioMotionLab_NTroje/rub061/0013_knocking1.pkl,4
BioMotionLab_NTroje/rub061/0013_knocking1.pkl,5
BioMotionLab_NTroje/rub061/0013_knocking1.pkl,6
BioMotionLab_NTroje/rub061/0013_knocking1.pkl,7
BioMotionLab_NTroje/rub061/0013_knocking1.pkl,8
BioMotionLab_NTroje/rub061/0013_knocking1.pkl,9
BioMotionLab_NTroje/rub061/0013_knocking1.pkl,10
BioMotionLab_NTroje/rub061/0013_knocking1.pkl,11
BioMotionLab_NTroje/rub061/0013_knocking1.pkl,12
BioMotionLab_NTroje/rub061/0013_knocking1.pkl,13
BioMotionLab_NTroje/rub061/0013_knocking1.pkl,14
BioMotionLab_NTroje/rub061/0013_knocking1.pkl,15
BioMotionLab_NTroje/rub061/0013_knocking1.pkl,16
BioMotionLab_NTroje/rub061/0013_knocking1.pkl,17
BioMotionLab_NTroje/rub061/0013_knocking1.pkl,18
BioMotionLab_NTroje/rub061/0013_knocking1.pkl,19
BioMotionLab_NTroje/rub061/0013_knocking1.pkl,20
BioMotionLab_NTroje/rub061/0013_knocking1.pkl,21
BioMotionLab_NTroje/rub061/0013_knocking1.pkl,22
BioMotionLab_NTroje/rub061/0013_knocking1.pkl,23
BioMotionLab_NTroje/rub061/0013_knocking1.pkl,24
BioMotionLab_NTroje/rub061/0013_knocking1.pkl,25
BioMotionLab_NTroje/rub061/0013_knocking1.pkl,26
BioMotionLab_NTroje/rub061/0013_knocking1.pkl,160
BioMotionLab_NTroje/rub061/0013_knocking1.pkl,161
BioMotionLab_NTroje/rub061/0013_knocking1.pkl,162
BioMotionLab_NTroje/rub061/0013_knocking1.pkl,163
BioMotionLab_NTroje/rub061/0013_knocking1.pkl,164
BioMotionLab_NTroje/rub061/0013_knocking1.pkl,165
BioMotionLab_NTroje/rub061/0013_knocking1.pkl,166
BioMotionLab_NTroje/rub061/0013_knocking1.pkl,167
BioMotionLab_NTroje/rub061/0013_knocking1.pkl,168
BioMotionLab_NTroje/rub061/0013_knocking1.pkl,169
BioMotionLab_NTroje/rub061/0013_knocking1.pkl,170
BioMotionLab_NTroje/rub061/0013_knocking1.pkl,171
BioMotionLab_NTroje/rub061/0013_knocking1.pkl,172
BioMotionLab_NTroje/rub061/0013_knocking1.pkl,173
BioMotionLab_NTroje/rub061/0013_knocking1.pkl,174
BioMotionLab_NTroje/rub061/0013_knocking1.pkl,175
BioMotionLab_NTroje/rub061/0013_knocking1.pkl,176
BioMotionLab_NTroje/rub061/0013_knocking1.pkl,177
BioMotionLab_NTroje/rub061/0013_knocking1.pkl,178
BioMotionLab_NTroje/rub061/0013_knocking1.pkl,179
BioMotionLab_NTroje/rub061/0013_knocking1.pkl,180
BioMotionLab_NTroje/rub061/0013_knocking1.pkl,181
BioMotionLab_NTroje/rub061/0013_knocking1.pkl,182
BioMotionLab_NTroje/rub061/0013_knocking1.pkl,183
BioMotionLab_NTroje/rub061/0013_knocking1.pkl,184
BioMotionLab_NTroje/rub061/0013_knocking1.pkl,185
BioMotionLab_NTroje/rub061/0013_knocking1.pkl,186
BioMotionLab_NTroje/rub061/0016_sitting2.pkl,0
BioMotionLab_NTroje/rub061/0016_sitting2.pkl,1
BioMotionLab_NTroje/rub061/0016_sitting2.pkl,2
BioMotionLab_NTroje/rub061/0016_sitting2.pkl,3
BioMotionLab_NTroje/rub061/0016_sitting2.pkl,4
BioMotionLab_NTroje/rub061/0016_sitting2.pkl,5
BioMotionLab_NTroje/rub061/0016_sitting2.pkl,6
BioMotionLab_NTroje/rub061/0016_sitting2.pkl,7
BioMotionLab_NTroje/rub061/0016_sitting2.pkl,8
BioMotionLab_NTroje/rub061/0016_sitting2.pkl,9
BioMotionLab_NTroje/rub061/0016_sitting2.pkl,10
BioMotionLab_NTroje/rub061/0016_sitting2.pkl,11
BioMotionLab_NTroje/rub061/0016_sitting2.pkl,12
BioMotionLab_NTroje/rub061/0016_sitting2.pkl,13
BioMotionLab_NTroje/rub061/0016_sitting2.pkl,14
BioMotionLab_NTroje/rub061/0016_sitting2.pkl,15
BioMotionLab_NTroje/rub061/0016_sitting2.pkl,16
BioMotionLab_NTroje/rub061/0016_sitting2.pkl,17
BioMotionLab_NTroje/rub061/0016_sitting2.pkl,18
BioMotionLab_NTroje/rub061/0016_sitting2.pkl,19
BioMotionLab_NTroje/rub061/0016_sitting2.pkl,20
BioMotionLab_NTroje/rub061/0016_sitting2.pkl,21
BioMotionLab_NTroje/rub061/0016_sitting2.pkl,22
BioMotionLab_NTroje/rub061/0016_sitting2.pkl,23
BioMotionLab_NTroje/rub062/0014_knocking2.pkl,0
BioMotionLab_NTroje/rub062/0014_knocking2.pkl,1
BioMotionLab_NTroje/rub062/0014_knocking2.pkl,2
BioMotionLab_NTroje/rub062/0014_knocking2.pkl,3
BioMotionLab_NTroje/rub062/0014_knocking2.pkl,4
BioMotionLab_NTroje/rub062/0014_knocking2.pkl,5
BioMotionLab_NTroje/rub062/0014_knocking2.pkl,6
BioMotionLab_NTroje/rub062/0014_knocking2.pkl,7
BioMotionLab_NTroje/rub062/0014_knocking2.pkl,8
BioMotionLab_NTroje/rub062/0014_knocking2.pkl,9
BioMotionLab_NTroje/rub062/0014_knocking2.pkl,10
BioMotionLab_NTroje/rub062/0014_knocking2.pkl,11
BioMotionLab_NTroje/rub062/0014_knocking2.pkl,12
BioMotionLab_NTroje/rub062/0014_knocking2.pkl,13
BioMotionLab_NTroje/rub062/0016_sitting2.pkl,0
BioMotionLab_NTroje/rub062/0016_sitting2.pkl,1
BioMotionLab_NTroje/rub062/0016_sitting2.pkl,2
BioMotionLab_NTroje/rub062/0016_sitting2.pkl,3
BioMotionLab_NTroje/rub062/0016_sitting2.pkl,4
BioMotionLab_NTroje/rub062/0016_sitting2.pkl,5
BioMotionLab_NTroje/rub062/0016_sitting2.pkl,6
BioMotionLab_NTroje/rub062/0016_sitting2.pkl,7
BioMotionLab_NTroje/rub062/0016_sitting2.pkl,8
BioMotionLab_NTroje/rub062/0016_sitting2.pkl,9
BioMotionLab_NTroje/rub062/0016_sitting2.pkl,10
BioMotionLab_NTroje/rub062/0016_sitting2.pkl,11
BioMotionLab_NTroje/rub062/0016_sitting2.pkl,12
BioMotionLab_NTroje/rub062/0016_sitting2.pkl,13
BioMotionLab_NTroje/rub062/0016_sitting2.pkl,14
BioMotionLab_NTroje/rub062/0016_sitting2.pkl,164
BioMotionLab_NTroje/rub062/0016_sitting2.pkl,165
BioMotionLab_NTroje/rub062/0016_sitting2.pkl,166
BioMotionLab_NTroje/rub062/0016_sitting2.pkl,167
BioMotionLab_NTroje/rub062/0016_sitting2.pkl,168
BioMotionLab_NTroje/rub062/0016_sitting2.pkl,169
BioMotionLab_NTroje/rub062/0016_sitting2.pkl,170
BioMotionLab_NTroje/rub062/0016_sitting2.pkl,171
BioMotionLab_NTroje/rub062/0016_sitting2.pkl,172
BioMotionLab_NTroje/rub062/0016_sitting2.pkl,173
BioMotionLab_NTroje/rub062/0016_sitting2.pkl,174
BioMotionLab_NTroje/rub062/0016_sitting2.pkl,175
BioMotionLab_NTroje/rub062/0016_sitting2.pkl,176
BioMotionLab_NTroje/rub062/0016_sitting2.pkl,177
BioMotionLab_NTroje/rub062/0016_sitting2.pkl,178
BioMotionLab_NTroje/rub062/0016_sitting2.pkl,179
BioMotionLab_NTroje/rub062/0016_sitting2.pkl,180
BioMotionLab_NTroje/rub062/0016_sitting2.pkl,181
BioMotionLab_NTroje/rub062/0016_sitting2.pkl,182
BioMotionLab_NTroje/rub063/0013_knocking1.pkl,0
BioMotionLab_NTroje/rub063/0013_knocking1.pkl,1
BioMotionLab_NTroje/rub063/0013_knocking1.pkl,2
BioMotionLab_NTroje/rub063/0013_knocking1.pkl,3
BioMotionLab_NTroje/rub063/0013_knocking1.pkl,4
BioMotionLab_NTroje/rub063/0013_knocking1.pkl,5
BioMotionLab_NTroje/rub063/0013_knocking1.pkl,6
BioMotionLab_NTroje/rub063/0013_knocking1.pkl,7
BioMotionLab_NTroje/rub063/0013_knocking1.pkl,8
BioMotionLab_NTroje/rub063/0013_knocking1.pkl,9
BioMotionLab_NTroje/rub063/0013_knocking1.pkl,10
BioMotionLab_NTroje/rub063/0013_knocking1.pkl,11
BioMotionLab_NTroje/rub063/0013_knocking1.pkl,12
BioMotionLab_NTroje/rub063/0013_knocking1.pkl,13
BioMotionLab_NTroje/rub063/0013_knocking1.pkl,14
BioMotionLab_NTroje/rub063/0013_knocking1.pkl,15
BioMotionLab_NTroje/rub063/0013_knocking1.pkl,16
BioMotionLab_NTroje/rub063/0013_knocking1.pkl,17
BioMotionLab_NTroje/rub063/0013_knocking1.pkl,18
BioMotionLab_NTroje/rub063/0013_knocking1.pkl,19
BioMotionLab_NTroje/rub063/0013_knocking1.pkl,20
BioMotionLab_NTroje/rub063/0013_knocking1.pkl,21
BioMotionLab_NTroje/rub063/0013_knocking1.pkl,22
BioMotionLab_NTroje/rub063/0013_knocking1.pkl,23
BioMotionLab_NTroje/rub063/0013_knocking1.pkl,24
BioMotionLab_NTroje/rub063/0013_knocking1.pkl,25
BioMotionLab_NTroje/rub063/0013_knocking1.pkl,26
BioMotionLab_NTroje/rub063/0013_knocking1.pkl,27
BioMotionLab_NTroje/rub063/0013_knocking1.pkl,28
BioMotionLab_NTroje/rub063/0013_knocking1.pkl,29
BioMotionLab_NTroje/rub063/0013_knocking1.pkl,30
BioMotionLab_NTroje/rub063/0013_knocking1.pkl,31
BioMotionLab_NTroje/rub063/0013_knocking1.pkl,32
BioMotionLab_NTroje/rub063/0013_knocking1.pkl,33
BioMotionLab_NTroje/rub063/0013_knocking1.pkl,34
BioMotionLab_NTroje/rub063/0013_knocking1.pkl,35
BioMotionLab_NTroje/rub063/0013_knocking1.pkl,36
BioMotionLab_NTroje/rub063/0013_knocking1.pkl,37
BioMotionLab_NTroje/rub063/0013_knocking1.pkl,38
BioMotionLab_NTroje/rub063/0013_knocking1.pkl,39
BioMotionLab_NTroje/rub063/0013_knocking1.pkl,40
BioMotionLab_NTroje/rub063/0013_knocking1.pkl,169
BioMotionLab_NTroje/rub063/0013_knocking1.pkl,170
BioMotionLab_NTroje/rub063/0013_knocking1.pkl,171
BioMotionLab_NTroje/rub063/0013_knocking1.pkl,172
BioMotionLab_NTroje/rub063/0013_knocking1.pkl,173
BioMotionLab_NTroje/rub063/0013_knocking1.pkl,174
BioMotionLab_NTroje/rub063/0013_knocking1.pkl,175
BioMotionLab_NTroje/rub063/0013_knocking1.pkl,176
BioMotionLab_NTroje/rub063/0013_knocking1.pkl,177
BioMotionLab_NTroje/rub063/0013_knocking1.pkl,178
BioMotionLab_NTroje/rub063/0013_knocking1.pkl,179
BioMotionLab_NTroje/rub063/0013_knocking1.pkl,180
BioMotionLab_NTroje/rub063/0013_knocking1.pkl,181
BioMotionLab_NTroje/rub063/0013_knocking1.pkl,182
BioMotionLab_NTroje/rub063/0013_knocking1.pkl,183
BioMotionLab_NTroje/rub063/0013_knocking1.pkl,184
BioMotionLab_NTroje/rub063/0013_knocking1.pkl,185
BioMotionLab_NTroje/rub063/0013_knocking1.pkl,186
BioMotionLab_NTroje/rub063/0013_knocking1.pkl,187
BioMotionLab_NTroje/rub063/0013_knocking1.pkl,188
BioMotionLab_NTroje/rub063/0013_knocking1.pkl,189
BioMotionLab_NTroje/rub063/0013_knocking1.pkl,190
BioMotionLab_NTroje/rub063/0013_knocking1.pkl,191
BioMotionLab_NTroje/rub063/0013_knocking1.pkl,192
BioMotionLab_NTroje/rub063/0015_sitting1.pkl,0
BioMotionLab_NTroje/rub063/0015_sitting1.pkl,1
BioMotionLab_NTroje/rub063/0015_sitting1.pkl,2
BioMotionLab_NTroje/rub063/0015_sitting1.pkl,3
BioMotionLab_NTroje/rub063/0015_sitting1.pkl,4
BioMotionLab_NTroje/rub063/0015_sitting1.pkl,5
BioMotionLab_NTroje/rub063/0015_sitting1.pkl,6
BioMotionLab_NTroje/rub063/0015_sitting1.pkl,7
BioMotionLab_NTroje/rub063/0015_sitting1.pkl,8
BioMotionLab_NTroje/rub063/0015_sitting1.pkl,9
BioMotionLab_NTroje/rub063/0015_sitting1.pkl,10
BioMotionLab_NTroje/rub063/0015_sitting1.pkl,11
BioMotionLab_NTroje/rub063/0015_sitting1.pkl,12
BioMotionLab_NTroje/rub063/0015_sitting1.pkl,13
BioMotionLab_NTroje/rub063/0015_sitting1.pkl,14
BioMotionLab_NTroje/rub063/0015_sitting1.pkl,15
BioMotionLab_NTroje/rub063/0015_sitting1.pkl,16
BioMotionLab_NTroje/rub063/0015_sitting1.pkl,17
BioMotionLab_NTroje/rub064/0016_sitting2.pkl,0
BioMotionLab_NTroje/rub064/0016_sitting2.pkl,1
BioMotionLab_NTroje/rub064/0016_sitting2.pkl,2
BioMotionLab_NTroje/rub064/0016_sitting2.pkl,3
BioMotionLab_NTroje/rub064/0016_sitting2.pkl,4
BioMotionLab_NTroje/rub064/0016_sitting2.pkl,5
BioMotionLab_NTroje/rub064/0016_sitting2.pkl,6
BioMotionLab_NTroje/rub064/0016_sitting2.pkl,7
BioMotionLab_NTroje/rub064/0016_sitting2.pkl,8
BioMotionLab_NTroje/rub064/0016_sitting2.pkl,9
BioMotionLab_NTroje/rub064/0016_sitting2.pkl,10
BioMotionLab_NTroje/rub064/0016_sitting2.pkl,11
BioMotionLab_NTroje/rub064/0016_sitting2.pkl,12
BioMotionLab_NTroje/rub064/0016_sitting2.pkl,13
BioMotionLab_NTroje/rub064/0016_sitting2.pkl,14
BioMotionLab_NTroje/rub064/0016_sitting2.pkl,15
BioMotionLab_NTroje/rub064/0016_sitting2.pkl,16
BioMotionLab_NTroje/rub064/0016_sitting2.pkl,17
BioMotionLab_NTroje/rub064/0016_sitting2.pkl,18
BioMotionLab_NTroje/rub064/0016_sitting2.pkl,19
BioMotionLab_NTroje/rub064/0016_sitting2.pkl,20
BioMotionLab_NTroje/rub064/0017_lifting_light1.pkl,0
BioMotionLab_NTroje/rub064/0017_lifting_light1.pkl,1
BioMotionLab_NTroje/rub064/0017_lifting_light1.pkl,2
BioMotionLab_NTroje/rub064/0017_lifting_light1.pkl,3
BioMotionLab_NTroje/rub064/0017_lifting_light1.pkl,4
BioMotionLab_NTroje/rub064/0017_lifting_light1.pkl,5
BioMotionLab_NTroje/rub064/0017_lifting_light1.pkl,6
BioMotionLab_NTroje/rub064/0017_lifting_light1.pkl,7
BioMotionLab_NTroje/rub064/0017_lifting_light1.pkl,8
BioMotionLab_NTroje/rub064/0017_lifting_light1.pkl,9
BioMotionLab_NTroje/rub064/0017_lifting_light1.pkl,10
BioMotionLab_NTroje/rub065/0016_sitting2.pkl,0
BioMotionLab_NTroje/rub065/0016_sitting2.pkl,1
BioMotionLab_NTroje/rub065/0016_sitting2.pkl,2
BioMotionLab_NTroje/rub065/0016_sitting2.pkl,3
BioMotionLab_NTroje/rub065/0016_sitting2.pkl,4
BioMotionLab_NTroje/rub065/0016_sitting2.pkl,5
BioMotionLab_NTroje/rub065/0016_sitting2.pkl,6
BioMotionLab_NTroje/rub065/0016_sitting2.pkl,7
BioMotionLab_NTroje/rub065/0016_sitting2.pkl,8
BioMotionLab_NTroje/rub065/0016_sitting2.pkl,9
BioMotionLab_NTroje/rub065/0016_sitting2.pkl,10
BioMotionLab_NTroje/rub065/0016_sitting2.pkl,11
BioMotionLab_NTroje/rub065/0016_sitting2.pkl,12
BioMotionLab_NTroje/rub065/0016_sitting2.pkl,13
BioMotionLab_NTroje/rub065/0016_sitting2.pkl,14
BioMotionLab_NTroje/rub065/0016_sitting2.pkl,15
BioMotionLab_NTroje/rub065/0016_sitting2.pkl,16
BioMotionLab_NTroje/rub065/0016_sitting2.pkl,17
BioMotionLab_NTroje/rub065/0016_sitting2.pkl,18
BioMotionLab_NTroje/rub065/0016_sitting2.pkl,19
BioMotionLab_NTroje/rub065/0016_sitting2.pkl,20
BioMotionLab_NTroje/rub065/0016_sitting2.pkl,21
BioMotionLab_NTroje/rub065/0016_sitting2.pkl,22
BioMotionLab_NTroje/rub065/0016_sitting2.pkl,23
BioMotionLab_NTroje/rub065/0016_sitting2.pkl,24
BioMotionLab_NTroje/rub065/0016_sitting2.pkl,25
BioMotionLab_NTroje/rub065/0019_lifting_heavy1.pkl,0
BioMotionLab_NTroje/rub065/0019_lifting_heavy1.pkl,1
BioMotionLab_NTroje/rub065/0019_lifting_heavy1.pkl,2
BioMotionLab_NTroje/rub065/0019_lifting_heavy1.pkl,3
BioMotionLab_NTroje/rub065/0019_lifting_heavy1.pkl,4
BioMotionLab_NTroje/rub065/0019_lifting_heavy1.pkl,5
BioMotionLab_NTroje/rub065/0019_lifting_heavy1.pkl,6
BioMotionLab_NTroje/rub065/0019_lifting_heavy1.pkl,7
BioMotionLab_NTroje/rub065/0019_lifting_heavy1.pkl,8
BioMotionLab_NTroje/rub065/0019_lifting_heavy1.pkl,9
BioMotionLab_NTroje/rub065/0019_lifting_heavy1.pkl,10
BioMotionLab_NTroje/rub065/0019_lifting_heavy1.pkl,11
BioMotionLab_NTroje/rub065/0019_lifting_heavy1.pkl,12
BioMotionLab_NTroje/rub065/0019_lifting_heavy1.pkl,13
BioMotionLab_NTroje/rub065/0019_lifting_heavy1.pkl,14
BioMotionLab_NTroje/rub065/0019_lifting_heavy1.pkl,15
BioMotionLab_NTroje/rub065/0019_lifting_heavy1.pkl,16
BioMotionLab_NTroje/rub065/0019_lifting_heavy1.pkl,17
BioMotionLab_NTroje/rub065/0019_lifting_heavy1.pkl,18
BioMotionLab_NTroje/rub065/0019_lifting_heavy1.pkl,19
BioMotionLab_NTroje/rub065/0019_lifting_heavy1.pkl,20
BioMotionLab_NTroje/rub065/0019_lifting_heavy1.pkl,21
BioMotionLab_NTroje/rub065/0019_lifting_heavy1.pkl,22
BioMotionLab_NTroje/rub065/0019_lifting_heavy1.pkl,23
BioMotionLab_NTroje/rub065/0019_lifting_heavy1.pkl,24
BioMotionLab_NTroje/rub065/0019_lifting_heavy1.pkl,25
BioMotionLab_NTroje/rub065/0019_lifting_heavy1.pkl,26
BioMotionLab_NTroje/rub065/0019_lifting_heavy1.pkl,27
BioMotionLab_NTroje/rub065/0019_lifting_heavy1.pkl,28
BioMotionLab_NTroje/rub065/0019_lifting_heavy1.pkl,139
BioMotionLab_NTroje/rub065/0019_lifting_heavy1.pkl,140
BioMotionLab_NTroje/rub065/0019_lifting_heavy1.pkl,141
BioMotionLab_NTroje/rub065/0019_lifting_heavy1.pkl,142
BioMotionLab_NTroje/rub065/0019_lifting_heavy1.pkl,143
BioMotionLab_NTroje/rub065/0019_lifting_heavy1.pkl,144
BioMotionLab_NTroje/rub065/0019_lifting_heavy1.pkl,145
BioMotionLab_NTroje/rub065/0019_lifting_heavy1.pkl,146
BioMotionLab_NTroje/rub065/0019_lifting_heavy1.pkl,147
BioMotionLab_NTroje/rub065/0019_lifting_heavy1.pkl,148
BioMotionLab_NTroje/rub065/0019_lifting_heavy1.pkl,149
BioMotionLab_NTroje/rub065/0019_lifting_heavy1.pkl,150
BioMotionLab_NTroje/rub065/0019_lifting_heavy1.pkl,151
BioMotionLab_NTroje/rub065/0019_lifting_heavy1.pkl,152
BioMotionLab_NTroje/rub065/0019_lifting_heavy1.pkl,153
BioMotionLab_NTroje/rub065/0019_lifting_heavy1.pkl,154
BioMotionLab_NTroje/rub065/0019_lifting_heavy1.pkl,155
BioMotionLab_NTroje/rub065/0019_lifting_heavy1.pkl,156
BioMotionLab_NTroje/rub065/0019_lifting_heavy1.pkl,157
BioMotionLab_NTroje/rub065/0019_lifting_heavy1.pkl,158
BioMotionLab_NTroje/rub065/0019_lifting_heavy1.pkl,159
BioMotionLab_NTroje/rub065/0019_lifting_heavy1.pkl,160
BioMotionLab_NTroje/rub065/0019_lifting_heavy1.pkl,161
BioMotionLab_NTroje/rub065/0019_lifting_heavy1.pkl,162
BioMotionLab_NTroje/rub065/0019_lifting_heavy1.pkl,163
BioMotionLab_NTroje/rub065/0019_lifting_heavy1.pkl,164
BioMotionLab_NTroje/rub065/0019_lifting_heavy1.pkl,165
BioMotionLab_NTroje/rub065/0019_lifting_heavy1.pkl,166
BioMotionLab_NTroje/rub065/0019_lifting_heavy1.pkl,167
BioMotionLab_NTroje/rub065/0019_lifting_heavy1.pkl,168
BioMotionLab_NTroje/rub066/0015_sitting1.pkl,0
BioMotionLab_NTroje/rub066/0015_sitting1.pkl,1
BioMotionLab_NTroje/rub066/0015_sitting1.pkl,2
BioMotionLab_NTroje/rub066/0015_sitting1.pkl,3
BioMotionLab_NTroje/rub066/0015_sitting1.pkl,4
BioMotionLab_NTroje/rub066/0015_sitting1.pkl,5
BioMotionLab_NTroje/rub066/0015_sitting1.pkl,6
BioMotionLab_NTroje/rub066/0015_sitting1.pkl,7
BioMotionLab_NTroje/rub066/0015_sitting1.pkl,8
BioMotionLab_NTroje/rub066/0015_sitting1.pkl,9
BioMotionLab_NTroje/rub066/0015_sitting1.pkl,10
BioMotionLab_NTroje/rub066/0015_sitting1.pkl,11
BioMotionLab_NTroje/rub066/0015_sitting1.pkl,12
BioMotionLab_NTroje/rub066/0015_sitting1.pkl,13
BioMotionLab_NTroje/rub066/0015_sitting1.pkl,14
BioMotionLab_NTroje/rub066/0015_sitting1.pkl,15
BioMotionLab_NTroje/rub066/0015_sitting1.pkl,16
BioMotionLab_NTroje/rub066/0015_sitting1.pkl,17
BioMotionLab_NTroje/rub066/0015_sitting1.pkl,18
BioMotionLab_NTroje/rub066/0015_sitting1.pkl,19
BioMotionLab_NTroje/rub068/0015_sitting1.pkl,0
BioMotionLab_NTroje/rub068/0015_sitting1.pkl,1
BioMotionLab_NTroje/rub068/0015_sitting1.pkl,2
BioMotionLab_NTroje/rub068/0015_sitting1.pkl,3
BioMotionLab_NTroje/rub068/0015_sitting1.pkl,4
BioMotionLab_NTroje/rub068/0015_sitting1.pkl,5
BioMotionLab_NTroje/rub068/0015_sitting1.pkl,6
BioMotionLab_NTroje/rub068/0015_sitting1.pkl,7
BioMotionLab_NTroje/rub068/0015_sitting1.pkl,8
BioMotionLab_NTroje/rub068/0015_sitting1.pkl,9
BioMotionLab_NTroje/rub068/0015_sitting1.pkl,10
BioMotionLab_NTroje/rub068/0015_sitting1.pkl,11
BioMotionLab_NTroje/rub068/0015_sitting1.pkl,12
BioMotionLab_NTroje/rub068/0015_sitting1.pkl,13
BioMotionLab_NTroje/rub068/0015_sitting1.pkl,14
BioMotionLab_NTroje/rub068/0015_sitting1.pkl,15
BioMotionLab_NTroje/rub068/0015_sitting1.pkl,16
BioMotionLab_NTroje/rub068/0015_sitting1.pkl,17
BioMotionLab_NTroje/rub068/0015_sitting1.pkl,18
BioMotionLab_NTroje/rub068/0015_sitting1.pkl,19
BioMotionLab_NTroje/rub068/0015_sitting1.pkl,20
BioMotionLab_NTroje/rub068/0015_sitting1.pkl,21
BioMotionLab_NTroje/rub068/0015_sitting1.pkl,22
BioMotionLab_NTroje/rub068/0015_sitting1.pkl,23
BioMotionLab_NTroje/rub068/0015_sitting1.pkl,24
BioMotionLab_NTroje/rub068/0015_sitting1.pkl,25
BioMotionLab_NTroje/rub068/0015_sitting1.pkl,26
BioMotionLab_NTroje/rub068/0015_sitting1.pkl,27
BioMotionLab_NTroje/rub068/0015_sitting1.pkl,28
BioMotionLab_NTroje/rub068/0015_sitting1.pkl,29
BioMotionLab_NTroje/rub068/0015_sitting1.pkl,179
BioMotionLab_NTroje/rub068/0015_sitting1.pkl,180
BioMotionLab_NTroje/rub068/0015_sitting1.pkl,181
BioMotionLab_NTroje/rub068/0015_sitting1.pkl,182
BioMotionLab_NTroje/rub068/0015_sitting1.pkl,183
BioMotionLab_NTroje/rub068/0015_sitting1.pkl,184
BioMotionLab_NTroje/rub068/0015_sitting1.pkl,185
BioMotionLab_NTroje/rub068/0015_sitting1.pkl,186
BioMotionLab_NTroje/rub068/0015_sitting1.pkl,187
BioMotionLab_NTroje/rub068/0015_sitting1.pkl,188
BioMotionLab_NTroje/rub068/0015_sitting1.pkl,189
BioMotionLab_NTroje/rub068/0015_sitting1.pkl,190
BioMotionLab_NTroje/rub068/0015_sitting1.pkl,191
BioMotionLab_NTroje/rub068/0015_sitting1.pkl,192
BioMotionLab_NTroje/rub068/0015_sitting1.pkl,193
BioMotionLab_NTroje/rub068/0015_sitting1.pkl,194
BioMotionLab_NTroje/rub068/0015_sitting1.pkl,195
BioMotionLab_NTroje/rub068/0015_sitting1.pkl,196
BioMotionLab_NTroje/rub068/0015_sitting1.pkl,197
BioMotionLab_NTroje/rub068/0015_sitting1.pkl,198
BioMotionLab_NTroje/rub068/0015_sitting1.pkl,199
BioMotionLab_NTroje/rub068/0015_sitting1.pkl,200
BioMotionLab_NTroje/rub068/0015_sitting1.pkl,201
BioMotionLab_NTroje/rub068/0015_sitting1.pkl,202
BioMotionLab_NTroje/rub068/0015_sitting1.pkl,203
BioMotionLab_NTroje/rub068/0015_sitting1.pkl,204
BioMotionLab_NTroje/rub068/0015_sitting1.pkl,205
BioMotionLab_NTroje/rub068/0015_sitting1.pkl,206
BioMotionLab_NTroje/rub068/0015_sitting1.pkl,207
BioMotionLab_NTroje/rub068/0015_sitting1.pkl,208
BioMotionLab_NTroje/rub068/0015_sitting1.pkl,209
BioMotionLab_NTroje/rub068/0019_lifting_heavy1.pkl,0
BioMotionLab_NTroje/rub068/0019_lifting_heavy1.pkl,1
BioMotionLab_NTroje/rub068/0019_lifting_heavy1.pkl,2
BioMotionLab_NTroje/rub068/0019_lifting_heavy1.pkl,3
BioMotionLab_NTroje/rub068/0019_lifting_heavy1.pkl,4
BioMotionLab_NTroje/rub068/0019_lifting_heavy1.pkl,5
BioMotionLab_NTroje/rub068/0019_lifting_heavy1.pkl,6
BioMotionLab_NTroje/rub068/0019_lifting_heavy1.pkl,7
BioMotionLab_NTroje/rub068/0019_lifting_heavy1.pkl,8
BioMotionLab_NTroje/rub068/0019_lifting_heavy1.pkl,9
BioMotionLab_NTroje/rub068/0019_lifting_heavy1.pkl,10
BioMotionLab_NTroje/rub068/0019_lifting_heavy1.pkl,11
BioMotionLab_NTroje/rub068/0019_lifting_heavy1.pkl,12
BioMotionLab_NTroje/rub068/0019_lifting_heavy1.pkl,13
BioMotionLab_NTroje/rub068/0019_lifting_heavy1.pkl,14
BioMotionLab_NTroje/rub068/0019_lifting_heavy1.pkl,15
BioMotionLab_NTroje/rub068/0019_lifting_heavy1.pkl,16
BioMotionLab_NTroje/rub070/0013_knocking1.pkl,0
BioMotionLab_NTroje/rub070/0013_knocking1.pkl,1
BioMotionLab_NTroje/rub070/0013_knocking1.pkl,2
BioMotionLab_NTroje/rub070/0013_knocking1.pkl,3
BioMotionLab_NTroje/rub070/0013_knocking1.pkl,4
BioMotionLab_NTroje/rub070/0013_knocking1.pkl,5
BioMotionLab_NTroje/rub070/0013_knocking1.pkl,6
BioMotionLab_NTroje/rub070/0013_knocking1.pkl,7
BioMotionLab_NTroje/rub070/0013_knocking1.pkl,8
BioMotionLab_NTroje/rub070/0013_knocking1.pkl,9
BioMotionLab_NTroje/rub070/0013_knocking1.pkl,10
BioMotionLab_NTroje/rub070/0013_knocking1.pkl,11
BioMotionLab_NTroje/rub070/0013_knocking1.pkl,162
BioMotionLab_NTroje/rub070/0013_knocking1.pkl,163
BioMotionLab_NTroje/rub070/0013_knocking1.pkl,164
BioMotionLab_NTroje/rub070/0013_knocking1.pkl,165
BioMotionLab_NTroje/rub070/0013_knocking1.pkl,166
BioMotionLab_NTroje/rub070/0013_knocking1.pkl,167
BioMotionLab_NTroje/rub070/0013_knocking1.pkl,168
BioMotionLab_NTroje/rub070/0013_knocking1.pkl,169
BioMotionLab_NTroje/rub070/0013_knocking1.pkl,170
BioMotionLab_NTroje/rub070/0013_knocking1.pkl,171
BioMotionLab_NTroje/rub070/0013_knocking1.pkl,172
BioMotionLab_NTroje/rub070/0013_knocking1.pkl,173
BioMotionLab_NTroje/rub070/0013_knocking1.pkl,174
BioMotionLab_NTroje/rub070/0013_knocking1.pkl,175
BioMotionLab_NTroje/rub070/0013_knocking1.pkl,176
BioMotionLab_NTroje/rub070/0013_knocking1.pkl,177
BioMotionLab_NTroje/rub070/0013_knocking1.pkl,178
BioMotionLab_NTroje/rub070/0013_knocking1.pkl,179
BioMotionLab_NTroje/rub070/0013_knocking1.pkl,180
BioMotionLab_NTroje/rub070/0015_sitting1.pkl,0
BioMotionLab_NTroje/rub070/0015_sitting1.pkl,1
BioMotionLab_NTroje/rub070/0015_sitting1.pkl,2
BioMotionLab_NTroje/rub070/0015_sitting1.pkl,3
BioMotionLab_NTroje/rub070/0015_sitting1.pkl,4
BioMotionLab_NTroje/rub070/0015_sitting1.pkl,5
BioMotionLab_NTroje/rub070/0015_sitting1.pkl,6
BioMotionLab_NTroje/rub070/0015_sitting1.pkl,7
BioMotionLab_NTroje/rub070/0015_sitting1.pkl,8
BioMotionLab_NTroje/rub070/0015_sitting1.pkl,9
BioMotionLab_NTroje/rub070/0015_sitting1.pkl,10
BioMotionLab_NTroje/rub070/0015_sitting1.pkl,11
BioMotionLab_NTroje/rub070/0015_sitting1.pkl,12
BioMotionLab_NTroje/rub070/0015_sitting1.pkl,13
BioMotionLab_NTroje/rub070/0015_sitting1.pkl,14
BioMotionLab_NTroje/rub070/0015_sitting1.pkl,15
BioMotionLab_NTroje/rub070/0015_sitting1.pkl,16
BioMotionLab_NTroje/rub070/0015_sitting1.pkl,17
BioMotionLab_NTroje/rub070/0015_sitting1.pkl,18
BioMotionLab_NTroje/rub070/0015_sitting1.pkl,19
BioMotionLab_NTroje/rub070/0015_sitting1.pkl,20
BioMotionLab_NTroje/rub070/0015_sitting1.pkl,21
BioMotionLab_NTroje/rub070/0015_sitting1.pkl,22
BioMotionLab_NTroje/rub072/0018_lifting_light2.pkl,0
BioMotionLab_NTroje/rub072/0018_lifting_light2.pkl,1
BioMotionLab_NTroje/rub072/0018_lifting_light2.pkl,2
BioMotionLab_NTroje/rub072/0018_lifting_light2.pkl,3
BioMotionLab_NTroje/rub072/0018_lifting_light2.pkl,4
BioMotionLab_NTroje/rub072/0018_lifting_light2.pkl,5
BioMotionLab_NTroje/rub072/0018_lifting_light2.pkl,6
BioMotionLab_NTroje/rub072/0018_lifting_light2.pkl,7
BioMotionLab_NTroje/rub072/0018_lifting_light2.pkl,8
BioMotionLab_NTroje/rub072/0018_lifting_light2.pkl,9
BioMotionLab_NTroje/rub072/0018_lifting_light2.pkl,10
BioMotionLab_NTroje/rub072/0018_lifting_light2.pkl,11
BioMotionLab_NTroje/rub072/0018_lifting_light2.pkl,12
BioMotionLab_NTroje/rub072/0018_lifting_light2.pkl,13
BioMotionLab_NTroje/rub072/0018_lifting_light2.pkl,14
BioMotionLab_NTroje/rub072/0018_lifting_light2.pkl,15
BioMotionLab_NTroje/rub072/0018_lifting_light2.pkl,16
BioMotionLab_NTroje/rub072/0018_lifting_light2.pkl,17
BioMotionLab_NTroje/rub072/0018_lifting_light2.pkl,18
BioMotionLab_NTroje/rub072/0018_lifting_light2.pkl,19
BioMotionLab_NTroje/rub072/0018_lifting_light2.pkl,20
BioMotionLab_NTroje/rub072/0018_lifting_light2.pkl,133
BioMotionLab_NTroje/rub072/0018_lifting_light2.pkl,134
BioMotionLab_NTroje/rub072/0018_lifting_light2.pkl,135
BioMotionLab_NTroje/rub072/0018_lifting_light2.pkl,136
BioMotionLab_NTroje/rub072/0018_lifting_light2.pkl,137
BioMotionLab_NTroje/rub072/0018_lifting_light2.pkl,138
BioMotionLab_NTroje/rub072/0018_lifting_light2.pkl,139
BioMotionLab_NTroje/rub072/0018_lifting_light2.pkl,140
BioMotionLab_NTroje/rub072/0018_lifting_light2.pkl,141
BioMotionLab_NTroje/rub072/0018_lifting_light2.pkl,142
BioMotionLab_NTroje/rub072/0018_lifting_light2.pkl,143
BioMotionLab_NTroje/rub072/0018_lifting_light2.pkl,144
BioMotionLab_NTroje/rub072/0018_lifting_light2.pkl,145
BioMotionLab_NTroje/rub072/0018_lifting_light2.pkl,146
BioMotionLab_NTroje/rub072/0018_lifting_light2.pkl,147
BioMotionLab_NTroje/rub072/0018_lifting_light2.pkl,148
BioMotionLab_NTroje/rub072/0018_lifting_light2.pkl,149
BioMotionLab_NTroje/rub072/0018_lifting_light2.pkl,150
BioMotionLab_NTroje/rub072/0018_lifting_light2.pkl,151
BioMotionLab_NTroje/rub072/0018_lifting_light2.pkl,152
BioMotionLab_NTroje/rub072/0018_lifting_light2.pkl,153
BioMotionLab_NTroje/rub072/0018_lifting_light2.pkl,154
BioMotionLab_NTroje/rub073/0016_sitting2.pkl,0
BioMotionLab_NTroje/rub073/0016_sitting2.pkl,1
BioMotionLab_NTroje/rub073/0016_sitting2.pkl,2
BioMotionLab_NTroje/rub073/0016_sitting2.pkl,3
BioMotionLab_NTroje/rub073/0016_sitting2.pkl,4
BioMotionLab_NTroje/rub073/0016_sitting2.pkl,5
BioMotionLab_NTroje/rub073/0016_sitting2.pkl,6
BioMotionLab_NTroje/rub073/0016_sitting2.pkl,7
BioMotionLab_NTroje/rub073/0016_sitting2.pkl,8
BioMotionLab_NTroje/rub073/0016_sitting2.pkl,9
BioMotionLab_NTroje/rub073/0016_sitting2.pkl,10
BioMotionLab_NTroje/rub073/0016_sitting2.pkl,11
BioMotionLab_NTroje/rub073/0016_sitting2.pkl,12
BioMotionLab_NTroje/rub073/0016_sitting2.pkl,13
BioMotionLab_NTroje/rub073/0016_sitting2.pkl,14
BioMotionLab_NTroje/rub073/0016_sitting2.pkl,15
BioMotionLab_NTroje/rub073/0016_sitting2.pkl,16
BioMotionLab_NTroje/rub073/0016_sitting2.pkl,17
BioMotionLab_NTroje/rub073/0016_sitting2.pkl,18
BioMotionLab_NTroje/rub073/0016_sitting2.pkl,19
BioMotionLab_NTroje/rub073/0016_sitting2.pkl,20
BioMotionLab_NTroje/rub073/0016_sitting2.pkl,21
BioMotionLab_NTroje/rub073/0016_sitting2.pkl,22
BioMotionLab_NTroje/rub073/0016_sitting2.pkl,23
BioMotionLab_NTroje/rub073/0016_sitting2.pkl,24
BioMotionLab_NTroje/rub073/0016_sitting2.pkl,25
BioMotionLab_NTroje/rub073/0016_sitting2.pkl,26
BioMotionLab_NTroje/rub073/0016_sitting2.pkl,27
BioMotionLab_NTroje/rub073/0016_sitting2.pkl,28
BioMotionLab_NTroje/rub073/0016_sitting2.pkl,29
BioMotionLab_NTroje/rub073/0016_sitting2.pkl,30
BioMotionLab_NTroje/rub073/0016_sitting2.pkl,31
BioMotionLab_NTroje/rub073/0016_sitting2.pkl,32
BioMotionLab_NTroje/rub073/0016_sitting2.pkl,33
BioMotionLab_NTroje/rub073/0016_sitting2.pkl,215
BioMotionLab_NTroje/rub073/0016_sitting2.pkl,216
BioMotionLab_NTroje/rub073/0016_sitting2.pkl,217
BioMotionLab_NTroje/rub073/0016_sitting2.pkl,218
BioMotionLab_NTroje/rub073/0016_sitting2.pkl,219
BioMotionLab_NTroje/rub073/0016_sitting2.pkl,220
BioMotionLab_NTroje/rub073/0016_sitting2.pkl,221
BioMotionLab_NTroje/rub073/0016_sitting2.pkl,222
BioMotionLab_NTroje/rub073/0016_sitting2.pkl,223
BioMotionLab_NTroje/rub073/0016_sitting2.pkl,224
BioMotionLab_NTroje/rub073/0016_sitting2.pkl,225
BioMotionLab_NTroje/rub073/0016_sitting2.pkl,226
BioMotionLab_NTroje/rub073/0016_sitting2.pkl,227
BioMotionLab_NTroje/rub073/0016_sitting2.pkl,228
BioMotionLab_NTroje/rub073/0016_sitting2.pkl,229
BioMotionLab_NTroje/rub073/0016_sitting2.pkl,230
BioMotionLab_NTroje/rub073/0016_sitting2.pkl,231
BioMotionLab_NTroje/rub073/0016_sitting2.pkl,232
BioMotionLab_NTroje/rub073/0016_sitting2.pkl,233
BioMotionLab_NTroje/rub073/0016_sitting2.pkl,234
BioMotionLab_NTroje/rub073/0016_sitting2.pkl,235
BioMotionLab_NTroje/rub073/0016_sitting2.pkl,236
BioMotionLab_NTroje/rub073/0016_sitting2.pkl,237
BioMotionLab_NTroje/rub073/0016_sitting2.pkl,238
BioMotionLab_NTroje/rub073/0016_sitting2.pkl,239
BioMotionLab_NTroje/rub073/0016_sitting2.pkl,240
BioMotionLab_NTroje/rub073/0016_sitting2.pkl,241
BioMotionLab_NTroje/rub073/0016_sitting2.pkl,242
BioMotionLab_NTroje/rub073/0016_sitting2.pkl,243
BioMotionLab_NTroje/rub073/0016_sitting2.pkl,244
BioMotionLab_NTroje/rub073/0016_sitting2.pkl,245
BioMotionLab_NTroje/rub073/0016_sitting2.pkl,246
BioMotionLab_NTroje/rub073/0016_sitting2.pkl,247
BioMotionLab_NTroje/rub073/0016_sitting2.pkl,248
BioMotionLab_NTroje/rub073/0016_sitting2.pkl,249
BioMotionLab_NTroje/rub073/0016_sitting2.pkl,250
BioMotionLab_NTroje/rub073/0016_sitting2.pkl,251
BioMotionLab_NTroje/rub073/0016_sitting2.pkl,252
BioMotionLab_NTroje/rub073/0016_sitting2.pkl,253
BioMotionLab_NTroje/rub073/0016_sitting2.pkl,254
BioMotionLab_NTroje/rub073/0016_sitting2.pkl,255
BioMotionLab_NTroje/rub073/0016_sitting2.pkl,256
BioMotionLab_NTroje/rub073/0016_sitting2.pkl,257
BioMotionLab_NTroje/rub073/0016_sitting2.pkl,258
BioMotionLab_NTroje/rub073/0016_sitting2.pkl,259
BioMotionLab_NTroje/rub073/0016_sitting2.pkl,260
BioMotionLab_NTroje/rub073/0016_sitting2.pkl,261
BioMotionLab_NTroje/rub073/0016_sitting2.pkl,262
BioMotionLab_NTroje/rub073/0016_sitting2.pkl,263
BioMotionLab_NTroje/rub073/0016_sitting2.pkl,264
BioMotionLab_NTroje/rub073/0016_sitting2.pkl,265
BioMotionLab_NTroje/rub073/0016_sitting2.pkl,266
BioMotionLab_NTroje/rub073/0016_sitting2.pkl,267
BioMotionLab_NTroje/rub074/0031_rom.pkl,2361
BioMotionLab_NTroje/rub074/0031_rom.pkl,2362
BioMotionLab_NTroje/rub074/0031_rom.pkl,2363
BioMotionLab_NTroje/rub074/0031_rom.pkl,2364
BioMotionLab_NTroje/rub074/0031_rom.pkl,2365
BioMotionLab_NTroje/rub074/0031_rom.pkl,2366
BioMotionLab_NTroje/rub074/0031_rom.pkl,2367
BioMotionLab_NTroje/rub074/0031_rom.pkl,2368
BioMotionLab_NTroje/rub076/0016_sitting2.pkl,3
BioMotionLab_NTroje/rub076/0016_sitting2.pkl,4
BioMotionLab_NTroje/rub076/0016_sitting2.pkl,5
BioMotionLab_NTroje/rub076/0016_sitting2.pkl,6
BioMotionLab_NTroje/rub076/0016_sitting2.pkl,7
BioMotionLab_NTroje/rub076/0016_sitting2.pkl,8
BioMotionLab_NTroje/rub076/0016_sitting2.pkl,9
BioMotionLab_NTroje/rub076/0016_sitting2.pkl,10
BioMotionLab_NTroje/rub076/0016_sitting2.pkl,11
BioMotionLab_NTroje/rub076/0016_sitting2.pkl,12
BioMotionLab_NTroje/rub076/0016_sitting2.pkl,13
BioMotionLab_NTroje/rub076/0016_sitting2.pkl,14
BioMotionLab_NTroje/rub076/0016_sitting2.pkl,15
BioMotionLab_NTroje/rub076/0016_sitting2.pkl,16
BioMotionLab_NTroje/rub076/0016_sitting2.pkl,17
BioMotionLab_NTroje/rub076/0016_sitting2.pkl,18
BioMotionLab_NTroje/rub076/0016_sitting2.pkl,19
BioMotionLab_NTroje/rub076/0016_sitting2.pkl,20
BioMotionLab_NTroje/rub076/0016_sitting2.pkl,21
BioMotionLab_NTroje/rub076/0016_sitting2.pkl,22
BioMotionLab_NTroje/rub076/0016_sitting2.pkl,23
BioMotionLab_NTroje/rub076/0016_sitting2.pkl,24
BioMotionLab_NTroje/rub076/0016_sitting2.pkl,25
BioMotionLab_NTroje/rub076/0016_sitting2.pkl,26
BioMotionLab_NTroje/rub076/0016_sitting2.pkl,27
BioMotionLab_NTroje/rub076/0016_sitting2.pkl,28
BioMotionLab_NTroje/rub076/0016_sitting2.pkl,29
BioMotionLab_NTroje/rub076/0016_sitting2.pkl,30
BioMotionLab_NTroje/rub076/0016_sitting2.pkl,31
BioMotionLab_NTroje/rub076/0016_sitting2.pkl,32
BioMotionLab_NTroje/rub076/0016_sitting2.pkl,33
BioMotionLab_NTroje/rub076/0016_sitting2.pkl,34
BioMotionLab_NTroje/rub076/0016_sitting2.pkl,35
BioMotionLab_NTroje/rub076/0017_lifting_light1.pkl,0
BioMotionLab_NTroje/rub076/0017_lifting_light1.pkl,1
BioMotionLab_NTroje/rub076/0017_lifting_light1.pkl,2
BioMotionLab_NTroje/rub076/0017_lifting_light1.pkl,3
BioMotionLab_NTroje/rub076/0017_lifting_light1.pkl,4
BioMotionLab_NTroje/rub076/0017_lifting_light1.pkl,5
BioMotionLab_NTroje/rub076/0017_lifting_light1.pkl,6
BioMotionLab_NTroje/rub076/0017_lifting_light1.pkl,7
BioMotionLab_NTroje/rub076/0017_lifting_light1.pkl,8
BioMotionLab_NTroje/rub076/0017_lifting_light1.pkl,9
BioMotionLab_NTroje/rub076/0017_lifting_light1.pkl,10
BioMotionLab_NTroje/rub076/0017_lifting_light1.pkl,11
BioMotionLab_NTroje/rub076/0017_lifting_light1.pkl,12
BioMotionLab_NTroje/rub076/0017_lifting_light1.pkl,13
BioMotionLab_NTroje/rub076/0017_lifting_light1.pkl,14
BioMotionLab_NTroje/rub076/0017_lifting_light1.pkl,15
BioMotionLab_NTroje/rub076/0017_lifting_light1.pkl,16
BioMotionLab_NTroje/rub076/0017_lifting_light1.pkl,17
BioMotionLab_NTroje/rub076/0017_lifting_light1.pkl,18
BioMotionLab_NTroje/rub076/0017_lifting_light1.pkl,19
BioMotionLab_NTroje/rub076/0017_lifting_light1.pkl,20
BioMotionLab_NTroje/rub076/0017_lifting_light1.pkl,21
BioMotionLab_NTroje/rub076/0017_lifting_light1.pkl,22
BioMotionLab_NTroje/rub076/0017_lifting_light1.pkl,23
BioMotionLab_NTroje/rub076/0017_lifting_light1.pkl,24
BioMotionLab_NTroje/rub076/0017_lifting_light1.pkl,25
BioMotionLab_NTroje/rub076/0017_lifting_light1.pkl,26
BioMotionLab_NTroje/rub076/0017_lifting_light1.pkl,27
BioMotionLab_NTroje/rub076/0017_lifting_light1.pkl,28
BioMotionLab_NTroje/rub077/0013_knocking1.pkl,93
BioMotionLab_NTroje/rub077/0013_knocking1.pkl,94
BioMotionLab_NTroje/rub077/0013_knocking1.pkl,95
BioMotionLab_NTroje/rub077/0013_knocking1.pkl,96
BioMotionLab_NTroje/rub077/0013_knocking1.pkl,97
BioMotionLab_NTroje/rub077/0013_knocking1.pkl,98
BioMotionLab_NTroje/rub077/0018_lifting_light2.pkl,0
BioMotionLab_NTroje/rub077/0018_lifting_light2.pkl,1
BioMotionLab_NTroje/rub077/0018_lifting_light2.pkl,2
BioMotionLab_NTroje/rub077/0018_lifting_light2.pkl,3
BioMotionLab_NTroje/rub077/0018_lifting_light2.pkl,4
BioMotionLab_NTroje/rub077/0018_lifting_light2.pkl,5
BioMotionLab_NTroje/rub077/0018_lifting_light2.pkl,6
BioMotionLab_NTroje/rub077/0018_lifting_light2.pkl,7
BioMotionLab_NTroje/rub077/0018_lifting_light2.pkl,8
BioMotionLab_NTroje/rub077/0018_lifting_light2.pkl,9
BioMotionLab_NTroje/rub077/0018_lifting_light2.pkl,10
BioMotionLab_NTroje/rub077/0018_lifting_light2.pkl,11
BioMotionLab_NTroje/rub077/0018_lifting_light2.pkl,12
BioMotionLab_NTroje/rub077/0018_lifting_light2.pkl,13
BioMotionLab_NTroje/rub077/0018_lifting_light2.pkl,14
BioMotionLab_NTroje/rub077/0018_lifting_light2.pkl,15
BioMotionLab_NTroje/rub077/0018_lifting_light2.pkl,16
BioMotionLab_NTroje/rub077/0018_lifting_light2.pkl,17
BioMotionLab_NTroje/rub077/0018_lifting_light2.pkl,18
BioMotionLab_NTroje/rub077/0018_lifting_light2.pkl,19
BioMotionLab_NTroje/rub077/0020_lifting_heavy2.pkl,136
BioMotionLab_NTroje/rub077/0020_lifting_heavy2.pkl,137
BioMotionLab_NTroje/rub077/0020_lifting_heavy2.pkl,138
BioMotionLab_NTroje/rub077/0020_lifting_heavy2.pkl,139
BioMotionLab_NTroje/rub077/0020_lifting_heavy2.pkl,140
BioMotionLab_NTroje/rub077/0020_lifting_heavy2.pkl,141
BioMotionLab_NTroje/rub077/0020_lifting_heavy2.pkl,142
BioMotionLab_NTroje/rub077/0020_lifting_heavy2.pkl,143
BioMotionLab_NTroje/rub077/0020_lifting_heavy2.pkl,144
BioMotionLab_NTroje/rub077/0020_lifting_heavy2.pkl,145
BioMotionLab_NTroje/rub077/0020_lifting_heavy2.pkl,146
BioMotionLab_NTroje/rub077/0020_lifting_heavy2.pkl,147
BioMotionLab_NTroje/rub077/0020_lifting_heavy2.pkl,148
BioMotionLab_NTroje/rub077/0020_lifting_heavy2.pkl,149
BioMotionLab_NTroje/rub077/0020_lifting_heavy2.pkl,150
BioMotionLab_NTroje/rub077/0020_lifting_heavy2.pkl,151
BioMotionLab_NTroje/rub077/0020_lifting_heavy2.pkl,152
BioMotionLab_NTroje/rub077/0020_lifting_heavy2.pkl,153
BioMotionLab_NTroje/rub079/0016_lifting_light1.pkl,0
BioMotionLab_NTroje/rub079/0016_lifting_light1.pkl,1
BioMotionLab_NTroje/rub079/0016_lifting_light1.pkl,2
BioMotionLab_NTroje/rub079/0016_lifting_light1.pkl,3
BioMotionLab_NTroje/rub079/0016_lifting_light1.pkl,4
BioMotionLab_NTroje/rub079/0016_lifting_light1.pkl,5
BioMotionLab_NTroje/rub079/0016_lifting_light1.pkl,6
BioMotionLab_NTroje/rub079/0016_lifting_light1.pkl,7
BioMotionLab_NTroje/rub079/0016_lifting_light1.pkl,8
BioMotionLab_NTroje/rub079/0016_lifting_light1.pkl,9
BioMotionLab_NTroje/rub079/0016_lifting_light1.pkl,10
BioMotionLab_NTroje/rub079/0016_lifting_light1.pkl,11
BioMotionLab_NTroje/rub079/0016_lifting_light1.pkl,12
BioMotionLab_NTroje/rub079/0016_lifting_light1.pkl,13
BioMotionLab_NTroje/rub079/0016_lifting_light1.pkl,14
BioMotionLab_NTroje/rub079/0016_lifting_light1.pkl,15
BioMotionLab_NTroje/rub079/0016_lifting_light1.pkl,16
BioMotionLab_NTroje/rub079/0016_lifting_light1.pkl,17
BioMotionLab_NTroje/rub079/0016_lifting_light1.pkl,18
BioMotionLab_NTroje/rub079/0016_lifting_light1.pkl,19
BioMotionLab_NTroje/rub079/0016_lifting_light1.pkl,20
BioMotionLab_NTroje/rub079/0016_lifting_light1.pkl,21
BioMotionLab_NTroje/rub079/0016_lifting_light1.pkl,22
BioMotionLab_NTroje/rub079/0016_lifting_light1.pkl,23
BioMotionLab_NTroje/rub079/0016_lifting_light1.pkl,24
BioMotionLab_NTroje/rub079/0016_lifting_light1.pkl,25
BioMotionLab_NTroje/rub079/0016_lifting_light1.pkl,26
BioMotionLab_NTroje/rub079/0016_lifting_light1.pkl,27
BioMotionLab_NTroje/rub079/0016_lifting_light1.pkl,28
BioMotionLab_NTroje/rub079/0016_lifting_light1.pkl,29
BioMotionLab_NTroje/rub079/0016_lifting_light1.pkl,30
BioMotionLab_NTroje/rub079/0016_lifting_light1.pkl,31
BioMotionLab_NTroje/rub079/0016_lifting_light1.pkl,32
BioMotionLab_NTroje/rub079/0016_lifting_light1.pkl,33
BioMotionLab_NTroje/rub079/0016_lifting_light1.pkl,34
BioMotionLab_NTroje/rub080/0016_sitting2.pkl,0
BioMotionLab_NTroje/rub080/0016_sitting2.pkl,1
BioMotionLab_NTroje/rub080/0016_sitting2.pkl,2
BioMotionLab_NTroje/rub080/0016_sitting2.pkl,3
BioMotionLab_NTroje/rub080/0016_sitting2.pkl,4
BioMotionLab_NTroje/rub080/0016_sitting2.pkl,5
BioMotionLab_NTroje/rub080/0016_sitting2.pkl,6
BioMotionLab_NTroje/rub080/0016_sitting2.pkl,7
BioMotionLab_NTroje/rub080/0016_sitting2.pkl,8
BioMotionLab_NTroje/rub080/0016_sitting2.pkl,9
BioMotionLab_NTroje/rub080/0016_sitting2.pkl,10
BioMotionLab_NTroje/rub080/0016_sitting2.pkl,11
BioMotionLab_NTroje/rub080/0016_sitting2.pkl,12
BioMotionLab_NTroje/rub080/0016_sitting2.pkl,13
BioMotionLab_NTroje/rub080/0016_sitting2.pkl,14
BioMotionLab_NTroje/rub080/0016_sitting2.pkl,15
BioMotionLab_NTroje/rub080/0016_sitting2.pkl,16
BioMotionLab_NTroje/rub080/0016_sitting2.pkl,17
BioMotionLab_NTroje/rub080/0016_sitting2.pkl,18
BioMotionLab_NTroje/rub080/0016_sitting2.pkl,19
BioMotionLab_NTroje/rub080/0016_sitting2.pkl,20
BioMotionLab_NTroje/rub080/0016_sitting2.pkl,21
BioMotionLab_NTroje/rub080/0016_sitting2.pkl,22
BioMotionLab_NTroje/rub080/0016_sitting2.pkl,23
BioMotionLab_NTroje/rub080/0016_sitting2.pkl,138
BioMotionLab_NTroje/rub080/0016_sitting2.pkl,139
BioMotionLab_NTroje/rub080/0016_sitting2.pkl,140
BioMotionLab_NTroje/rub080/0016_sitting2.pkl,141
BioMotionLab_NTroje/rub080/0016_sitting2.pkl,142
BioMotionLab_NTroje/rub080/0016_sitting2.pkl,143
BioMotionLab_NTroje/rub080/0016_sitting2.pkl,144
BioMotionLab_NTroje/rub080/0016_sitting2.pkl,145
BioMotionLab_NTroje/rub080/0016_sitting2.pkl,146
BioMotionLab_NTroje/rub080/0016_sitting2.pkl,147
BioMotionLab_NTroje/rub080/0016_sitting2.pkl,148
BioMotionLab_NTroje/rub080/0016_sitting2.pkl,149
BioMotionLab_NTroje/rub080/0016_sitting2.pkl,150
BioMotionLab_NTroje/rub080/0016_sitting2.pkl,151
BioMotionLab_NTroje/rub080/0016_sitting2.pkl,152
BioMotionLab_NTroje/rub080/0016_sitting2.pkl,153
BioMotionLab_NTroje/rub080/0016_sitting2.pkl,154
BioMotionLab_NTroje/rub080/0016_sitting2.pkl,155
BioMotionLab_NTroje/rub080/0016_sitting2.pkl,156
BioMotionLab_NTroje/rub080/0016_sitting2.pkl,157
BioMotionLab_NTroje/rub080/0016_sitting2.pkl,158
BioMotionLab_NTroje/rub080/0016_sitting2.pkl,159
BioMotionLab_NTroje/rub080/0016_sitting2.pkl,160
BioMotionLab_NTroje/rub080/0016_sitting2.pkl,161
BioMotionLab_NTroje/rub080/0016_sitting2.pkl,162
BioMotionLab_NTroje/rub080/0016_sitting2.pkl,163
BioMotionLab_NTroje/rub080/0016_sitting2.pkl,164
BioMotionLab_NTroje/rub080/0016_sitting2.pkl,165
BioMotionLab_NTroje/rub080/0016_sitting2.pkl,166
BioMotionLab_NTroje/rub080/0016_sitting2.pkl,167
BioMotionLab_NTroje/rub080/0016_sitting2.pkl,168
BioMotionLab_NTroje/rub080/0016_sitting2.pkl,169
BioMotionLab_NTroje/rub080/0016_sitting2.pkl,170
BioMotionLab_NTroje/rub080/0016_sitting2.pkl,171
BioMotionLab_NTroje/rub080/0016_sitting2.pkl,172
BioMotionLab_NTroje/rub080/0016_sitting2.pkl,173
BioMotionLab_NTroje/rub083/0017_lifting_light1.pkl,0
BioMotionLab_NTroje/rub083/0017_lifting_light1.pkl,1
BioMotionLab_NTroje/rub083/0017_lifting_light1.pkl,2
BioMotionLab_NTroje/rub083/0017_lifting_light1.pkl,3
BioMotionLab_NTroje/rub083/0017_lifting_light1.pkl,4
BioMotionLab_NTroje/rub083/0017_lifting_light1.pkl,5
BioMotionLab_NTroje/rub083/0017_lifting_light1.pkl,6
BioMotionLab_NTroje/rub083/0017_lifting_light1.pkl,7
BioMotionLab_NTroje/rub083/0017_lifting_light1.pkl,8
BioMotionLab_NTroje/rub083/0017_lifting_light1.pkl,9
BioMotionLab_NTroje/rub083/0017_lifting_light1.pkl,10
BioMotionLab_NTroje/rub083/0017_lifting_light1.pkl,11
BioMotionLab_NTroje/rub083/0017_lifting_light1.pkl,12
BioMotionLab_NTroje/rub083/0017_lifting_light1.pkl,13
BioMotionLab_NTroje/rub083/0017_lifting_light1.pkl,14
BioMotionLab_NTroje/rub083/0017_lifting_light1.pkl,15
BioMotionLab_NTroje/rub083/0017_lifting_light1.pkl,16
BioMotionLab_NTroje/rub083/0017_lifting_light1.pkl,17
BioMotionLab_NTroje/rub083/0017_lifting_light1.pkl,18
BioMotionLab_NTroje/rub083/0017_lifting_light1.pkl,19
BioMotionLab_NTroje/rub083/0017_lifting_light1.pkl,20
BioMotionLab_NTroje/rub083/0017_lifting_light1.pkl,21
BioMotionLab_NTroje/rub083/0017_lifting_light1.pkl,22
BioMotionLab_NTroje/rub083/0017_lifting_light1.pkl,23
BioMotionLab_NTroje/rub083/0017_lifting_light1.pkl,24
BioMotionLab_NTroje/rub083/0017_lifting_light1.pkl,25
BioMotionLab_NTroje/rub083/0017_lifting_light1.pkl,26
BioMotionLab_NTroje/rub083/0017_lifting_light1.pkl,27
BioMotionLab_NTroje/rub083/0017_lifting_light1.pkl,28
BioMotionLab_NTroje/rub083/0017_lifting_light1.pkl,29
BioMotionLab_NTroje/rub083/0017_lifting_light1.pkl,30
BioMotionLab_NTroje/rub083/0017_lifting_light1.pkl,119
BioMotionLab_NTroje/rub083/0017_lifting_light1.pkl,120
BioMotionLab_NTroje/rub083/0017_lifting_light1.pkl,121
BioMotionLab_NTroje/rub083/0017_lifting_light1.pkl,122
BioMotionLab_NTroje/rub083/0017_lifting_light1.pkl,123
BioMotionLab_NTroje/rub083/0017_lifting_light1.pkl,124
BioMotionLab_NTroje/rub083/0017_lifting_light1.pkl,125
BioMotionLab_NTroje/rub083/0017_lifting_light1.pkl,126
BioMotionLab_NTroje/rub083/0017_lifting_light1.pkl,127
BioMotionLab_NTroje/rub083/0017_lifting_light1.pkl,128
BioMotionLab_NTroje/rub083/0017_lifting_light1.pkl,129
BioMotionLab_NTroje/rub083/0017_lifting_light1.pkl,130
BioMotionLab_NTroje/rub083/0017_lifting_light1.pkl,131
BioMotionLab_NTroje/rub083/0017_lifting_light1.pkl,132
BioMotionLab_NTroje/rub083/0017_lifting_light1.pkl,133
BioMotionLab_NTroje/rub083/0017_lifting_light1.pkl,134
BioMotionLab_NTroje/rub083/0017_lifting_light1.pkl,135
BioMotionLab_NTroje/rub083/0017_lifting_light1.pkl,136
BioMotionLab_NTroje/rub083/0017_lifting_light1.pkl,137
BioMotionLab_NTroje/rub083/0017_lifting_light1.pkl,138
BioMotionLab_NTroje/rub083/0017_lifting_light1.pkl,139
BioMotionLab_NTroje/rub083/0017_lifting_light1.pkl,140
BioMotionLab_NTroje/rub083/0017_lifting_light1.pkl,141
BioMotionLab_NTroje/rub083/0017_lifting_light1.pkl,142
BioMotionLab_NTroje/rub083/0017_lifting_light1.pkl,143
BioMotionLab_NTroje/rub083/0017_lifting_light1.pkl,144
BioMotionLab_NTroje/rub083/0017_lifting_light1.pkl,145
BioMotionLab_NTroje/rub083/0017_lifting_light1.pkl,146
BioMotionLab_NTroje/rub083/0017_lifting_light1.pkl,147
BioMotionLab_NTroje/rub083/0017_lifting_light1.pkl,148
BioMotionLab_NTroje/rub083/0017_lifting_light1.pkl,149
BioMotionLab_NTroje/rub083/0017_lifting_light1.pkl,150
BioMotionLab_NTroje/rub083/0017_lifting_light1.pkl,151
BioMotionLab_NTroje/rub083/0017_lifting_light1.pkl,152
BioMotionLab_NTroje/rub083/0017_lifting_light1.pkl,153
BioMotionLab_NTroje/rub083/0017_lifting_light1.pkl,154
BioMotionLab_NTroje/rub084/0019_lifting_heavy1.pkl,0
BioMotionLab_NTroje/rub084/0019_lifting_heavy1.pkl,1
BioMotionLab_NTroje/rub084/0019_lifting_heavy1.pkl,2
BioMotionLab_NTroje/rub084/0019_lifting_heavy1.pkl,3
BioMotionLab_NTroje/rub084/0019_lifting_heavy1.pkl,4
BioMotionLab_NTroje/rub084/0019_lifting_heavy1.pkl,5
BioMotionLab_NTroje/rub084/0019_lifting_heavy1.pkl,6
BioMotionLab_NTroje/rub084/0019_lifting_heavy1.pkl,7
BioMotionLab_NTroje/rub084/0019_lifting_heavy1.pkl,8
BioMotionLab_NTroje/rub084/0019_lifting_heavy1.pkl,9
BioMotionLab_NTroje/rub084/0019_lifting_heavy1.pkl,10
BioMotionLab_NTroje/rub084/0019_lifting_heavy1.pkl,11
BioMotionLab_NTroje/rub084/0019_lifting_heavy1.pkl,12
BioMotionLab_NTroje/rub084/0019_lifting_heavy1.pkl,13
BioMotionLab_NTroje/rub084/0019_lifting_heavy1.pkl,14
BioMotionLab_NTroje/rub084/0019_lifting_heavy1.pkl,15
BioMotionLab_NTroje/rub084/0019_lifting_heavy1.pkl,16
BioMotionLab_NTroje/rub084/0019_lifting_heavy1.pkl,17
BioMotionLab_NTroje/rub084/0019_lifting_heavy1.pkl,18
BioMotionLab_NTroje/rub084/0019_lifting_heavy1.pkl,19
BioMotionLab_NTroje/rub084/0019_lifting_heavy1.pkl,20
BioMotionLab_NTroje/rub084/0019_lifting_heavy1.pkl,21
BioMotionLab_NTroje/rub084/0019_lifting_heavy1.pkl,22
BioMotionLab_NTroje/rub084/0019_lifting_heavy1.pkl,23
BioMotionLab_NTroje/rub084/0019_lifting_heavy1.pkl,24
BioMotionLab_NTroje/rub084/0019_lifting_heavy1.pkl,25
BioMotionLab_NTroje/rub084/0019_lifting_heavy1.pkl,26
BioMotionLab_NTroje/rub084/0019_lifting_heavy1.pkl,27
BioMotionLab_NTroje/rub084/0019_lifting_heavy1.pkl,28
BioMotionLab_NTroje/rub085/0015_sitting1.pkl,0
BioMotionLab_NTroje/rub085/0015_sitting1.pkl,1
BioMotionLab_NTroje/rub085/0015_sitting1.pkl,2
BioMotionLab_NTroje/rub085/0015_sitting1.pkl,3
BioMotionLab_NTroje/rub085/0015_sitting1.pkl,4
BioMotionLab_NTroje/rub085/0015_sitting1.pkl,5
BioMotionLab_NTroje/rub085/0015_sitting1.pkl,6
BioMotionLab_NTroje/rub085/0015_sitting1.pkl,7
BioMotionLab_NTroje/rub085/0015_sitting1.pkl,8
BioMotionLab_NTroje/rub085/0015_sitting1.pkl,9
BioMotionLab_NTroje/rub085/0015_sitting1.pkl,10
BioMotionLab_NTroje/rub085/0015_sitting1.pkl,11
BioMotionLab_NTroje/rub085/0015_sitting1.pkl,12
BioMotionLab_NTroje/rub085/0015_sitting1.pkl,13
BioMotionLab_NTroje/rub085/0015_sitting1.pkl,14
BioMotionLab_NTroje/rub085/0015_sitting1.pkl,15
BioMotionLab_NTroje/rub085/0015_sitting1.pkl,16
BioMotionLab_NTroje/rub085/0015_sitting1.pkl,17
BioMotionLab_NTroje/rub085/0015_sitting1.pkl,18
BioMotionLab_NTroje/rub085/0015_sitting1.pkl,19
BioMotionLab_NTroje/rub085/0015_sitting1.pkl,20
BioMotionLab_NTroje/rub085/0015_sitting1.pkl,21
BioMotionLab_NTroje/rub085/0015_sitting1.pkl,22
BioMotionLab_NTroje/rub085/0015_sitting1.pkl,23
BioMotionLab_NTroje/rub085/0015_sitting1.pkl,24
BioMotionLab_NTroje/rub085/0015_sitting1.pkl,25
BioMotionLab_NTroje/rub085/0015_sitting1.pkl,26
BioMotionLab_NTroje/rub085/0015_sitting1.pkl,27
BioMotionLab_NTroje/rub085/0015_sitting1.pkl,28
BioMotionLab_NTroje/rub085/0015_sitting1.pkl,29
BioMotionLab_NTroje/rub085/0015_sitting1.pkl,30
BioMotionLab_NTroje/rub085/0015_sitting1.pkl,31
BioMotionLab_NTroje/rub085/0015_sitting1.pkl,32
BioMotionLab_NTroje/rub085/0015_sitting1.pkl,33
BioMotionLab_NTroje/rub085/0015_sitting1.pkl,34
BioMotionLab_NTroje/rub085/0015_sitting1.pkl,35
BioMotionLab_NTroje/rub085/0015_sitting1.pkl,36
BioMotionLab_NTroje/rub085/0015_sitting1.pkl,37
BioMotionLab_NTroje/rub085/0015_sitting1.pkl,38
BioMotionLab_NTroje/rub085/0015_sitting1.pkl,39
BioMotionLab_NTroje/rub085/0015_sitting1.pkl,40
BioMotionLab_NTroje/rub085/0015_sitting1.pkl,134
BioMotionLab_NTroje/rub085/0015_sitting1.pkl,135
BioMotionLab_NTroje/rub085/0015_sitting1.pkl,136
BioMotionLab_NTroje/rub085/0015_sitting1.pkl,137
BioMotionLab_NTroje/rub085/0015_sitting1.pkl,138
BioMotionLab_NTroje/rub085/0015_sitting1.pkl,139
BioMotionLab_NTroje/rub085/0015_sitting1.pkl,140
BioMotionLab_NTroje/rub085/0015_sitting1.pkl,141
BioMotionLab_NTroje/rub085/0015_sitting1.pkl,142
BioMotionLab_NTroje/rub085/0015_sitting1.pkl,143
BioMotionLab_NTroje/rub085/0015_sitting1.pkl,144
BioMotionLab_NTroje/rub085/0015_sitting1.pkl,145
BioMotionLab_NTroje/rub085/0015_sitting1.pkl,146
BioMotionLab_NTroje/rub085/0015_sitting1.pkl,147
BioMotionLab_NTroje/rub085/0015_sitting1.pkl,148
BioMotionLab_NTroje/rub085/0015_sitting1.pkl,149
BioMotionLab_NTroje/rub085/0015_sitting1.pkl,150
BioMotionLab_NTroje/rub085/0015_sitting1.pkl,151
BioMotionLab_NTroje/rub085/0015_sitting1.pkl,152
BioMotionLab_NTroje/rub085/0015_sitting1.pkl,153
BioMotionLab_NTroje/rub085/0015_sitting1.pkl,154
BioMotionLab_NTroje/rub085/0015_sitting1.pkl,155
BioMotionLab_NTroje/rub085/0015_sitting1.pkl,156
BioMotionLab_NTroje/rub085/0015_sitting1.pkl,157
BioMotionLab_NTroje/rub085/0015_sitting1.pkl,158
BioMotionLab_NTroje/rub085/0015_sitting1.pkl,159
BioMotionLab_NTroje/rub085/0015_sitting1.pkl,160
BioMotionLab_NTroje/rub085/0015_sitting1.pkl,161
BioMotionLab_NTroje/rub085/0015_sitting1.pkl,162
BioMotionLab_NTroje/rub085/0015_sitting1.pkl,163
BioMotionLab_NTroje/rub085/0015_sitting1.pkl,164
BioMotionLab_NTroje/rub085/0015_sitting1.pkl,165
BioMotionLab_NTroje/rub085/0015_sitting1.pkl,166
BioMotionLab_NTroje/rub085/0015_sitting1.pkl,167
BioMotionLab_NTroje/rub085/0015_sitting1.pkl,168
BioMotionLab_NTroje/rub085/0015_sitting1.pkl,169
BioMotionLab_NTroje/rub085/0015_sitting1.pkl,170
BioMotionLab_NTroje/rub085/0015_sitting1.pkl,171
BioMotionLab_NTroje/rub085/0015_sitting1.pkl,172
BioMotionLab_NTroje/rub085/0015_sitting1.pkl,173
BioMotionLab_NTroje/rub085/0015_sitting1.pkl,174
BioMotionLab_NTroje/rub085/0015_sitting1.pkl,175
BioMotionLab_NTroje/rub085/0015_sitting1.pkl,176
BioMotionLab_NTroje/rub085/0015_sitting1.pkl,177
BioMotionLab_NTroje/rub085/0015_sitting1.pkl,178
BioMotionLab_NTroje/rub085/0015_sitting1.pkl,179
BioMotionLab_NTroje/rub085/0015_sitting1.pkl,180
BioMotionLab_NTroje/rub085/0015_sitting1.pkl,181
BioMotionLab_NTroje/rub085/0018_lifting_light2.pkl,0
BioMotionLab_NTroje/rub085/0018_lifting_light2.pkl,1
BioMotionLab_NTroje/rub085/0018_lifting_light2.pkl,2
BioMotionLab_NTroje/rub085/0018_lifting_light2.pkl,3
BioMotionLab_NTroje/rub085/0018_lifting_light2.pkl,4
BioMotionLab_NTroje/rub085/0018_lifting_light2.pkl,5
BioMotionLab_NTroje/rub085/0018_lifting_light2.pkl,6
BioMotionLab_NTroje/rub085/0018_lifting_light2.pkl,7
BioMotionLab_NTroje/rub085/0018_lifting_light2.pkl,8
BioMotionLab_NTroje/rub085/0018_lifting_light2.pkl,9
BioMotionLab_NTroje/rub085/0018_lifting_light2.pkl,10
BioMotionLab_NTroje/rub085/0018_lifting_light2.pkl,11
BioMotionLab_NTroje/rub085/0018_lifting_light2.pkl,12
BioMotionLab_NTroje/rub085/0018_lifting_light2.pkl,13
BioMotionLab_NTroje/rub085/0018_lifting_light2.pkl,14
BioMotionLab_NTroje/rub085/0018_lifting_light2.pkl,15
BioMotionLab_NTroje/rub085/0018_lifting_light2.pkl,16
BioMotionLab_NTroje/rub085/0018_lifting_light2.pkl,17
BioMotionLab_NTroje/rub085/0018_lifting_light2.pkl,18
BioMotionLab_NTroje/rub085/0018_lifting_light2.pkl,19
BioMotionLab_NTroje/rub085/0018_lifting_light2.pkl,20
BioMotionLab_NTroje/rub085/0018_lifting_light2.pkl,21
BioMotionLab_NTroje/rub085/0018_lifting_light2.pkl,22
BioMotionLab_NTroje/rub085/0018_lifting_light2.pkl,23
BioMotionLab_NTroje/rub085/0018_lifting_light2.pkl,24
BioMotionLab_NTroje/rub085/0018_lifting_light2.pkl,25
BioMotionLab_NTroje/rub085/0018_lifting_light2.pkl,26
BioMotionLab_NTroje/rub085/0018_lifting_light2.pkl,27
BioMotionLab_NTroje/rub085/0018_lifting_light2.pkl,28
BioMotionLab_NTroje/rub085/0018_lifting_light2.pkl,29
BioMotionLab_NTroje/rub085/0018_lifting_light2.pkl,30
BioMotionLab_NTroje/rub085/0018_lifting_light2.pkl,31
BioMotionLab_NTroje/rub085/0018_lifting_light2.pkl,32
BioMotionLab_NTroje/rub085/0018_lifting_light2.pkl,33
BioMotionLab_NTroje/rub085/0018_lifting_light2.pkl,34
BioMotionLab_NTroje/rub085/0018_lifting_light2.pkl,35
BioMotionLab_NTroje/rub085/0018_lifting_light2.pkl,36
BioMotionLab_NTroje/rub087/0018_lifting_light2.pkl,3
BioMotionLab_NTroje/rub087/0018_lifting_light2.pkl,4
BioMotionLab_NTroje/rub087/0018_lifting_light2.pkl,5
BioMotionLab_NTroje/rub087/0018_lifting_light2.pkl,6
BioMotionLab_NTroje/rub087/0018_lifting_light2.pkl,7
BioMotionLab_NTroje/rub087/0018_lifting_light2.pkl,8
BioMotionLab_NTroje/rub087/0018_lifting_light2.pkl,9
BioMotionLab_NTroje/rub087/0018_lifting_light2.pkl,10
BioMotionLab_NTroje/rub087/0018_lifting_light2.pkl,11
BioMotionLab_NTroje/rub087/0018_lifting_light2.pkl,12
BioMotionLab_NTroje/rub087/0018_lifting_light2.pkl,13
BioMotionLab_NTroje/rub087/0018_lifting_light2.pkl,14
BioMotionLab_NTroje/rub087/0018_lifting_light2.pkl,15
BioMotionLab_NTroje/rub087/0018_lifting_light2.pkl,16
BioMotionLab_NTroje/rub087/0018_lifting_light2.pkl,17
BioMotionLab_NTroje/rub087/0018_lifting_light2.pkl,18
BioMotionLab_NTroje/rub087/0018_lifting_light2.pkl,19
BioMotionLab_NTroje/rub087/0018_lifting_light2.pkl,20
BioMotionLab_NTroje/rub087/0018_lifting_light2.pkl,21
BioMotionLab_NTroje/rub087/0018_lifting_light2.pkl,22
BioMotionLab_NTroje/rub087/0018_lifting_light2.pkl,23
BioMotionLab_NTroje/rub087/0018_lifting_light2.pkl,24
BioMotionLab_NTroje/rub087/0018_lifting_light2.pkl,25
BioMotionLab_NTroje/rub087/0018_lifting_light2.pkl,26
BioMotionLab_NTroje/rub087/0018_lifting_light2.pkl,27
BioMotionLab_NTroje/rub087/0018_lifting_light2.pkl,28
BioMotionLab_NTroje/rub087/0018_lifting_light2.pkl,29
BioMotionLab_NTroje/rub087/0018_lifting_light2.pkl,30
BioMotionLab_NTroje/rub087/0018_lifting_light2.pkl,31
BioMotionLab_NTroje/rub087/0018_lifting_light2.pkl,32
BioMotionLab_NTroje/rub087/0018_lifting_light2.pkl,33
BioMotionLab_NTroje/rub087/0018_lifting_light2.pkl,34
BioMotionLab_NTroje/rub087/0018_lifting_light2.pkl,35
BioMotionLab_NTroje/rub087/0018_lifting_light2.pkl,36
BioMotionLab_NTroje/rub087/0018_lifting_light2.pkl,37
BioMotionLab_NTroje/rub087/0018_lifting_light2.pkl,38
BioMotionLab_NTroje/rub087/0018_lifting_light2.pkl,39
BioMotionLab_NTroje/rub087/0018_lifting_light2.pkl,40
BioMotionLab_NTroje/rub087/0018_lifting_light2.pkl,41
BioMotionLab_NTroje/rub087/0018_lifting_light2.pkl,42
BioMotionLab_NTroje/rub087/0018_lifting_light2.pkl,43
BioMotionLab_NTroje/rub087/0018_lifting_light2.pkl,44
BioMotionLab_NTroje/rub087/0018_lifting_light2.pkl,45
BioMotionLab_NTroje/rub087/0018_lifting_light2.pkl,46
BioMotionLab_NTroje/rub087/0018_lifting_light2.pkl,146
BioMotionLab_NTroje/rub087/0018_lifting_light2.pkl,147
BioMotionLab_NTroje/rub087/0018_lifting_light2.pkl,148
BioMotionLab_NTroje/rub087/0018_lifting_light2.pkl,149
BioMotionLab_NTroje/rub087/0018_lifting_light2.pkl,150
BioMotionLab_NTroje/rub087/0018_lifting_light2.pkl,151
BioMotionLab_NTroje/rub087/0018_lifting_light2.pkl,152
BioMotionLab_NTroje/rub087/0018_lifting_light2.pkl,153
BioMotionLab_NTroje/rub087/0018_lifting_light2.pkl,154
BioMotionLab_NTroje/rub087/0018_lifting_light2.pkl,155
BioMotionLab_NTroje/rub087/0018_lifting_light2.pkl,156
BioMotionLab_NTroje/rub087/0018_lifting_light2.pkl,157
BioMotionLab_NTroje/rub087/0018_lifting_light2.pkl,158
BioMotionLab_NTroje/rub087/0018_lifting_light2.pkl,159
BioMotionLab_NTroje/rub087/0018_lifting_light2.pkl,160
BioMotionLab_NTroje/rub087/0018_lifting_light2.pkl,161
BioMotionLab_NTroje/rub087/0018_lifting_light2.pkl,162
BioMotionLab_NTroje/rub087/0018_lifting_light2.pkl,163
BioMotionLab_NTroje/rub087/0018_lifting_light2.pkl,164
BioMotionLab_NTroje/rub087/0018_lifting_light2.pkl,165
BioMotionLab_NTroje/rub087/0018_lifting_light2.pkl,166
BioMotionLab_NTroje/rub087/0018_lifting_light2.pkl,167
BioMotionLab_NTroje/rub087/0018_lifting_light2.pkl,168
BioMotionLab_NTroje/rub087/0018_lifting_light2.pkl,169
BioMotionLab_NTroje/rub087/0018_lifting_light2.pkl,170
BioMotionLab_NTroje/rub087/0018_lifting_light2.pkl,171
BioMotionLab_NTroje/rub087/0018_lifting_light2.pkl,172
BioMotionLab_NTroje/rub087/0018_lifting_light2.pkl,173
BioMotionLab_NTroje/rub087/0018_lifting_light2.pkl,174
BioMotionLab_NTroje/rub087/0018_lifting_light2.pkl,175
BioMotionLab_NTroje/rub087/0018_lifting_light2.pkl,176
BioMotionLab_NTroje/rub087/0018_lifting_light2.pkl,177
BioMotionLab_NTroje/rub087/0018_lifting_light2.pkl,178
BioMotionLab_NTroje/rub087/0018_lifting_light2.pkl,179
BioMotionLab_NTroje/rub087/0018_lifting_light2.pkl,180
BioMotionLab_NTroje/rub088/0017_lifting_light1.pkl,0
BioMotionLab_NTroje/rub088/0017_lifting_light1.pkl,1
BioMotionLab_NTroje/rub088/0017_lifting_light1.pkl,2
BioMotionLab_NTroje/rub088/0017_lifting_light1.pkl,3
BioMotionLab_NTroje/rub088/0017_lifting_light1.pkl,4
BioMotionLab_NTroje/rub088/0017_lifting_light1.pkl,5
BioMotionLab_NTroje/rub088/0017_lifting_light1.pkl,6
BioMotionLab_NTroje/rub088/0017_lifting_light1.pkl,7
BioMotionLab_NTroje/rub088/0017_lifting_light1.pkl,8
BioMotionLab_NTroje/rub088/0017_lifting_light1.pkl,9
BioMotionLab_NTroje/rub088/0017_lifting_light1.pkl,10
BioMotionLab_NTroje/rub088/0017_lifting_light1.pkl,11
BioMotionLab_NTroje/rub088/0017_lifting_light1.pkl,12
BioMotionLab_NTroje/rub088/0017_lifting_light1.pkl,13
BioMotionLab_NTroje/rub088/0017_lifting_light1.pkl,14
BioMotionLab_NTroje/rub088/0017_lifting_light1.pkl,15
BioMotionLab_NTroje/rub088/0017_lifting_light1.pkl,16
BioMotionLab_NTroje/rub088/0017_lifting_light1.pkl,17
BioMotionLab_NTroje/rub088/0017_lifting_light1.pkl,18
BioMotionLab_NTroje/rub088/0017_lifting_light1.pkl,19
BioMotionLab_NTroje/rub088/0017_lifting_light1.pkl,20
BioMotionLab_NTroje/rub089/0013_knocking1.pkl,0
BioMotionLab_NTroje/rub089/0013_knocking1.pkl,1
BioMotionLab_NTroje/rub089/0013_knocking1.pkl,2
BioMotionLab_NTroje/rub089/0013_knocking1.pkl,3
BioMotionLab_NTroje/rub089/0013_knocking1.pkl,4
BioMotionLab_NTroje/rub089/0013_knocking1.pkl,5
BioMotionLab_NTroje/rub089/0013_knocking1.pkl,6
BioMotionLab_NTroje/rub089/0013_knocking1.pkl,7
BioMotionLab_NTroje/rub089/0013_knocking1.pkl,70
BioMotionLab_NTroje/rub089/0013_knocking1.pkl,71
BioMotionLab_NTroje/rub089/0013_knocking1.pkl,72
BioMotionLab_NTroje/rub089/0013_knocking1.pkl,73
BioMotionLab_NTroje/rub089/0013_knocking1.pkl,74
BioMotionLab_NTroje/rub089/0013_knocking1.pkl,75
BioMotionLab_NTroje/rub089/0013_knocking1.pkl,76
BioMotionLab_NTroje/rub089/0013_knocking1.pkl,77
BioMotionLab_NTroje/rub089/0013_knocking1.pkl,78
BioMotionLab_NTroje/rub089/0013_knocking1.pkl,79
BioMotionLab_NTroje/rub089/0013_knocking1.pkl,80
BioMotionLab_NTroje/rub089/0013_knocking1.pkl,81
BioMotionLab_NTroje/rub089/0013_knocking1.pkl,82
BioMotionLab_NTroje/rub089/0015_sitting1.pkl,0
BioMotionLab_NTroje/rub089/0015_sitting1.pkl,1
BioMotionLab_NTroje/rub089/0015_sitting1.pkl,2
BioMotionLab_NTroje/rub089/0015_sitting1.pkl,3
BioMotionLab_NTroje/rub089/0015_sitting1.pkl,4
BioMotionLab_NTroje/rub089/0015_sitting1.pkl,5
BioMotionLab_NTroje/rub089/0015_sitting1.pkl,6
BioMotionLab_NTroje/rub089/0015_sitting1.pkl,7
BioMotionLab_NTroje/rub089/0015_sitting1.pkl,8
BioMotionLab_NTroje/rub089/0015_sitting1.pkl,9
BioMotionLab_NTroje/rub089/0015_sitting1.pkl,10
BioMotionLab_NTroje/rub089/0015_sitting1.pkl,11
BioMotionLab_NTroje/rub089/0015_sitting1.pkl,12
BioMotionLab_NTroje/rub089/0015_sitting1.pkl,13
BioMotionLab_NTroje/rub089/0015_sitting1.pkl,14
BioMotionLab_NTroje/rub089/0015_sitting1.pkl,15
BioMotionLab_NTroje/rub089/0015_sitting1.pkl,16
BioMotionLab_NTroje/rub089/0015_sitting1.pkl,17
BioMotionLab_NTroje/rub089/0015_sitting1.pkl,18
BioMotionLab_NTroje/rub089/0015_sitting1.pkl,19
BioMotionLab_NTroje/rub089/0015_sitting1.pkl,20
BioMotionLab_NTroje/rub089/0015_sitting1.pkl,21
BioMotionLab_NTroje/rub089/0015_sitting1.pkl,22
BioMotionLab_NTroje/rub089/0015_sitting1.pkl,23
BioMotionLab_NTroje/rub089/0015_sitting1.pkl,24
BioMotionLab_NTroje/rub089/0015_sitting1.pkl,25
BioMotionLab_NTroje/rub089/0015_sitting1.pkl,124
BioMotionLab_NTroje/rub089/0015_sitting1.pkl,125
BioMotionLab_NTroje/rub089/0015_sitting1.pkl,126
BioMotionLab_NTroje/rub089/0015_sitting1.pkl,127
BioMotionLab_NTroje/rub089/0015_sitting1.pkl,128
BioMotionLab_NTroje/rub089/0015_sitting1.pkl,129
BioMotionLab_NTroje/rub089/0015_sitting1.pkl,130
BioMotionLab_NTroje/rub089/0015_sitting1.pkl,131
BioMotionLab_NTroje/rub089/0015_sitting1.pkl,132
BioMotionLab_NTroje/rub089/0015_sitting1.pkl,133
BioMotionLab_NTroje/rub089/0015_sitting1.pkl,134
BioMotionLab_NTroje/rub089/0015_sitting1.pkl,135
BioMotionLab_NTroje/rub089/0015_sitting1.pkl,136
BioMotionLab_NTroje/rub089/0015_sitting1.pkl,137
BioMotionLab_NTroje/rub089/0015_sitting1.pkl,138
BioMotionLab_NTroje/rub089/0015_sitting1.pkl,139
BioMotionLab_NTroje/rub089/0015_sitting1.pkl,140
BioMotionLab_NTroje/rub089/0015_sitting1.pkl,141
BioMotionLab_NTroje/rub089/0015_sitting1.pkl,142
BioMotionLab_NTroje/rub089/0015_sitting1.pkl,143
BioMotionLab_NTroje/rub089/0015_sitting1.pkl,144
BioMotionLab_NTroje/rub089/0015_sitting1.pkl,145
BioMotionLab_NTroje/rub089/0015_sitting1.pkl,146
BioMotionLab_NTroje/rub089/0015_sitting1.pkl,147
BioMotionLab_NTroje/rub089/0015_sitting1.pkl,148
BioMotionLab_NTroje/rub089/0015_sitting1.pkl,149
BioMotionLab_NTroje/rub089/0015_sitting1.pkl,150
BioMotionLab_NTroje/rub089/0015_sitting1.pkl,151
BioMotionLab_NTroje/rub089/0015_sitting1.pkl,152
BioMotionLab_NTroje/rub089/0015_sitting1.pkl,153
BioMotionLab_NTroje/rub089/0015_sitting1.pkl,154
BioMotionLab_NTroje/rub089/0015_sitting1.pkl,155
BioMotionLab_NTroje/rub089/0015_sitting1.pkl,156
BioMotionLab_NTroje/rub089/0015_sitting1.pkl,157
BioMotionLab_NTroje/rub089/0015_sitting1.pkl,158
BioMotionLab_NTroje/rub089/0015_sitting1.pkl,159
BioMotionLab_NTroje/rub090/0020_lifting_heavy2.pkl,0
BioMotionLab_NTroje/rub090/0020_lifting_heavy2.pkl,1
BioMotionLab_NTroje/rub090/0020_lifting_heavy2.pkl,2
BioMotionLab_NTroje/rub090/0020_lifting_heavy2.pkl,3
BioMotionLab_NTroje/rub090/0020_lifting_heavy2.pkl,4
BioMotionLab_NTroje/rub090/0020_lifting_heavy2.pkl,5
BioMotionLab_NTroje/rub090/0020_lifting_heavy2.pkl,6
BioMotionLab_NTroje/rub090/0020_lifting_heavy2.pkl,7
BioMotionLab_NTroje/rub090/0020_lifting_heavy2.pkl,8
BioMotionLab_NTroje/rub090/0020_lifting_heavy2.pkl,9
BioMotionLab_NTroje/rub090/0020_lifting_heavy2.pkl,10
BioMotionLab_NTroje/rub090/0020_lifting_heavy2.pkl,11
BioMotionLab_NTroje/rub090/0020_lifting_heavy2.pkl,12
BioMotionLab_NTroje/rub090/0020_lifting_heavy2.pkl,13
BioMotionLab_NTroje/rub090/0020_lifting_heavy2.pkl,14
BioMotionLab_NTroje/rub090/0020_lifting_heavy2.pkl,15
BioMotionLab_NTroje/rub090/0020_lifting_heavy2.pkl,16
BioMotionLab_NTroje/rub091/0019_lifting_heavy1.pkl,0
BioMotionLab_NTroje/rub091/0019_lifting_heavy1.pkl,1
BioMotionLab_NTroje/rub091/0019_lifting_heavy1.pkl,2
BioMotionLab_NTroje/rub091/0019_lifting_heavy1.pkl,3
BioMotionLab_NTroje/rub091/0019_lifting_heavy1.pkl,4
BioMotionLab_NTroje/rub091/0019_lifting_heavy1.pkl,5
BioMotionLab_NTroje/rub091/0019_lifting_heavy1.pkl,6
BioMotionLab_NTroje/rub091/0019_lifting_heavy1.pkl,7
BioMotionLab_NTroje/rub091/0019_lifting_heavy1.pkl,8
BioMotionLab_NTroje/rub091/0019_lifting_heavy1.pkl,9
BioMotionLab_NTroje/rub091/0019_lifting_heavy1.pkl,10
BioMotionLab_NTroje/rub091/0019_lifting_heavy1.pkl,11
BioMotionLab_NTroje/rub091/0019_lifting_heavy1.pkl,12
BioMotionLab_NTroje/rub091/0019_lifting_heavy1.pkl,13
BioMotionLab_NTroje/rub091/0019_lifting_heavy1.pkl,14
BioMotionLab_NTroje/rub091/0019_lifting_heavy1.pkl,15
BioMotionLab_NTroje/rub091/0019_lifting_heavy1.pkl,16
BioMotionLab_NTroje/rub091/0019_lifting_heavy1.pkl,17
BioMotionLab_NTroje/rub091/0019_lifting_heavy1.pkl,18
BioMotionLab_NTroje/rub091/0019_lifting_heavy1.pkl,19
BioMotionLab_NTroje/rub091/0019_lifting_heavy1.pkl,20
BioMotionLab_NTroje/rub092/0013_knocking1.pkl,0
BioMotionLab_NTroje/rub092/0013_knocking1.pkl,1
BioMotionLab_NTroje/rub092/0013_knocking1.pkl,2
BioMotionLab_NTroje/rub092/0013_knocking1.pkl,3
BioMotionLab_NTroje/rub092/0013_knocking1.pkl,4
BioMotionLab_NTroje/rub092/0013_knocking1.pkl,5
BioMotionLab_NTroje/rub092/0013_knocking1.pkl,6
BioMotionLab_NTroje/rub092/0013_knocking1.pkl,7
BioMotionLab_NTroje/rub092/0013_knocking1.pkl,8
BioMotionLab_NTroje/rub092/0013_knocking1.pkl,9
BioMotionLab_NTroje/rub092/0013_knocking1.pkl,10
BioMotionLab_NTroje/rub092/0013_knocking1.pkl,11
BioMotionLab_NTroje/rub092/0013_knocking1.pkl,12
BioMotionLab_NTroje/rub092/0013_knocking1.pkl,13
BioMotionLab_NTroje/rub092/0013_knocking1.pkl,14
BioMotionLab_NTroje/rub092/0013_knocking1.pkl,15
BioMotionLab_NTroje/rub092/0013_knocking1.pkl,16
BioMotionLab_NTroje/rub092/0013_knocking1.pkl,17
BioMotionLab_NTroje/rub092/0013_knocking1.pkl,18
BioMotionLab_NTroje/rub092/0013_knocking1.pkl,19
BioMotionLab_NTroje/rub092/0013_knocking1.pkl,20
BioMotionLab_NTroje/rub092/0013_knocking1.pkl,21
BioMotionLab_NTroje/rub092/0013_knocking1.pkl,22
BioMotionLab_NTroje/rub092/0013_knocking1.pkl,23
BioMotionLab_NTroje/rub092/0013_knocking1.pkl,24
BioMotionLab_NTroje/rub092/0014_knocking2.pkl,0
BioMotionLab_NTroje/rub092/0014_knocking2.pkl,1
BioMotionLab_NTroje/rub092/0014_knocking2.pkl,2
BioMotionLab_NTroje/rub092/0014_knocking2.pkl,3
BioMotionLab_NTroje/rub092/0014_knocking2.pkl,4
BioMotionLab_NTroje/rub092/0014_knocking2.pkl,5
BioMotionLab_NTroje/rub092/0014_knocking2.pkl,6
BioMotionLab_NTroje/rub092/0014_knocking2.pkl,7
BioMotionLab_NTroje/rub092/0014_knocking2.pkl,8
BioMotionLab_NTroje/rub092/0014_knocking2.pkl,9
BioMotionLab_NTroje/rub092/0014_knocking2.pkl,10
BioMotionLab_NTroje/rub092/0014_knocking2.pkl,11
BioMotionLab_NTroje/rub092/0014_knocking2.pkl,12
BioMotionLab_NTroje/rub092/0014_knocking2.pkl,13
BioMotionLab_NTroje/rub092/0014_knocking2.pkl,14
BioMotionLab_NTroje/rub092/0014_knocking2.pkl,15
BioMotionLab_NTroje/rub092/0014_knocking2.pkl,16
BioMotionLab_NTroje/rub092/0014_knocking2.pkl,17
BioMotionLab_NTroje/rub092/0014_knocking2.pkl,18
BioMotionLab_NTroje/rub092/0014_knocking2.pkl,19
BioMotionLab_NTroje/rub092/0014_knocking2.pkl,20
BioMotionLab_NTroje/rub092/0014_knocking2.pkl,21
BioMotionLab_NTroje/rub092/0014_knocking2.pkl,22
BioMotionLab_NTroje/rub092/0014_knocking2.pkl,23
BioMotionLab_NTroje/rub092/0014_knocking2.pkl,24
BioMotionLab_NTroje/rub092/0014_knocking2.pkl,25
BioMotionLab_NTroje/rub092/0014_knocking2.pkl,26
BioMotionLab_NTroje/rub092/0014_knocking2.pkl,27
BioMotionLab_NTroje/rub092/0014_knocking2.pkl,28
BioMotionLab_NTroje/rub092/0014_knocking2.pkl,29
BioMotionLab_NTroje/rub092/0014_knocking2.pkl,30
BioMotionLab_NTroje/rub092/0014_knocking2.pkl,31
BioMotionLab_NTroje/rub092/0014_knocking2.pkl,32
BioMotionLab_NTroje/rub092/0015_sitting1.pkl,0
BioMotionLab_NTroje/rub092/0015_sitting1.pkl,1
BioMotionLab_NTroje/rub092/0015_sitting1.pkl,2
BioMotionLab_NTroje/rub092/0015_sitting1.pkl,3
BioMotionLab_NTroje/rub092/0015_sitting1.pkl,4
BioMotionLab_NTroje/rub092/0015_sitting1.pkl,5
BioMotionLab_NTroje/rub092/0015_sitting1.pkl,6
BioMotionLab_NTroje/rub092/0015_sitting1.pkl,7
BioMotionLab_NTroje/rub092/0015_sitting1.pkl,8
BioMotionLab_NTroje/rub092/0015_sitting1.pkl,9
BioMotionLab_NTroje/rub092/0015_sitting1.pkl,10
BioMotionLab_NTroje/rub092/0015_sitting1.pkl,11
BioMotionLab_NTroje/rub092/0015_sitting1.pkl,12
BioMotionLab_NTroje/rub092/0015_sitting1.pkl,13
BioMotionLab_NTroje/rub092/0015_sitting1.pkl,14
BioMotionLab_NTroje/rub092/0015_sitting1.pkl,15
BioMotionLab_NTroje/rub092/0015_sitting1.pkl,16
BioMotionLab_NTroje/rub092/0015_sitting1.pkl,17
BioMotionLab_NTroje/rub092/0015_sitting1.pkl,18
BioMotionLab_NTroje/rub092/0015_sitting1.pkl,19
BioMotionLab_NTroje/rub092/0015_sitting1.pkl,20
BioMotionLab_NTroje/rub092/0015_sitting1.pkl,21
BioMotionLab_NTroje/rub093/0013_knocking1.pkl,0
BioMotionLab_NTroje/rub093/0013_knocking1.pkl,1
BioMotionLab_NTroje/rub093/0013_knocking1.pkl,2
BioMotionLab_NTroje/rub093/0013_knocking1.pkl,3
BioMotionLab_NTroje/rub093/0013_knocking1.pkl,4
BioMotionLab_NTroje/rub093/0013_knocking1.pkl,5
BioMotionLab_NTroje/rub093/0013_knocking1.pkl,6
BioMotionLab_NTroje/rub093/0013_knocking1.pkl,7
BioMotionLab_NTroje/rub093/0013_knocking1.pkl,8
BioMotionLab_NTroje/rub093/0013_knocking1.pkl,9
BioMotionLab_NTroje/rub093/0013_knocking1.pkl,10
BioMotionLab_NTroje/rub093/0013_knocking1.pkl,11
BioMotionLab_NTroje/rub093/0013_knocking1.pkl,12
BioMotionLab_NTroje/rub093/0013_knocking1.pkl,13
BioMotionLab_NTroje/rub093/0013_knocking1.pkl,14
BioMotionLab_NTroje/rub093/0013_knocking1.pkl,15
BioMotionLab_NTroje/rub093/0013_knocking1.pkl,16
BioMotionLab_NTroje/rub093/0013_knocking1.pkl,17
BioMotionLab_NTroje/rub093/0015_sitting1.pkl,0
BioMotionLab_NTroje/rub093/0015_sitting1.pkl,1
BioMotionLab_NTroje/rub093/0015_sitting1.pkl,2
BioMotionLab_NTroje/rub093/0015_sitting1.pkl,3
BioMotionLab_NTroje/rub093/0015_sitting1.pkl,4
BioMotionLab_NTroje/rub093/0015_sitting1.pkl,5
BioMotionLab_NTroje/rub093/0015_sitting1.pkl,6
BioMotionLab_NTroje/rub093/0015_sitting1.pkl,7
BioMotionLab_NTroje/rub093/0015_sitting1.pkl,8
BioMotionLab_NTroje/rub093/0015_sitting1.pkl,9
BioMotionLab_NTroje/rub093/0015_sitting1.pkl,10
BioMotionLab_NTroje/rub093/0015_sitting1.pkl,11
BioMotionLab_NTroje/rub093/0018_lifting_light2.pkl,131
BioMotionLab_NTroje/rub093/0018_lifting_light2.pkl,132
BioMotionLab_NTroje/rub093/0018_lifting_light2.pkl,133
BioMotionLab_NTroje/rub093/0030_scamper.pkl,68
BioMotionLab_NTroje/rub093/0030_scamper.pkl,69
BioMotionLab_NTroje/rub093/0030_scamper.pkl,70
BioMotionLab_NTroje/rub093/0030_scamper.pkl,71
BioMotionLab_NTroje/rub093/0030_scamper.pkl,72
BioMotionLab_NTroje/rub093/0030_scamper.pkl,73
BioMotionLab_NTroje/rub093/0030_scamper.pkl,74
BioMotionLab_NTroje/rub093/0030_scamper.pkl,75
BioMotionLab_NTroje/rub093/0030_scamper.pkl,76
BioMotionLab_NTroje/rub093/0030_scamper.pkl,77
BioMotionLab_NTroje/rub093/0030_scamper.pkl,78
BioMotionLab_NTroje/rub093/0030_scamper.pkl,79
BioMotionLab_NTroje/rub093/0030_scamper.pkl,80
BioMotionLab_NTroje/rub093/0030_scamper.pkl,81
BioMotionLab_NTroje/rub093/0030_scamper.pkl,82
BioMotionLab_NTroje/rub093/0030_scamper.pkl,83
BioMotionLab_NTroje/rub093/0030_scamper.pkl,84
BioMotionLab_NTroje/rub093/0030_scamper.pkl,85
BioMotionLab_NTroje/rub093/0030_scamper.pkl,86
BioMotionLab_NTroje/rub093/0030_scamper.pkl,87
BioMotionLab_NTroje/rub093/0030_scamper.pkl,88
BioMotionLab_NTroje/rub093/0030_scamper.pkl,89
BioMotionLab_NTroje/rub093/0030_scamper.pkl,90
BioMotionLab_NTroje/rub093/0030_scamper.pkl,91
BioMotionLab_NTroje/rub093/0030_scamper.pkl,92
BioMotionLab_NTroje/rub093/0030_scamper.pkl,93
BioMotionLab_NTroje/rub093/0030_scamper.pkl,94
BioMotionLab_NTroje/rub093/0030_scamper.pkl,95
BioMotionLab_NTroje/rub093/0030_scamper.pkl,96
BioMotionLab_NTroje/rub093/0030_scamper.pkl,97
BioMotionLab_NTroje/rub093/0030_scamper.pkl,98
BioMotionLab_NTroje/rub093/0030_scamper.pkl,99
BioMotionLab_NTroje/rub093/0030_scamper.pkl,100
BioMotionLab_NTroje/rub093/0030_scamper.pkl,101
BioMotionLab_NTroje/rub093/0030_scamper.pkl,102
BioMotionLab_NTroje/rub093/0030_scamper.pkl,103
BioMotionLab_NTroje/rub094/0013_knocking1.pkl,85
BioMotionLab_NTroje/rub094/0013_knocking1.pkl,86
BioMotionLab_NTroje/rub094/0013_knocking1.pkl,87
BioMotionLab_NTroje/rub094/0013_knocking1.pkl,88
BioMotionLab_NTroje/rub094/0013_knocking1.pkl,89
BioMotionLab_NTroje/rub094/0013_knocking1.pkl,90
BioMotionLab_NTroje/rub094/0013_knocking1.pkl,91
BioMotionLab_NTroje/rub094/0013_knocking1.pkl,92
BioMotionLab_NTroje/rub094/0013_knocking1.pkl,93
BioMotionLab_NTroje/rub094/0013_knocking1.pkl,94
BioMotionLab_NTroje/rub094/0013_knocking1.pkl,95
BioMotionLab_NTroje/rub094/0013_knocking1.pkl,96
BioMotionLab_NTroje/rub094/0013_knocking1.pkl,97
BioMotionLab_NTroje/rub094/0013_knocking1.pkl,98
BioMotionLab_NTroje/rub094/0013_knocking1.pkl,99
BioMotionLab_NTroje/rub094/0013_knocking1.pkl,100
BioMotionLab_NTroje/rub094/0013_knocking1.pkl,101
BioMotionLab_NTroje/rub095/0015_sitting1.pkl,0
BioMotionLab_NTroje/rub095/0015_sitting1.pkl,1
BioMotionLab_NTroje/rub095/0015_sitting1.pkl,2
BioMotionLab_NTroje/rub095/0015_sitting1.pkl,3
BioMotionLab_NTroje/rub095/0015_sitting1.pkl,4
BioMotionLab_NTroje/rub095/0015_sitting1.pkl,5
BioMotionLab_NTroje/rub095/0015_sitting1.pkl,6
BioMotionLab_NTroje/rub095/0015_sitting1.pkl,7
BioMotionLab_NTroje/rub095/0015_sitting1.pkl,8
BioMotionLab_NTroje/rub095/0015_sitting1.pkl,9
BioMotionLab_NTroje/rub098/0013_knocking1.pkl,0
BioMotionLab_NTroje/rub098/0013_knocking1.pkl,1
BioMotionLab_NTroje/rub098/0013_knocking1.pkl,2
BioMotionLab_NTroje/rub098/0013_knocking1.pkl,3
BioMotionLab_NTroje/rub098/0013_knocking1.pkl,4
BioMotionLab_NTroje/rub098/0013_knocking1.pkl,5
BioMotionLab_NTroje/rub098/0013_knocking1.pkl,6
BioMotionLab_NTroje/rub098/0013_knocking1.pkl,7
BioMotionLab_NTroje/rub098/0013_knocking1.pkl,8
BioMotionLab_NTroje/rub098/0013_knocking1.pkl,9
BioMotionLab_NTroje/rub098/0013_knocking1.pkl,10
BioMotionLab_NTroje/rub098/0013_knocking1.pkl,11
BioMotionLab_NTroje/rub098/0013_knocking1.pkl,12
BioMotionLab_NTroje/rub098/0013_knocking1.pkl,13
BioMotionLab_NTroje/rub098/0013_knocking1.pkl,14
BioMotionLab_NTroje/rub098/0013_knocking1.pkl,15
BioMotionLab_NTroje/rub098/0013_knocking1.pkl,16
BioMotionLab_NTroje/rub098/0013_knocking1.pkl,17
BioMotionLab_NTroje/rub098/0013_knocking1.pkl,18
BioMotionLab_NTroje/rub098/0013_knocking1.pkl,19
BioMotionLab_NTroje/rub098/0013_knocking1.pkl,20
BioMotionLab_NTroje/rub098/0013_knocking1.pkl,21
BioMotionLab_NTroje/rub098/0013_knocking1.pkl,22
BioMotionLab_NTroje/rub098/0013_knocking1.pkl,23
BioMotionLab_NTroje/rub098/0013_knocking1.pkl,24
BioMotionLab_NTroje/rub098/0013_knocking1.pkl,25
BioMotionLab_NTroje/rub098/0013_knocking1.pkl,26
BioMotionLab_NTroje/rub098/0013_knocking1.pkl,27
BioMotionLab_NTroje/rub098/0013_knocking1.pkl,115
BioMotionLab_NTroje/rub098/0013_knocking1.pkl,116
BioMotionLab_NTroje/rub098/0013_knocking1.pkl,117
BioMotionLab_NTroje/rub098/0013_knocking1.pkl,118
BioMotionLab_NTroje/rub098/0013_knocking1.pkl,119
BioMotionLab_NTroje/rub098/0013_knocking1.pkl,120
BioMotionLab_NTroje/rub098/0013_knocking1.pkl,121
BioMotionLab_NTroje/rub098/0013_knocking1.pkl,122
BioMotionLab_NTroje/rub098/0013_knocking1.pkl,123
BioMotionLab_NTroje/rub098/0013_knocking1.pkl,124
BioMotionLab_NTroje/rub098/0013_knocking1.pkl,125
BioMotionLab_NTroje/rub098/0013_knocking1.pkl,126
BioMotionLab_NTroje/rub098/0013_knocking1.pkl,127
BioMotionLab_NTroje/rub098/0013_knocking1.pkl,128
BioMotionLab_NTroje/rub098/0013_knocking1.pkl,129
BioMotionLab_NTroje/rub098/0013_knocking1.pkl,130
BioMotionLab_NTroje/rub098/0013_knocking1.pkl,131
BioMotionLab_NTroje/rub098/0013_knocking1.pkl,132
BioMotionLab_NTroje/rub098/0013_knocking1.pkl,133
BioMotionLab_NTroje/rub098/0013_knocking1.pkl,134
BioMotionLab_NTroje/rub098/0013_knocking1.pkl,135
BioMotionLab_NTroje/rub098/0013_knocking1.pkl,136
BioMotionLab_NTroje/rub098/0013_knocking1.pkl,137
BioMotionLab_NTroje/rub098/0013_knocking1.pkl,138
BioMotionLab_NTroje/rub098/0013_knocking1.pkl,139
BioMotionLab_NTroje/rub098/0013_knocking1.pkl,140
BioMotionLab_NTroje/rub098/0013_knocking1.pkl,141
BioMotionLab_NTroje/rub098/0013_knocking1.pkl,142
BioMotionLab_NTroje/rub099/0016_sitting2.pkl,0
BioMotionLab_NTroje/rub099/0016_sitting2.pkl,1
BioMotionLab_NTroje/rub099/0016_sitting2.pkl,2
BioMotionLab_NTroje/rub099/0016_sitting2.pkl,3
BioMotionLab_NTroje/rub099/0016_sitting2.pkl,4
BioMotionLab_NTroje/rub099/0016_sitting2.pkl,5
BioMotionLab_NTroje/rub099/0016_sitting2.pkl,6
BioMotionLab_NTroje/rub099/0016_sitting2.pkl,7
BioMotionLab_NTroje/rub099/0016_sitting2.pkl,8
BioMotionLab_NTroje/rub099/0016_sitting2.pkl,9
BioMotionLab_NTroje/rub099/0016_sitting2.pkl,10
BioMotionLab_NTroje/rub099/0016_sitting2.pkl,11
BioMotionLab_NTroje/rub099/0016_sitting2.pkl,12
BioMotionLab_NTroje/rub099/0016_sitting2.pkl,13
BioMotionLab_NTroje/rub099/0016_sitting2.pkl,14
BioMotionLab_NTroje/rub099/0016_sitting2.pkl,15
BioMotionLab_NTroje/rub099/0016_sitting2.pkl,16
BioMotionLab_NTroje/rub099/0016_sitting2.pkl,17
BioMotionLab_NTroje/rub099/0016_sitting2.pkl,18
BioMotionLab_NTroje/rub099/0016_sitting2.pkl,19
BioMotionLab_NTroje/rub099/0016_sitting2.pkl,20
BioMotionLab_NTroje/rub099/0016_sitting2.pkl,21
BioMotionLab_NTroje/rub099/0016_sitting2.pkl,22
BioMotionLab_NTroje/rub099/0016_sitting2.pkl,23
BioMotionLab_NTroje/rub099/0016_sitting2.pkl,24
BioMotionLab_NTroje/rub099/0016_sitting2.pkl,25
BioMotionLab_NTroje/rub099/0016_sitting2.pkl,26
BioMotionLab_NTroje/rub099/0016_sitting2.pkl,27
BioMotionLab_NTroje/rub099/0016_sitting2.pkl,28
BioMotionLab_NTroje/rub099/0016_sitting2.pkl,29
BioMotionLab_NTroje/rub099/0016_sitting2.pkl,30
BioMotionLab_NTroje/rub099/0016_sitting2.pkl,31
BioMotionLab_NTroje/rub099/0016_sitting2.pkl,32
BioMotionLab_NTroje/rub099/0016_sitting2.pkl,33
BioMotionLab_NTroje/rub099/0016_sitting2.pkl,34
BioMotionLab_NTroje/rub099/0016_sitting2.pkl,35
BioMotionLab_NTroje/rub100/0015_sitting1.pkl,0
BioMotionLab_NTroje/rub100/0015_sitting1.pkl,1
BioMotionLab_NTroje/rub100/0015_sitting1.pkl,2
BioMotionLab_NTroje/rub100/0015_sitting1.pkl,3
BioMotionLab_NTroje/rub100/0015_sitting1.pkl,4
BioMotionLab_NTroje/rub100/0015_sitting1.pkl,5
BioMotionLab_NTroje/rub100/0015_sitting1.pkl,6
BioMotionLab_NTroje/rub100/0015_sitting1.pkl,7
BioMotionLab_NTroje/rub100/0015_sitting1.pkl,8
BioMotionLab_NTroje/rub100/0015_sitting1.pkl,9
BioMotionLab_NTroje/rub100/0015_sitting1.pkl,10
BioMotionLab_NTroje/rub100/0015_sitting1.pkl,11
BioMotionLab_NTroje/rub100/0015_sitting1.pkl,12
BioMotionLab_NTroje/rub100/0015_sitting1.pkl,13
BioMotionLab_NTroje/rub100/0015_sitting1.pkl,14
BioMotionLab_NTroje/rub100/0015_sitting1.pkl,15
BioMotionLab_NTroje/rub100/0015_sitting1.pkl,16
BioMotionLab_NTroje/rub100/0015_sitting1.pkl,17
BioMotionLab_NTroje/rub100/0015_sitting1.pkl,18
BioMotionLab_NTroje/rub100/0015_sitting1.pkl,19
BioMotionLab_NTroje/rub100/0015_sitting1.pkl,20
BioMotionLab_NTroje/rub100/0015_sitting1.pkl,21
BioMotionLab_NTroje/rub100/0015_sitting1.pkl,22
BioMotionLab_NTroje/rub100/0015_sitting1.pkl,23
BioMotionLab_NTroje/rub100/0015_sitting1.pkl,24
BioMotionLab_NTroje/rub100/0015_sitting1.pkl,25
BioMotionLab_NTroje/rub100/0015_sitting1.pkl,26
BioMotionLab_NTroje/rub100/0015_sitting1.pkl,27
BioMotionLab_NTroje/rub100/0015_sitting1.pkl,28
BioMotionLab_NTroje/rub100/0015_sitting1.pkl,29
BioMotionLab_NTroje/rub100/0016_sitting2.pkl,0
BioMotionLab_NTroje/rub100/0016_sitting2.pkl,1
BioMotionLab_NTroje/rub100/0016_sitting2.pkl,2
BioMotionLab_NTroje/rub100/0016_sitting2.pkl,3
BioMotionLab_NTroje/rub100/0016_sitting2.pkl,4
BioMotionLab_NTroje/rub100/0016_sitting2.pkl,5
BioMotionLab_NTroje/rub100/0016_sitting2.pkl,6
BioMotionLab_NTroje/rub100/0016_sitting2.pkl,7
BioMotionLab_NTroje/rub100/0016_sitting2.pkl,8
BioMotionLab_NTroje/rub100/0016_sitting2.pkl,9
BioMotionLab_NTroje/rub100/0016_sitting2.pkl,10
BioMotionLab_NTroje/rub100/0016_sitting2.pkl,11
BioMotionLab_NTroje/rub100/0016_sitting2.pkl,12
BioMotionLab_NTroje/rub100/0016_sitting2.pkl,13
BioMotionLab_NTroje/rub100/0016_sitting2.pkl,14
BioMotionLab_NTroje/rub100/0016_sitting2.pkl,15
BioMotionLab_NTroje/rub100/0016_sitting2.pkl,16
BioMotionLab_NTroje/rub100/0016_sitting2.pkl,17
BioMotionLab_NTroje/rub100/0016_sitting2.pkl,18
BioMotionLab_NTroje/rub100/0016_sitting2.pkl,19
BioMotionLab_NTroje/rub100/0016_sitting2.pkl,20
BioMotionLab_NTroje/rub100/0016_sitting2.pkl,21
BioMotionLab_NTroje/rub100/0016_sitting2.pkl,22
BioMotionLab_NTroje/rub100/0016_sitting2.pkl,23
BioMotionLab_NTroje/rub100/0016_sitting2.pkl,24
BioMotionLab_NTroje/rub100/0016_sitting2.pkl,25
BioMotionLab_NTroje/rub100/0016_sitting2.pkl,26
BioMotionLab_NTroje/rub100/0016_sitting2.pkl,27
BioMotionLab_NTroje/rub100/0016_sitting2.pkl,28
BioMotionLab_NTroje/rub100/0016_sitting2.pkl,29
BioMotionLab_NTroje/rub100/0016_sitting2.pkl,30
BioMotionLab_NTroje/rub100/0016_sitting2.pkl,31
BioMotionLab_NTroje/rub100/0016_sitting2.pkl,32
BioMotionLab_NTroje/rub100/0016_sitting2.pkl,33
BioMotionLab_NTroje/rub100/0016_sitting2.pkl,34
BioMotionLab_NTroje/rub100/0016_sitting2.pkl,35
BioMotionLab_NTroje/rub100/0016_sitting2.pkl,36
BioMotionLab_NTroje/rub100/0016_sitting2.pkl,37
BioMotionLab_NTroje/rub100/0016_sitting2.pkl,38
BioMotionLab_NTroje/rub100/0016_sitting2.pkl,39
BioMotionLab_NTroje/rub100/0016_sitting2.pkl,40
BioMotionLab_NTroje/rub101/0019_lifting_heavy2.pkl,2
BioMotionLab_NTroje/rub101/0019_lifting_heavy2.pkl,3
BioMotionLab_NTroje/rub101/0019_lifting_heavy2.pkl,4
BioMotionLab_NTroje/rub101/0019_lifting_heavy2.pkl,5
BioMotionLab_NTroje/rub101/0019_lifting_heavy2.pkl,6
BioMotionLab_NTroje/rub101/0019_lifting_heavy2.pkl,7
BioMotionLab_NTroje/rub101/0019_lifting_heavy2.pkl,8
BioMotionLab_NTroje/rub101/0019_lifting_heavy2.pkl,9
BioMotionLab_NTroje/rub101/0019_lifting_heavy2.pkl,10
BioMotionLab_NTroje/rub101/0019_lifting_heavy2.pkl,11
BioMotionLab_NTroje/rub101/0019_lifting_heavy2.pkl,12
BioMotionLab_NTroje/rub101/0019_lifting_heavy2.pkl,13
BioMotionLab_NTroje/rub101/0019_lifting_heavy2.pkl,14
BioMotionLab_NTroje/rub101/0019_lifting_heavy2.pkl,15
BioMotionLab_NTroje/rub101/0019_lifting_heavy2.pkl,16
BioMotionLab_NTroje/rub101/0019_lifting_heavy2.pkl,17
BioMotionLab_NTroje/rub101/0019_lifting_heavy2.pkl,18
BioMotionLab_NTroje/rub101/0019_lifting_heavy2.pkl,19
BioMotionLab_NTroje/rub101/0019_lifting_heavy2.pkl,20
BioMotionLab_NTroje/rub101/0019_lifting_heavy2.pkl,21
BioMotionLab_NTroje/rub101/0019_lifting_heavy2.pkl,22
BioMotionLab_NTroje/rub104/0019_lifting_heavy1.pkl,0
BioMotionLab_NTroje/rub104/0019_lifting_heavy1.pkl,1
BioMotionLab_NTroje/rub104/0019_lifting_heavy1.pkl,2
BioMotionLab_NTroje/rub104/0019_lifting_heavy1.pkl,3
BioMotionLab_NTroje/rub104/0019_lifting_heavy1.pkl,4
BioMotionLab_NTroje/rub104/0019_lifting_heavy1.pkl,5
BioMotionLab_NTroje/rub104/0019_lifting_heavy1.pkl,6
BioMotionLab_NTroje/rub104/0019_lifting_heavy1.pkl,7
BioMotionLab_NTroje/rub104/0019_lifting_heavy1.pkl,8
BioMotionLab_NTroje/rub104/0019_lifting_heavy1.pkl,9
BioMotionLab_NTroje/rub104/0019_lifting_heavy1.pkl,10
BioMotionLab_NTroje/rub104/0019_lifting_heavy1.pkl,11
BioMotionLab_NTroje/rub104/0019_lifting_heavy1.pkl,12
BioMotionLab_NTroje/rub104/0019_lifting_heavy1.pkl,13
BioMotionLab_NTroje/rub104/0019_lifting_heavy1.pkl,14
BioMotionLab_NTroje/rub104/0019_lifting_heavy1.pkl,15
BioMotionLab_NTroje/rub104/0019_lifting_heavy1.pkl,16
BioMotionLab_NTroje/rub104/0019_lifting_heavy1.pkl,17
BioMotionLab_NTroje/rub104/0019_lifting_heavy1.pkl,18
BioMotionLab_NTroje/rub104/0019_lifting_heavy1.pkl,19
BioMotionLab_NTroje/rub104/0019_lifting_heavy1.pkl,20
BioMotionLab_NTroje/rub104/0019_lifting_heavy1.pkl,21
BioMotionLab_NTroje/rub104/0019_lifting_heavy1.pkl,22
BioMotionLab_NTroje/rub105/0016_sitting2.pkl,0
BioMotionLab_NTroje/rub105/0016_sitting2.pkl,1
BioMotionLab_NTroje/rub105/0016_sitting2.pkl,2
BioMotionLab_NTroje/rub105/0016_sitting2.pkl,3
BioMotionLab_NTroje/rub105/0016_sitting2.pkl,4
BioMotionLab_NTroje/rub105/0016_sitting2.pkl,5
BioMotionLab_NTroje/rub105/0016_sitting2.pkl,6
BioMotionLab_NTroje/rub105/0016_sitting2.pkl,7
BioMotionLab_NTroje/rub105/0016_sitting2.pkl,8
BioMotionLab_NTroje/rub105/0016_sitting2.pkl,9
BioMotionLab_NTroje/rub105/0016_sitting2.pkl,10
BioMotionLab_NTroje/rub105/0016_sitting2.pkl,11
BioMotionLab_NTroje/rub105/0016_sitting2.pkl,12
BioMotionLab_NTroje/rub105/0016_sitting2.pkl,13
BioMotionLab_NTroje/rub105/0016_sitting2.pkl,14
BioMotionLab_NTroje/rub105/0016_sitting2.pkl,15
BioMotionLab_NTroje/rub105/0016_sitting2.pkl,16
BioMotionLab_NTroje/rub105/0016_sitting2.pkl,17
BioMotionLab_NTroje/rub105/0016_sitting2.pkl,18
BioMotionLab_NTroje/rub105/0016_sitting2.pkl,19
BioMotionLab_NTroje/rub105/0016_sitting2.pkl,20
BioMotionLab_NTroje/rub105/0016_sitting2.pkl,21
BioMotionLab_NTroje/rub105/0016_sitting2.pkl,22
BioMotionLab_NTroje/rub105/0016_sitting2.pkl,166
BioMotionLab_NTroje/rub105/0016_sitting2.pkl,167
BioMotionLab_NTroje/rub105/0016_sitting2.pkl,168
BioMotionLab_NTroje/rub105/0016_sitting2.pkl,169
BioMotionLab_NTroje/rub105/0016_sitting2.pkl,170
BioMotionLab_NTroje/rub105/0016_sitting2.pkl,171
BioMotionLab_NTroje/rub105/0016_sitting2.pkl,172
BioMotionLab_NTroje/rub105/0016_sitting2.pkl,173
BioMotionLab_NTroje/rub105/0016_sitting2.pkl,174
BioMotionLab_NTroje/rub105/0016_sitting2.pkl,175
BioMotionLab_NTroje/rub105/0016_sitting2.pkl,176
BioMotionLab_NTroje/rub105/0016_sitting2.pkl,177
BioMotionLab_NTroje/rub105/0016_sitting2.pkl,178
BioMotionLab_NTroje/rub105/0016_sitting2.pkl,179
BioMotionLab_NTroje/rub105/0016_sitting2.pkl,180
BioMotionLab_NTroje/rub105/0016_sitting2.pkl,181
BioMotionLab_NTroje/rub105/0016_sitting2.pkl,182
BioMotionLab_NTroje/rub105/0016_sitting2.pkl,183
BioMotionLab_NTroje/rub105/0016_sitting2.pkl,184
BioMotionLab_NTroje/rub105/0016_sitting2.pkl,185
BioMotionLab_NTroje/rub105/0016_sitting2.pkl,186
BioMotionLab_NTroje/rub105/0016_sitting2.pkl,187
BioMotionLab_NTroje/rub105/0016_sitting2.pkl,188
BioMotionLab_NTroje/rub105/0016_sitting2.pkl,189
BioMotionLab_NTroje/rub105/0016_sitting2.pkl,190
BioMotionLab_NTroje/rub105/0016_sitting2.pkl,191
BioMotionLab_NTroje/rub105/0016_sitting2.pkl,192
BioMotionLab_NTroje/rub105/0016_sitting2.pkl,193
BioMotionLab_NTroje/rub105/0016_sitting2.pkl,194
BioMotionLab_NTroje/rub105/0016_sitting2.pkl,195
BioMotionLab_NTroje/rub105/0016_sitting2.pkl,196
BioMotionLab_NTroje/rub105/0016_sitting2.pkl,197
BioMotionLab_NTroje/rub105/0016_sitting2.pkl,198
BioMotionLab_NTroje/rub105/0016_sitting2.pkl,199
BioMotionLab_NTroje/rub105/0016_sitting2.pkl,200
BioMotionLab_NTroje/rub105/0016_sitting2.pkl,201
BioMotionLab_NTroje/rub105/0016_sitting2.pkl,202
BioMotionLab_NTroje/rub105/0016_sitting2.pkl,203
BioMotionLab_NTroje/rub105/0016_sitting2.pkl,204
BioMotionLab_NTroje/rub108/0016_sitting2.pkl,0
BioMotionLab_NTroje/rub108/0016_sitting2.pkl,1
BioMotionLab_NTroje/rub108/0016_sitting2.pkl,2
BioMotionLab_NTroje/rub108/0016_sitting2.pkl,3
BioMotionLab_NTroje/rub108/0016_sitting2.pkl,4
BioMotionLab_NTroje/rub108/0016_sitting2.pkl,5
BioMotionLab_NTroje/rub108/0016_sitting2.pkl,6
BioMotionLab_NTroje/rub108/0016_sitting2.pkl,7
BioMotionLab_NTroje/rub108/0016_sitting2.pkl,8
BioMotionLab_NTroje/rub108/0016_sitting2.pkl,9
BioMotionLab_NTroje/rub108/0016_sitting2.pkl,10
BioMotionLab_NTroje/rub108/0016_sitting2.pkl,11
BioMotionLab_NTroje/rub108/0016_sitting2.pkl,12
BioMotionLab_NTroje/rub108/0016_sitting2.pkl,13
BioMotionLab_NTroje/rub108/0016_sitting2.pkl,14
BioMotionLab_NTroje/rub108/0016_sitting2.pkl,15
BioMotionLab_NTroje/rub108/0016_sitting2.pkl,16
BioMotionLab_NTroje/rub108/0016_sitting2.pkl,17
BioMotionLab_NTroje/rub108/0016_sitting2.pkl,18
BioMotionLab_NTroje/rub108/0016_sitting2.pkl,19
BioMotionLab_NTroje/rub108/0016_sitting2.pkl,20
BioMotionLab_NTroje/rub108/0016_sitting2.pkl,21
BioMotionLab_NTroje/rub108/0016_sitting2.pkl,22
BioMotionLab_NTroje/rub108/0016_sitting2.pkl,23
BioMotionLab_NTroje/rub108/0016_sitting2.pkl,24
BioMotionLab_NTroje/rub108/0016_sitting2.pkl,25
BioMotionLab_NTroje/rub108/0016_sitting2.pkl,26
BioMotionLab_NTroje/rub108/0016_sitting2.pkl,27
BioMotionLab_NTroje/rub108/0016_sitting2.pkl,28
BioMotionLab_NTroje/rub108/0016_sitting2.pkl,29
BioMotionLab_NTroje/rub108/0016_sitting2.pkl,30
BioMotionLab_NTroje/rub108/0016_sitting2.pkl,31
BioMotionLab_NTroje/rub108/0016_sitting2.pkl,32
BioMotionLab_NTroje/rub108/0016_sitting2.pkl,33
BioMotionLab_NTroje/rub108/0016_sitting2.pkl,34
BioMotionLab_NTroje/rub108/0016_sitting2.pkl,35
BioMotionLab_NTroje/rub108/0016_sitting2.pkl,36
BioMotionLab_NTroje/rub108/0017_lifting_light1.pkl,0
BioMotionLab_NTroje/rub108/0017_lifting_light1.pkl,1
BioMotionLab_NTroje/rub108/0017_lifting_light1.pkl,2
BioMotionLab_NTroje/rub108/0017_lifting_light1.pkl,3
BioMotionLab_NTroje/rub108/0017_lifting_light1.pkl,4
BioMotionLab_NTroje/rub108/0017_lifting_light1.pkl,5
BioMotionLab_NTroje/rub108/0017_lifting_light1.pkl,6
BioMotionLab_NTroje/rub108/0017_lifting_light1.pkl,7
BioMotionLab_NTroje/rub108/0017_lifting_light1.pkl,8
BioMotionLab_NTroje/rub108/0017_lifting_light1.pkl,9
BioMotionLab_NTroje/rub108/0017_lifting_light1.pkl,10
BioMotionLab_NTroje/rub108/0017_lifting_light1.pkl,11
BioMotionLab_NTroje/rub108/0017_lifting_light1.pkl,12
BioMotionLab_NTroje/rub108/0017_lifting_light1.pkl,13
BioMotionLab_NTroje/rub108/0017_lifting_light1.pkl,14
BioMotionLab_NTroje/rub108/0017_lifting_light1.pkl,15
BioMotionLab_NTroje/rub108/0017_lifting_light1.pkl,16
BioMotionLab_NTroje/rub108/0017_lifting_light1.pkl,17
BioMotionLab_NTroje/rub108/0017_lifting_light1.pkl,18
BioMotionLab_NTroje/rub108/0017_lifting_light1.pkl,19
BioMotionLab_NTroje/rub108/0017_lifting_light1.pkl,20
BioMotionLab_NTroje/rub108/0017_lifting_light1.pkl,21
BioMotionLab_NTroje/rub108/0017_lifting_light1.pkl,22
BioMotionLab_NTroje/rub108/0017_lifting_light1.pkl,23
BioMotionLab_NTroje/rub108/0017_lifting_light1.pkl,24
BioMotionLab_NTroje/rub108/0017_lifting_light1.pkl,25
BioMotionLab_NTroje/rub108/0017_lifting_light1.pkl,26
BioMotionLab_NTroje/rub108/0017_lifting_light1.pkl,27
BioMotionLab_NTroje/rub109/0014_knocking2.pkl,123
BioMotionLab_NTroje/rub109/0014_knocking2.pkl,124
BioMotionLab_NTroje/rub109/0014_knocking2.pkl,125
BioMotionLab_NTroje/rub109/0014_knocking2.pkl,126
BioMotionLab_NTroje/rub109/0014_knocking2.pkl,127
BioMotionLab_NTroje/rub109/0014_knocking2.pkl,128
BioMotionLab_NTroje/rub109/0014_knocking2.pkl,129
BioMotionLab_NTroje/rub109/0014_knocking2.pkl,130
BioMotionLab_NTroje/rub109/0014_knocking2.pkl,131
BioMotionLab_NTroje/rub109/0014_knocking2.pkl,132
BioMotionLab_NTroje/rub109/0014_knocking2.pkl,133
BioMotionLab_NTroje/rub109/0014_knocking2.pkl,134
BioMotionLab_NTroje/rub109/0014_knocking2.pkl,135
BioMotionLab_NTroje/rub109/0014_knocking2.pkl,136
BioMotionLab_NTroje/rub109/0014_knocking2.pkl,137
BioMotionLab_NTroje/rub109/0014_knocking2.pkl,138
BioMotionLab_NTroje/rub109/0014_knocking2.pkl,139
BioMotionLab_NTroje/rub109/0014_knocking2.pkl,140
BioMotionLab_NTroje/rub109/0014_knocking2.pkl,141
BioMotionLab_NTroje/rub109/0014_knocking2.pkl,142
BioMotionLab_NTroje/rub109/0014_knocking2.pkl,143
BioMotionLab_NTroje/rub109/0014_knocking2.pkl,144
BioMotionLab_NTroje/rub109/0014_knocking2.pkl,145
BioMotionLab_NTroje/rub109/0014_knocking2.pkl,146
BioMotionLab_NTroje/rub109/0014_knocking2.pkl,147
BioMotionLab_NTroje/rub109/0014_knocking2.pkl,148
BioMotionLab_NTroje/rub109/0014_knocking2.pkl,149
BioMotionLab_NTroje/rub109/0014_knocking2.pkl,150
BioMotionLab_NTroje/rub109/0014_knocking2.pkl,151
BioMotionLab_NTroje/rub109/0014_knocking2.pkl,152
BioMotionLab_NTroje/rub109/0014_knocking2.pkl,153
BioMotionLab_NTroje/rub109/0014_knocking2.pkl,154
BioMotionLab_NTroje/rub109/0014_knocking2.pkl,155
BioMotionLab_NTroje/rub109/0014_knocking2.pkl,156
BioMotionLab_NTroje/rub109/0014_knocking2.pkl,157
BioMotionLab_NTroje/rub109/0014_knocking2.pkl,158
BioMotionLab_NTroje/rub109/0014_knocking2.pkl,159
BioMotionLab_NTroje/rub109/0014_knocking2.pkl,160
BioMotionLab_NTroje/rub109/0014_knocking2.pkl,161
BioMotionLab_NTroje/rub112/0014_knocking2.pkl,0
BioMotionLab_NTroje/rub112/0014_knocking2.pkl,1
BioMotionLab_NTroje/rub112/0014_knocking2.pkl,2
BioMotionLab_NTroje/rub112/0014_knocking2.pkl,3
BioMotionLab_NTroje/rub112/0014_knocking2.pkl,4
BioMotionLab_NTroje/rub112/0014_knocking2.pkl,5
BioMotionLab_NTroje/rub112/0014_knocking2.pkl,6
BioMotionLab_NTroje/rub112/0014_knocking2.pkl,7
BioMotionLab_NTroje/rub112/0014_knocking2.pkl,8
BioMotionLab_NTroje/rub112/0014_knocking2.pkl,9
BioMotionLab_NTroje/rub112/0014_knocking2.pkl,10
BioMotionLab_NTroje/rub112/0014_knocking2.pkl,11
BioMotionLab_NTroje/rub112/0014_knocking2.pkl,12
BioMotionLab_NTroje/rub112/0014_knocking2.pkl,13
BioMotionLab_NTroje/rub112/0014_knocking2.pkl,178
BioMotionLab_NTroje/rub112/0014_knocking2.pkl,179
BioMotionLab_NTroje/rub112/0014_knocking2.pkl,180
BioMotionLab_NTroje/rub112/0014_knocking2.pkl,181
BioMotionLab_NTroje/rub112/0014_knocking2.pkl,182
BioMotionLab_NTroje/rub112/0014_knocking2.pkl,183
BioMotionLab_NTroje/rub112/0014_knocking2.pkl,184
BioMotionLab_NTroje/rub112/0014_knocking2.pkl,185
BioMotionLab_NTroje/rub112/0014_knocking2.pkl,186
BioMotionLab_NTroje/rub112/0014_knocking2.pkl,187
BioMotionLab_NTroje/rub112/0014_knocking2.pkl,188
BioMotionLab_NTroje/rub112/0014_knocking2.pkl,189
BioMotionLab_NTroje/rub112/0014_knocking2.pkl,190
BioMotionLab_NTroje/rub114/0015_sitting1.pkl,0
BioMotionLab_NTroje/rub114/0015_sitting1.pkl,1
BioMotionLab_NTroje/rub114/0015_sitting1.pkl,2
BioMotionLab_NTroje/rub114/0015_sitting1.pkl,3
BioMotionLab_NTroje/rub114/0015_sitting1.pkl,4
BioMotionLab_NTroje/rub114/0019_lifting_heavy1.pkl,124
BioMotionLab_NTroje/rub114/0019_lifting_heavy1.pkl,125
BioMotionLab_NTroje/rub114/0019_lifting_heavy1.pkl,126
BioMotionLab_NTroje/rub114/0019_lifting_heavy1.pkl,127
BioMotionLab_NTroje/rub114/0019_lifting_heavy1.pkl,128
BioMotionLab_NTroje/rub115/0018_lifting_light2.pkl,101
CMU/01/01_08.pkl,501
CMU/01/01_08.pkl,502
CMU/01/01_08.pkl,503
CMU/01/01_08.pkl,504
CMU/105/105_30.pkl,121
CMU/105/105_30.pkl,122
CMU/105/105_30.pkl,123
CMU/105/105_30.pkl,124
CMU/105/105_30.pkl,125
CMU/105/105_30.pkl,126
CMU/105/105_30.pkl,127
CMU/105/105_30.pkl,128
CMU/105/105_30.pkl,129
CMU/105/105_30.pkl,130
CMU/105/105_30.pkl,131
CMU/105/105_30.pkl,132
CMU/105/105_30.pkl,133
CMU/105/105_30.pkl,134
CMU/105/105_30.pkl,135
CMU/105/105_30.pkl,136
CMU/105/105_30.pkl,137
CMU/105/105_30.pkl,138
CMU/105/105_30.pkl,139
CMU/105/105_30.pkl,140
CMU/105/105_30.pkl,141
CMU/105/105_30.pkl,142
CMU/105/105_30.pkl,143
CMU/105/105_30.pkl,144
CMU/105/105_30.pkl,145
CMU/105/105_30.pkl,146
CMU/105/105_30.pkl,147
CMU/105/105_30.pkl,148
CMU/105/105_30.pkl,149
CMU/105/105_30.pkl,150
CMU/105/105_30.pkl,151
CMU/105/105_30.pkl,152
CMU/105/105_30.pkl,153
CMU/105/105_30.pkl,154
CMU/105/105_30.pkl,155
CMU/105/105_30.pkl,156
CMU/105/105_30.pkl,157
CMU/105/105_30.pkl,158
CMU/105/105_30.pkl,159
CMU/105/105_30.pkl,160
CMU/105/105_30.pkl,161
CMU/105/105_30.pkl,162
CMU/105/105_30.pkl,163
CMU/105/105_30.pkl,164
CMU/105/105_30.pkl,165
CMU/105/105_30.pkl,166
CMU/105/105_30.pkl,167
CMU/105/105_30.pkl,168
CMU/105/105_30.pkl,169
CMU/105/105_30.pkl,170
CMU/105/105_30.pkl,171
CMU/105/105_30.pkl,172
CMU/105/105_30.pkl,173
CMU/105/105_30.pkl,174
CMU/105/105_30.pkl,175
CMU/105/105_30.pkl,176
CMU/105/105_30.pkl,177
CMU/105/105_30.pkl,178
CMU/105/105_30.pkl,179
CMU/105/105_30.pkl,180
CMU/105/105_30.pkl,181
CMU/105/105_30.pkl,182
CMU/105/105_30.pkl,183
CMU/105/105_30.pkl,184
CMU/105/105_30.pkl,185
CMU/105/105_30.pkl,186
CMU/105/105_30.pkl,187
CMU/105/105_30.pkl,188
CMU/105/105_30.pkl,189
CMU/105/105_30.pkl,190
CMU/105/105_30.pkl,191
CMU/105/105_30.pkl,192
CMU/105/105_30.pkl,193
CMU/105/105_30.pkl,194
CMU/105/105_30.pkl,195
CMU/105/105_30.pkl,196
CMU/105/105_30.pkl,197
CMU/105/105_30.pkl,198
CMU/105/105_30.pkl,199
CMU/105/105_30.pkl,200
CMU/105/105_30.pkl,201
CMU/105/105_30.pkl,202
CMU/105/105_30.pkl,203
CMU/105/105_30.pkl,204
CMU/105/105_30.pkl,205
CMU/105/105_30.pkl,206
CMU/105/105_30.pkl,207
CMU/105/105_30.pkl,208
CMU/105/105_30.pkl,209
CMU/105/105_30.pkl,210
CMU/105/105_30.pkl,211
CMU/105/105_30.pkl,212
CMU/105/105_30.pkl,213
CMU/105/105_30.pkl,214
CMU/105/105_30.pkl,215
CMU/105/105_30.pkl,216
CMU/105/105_30.pkl,217
CMU/105/105_30.pkl,218
CMU/105/105_30.pkl,219
CMU/105/105_30.pkl,220
CMU/105/105_30.pkl,221
CMU/105/105_30.pkl,222
CMU/105/105_30.pkl,223
CMU/105/105_30.pkl,224
CMU/105/105_30.pkl,225
CMU/105/105_30.pkl,226
CMU/105/105_30.pkl,227
CMU/105/105_30.pkl,228
CMU/105/105_30.pkl,229
CMU/105/105_30.pkl,230
CMU/105/105_30.pkl,231
CMU/105/105_30.pkl,232
CMU/105/105_30.pkl,233
CMU/105/105_30.pkl,234
CMU/105/105_30.pkl,235
CMU/105/105_30.pkl,236
CMU/105/105_30.pkl,237
CMU/105/105_30.pkl,238
CMU/105/105_30.pkl,239
CMU/105/105_30.pkl,240
CMU/105/105_30.pkl,241
CMU/105/105_30.pkl,242
CMU/105/105_30.pkl,243
CMU/105/105_30.pkl,244
CMU/105/105_30.pkl,245
CMU/105/105_30.pkl,246
CMU/105/105_30.pkl,247
CMU/105/105_30.pkl,248
CMU/105/105_30.pkl,249
CMU/105/105_30.pkl,250
CMU/105/105_30.pkl,251
CMU/105/105_30.pkl,252
CMU/105/105_30.pkl,253
CMU/105/105_30.pkl,254
CMU/105/105_30.pkl,255
CMU/105/105_30.pkl,256
CMU/105/105_30.pkl,257
CMU/105/105_30.pkl,258
CMU/105/105_30.pkl,259
CMU/105/105_30.pkl,260
CMU/105/105_30.pkl,261
CMU/105/105_30.pkl,262
CMU/105/105_30.pkl,263
CMU/105/105_30.pkl,264
CMU/105/105_30.pkl,265
CMU/105/105_30.pkl,266
CMU/105/105_30.pkl,267
CMU/105/105_30.pkl,268
CMU/105/105_30.pkl,269
CMU/105/105_30.pkl,270
CMU/105/105_30.pkl,271
CMU/105/105_30.pkl,272
CMU/105/105_30.pkl,273
CMU/105/105_30.pkl,274
CMU/105/105_30.pkl,275
CMU/105/105_30.pkl,276
CMU/105/105_30.pkl,277
CMU/105/105_30.pkl,278
CMU/105/105_30.pkl,279
CMU/105/105_30.pkl,280
CMU/105/105_30.pkl,281
CMU/105/105_30.pkl,282
CMU/105/105_30.pkl,283
CMU/105/105_30.pkl,284
CMU/105/105_30.pkl,285
CMU/105/105_30.pkl,286
CMU/105/105_30.pkl,287
CMU/105/105_30.pkl,288
CMU/105/105_30.pkl,289
CMU/105/105_30.pkl,290
CMU/105/105_30.pkl,291
CMU/105/105_30.pkl,292
CMU/105/105_30.pkl,293
CMU/105/105_30.pkl,294
CMU/105/105_30.pkl,295
CMU/105/105_30.pkl,296
CMU/105/105_30.pkl,297
CMU/105/105_30.pkl,298
CMU/105/105_30.pkl,299
CMU/105/105_30.pkl,300
CMU/105/105_30.pkl,301
CMU/105/105_30.pkl,381
CMU/105/105_30.pkl,382
CMU/105/105_30.pkl,383
CMU/105/105_30.pkl,384
CMU/105/105_30.pkl,385
CMU/105/105_30.pkl,386
CMU/105/105_30.pkl,387
CMU/105/105_30.pkl,388
CMU/105/105_30.pkl,389
CMU/105/105_30.pkl,390
CMU/105/105_30.pkl,391
CMU/105/105_30.pkl,392
CMU/105/105_30.pkl,393
CMU/105/105_30.pkl,394
CMU/105/105_30.pkl,395
CMU/105/105_30.pkl,396
CMU/105/105_30.pkl,397
CMU/105/105_30.pkl,398
CMU/105/105_30.pkl,399
CMU/105/105_30.pkl,400
CMU/105/105_30.pkl,401
CMU/105/105_30.pkl,402
CMU/105/105_30.pkl,403
CMU/105/105_30.pkl,404
CMU/105/105_30.pkl,405
CMU/105/105_30.pkl,406
CMU/105/105_30.pkl,407
CMU/105/105_30.pkl,408
CMU/105/105_30.pkl,409
CMU/105/105_30.pkl,410
CMU/105/105_30.pkl,411
CMU/105/105_30.pkl,412
CMU/105/105_30.pkl,413
CMU/105/105_30.pkl,414
CMU/105/105_30.pkl,415
CMU/105/105_30.pkl,416
CMU/105/105_30.pkl,417
CMU/105/105_30.pkl,418
CMU/105/105_30.pkl,419
CMU/105/105_30.pkl,420
CMU/105/105_30.pkl,421
CMU/105/105_30.pkl,422
CMU/105/105_30.pkl,423
CMU/105/105_30.pkl,424
CMU/105/105_30.pkl,425
CMU/105/105_30.pkl,426
CMU/105/105_30.pkl,427
CMU/105/105_30.pkl,428
CMU/105/105_30.pkl,429
CMU/105/105_30.pkl,430
CMU/105/105_30.pkl,431
CMU/105/105_30.pkl,432
CMU/105/105_30.pkl,433
CMU/105/105_30.pkl,434
CMU/105/105_30.pkl,435
CMU/105/105_30.pkl,436
CMU/105/105_30.pkl,437
CMU/105/105_30.pkl,438
CMU/105/105_30.pkl,439
CMU/105/105_30.pkl,440
CMU/105/105_30.pkl,441
CMU/105/105_30.pkl,442
CMU/105/105_30.pkl,443
CMU/105/105_30.pkl,444
CMU/105/105_30.pkl,445
CMU/105/105_30.pkl,446
CMU/105/105_30.pkl,447
CMU/105/105_30.pkl,448
CMU/105/105_30.pkl,449
CMU/105/105_30.pkl,450
CMU/105/105_30.pkl,451
CMU/105/105_30.pkl,452
CMU/105/105_30.pkl,453
CMU/105/105_30.pkl,454
CMU/105/105_30.pkl,455
CMU/105/105_30.pkl,456
CMU/105/105_30.pkl,457
CMU/105/105_30.pkl,458
CMU/105/105_30.pkl,459
CMU/105/105_30.pkl,460
CMU/105/105_30.pkl,461
CMU/105/105_30.pkl,462
CMU/105/105_30.pkl,463
CMU/105/105_30.pkl,464
CMU/105/105_30.pkl,465
CMU/105/105_30.pkl,466
CMU/105/105_30.pkl,467
CMU/105/105_30.pkl,468
CMU/105/105_30.pkl,469
CMU/105/105_30.pkl,470
CMU/105/105_30.pkl,471
CMU/105/105_30.pkl,472
CMU/105/105_30.pkl,473
CMU/105/105_30.pkl,474
CMU/105/105_30.pkl,475
CMU/105/105_30.pkl,476
CMU/105/105_30.pkl,477
CMU/105/105_30.pkl,478
CMU/105/105_30.pkl,479
CMU/105/105_30.pkl,480
CMU/105/105_30.pkl,481
CMU/105/105_30.pkl,482
CMU/105/105_30.pkl,483
CMU/105/105_30.pkl,484
CMU/105/105_30.pkl,485
CMU/105/105_30.pkl,486
CMU/105/105_30.pkl,487
CMU/105/105_30.pkl,488
CMU/105/105_30.pkl,489
CMU/105/105_30.pkl,490
CMU/105/105_30.pkl,491
CMU/105/105_30.pkl,492
CMU/105/105_30.pkl,493
CMU/105/105_30.pkl,494
CMU/105/105_30.pkl,495
CMU/105/105_30.pkl,496
CMU/105/105_30.pkl,497
CMU/105/105_30.pkl,498
CMU/105/105_30.pkl,499
CMU/105/105_30.pkl,500
CMU/105/105_30.pkl,501
CMU/105/105_30.pkl,502
CMU/105/105_30.pkl,503
CMU/105/105_30.pkl,504
CMU/105/105_30.pkl,505
CMU/105/105_30.pkl,506
CMU/105/105_30.pkl,507
CMU/105/105_30.pkl,508
CMU/105/105_30.pkl,509
CMU/105/105_30.pkl,510
CMU/105/105_30.pkl,511
CMU/105/105_30.pkl,512
CMU/105/105_30.pkl,513
CMU/105/105_30.pkl,514
CMU/105/105_30.pkl,515
CMU/105/105_30.pkl,516
CMU/105/105_30.pkl,517
CMU/105/105_30.pkl,518
CMU/105/105_30.pkl,519
CMU/105/105_30.pkl,520
CMU/105/105_30.pkl,521
CMU/105/105_30.pkl,522
CMU/105/105_30.pkl,523
CMU/105/105_30.pkl,524
CMU/105/105_30.pkl,525
CMU/105/105_30.pkl,526
CMU/105/105_30.pkl,527
CMU/105/105_30.pkl,528
CMU/105/105_30.pkl,529
CMU/105/105_30.pkl,530
CMU/105/105_30.pkl,531
CMU/105/105_30.pkl,532
CMU/105/105_30.pkl,533
CMU/105/105_30.pkl,534
CMU/105/105_30.pkl,535
CMU/105/105_30.pkl,536
CMU/105/105_30.pkl,537
CMU/105/105_30.pkl,538
CMU/105/105_30.pkl,539
CMU/105/105_30.pkl,540
CMU/105/105_30.pkl,541
CMU/108/108_11.pkl,20
CMU/108/108_11.pkl,21
CMU/108/108_11.pkl,22
CMU/108/108_11.pkl,23
CMU/108/108_11.pkl,24
CMU/108/108_11.pkl,25
CMU/108/108_11.pkl,26
CMU/108/108_11.pkl,27
CMU/108/108_11.pkl,28
CMU/108/108_11.pkl,29
CMU/108/108_11.pkl,30
CMU/108/108_11.pkl,31
CMU/108/108_11.pkl,32
CMU/122/122_27.pkl,40
CMU/122/122_27.pkl,41
CMU/122/122_27.pkl,42
CMU/122/122_27.pkl,43
CMU/122/122_27.pkl,44
CMU/122/122_27.pkl,45
CMU/122/122_27.pkl,46
CMU/122/122_27.pkl,47
CMU/122/122_27.pkl,48
CMU/122/122_27.pkl,49
CMU/122/122_27.pkl,50
CMU/122/122_27.pkl,51
CMU/122/122_27.pkl,52
CMU/122/122_27.pkl,53
CMU/122/122_27.pkl,54
CMU/122/122_27.pkl,55
CMU/122/122_27.pkl,56
CMU/122/122_27.pkl,57
CMU/122/122_27.pkl,58
CMU/122/122_27.pkl,59
CMU/122/122_27.pkl,60
CMU/122/122_27.pkl,61
CMU/122/122_27.pkl,62
CMU/122/122_27.pkl,63
CMU/122/122_27.pkl,64
CMU/122/122_27.pkl,65
CMU/122/122_27.pkl,66
CMU/122/122_27.pkl,67
CMU/122/122_27.pkl,68
CMU/122/122_27.pkl,69
CMU/122/122_27.pkl,70
CMU/122/122_27.pkl,71
CMU/122/122_27.pkl,72
CMU/122/122_27.pkl,73
CMU/122/122_27.pkl,74
CMU/122/122_36.pkl,43
CMU/122/122_36.pkl,44
CMU/122/122_36.pkl,45
CMU/122/122_36.pkl,46
CMU/122/122_36.pkl,47
CMU/122/122_36.pkl,48
CMU/122/122_36.pkl,49
CMU/122/122_36.pkl,50
CMU/122/122_36.pkl,51
CMU/122/122_36.pkl,52
CMU/122/122_36.pkl,53
CMU/122/122_36.pkl,54
CMU/122/122_36.pkl,55
CMU/122/122_36.pkl,56
CMU/122/122_36.pkl,57
CMU/122/122_36.pkl,58
CMU/122/122_36.pkl,59
CMU/122/122_36.pkl,60
CMU/122/122_36.pkl,61
CMU/122/122_36.pkl,62
CMU/122/122_36.pkl,63
CMU/122/122_36.pkl,64
CMU/122/122_36.pkl,65
CMU/122/122_36.pkl,66
CMU/122/122_36.pkl,67
CMU/122/122_36.pkl,68
CMU/122/122_36.pkl,69
CMU/122/122_36.pkl,70
CMU/122/122_36.pkl,71
CMU/122/122_36.pkl,72
CMU/122/122_36.pkl,73
CMU/122/122_36.pkl,74
CMU/122/122_36.pkl,75
CMU/122/122_36.pkl,76
CMU/122/122_36.pkl,77
CMU/122/122_36.pkl,78
CMU/122/122_36.pkl,79
CMU/122/122_36.pkl,80
CMU/122/122_36.pkl,81
CMU/122/122_36.pkl,82
CMU/122/122_36.pkl,134
CMU/122/122_36.pkl,135
CMU/122/122_36.pkl,136
CMU/122/122_36.pkl,137
CMU/122/122_36.pkl,138
CMU/122/122_36.pkl,139
CMU/122/122_36.pkl,140
CMU/122/122_36.pkl,141
CMU/122/122_36.pkl,142
CMU/122/122_36.pkl,143
CMU/122/122_36.pkl,144
CMU/122/122_36.pkl,145
CMU/122/122_36.pkl,146
CMU/122/122_36.pkl,147
CMU/122/122_36.pkl,148
CMU/122/122_36.pkl,149
CMU/122/122_36.pkl,150
CMU/122/122_36.pkl,151
CMU/122/122_36.pkl,152
CMU/122/122_36.pkl,153
CMU/122/122_36.pkl,154
CMU/122/122_36.pkl,155
CMU/122/122_36.pkl,156
CMU/122/122_36.pkl,157
CMU/122/122_36.pkl,158
CMU/122/122_36.pkl,159
CMU/122/122_36.pkl,160
CMU/122/122_36.pkl,161
CMU/122/122_36.pkl,162
CMU/122/122_36.pkl,163
CMU/122/122_36.pkl,164
CMU/122/122_36.pkl,165
CMU/122/122_36.pkl,166
CMU/122/122_36.pkl,167
CMU/136/136_24.pkl,39
CMU/136/136_24.pkl,40
CMU/136/136_24.pkl,41
CMU/136/136_24.pkl,42
CMU/136/136_24.pkl,43
CMU/136/136_24.pkl,44
CMU/136/136_24.pkl,45
CMU/136/136_24.pkl,46
CMU/136/136_24.pkl,47
CMU/136/136_24.pkl,48
CMU/136/136_24.pkl,49
CMU/136/136_24.pkl,50
CMU/136/136_24.pkl,51
CMU/136/136_24.pkl,52
CMU/136/136_24.pkl,53
CMU/136/136_24.pkl,54
CMU/136/136_24.pkl,55
CMU/136/136_24.pkl,56
CMU/136/136_24.pkl,57
CMU/136/136_24.pkl,58
CMU/136/136_24.pkl,59
CMU/136/136_24.pkl,60
CMU/136/136_24.pkl,61
CMU/136/136_24.pkl,62
CMU/136/136_24.pkl,63
CMU/136/136_24.pkl,64
CMU/136/136_24.pkl,65
CMU/136/136_24.pkl,66
CMU/136/136_24.pkl,67
CMU/136/136_24.pkl,68
CMU/136/136_24.pkl,69
CMU/136/136_24.pkl,70
CMU/136/136_24.pkl,71
CMU/136/136_24.pkl,72
CMU/136/136_24.pkl,73
CMU/136/136_24.pkl,74
CMU/136/136_24.pkl,75
CMU/136/136_24.pkl,76
CMU/136/136_24.pkl,77
CMU/136/136_24.pkl,78
CMU/136/136_24.pkl,79
CMU/136/136_24.pkl,80
CMU/136/136_24.pkl,81
CMU/136/136_24.pkl,82
CMU/136/136_24.pkl,83
CMU/136/136_24.pkl,84
CMU/136/136_24.pkl,85
CMU/136/136_24.pkl,86
CMU/136/136_24.pkl,87
CMU/136/136_24.pkl,88
CMU/136/136_24.pkl,89
CMU/136/136_24.pkl,90
CMU/136/136_24.pkl,91
CMU/136/136_24.pkl,92
CMU/136/136_24.pkl,93
CMU/136/136_24.pkl,94
CMU/136/136_24.pkl,95
CMU/136/136_24.pkl,96
CMU/136/136_24.pkl,97
CMU/136/136_24.pkl,98
CMU/136/136_24.pkl,99
CMU/136/136_24.pkl,100
CMU/136/136_24.pkl,101
CMU/136/136_24.pkl,102
CMU/136/136_24.pkl,103
CMU/136/136_24.pkl,104
CMU/136/136_24.pkl,105
CMU/136/136_24.pkl,106
CMU/136/136_24.pkl,107
CMU/136/136_24.pkl,108
CMU/136/136_24.pkl,109
CMU/136/136_24.pkl,110
CMU/136/136_24.pkl,111
CMU/136/136_24.pkl,112
CMU/136/136_24.pkl,113
CMU/136/136_24.pkl,114
CMU/136/136_24.pkl,115
CMU/136/136_24.pkl,116
CMU/136/136_24.pkl,117
CMU/136/136_24.pkl,118
CMU/136/136_24.pkl,119
CMU/136/136_24.pkl,120
CMU/136/136_24.pkl,121
CMU/136/136_24.pkl,122
CMU/136/136_24.pkl,123
CMU/136/136_24.pkl,124
CMU/136/136_24.pkl,125
CMU/136/136_24.pkl,126
CMU/136/136_24.pkl,127
CMU/136/136_24.pkl,128
CMU/136/136_24.pkl,129
CMU/136/136_24.pkl,130
CMU/136/136_24.pkl,131
CMU/136/136_24.pkl,132
CMU/136/136_24.pkl,133
CMU/136/136_24.pkl,134
CMU/136/136_24.pkl,135
CMU/136/136_24.pkl,136
CMU/136/136_24.pkl,137
CMU/136/136_24.pkl,138
CMU/136/136_24.pkl,139
CMU/136/136_24.pkl,140
CMU/136/136_24.pkl,141
CMU/136/136_24.pkl,142
CMU/136/136_24.pkl,143
CMU/136/136_24.pkl,144
CMU/136/136_24.pkl,145
CMU/136/136_24.pkl,146
CMU/136/136_24.pkl,147
CMU/136/136_24.pkl,148
CMU/136/136_24.pkl,149
CMU/136/136_24.pkl,150
CMU/136/136_24.pkl,151
CMU/136/136_24.pkl,152
CMU/136/136_24.pkl,153
CMU/136/136_24.pkl,154
CMU/136/136_24.pkl,155
CMU/136/136_24.pkl,156
CMU/136/136_24.pkl,157
CMU/136/136_24.pkl,158
CMU/136/136_24.pkl,159
CMU/136/136_24.pkl,160
CMU/136/136_24.pkl,161
CMU/136/136_24.pkl,162
CMU/136/136_24.pkl,163
CMU/136/136_24.pkl,164
CMU/136/136_24.pkl,165
CMU/136/136_24.pkl,166
CMU/136/136_24.pkl,167
CMU/136/136_24.pkl,168
CMU/136/136_24.pkl,169
CMU/136/136_24.pkl,170
CMU/136/136_24.pkl,171
CMU/136/136_24.pkl,172
CMU/136/136_24.pkl,173
CMU/136/136_24.pkl,174
CMU/136/136_24.pkl,175
CMU/136/136_24.pkl,176
CMU/136/136_24.pkl,177
CMU/136/136_24.pkl,178
CMU/136/136_24.pkl,179
CMU/136/136_24.pkl,180
CMU/136/136_24.pkl,181
CMU/136/136_24.pkl,182
CMU/136/136_24.pkl,183
CMU/136/136_24.pkl,184
CMU/136/136_24.pkl,185
CMU/136/136_24.pkl,186
CMU/136/136_24.pkl,187
CMU/136/136_24.pkl,188
CMU/136/136_24.pkl,189
CMU/136/136_24.pkl,190
CMU/136/136_24.pkl,191
CMU/136/136_24.pkl,192
CMU/136/136_24.pkl,193
CMU/136/136_24.pkl,194
CMU/136/136_24.pkl,195
CMU/136/136_24.pkl,196
CMU/136/136_24.pkl,197
CMU/141/141_26.pkl,0
CMU/141/141_26.pkl,1
CMU/141/141_26.pkl,2
CMU/141/141_26.pkl,3
CMU/141/141_26.pkl,4
CMU/141/141_26.pkl,5
CMU/141/141_26.pkl,6
CMU/141/141_26.pkl,7
CMU/141/141_26.pkl,8
CMU/141/141_26.pkl,9
CMU/141/141_26.pkl,10
CMU/141/141_26.pkl,11
CMU/141/141_26.pkl,12
CMU/141/141_26.pkl,13
CMU/141/141_26.pkl,14
CMU/141/141_26.pkl,15
CMU/141/141_26.pkl,16
CMU/142/142_08.pkl,50
CMU/142/142_08.pkl,51
CMU/142/142_08.pkl,52
CMU/142/142_08.pkl,53
CMU/142/142_08.pkl,54
CMU/142/142_08.pkl,55
CMU/142/142_08.pkl,56
CMU/142/142_08.pkl,57
CMU/142/142_08.pkl,58
CMU/142/142_08.pkl,59
CMU/142/142_08.pkl,60
CMU/142/142_08.pkl,61
CMU/142/142_08.pkl,62
CMU/142/142_08.pkl,63
CMU/142/142_08.pkl,64
CMU/142/142_08.pkl,65
CMU/142/142_08.pkl,66
CMU/142/142_08.pkl,67
CMU/142/142_08.pkl,68
CMU/142/142_08.pkl,69
CMU/142/142_08.pkl,70
CMU/142/142_08.pkl,71
CMU/142/142_08.pkl,72
CMU/142/142_08.pkl,73
CMU/142/142_08.pkl,74
CMU/142/142_08.pkl,75
CMU/142/142_08.pkl,76
CMU/142/142_08.pkl,77
CMU/142/142_08.pkl,78
CMU/142/142_08.pkl,79
CMU/142/142_08.pkl,80
CMU/142/142_08.pkl,81
CMU/142/142_08.pkl,82
CMU/142/142_08.pkl,83
CMU/142/142_08.pkl,84
CMU/142/142_08.pkl,85
CMU/142/142_08.pkl,86
CMU/142/142_08.pkl,87
CMU/142/142_08.pkl,88
CMU/142/142_08.pkl,89
CMU/142/142_08.pkl,90
CMU/142/142_08.pkl,91
CMU/142/142_08.pkl,92
CMU/142/142_08.pkl,93
CMU/142/142_08.pkl,94
CMU/142/142_08.pkl,95
CMU/142/142_08.pkl,96
CMU/142/142_08.pkl,97
CMU/142/142_08.pkl,98
CMU/142/142_08.pkl,99
CMU/142/142_08.pkl,100
CMU/142/142_08.pkl,101
CMU/142/142_08.pkl,102
CMU/142/142_08.pkl,103
CMU/142/142_08.pkl,104
CMU/142/142_08.pkl,105
CMU/142/142_08.pkl,106
CMU/142/142_08.pkl,107
CMU/142/142_08.pkl,108
CMU/142/142_08.pkl,109
CMU/142/142_08.pkl,110
CMU/142/142_08.pkl,111
CMU/142/142_08.pkl,112
CMU/142/142_08.pkl,113
CMU/142/142_08.pkl,114
CMU/142/142_08.pkl,115
CMU/142/142_08.pkl,116
CMU/142/142_08.pkl,117
CMU/142/142_08.pkl,118
CMU/142/142_08.pkl,119
CMU/142/142_08.pkl,120
CMU/142/142_08.pkl,121
CMU/142/142_08.pkl,122
CMU/142/142_08.pkl,123
CMU/142/142_08.pkl,299
CMU/142/142_08.pkl,300
CMU/142/142_08.pkl,301
CMU/142/142_08.pkl,302
CMU/142/142_08.pkl,303
CMU/142/142_08.pkl,304
CMU/142/142_08.pkl,305
CMU/142/142_08.pkl,306
CMU/142/142_08.pkl,307
CMU/142/142_08.pkl,308
CMU/142/142_08.pkl,309
CMU/142/142_08.pkl,310
CMU/142/142_08.pkl,311
CMU/142/142_08.pkl,312
CMU/142/142_08.pkl,313
CMU/142/142_08.pkl,314
CMU/142/142_08.pkl,315
CMU/142/142_08.pkl,316
CMU/142/142_08.pkl,317
CMU/142/142_08.pkl,318
CMU/142/142_08.pkl,319
CMU/142/142_08.pkl,320
CMU/142/142_08.pkl,321
CMU/142/142_08.pkl,322
CMU/142/142_08.pkl,323
CMU/142/142_08.pkl,324
CMU/142/142_08.pkl,325
CMU/142/142_08.pkl,326
CMU/142/142_08.pkl,327
CMU/142/142_08.pkl,328
CMU/142/142_08.pkl,329
CMU/142/142_08.pkl,330
CMU/142/142_08.pkl,331
CMU/142/142_08.pkl,332
CMU/142/142_08.pkl,333
CMU/142/142_08.pkl,334
CMU/142/142_08.pkl,335
CMU/142/142_08.pkl,336
CMU/142/142_08.pkl,337
CMU/142/142_08.pkl,338
CMU/142/142_08.pkl,339
CMU/142/142_08.pkl,340
CMU/142/142_08.pkl,341
CMU/142/142_08.pkl,342
CMU/142/142_08.pkl,343
CMU/142/142_08.pkl,344
CMU/142/142_08.pkl,345
CMU/142/142_08.pkl,346
CMU/142/142_08.pkl,347
CMU/142/142_08.pkl,348
CMU/142/142_08.pkl,349
CMU/142/142_08.pkl,350
CMU/142/142_08.pkl,351
CMU/142/142_08.pkl,352
CMU/142/142_08.pkl,353
CMU/142/142_08.pkl,354
CMU/142/142_08.pkl,355
CMU/142/142_08.pkl,356
CMU/142/142_08.pkl,357
CMU/142/142_08.pkl,358
CMU/142/142_08.pkl,359
CMU/142/142_08.pkl,360
CMU/142/142_08.pkl,361
CMU/142/142_08.pkl,362
CMU/142/142_08.pkl,363
CMU/142/142_08.pkl,364
CMU/142/142_08.pkl,365
CMU/142/142_08.pkl,366
CMU/142/142_08.pkl,367
CMU/142/142_08.pkl,368
CMU/142/142_08.pkl,369
CMU/142/142_08.pkl,370
CMU/142/142_08.pkl,371
CMU/142/142_08.pkl,372
CMU/142/142_08.pkl,373
CMU/142/142_08.pkl,374
CMU/142/142_08.pkl,375
CMU/142/142_08.pkl,376
CMU/142/142_08.pkl,377
CMU/142/142_08.pkl,378
CMU/142/142_08.pkl,379
CMU/142/142_08.pkl,380
CMU/142/142_08.pkl,381
CMU/142/142_08.pkl,382
CMU/142/142_08.pkl,383
CMU/15/15_03.pkl,0
CMU/15/15_03.pkl,1
CMU/15/15_03.pkl,2
CMU/15/15_03.pkl,3
CMU/15/15_03.pkl,4
CMU/15/15_03.pkl,5
CMU/15/15_03.pkl,6
CMU/15/15_03.pkl,7
CMU/15/15_03.pkl,8
CMU/15/15_03.pkl,9
CMU/15/15_03.pkl,10
CMU/15/15_03.pkl,11
CMU/15/15_03.pkl,12
CMU/15/15_03.pkl,13
CMU/15/15_03.pkl,14
CMU/15/15_03.pkl,15
CMU/15/15_03.pkl,16
CMU/15/15_03.pkl,17
CMU/15/15_03.pkl,18
CMU/15/15_03.pkl,19
CMU/15/15_03.pkl,20
CMU/15/15_03.pkl,21
CMU/15/15_03.pkl,22
CMU/15/15_03.pkl,23
CMU/15/15_03.pkl,24
CMU/15/15_03.pkl,25
CMU/15/15_03.pkl,26
CMU/15/15_03.pkl,27
CMU/15/15_03.pkl,28
CMU/15/15_03.pkl,29
CMU/15/15_03.pkl,30
CMU/15/15_03.pkl,31
CMU/15/15_03.pkl,32
CMU/15/15_03.pkl,33
CMU/15/15_03.pkl,34
CMU/15/15_03.pkl,35
CMU/15/15_03.pkl,36
CMU/15/15_03.pkl,37
CMU/15/15_03.pkl,38
CMU/15/15_03.pkl,39
CMU/15/15_03.pkl,40
CMU/15/15_03.pkl,41
CMU/15/15_03.pkl,42
CMU/15/15_03.pkl,43
CMU/15/15_03.pkl,44
CMU/15/15_03.pkl,45
CMU/15/15_03.pkl,46
CMU/15/15_03.pkl,47
CMU/15/15_03.pkl,48
CMU/15/15_03.pkl,49
CMU/15/15_03.pkl,50
CMU/15/15_03.pkl,51
CMU/15/15_03.pkl,52
CMU/15/15_03.pkl,53
CMU/15/15_03.pkl,54
CMU/15/15_03.pkl,55
CMU/15/15_03.pkl,56
CMU/15/15_03.pkl,57
CMU/15/15_03.pkl,58
CMU/15/15_03.pkl,59
CMU/15/15_03.pkl,60
CMU/15/15_03.pkl,61
CMU/15/15_03.pkl,62
CMU/15/15_03.pkl,63
CMU/15/15_03.pkl,64
CMU/15/15_03.pkl,65
CMU/15/15_03.pkl,66
CMU/15/15_03.pkl,67
CMU/15/15_03.pkl,68
CMU/15/15_03.pkl,69
CMU/15/15_03.pkl,70
CMU/15/15_03.pkl,71
CMU/15/15_03.pkl,72
CMU/15/15_03.pkl,73
CMU/15/15_03.pkl,74
CMU/15/15_03.pkl,75
CMU/15/15_03.pkl,76
CMU/15/15_03.pkl,77
CMU/15/15_03.pkl,78
CMU/15/15_03.pkl,126
CMU/15/15_03.pkl,127
CMU/15/15_03.pkl,128
CMU/15/15_03.pkl,129
CMU/15/15_03.pkl,130
CMU/15/15_03.pkl,131
CMU/15/15_03.pkl,132
CMU/15/15_03.pkl,133
CMU/15/15_03.pkl,134
CMU/15/15_03.pkl,135
CMU/15/15_03.pkl,136
CMU/15/15_03.pkl,137
CMU/15/15_03.pkl,138
CMU/15/15_03.pkl,139
CMU/15/15_03.pkl,140
CMU/15/15_03.pkl,141
CMU/15/15_03.pkl,142
CMU/15/15_03.pkl,143
CMU/15/15_03.pkl,144
CMU/15/15_03.pkl,145
CMU/15/15_03.pkl,146
CMU/15/15_03.pkl,147
CMU/15/15_03.pkl,148
CMU/15/15_03.pkl,149
CMU/15/15_03.pkl,150
CMU/15/15_03.pkl,151
CMU/15/15_03.pkl,152
CMU/15/15_03.pkl,153
CMU/15/15_03.pkl,154
CMU/15/15_03.pkl,155
CMU/15/15_03.pkl,156
CMU/15/15_03.pkl,157
CMU/15/15_03.pkl,158
CMU/15/15_03.pkl,159
CMU/15/15_03.pkl,160
CMU/15/15_03.pkl,161
CMU/15/15_03.pkl,162
CMU/15/15_03.pkl,163
CMU/15/15_03.pkl,164
CMU/15/15_03.pkl,165
CMU/15/15_03.pkl,166
CMU/15/15_03.pkl,167
CMU/15/15_03.pkl,168
CMU/15/15_03.pkl,169
CMU/15/15_03.pkl,170
CMU/15/15_03.pkl,171
CMU/15/15_03.pkl,172
CMU/15/15_03.pkl,173
CMU/15/15_03.pkl,174
CMU/15/15_03.pkl,175
CMU/15/15_03.pkl,176
CMU/15/15_03.pkl,177
CMU/15/15_03.pkl,178
CMU/15/15_03.pkl,179
CMU/15/15_03.pkl,180
CMU/15/15_03.pkl,181
CMU/15/15_03.pkl,182
CMU/15/15_03.pkl,183
CMU/15/15_03.pkl,184
CMU/15/15_03.pkl,185
CMU/15/15_03.pkl,186
CMU/15/15_03.pkl,187
CMU/15/15_03.pkl,188
CMU/15/15_03.pkl,189
CMU/15/15_03.pkl,190
CMU/15/15_03.pkl,191
CMU/15/15_03.pkl,192
CMU/15/15_03.pkl,193
CMU/15/15_03.pkl,194
CMU/15/15_03.pkl,195
CMU/15/15_03.pkl,196
CMU/15/15_03.pkl,197
CMU/15/15_03.pkl,198
CMU/15/15_03.pkl,199
CMU/15/15_03.pkl,200
CMU/15/15_03.pkl,201
CMU/15/15_03.pkl,202
CMU/15/15_03.pkl,203
CMU/15/15_03.pkl,204
CMU/15/15_03.pkl,205
CMU/15/15_03.pkl,206
CMU/15/15_03.pkl,207
CMU/15/15_03.pkl,208
CMU/15/15_03.pkl,209
CMU/15/15_03.pkl,210
CMU/15/15_03.pkl,211
CMU/15/15_03.pkl,212
CMU/15/15_03.pkl,213
CMU/15/15_03.pkl,214
CMU/15/15_03.pkl,215
CMU/15/15_03.pkl,216
CMU/15/15_03.pkl,217
CMU/15/15_03.pkl,218
CMU/15/15_03.pkl,219
CMU/15/15_03.pkl,220
CMU/15/15_03.pkl,221
CMU/15/15_03.pkl,222
CMU/15/15_03.pkl,223
CMU/15/15_03.pkl,224
CMU/15/15_03.pkl,225
CMU/15/15_03.pkl,226
CMU/15/15_03.pkl,227
CMU/15/15_03.pkl,228
CMU/15/15_03.pkl,229
CMU/15/15_03.pkl,230
CMU/15/15_03.pkl,231
CMU/15/15_03.pkl,232
CMU/15/15_03.pkl,233
CMU/15/15_03.pkl,234
CMU/15/15_03.pkl,235
CMU/15/15_03.pkl,236
CMU/15/15_03.pkl,237
CMU/15/15_03.pkl,238
CMU/15/15_03.pkl,239
CMU/15/15_03.pkl,240
CMU/15/15_03.pkl,241
CMU/15/15_03.pkl,242
CMU/15/15_03.pkl,243
CMU/15/15_03.pkl,244
CMU/15/15_03.pkl,245
CMU/15/15_03.pkl,246
CMU/15/15_03.pkl,247
CMU/15/15_03.pkl,248
CMU/15/15_03.pkl,249
CMU/15/15_03.pkl,250
CMU/15/15_03.pkl,251
CMU/15/15_03.pkl,252
CMU/15/15_03.pkl,253
CMU/15/15_03.pkl,254
CMU/15/15_03.pkl,255
CMU/15/15_03.pkl,256
CMU/15/15_03.pkl,257
CMU/15/15_03.pkl,258
CMU/15/15_03.pkl,259
CMU/15/15_03.pkl,260
CMU/15/15_03.pkl,261
CMU/15/15_03.pkl,262
CMU/15/15_03.pkl,263
CMU/15/15_03.pkl,311
CMU/15/15_03.pkl,312
CMU/15/15_03.pkl,313
CMU/15/15_03.pkl,314
CMU/15/15_03.pkl,315
CMU/15/15_03.pkl,316
CMU/15/15_03.pkl,317
CMU/15/15_03.pkl,318
CMU/15/15_03.pkl,319
CMU/15/15_03.pkl,320
CMU/15/15_03.pkl,321
CMU/15/15_03.pkl,322
CMU/15/15_03.pkl,323
CMU/15/15_03.pkl,324
CMU/15/15_03.pkl,325
CMU/15/15_03.pkl,326
CMU/15/15_03.pkl,327
CMU/15/15_03.pkl,328
CMU/15/15_03.pkl,329
CMU/15/15_03.pkl,330
CMU/15/15_03.pkl,331
CMU/15/15_03.pkl,332
CMU/15/15_03.pkl,333
CMU/15/15_03.pkl,334
CMU/15/15_03.pkl,335
CMU/15/15_03.pkl,336
CMU/15/15_03.pkl,337
CMU/15/15_03.pkl,338
CMU/15/15_03.pkl,339
CMU/15/15_03.pkl,340
CMU/15/15_03.pkl,341
CMU/15/15_03.pkl,342
CMU/15/15_03.pkl,343
CMU/15/15_03.pkl,344
CMU/15/15_03.pkl,345
CMU/15/15_03.pkl,346
CMU/15/15_03.pkl,347
CMU/15/15_03.pkl,348
CMU/15/15_03.pkl,349
CMU/15/15_03.pkl,350
CMU/15/15_03.pkl,351
CMU/15/15_03.pkl,352
CMU/15/15_03.pkl,353
CMU/15/15_03.pkl,354
CMU/15/15_03.pkl,355
CMU/15/15_03.pkl,356
CMU/15/15_03.pkl,357
CMU/15/15_03.pkl,358
CMU/15/15_03.pkl,359
CMU/15/15_03.pkl,360
CMU/15/15_03.pkl,361
CMU/15/15_03.pkl,362
CMU/15/15_03.pkl,363
CMU/15/15_03.pkl,364
CMU/15/15_03.pkl,365
CMU/15/15_03.pkl,366
CMU/15/15_03.pkl,367
CMU/15/15_03.pkl,368
CMU/15/15_03.pkl,369
CMU/15/15_03.pkl,370
CMU/15/15_03.pkl,371
CMU/15/15_03.pkl,372
CMU/15/15_03.pkl,373
CMU/15/15_03.pkl,374
CMU/15/15_03.pkl,375
CMU/15/15_03.pkl,376
CMU/15/15_03.pkl,377
CMU/15/15_03.pkl,378
CMU/15/15_03.pkl,379
CMU/15/15_03.pkl,380
CMU/15/15_03.pkl,381
CMU/15/15_03.pkl,382
CMU/15/15_03.pkl,383
CMU/15/15_03.pkl,384
CMU/15/15_03.pkl,385
CMU/15/15_03.pkl,386
CMU/15/15_03.pkl,387
CMU/15/15_03.pkl,388
CMU/15/15_03.pkl,389
CMU/15/15_03.pkl,390
CMU/15/15_03.pkl,391
CMU/15/15_03.pkl,392
CMU/15/15_03.pkl,393
CMU/15/15_03.pkl,394
CMU/15/15_03.pkl,395
CMU/15/15_03.pkl,396
CMU/15/15_03.pkl,397
CMU/15/15_03.pkl,398
CMU/15/15_03.pkl,399
CMU/15/15_03.pkl,400
CMU/15/15_03.pkl,401
CMU/15/15_03.pkl,402
CMU/15/15_03.pkl,403
CMU/15/15_03.pkl,404
CMU/15/15_03.pkl,405
CMU/15/15_03.pkl,406
CMU/15/15_03.pkl,407
CMU/15/15_03.pkl,408
CMU/15/15_03.pkl,409
CMU/15/15_03.pkl,410
CMU/15/15_03.pkl,411
CMU/15/15_03.pkl,412
CMU/15/15_03.pkl,413
CMU/15/15_03.pkl,414
CMU/15/15_03.pkl,415
CMU/15/15_03.pkl,416
CMU/15/15_03.pkl,417
CMU/15/15_03.pkl,418
CMU/15/15_03.pkl,419
CMU/15/15_03.pkl,420
CMU/15/15_03.pkl,421
CMU/15/15_03.pkl,422
CMU/15/15_03.pkl,469
CMU/15/15_03.pkl,470
CMU/15/15_03.pkl,471
CMU/15/15_03.pkl,472
CMU/15/15_03.pkl,473
CMU/15/15_03.pkl,474
CMU/15/15_03.pkl,475
CMU/15/15_03.pkl,476
CMU/15/15_03.pkl,477
CMU/15/15_03.pkl,478
CMU/15/15_03.pkl,479
CMU/15/15_03.pkl,480
CMU/15/15_03.pkl,481
CMU/15/15_03.pkl,482
CMU/15/15_03.pkl,483
CMU/15/15_03.pkl,484
CMU/15/15_03.pkl,485
CMU/15/15_03.pkl,486
CMU/15/15_03.pkl,487
CMU/15/15_03.pkl,488
CMU/15/15_03.pkl,489
CMU/15/15_03.pkl,490
CMU/15/15_03.pkl,491
CMU/15/15_03.pkl,492
CMU/15/15_03.pkl,493
CMU/15/15_03.pkl,494
CMU/15/15_03.pkl,495
CMU/15/15_03.pkl,496
CMU/15/15_03.pkl,497
CMU/15/15_03.pkl,498
CMU/15/15_03.pkl,499
CMU/15/15_03.pkl,500
CMU/15/15_03.pkl,501
CMU/15/15_03.pkl,502
CMU/15/15_03.pkl,503
CMU/15/15_03.pkl,504
CMU/15/15_03.pkl,505
CMU/15/15_03.pkl,506
CMU/15/15_03.pkl,507
CMU/15/15_03.pkl,508
CMU/15/15_03.pkl,509
CMU/15/15_03.pkl,510
CMU/15/15_03.pkl,511
CMU/15/15_03.pkl,512
CMU/15/15_03.pkl,513
CMU/15/15_03.pkl,514
CMU/15/15_03.pkl,515
CMU/15/15_03.pkl,516
CMU/15/15_03.pkl,517
CMU/15/15_03.pkl,518
CMU/15/15_03.pkl,519
CMU/15/15_03.pkl,520
CMU/15/15_03.pkl,521
CMU/15/15_03.pkl,522
CMU/15/15_03.pkl,523
CMU/15/15_03.pkl,524
CMU/15/15_03.pkl,525
CMU/15/15_03.pkl,526
CMU/15/15_03.pkl,527
CMU/15/15_03.pkl,528
CMU/15/15_03.pkl,529
CMU/15/15_03.pkl,530
CMU/15/15_03.pkl,531
CMU/15/15_03.pkl,532
CMU/15/15_03.pkl,533
CMU/15/15_03.pkl,534
CMU/15/15_03.pkl,535
CMU/15/15_03.pkl,536
CMU/15/15_03.pkl,537
CMU/15/15_03.pkl,538
CMU/15/15_03.pkl,539
CMU/15/15_03.pkl,540
CMU/15/15_03.pkl,541
CMU/15/15_03.pkl,542
CMU/15/15_03.pkl,543
CMU/15/15_03.pkl,544
CMU/15/15_03.pkl,545
CMU/15/15_03.pkl,546
CMU/15/15_03.pkl,547
CMU/15/15_03.pkl,548
CMU/15/15_03.pkl,549
CMU/15/15_03.pkl,550
CMU/15/15_03.pkl,551
CMU/15/15_03.pkl,552
CMU/15/15_03.pkl,553
CMU/15/15_03.pkl,554
CMU/15/15_03.pkl,555
CMU/15/15_03.pkl,556
CMU/15/15_03.pkl,557
CMU/15/15_03.pkl,558
CMU/15/15_03.pkl,559
CMU/15/15_03.pkl,560
CMU/15/15_03.pkl,561
CMU/15/15_03.pkl,562
CMU/15/15_03.pkl,563
CMU/15/15_03.pkl,564
CMU/15/15_03.pkl,565
CMU/15/15_03.pkl,566
CMU/15/15_03.pkl,567
CMU/15/15_03.pkl,568
CMU/15/15_03.pkl,569
CMU/15/15_03.pkl,570
CMU/15/15_03.pkl,571
CMU/15/15_03.pkl,572
CMU/15/15_03.pkl,573
CMU/15/15_03.pkl,574
CMU/15/15_03.pkl,575
CMU/15/15_03.pkl,576
CMU/15/15_03.pkl,626
CMU/15/15_03.pkl,627
CMU/15/15_03.pkl,628
CMU/15/15_03.pkl,629
CMU/15/15_03.pkl,630
CMU/15/15_03.pkl,631
CMU/15/15_03.pkl,632
CMU/15/15_03.pkl,633
CMU/15/15_03.pkl,634
CMU/15/15_03.pkl,635
CMU/15/15_03.pkl,636
CMU/15/15_03.pkl,637
CMU/15/15_03.pkl,638
CMU/15/15_03.pkl,639
CMU/15/15_03.pkl,640
CMU/15/15_03.pkl,641
CMU/15/15_03.pkl,642
CMU/15/15_03.pkl,643
CMU/15/15_03.pkl,644
CMU/15/15_03.pkl,645
CMU/15/15_03.pkl,646
CMU/15/15_03.pkl,647
CMU/15/15_03.pkl,648
CMU/15/15_03.pkl,649
CMU/15/15_03.pkl,650
CMU/15/15_03.pkl,651
CMU/15/15_03.pkl,652
CMU/15/15_03.pkl,653
CMU/15/15_03.pkl,654
CMU/15/15_03.pkl,655
CMU/15/15_03.pkl,656
CMU/15/15_03.pkl,657
CMU/15/15_03.pkl,658
CMU/15/15_03.pkl,659
CMU/15/15_03.pkl,660
CMU/15/15_03.pkl,661
CMU/15/15_03.pkl,662
CMU/15/15_03.pkl,663
CMU/15/15_03.pkl,664
CMU/15/15_03.pkl,665
CMU/15/15_03.pkl,666
CMU/15/15_03.pkl,667
CMU/15/15_03.pkl,668
CMU/15/15_03.pkl,669
CMU/15/15_03.pkl,670
CMU/15/15_03.pkl,671
CMU/15/15_03.pkl,672
CMU/15/15_03.pkl,673
CMU/15/15_03.pkl,674
CMU/15/15_03.pkl,675
CMU/15/15_03.pkl,676
CMU/15/15_03.pkl,677
CMU/15/15_03.pkl,678
CMU/15/15_03.pkl,679
CMU/15/15_03.pkl,680
CMU/15/15_03.pkl,681
CMU/15/15_03.pkl,682
CMU/15/15_03.pkl,683
CMU/15/15_03.pkl,684
CMU/15/15_03.pkl,685
CMU/15/15_03.pkl,686
CMU/15/15_03.pkl,687
CMU/15/15_03.pkl,688
CMU/15/15_03.pkl,689
CMU/15/15_03.pkl,690
CMU/15/15_03.pkl,691
CMU/15/15_03.pkl,692
CMU/15/15_03.pkl,693
CMU/15/15_03.pkl,694
CMU/15/15_03.pkl,695
CMU/15/15_03.pkl,696
CMU/15/15_03.pkl,697
CMU/15/15_03.pkl,698
CMU/15/15_03.pkl,699
CMU/15/15_03.pkl,700
CMU/15/15_03.pkl,701
CMU/15/15_03.pkl,702
CMU/15/15_03.pkl,703
CMU/15/15_03.pkl,704
CMU/15/15_03.pkl,705
CMU/15/15_03.pkl,706
CMU/15/15_03.pkl,707
CMU/15/15_03.pkl,708
CMU/15/15_03.pkl,709
CMU/15/15_03.pkl,710
CMU/15/15_03.pkl,711
CMU/15/15_03.pkl,712
CMU/15/15_03.pkl,713
CMU/15/15_03.pkl,714
CMU/15/15_03.pkl,715
CMU/15/15_03.pkl,716
CMU/15/15_03.pkl,717
CMU/15/15_03.pkl,718
CMU/15/15_03.pkl,719
CMU/15/15_03.pkl,720
CMU/15/15_03.pkl,721
CMU/15/15_03.pkl,722
CMU/15/15_03.pkl,723
CMU/15/15_03.pkl,724
CMU/15/15_03.pkl,725
CMU/15/15_03.pkl,726
CMU/15/15_03.pkl,727
CMU/15/15_03.pkl,728
CMU/15/15_03.pkl,729
CMU/15/15_03.pkl,730
CMU/15/15_03.pkl,731
CMU/15/15_03.pkl,787
CMU/15/15_03.pkl,788
CMU/15/15_03.pkl,789
CMU/15/15_03.pkl,790
CMU/15/15_03.pkl,791
CMU/15/15_03.pkl,792
CMU/15/15_03.pkl,793
CMU/15/15_03.pkl,794
CMU/15/15_03.pkl,795
CMU/15/15_03.pkl,796
CMU/15/15_03.pkl,797
CMU/15/15_03.pkl,798
CMU/15/15_03.pkl,799
CMU/15/15_03.pkl,800
CMU/15/15_03.pkl,801
CMU/15/15_03.pkl,802
CMU/15/15_03.pkl,803
CMU/15/15_03.pkl,804
CMU/15/15_03.pkl,805
CMU/15/15_03.pkl,806
CMU/15/15_03.pkl,807
CMU/15/15_03.pkl,808
CMU/15/15_03.pkl,809
CMU/15/15_03.pkl,810
CMU/15/15_03.pkl,811
CMU/15/15_03.pkl,812
CMU/15/15_03.pkl,813
CMU/15/15_03.pkl,814
CMU/15/15_03.pkl,815
CMU/15/15_03.pkl,816
CMU/15/15_03.pkl,817
CMU/15/15_03.pkl,818
CMU/15/15_03.pkl,819
CMU/15/15_03.pkl,820
CMU/15/15_03.pkl,821
CMU/15/15_03.pkl,822
CMU/15/15_03.pkl,823
CMU/15/15_03.pkl,824
CMU/15/15_03.pkl,825
CMU/15/15_03.pkl,826
CMU/15/15_03.pkl,827
CMU/15/15_03.pkl,828
CMU/15/15_03.pkl,829
CMU/15/15_03.pkl,830
CMU/15/15_03.pkl,831
CMU/15/15_03.pkl,832
CMU/15/15_03.pkl,833
CMU/15/15_03.pkl,834
CMU/15/15_03.pkl,835
CMU/15/15_03.pkl,836
CMU/15/15_03.pkl,837
CMU/15/15_03.pkl,838
CMU/15/15_03.pkl,839
CMU/15/15_03.pkl,840
CMU/15/15_03.pkl,841
CMU/15/15_03.pkl,842
CMU/15/15_03.pkl,843
CMU/15/15_03.pkl,844
CMU/15/15_03.pkl,845
CMU/15/15_03.pkl,846
CMU/15/15_03.pkl,847
CMU/15/15_03.pkl,848
CMU/15/15_03.pkl,849
CMU/15/15_03.pkl,850
CMU/15/15_03.pkl,851
CMU/15/15_03.pkl,852
CMU/15/15_03.pkl,853
CMU/15/15_03.pkl,854
CMU/15/15_03.pkl,855
CMU/15/15_03.pkl,856
CMU/15/15_03.pkl,857
CMU/15/15_03.pkl,858
CMU/15/15_03.pkl,859
CMU/15/15_03.pkl,860
CMU/15/15_03.pkl,861
CMU/15/15_03.pkl,862
CMU/15/15_03.pkl,863
CMU/15/15_03.pkl,864
CMU/15/15_03.pkl,865
CMU/15/15_03.pkl,866
CMU/15/15_03.pkl,867
CMU/15/15_03.pkl,868
CMU/15/15_03.pkl,869
CMU/15/15_03.pkl,870
CMU/15/15_03.pkl,871
CMU/15/15_03.pkl,872
CMU/15/15_03.pkl,873
CMU/15/15_03.pkl,874
CMU/15/15_03.pkl,875
CMU/15/15_03.pkl,876
CMU/15/15_03.pkl,877
CMU/15/15_03.pkl,878
CMU/15/15_03.pkl,879
CMU/15/15_03.pkl,880
CMU/15/15_03.pkl,881
CMU/15/15_03.pkl,882
CMU/15/15_03.pkl,883
CMU/15/15_03.pkl,884
CMU/15/15_03.pkl,885
CMU/15/15_03.pkl,886
CMU/15/15_03.pkl,887
CMU/15/15_03.pkl,888
CMU/15/15_03.pkl,889
CMU/15/15_03.pkl,890
CMU/15/15_03.pkl,891
CMU/15/15_03.pkl,892
CMU/15/15_03.pkl,893
CMU/15/15_03.pkl,894
CMU/15/15_03.pkl,895
CMU/15/15_03.pkl,896
CMU/15/15_03.pkl,897
CMU/15/15_03.pkl,898
CMU/15/15_03.pkl,899
CMU/15/15_03.pkl,900
CMU/15/15_03.pkl,901
CMU/15/15_03.pkl,961
CMU/15/15_03.pkl,962
CMU/15/15_03.pkl,963
CMU/15/15_03.pkl,964
CMU/15/15_03.pkl,965
CMU/15/15_03.pkl,966
CMU/15/15_03.pkl,967
CMU/15/15_03.pkl,968
CMU/15/15_03.pkl,969
CMU/15/15_03.pkl,970
CMU/15/15_03.pkl,971
CMU/15/15_03.pkl,972
CMU/15/15_03.pkl,973
CMU/15/15_03.pkl,974
CMU/15/15_03.pkl,975
CMU/15/15_03.pkl,976
CMU/15/15_03.pkl,977
CMU/15/15_03.pkl,978
CMU/15/15_03.pkl,979
CMU/15/15_03.pkl,980
CMU/15/15_03.pkl,981
CMU/15/15_03.pkl,982
CMU/15/15_03.pkl,983
CMU/15/15_03.pkl,984
CMU/15/15_03.pkl,985
CMU/15/15_03.pkl,986
CMU/15/15_03.pkl,987
CMU/15/15_03.pkl,988
CMU/15/15_03.pkl,989
CMU/15/15_03.pkl,990
CMU/15/15_03.pkl,991
CMU/15/15_03.pkl,992
CMU/15/15_03.pkl,993
CMU/15/15_03.pkl,994
CMU/15/15_03.pkl,995
CMU/15/15_03.pkl,996
CMU/15/15_03.pkl,997
CMU/15/15_03.pkl,998
CMU/15/15_03.pkl,999
CMU/15/15_03.pkl,1000
CMU/15/15_03.pkl,1001
CMU/15/15_03.pkl,1002
CMU/15/15_03.pkl,1003
CMU/15/15_03.pkl,1004
CMU/15/15_03.pkl,1005
CMU/15/15_03.pkl,1006
CMU/15/15_03.pkl,1007
CMU/15/15_03.pkl,1008
CMU/15/15_03.pkl,1009
CMU/15/15_03.pkl,1010
CMU/15/15_03.pkl,1011
CMU/15/15_03.pkl,1012
CMU/15/15_03.pkl,1013
CMU/15/15_03.pkl,1014
CMU/15/15_03.pkl,1015
CMU/15/15_03.pkl,1016
CMU/15/15_03.pkl,1017
CMU/15/15_03.pkl,1018
CMU/15/15_03.pkl,1019
CMU/15/15_03.pkl,1020
CMU/15/15_03.pkl,1021
CMU/15/15_03.pkl,1022
CMU/15/15_03.pkl,1023
CMU/15/15_03.pkl,1024
CMU/15/15_03.pkl,1025
CMU/15/15_03.pkl,1026
CMU/15/15_03.pkl,1027
CMU/15/15_03.pkl,1028
CMU/15/15_03.pkl,1029
CMU/15/15_03.pkl,1030
CMU/15/15_03.pkl,1031
CMU/15/15_03.pkl,1032
CMU/15/15_03.pkl,1033
CMU/15/15_03.pkl,1034
CMU/15/15_03.pkl,1035
CMU/15/15_03.pkl,1036
CMU/15/15_03.pkl,1037
CMU/15/15_03.pkl,1038
CMU/15/15_03.pkl,1039
CMU/15/15_03.pkl,1040
CMU/15/15_03.pkl,1041
CMU/15/15_03.pkl,1042
CMU/15/15_03.pkl,1043
CMU/15/15_03.pkl,1044
CMU/15/15_03.pkl,1045
CMU/15/15_03.pkl,1046
CMU/15/15_03.pkl,1047
CMU/15/15_03.pkl,1048
CMU/15/15_03.pkl,1049
CMU/15/15_03.pkl,1050
CMU/15/15_03.pkl,1051
CMU/15/15_03.pkl,1052
CMU/15/15_03.pkl,1053
CMU/15/15_03.pkl,1054
CMU/15/15_03.pkl,1055
CMU/15/15_03.pkl,1056
CMU/15/15_03.pkl,1057
CMU/15/15_03.pkl,1058
CMU/15/15_03.pkl,1059
CMU/15/15_03.pkl,1060
CMU/15/15_03.pkl,1061
CMU/15/15_03.pkl,1062
CMU/15/15_03.pkl,1063
CMU/15/15_03.pkl,1064
CMU/15/15_03.pkl,1065
CMU/15/15_03.pkl,1066
CMU/15/15_03.pkl,1067
CMU/15/15_03.pkl,1068
CMU/15/15_03.pkl,1069
CMU/15/15_03.pkl,1070
CMU/15/15_03.pkl,1071
CMU/15/15_03.pkl,1072
CMU/15/15_03.pkl,1123
CMU/15/15_03.pkl,1124
CMU/15/15_03.pkl,1125
CMU/15/15_03.pkl,1126
CMU/15/15_03.pkl,1127
CMU/15/15_03.pkl,1128
CMU/15/15_03.pkl,1129
CMU/15/15_03.pkl,1130
CMU/15/15_03.pkl,1131
CMU/15/15_03.pkl,1132
CMU/15/15_03.pkl,1133
CMU/15/15_03.pkl,1134
CMU/15/15_03.pkl,1135
CMU/15/15_03.pkl,1136
CMU/15/15_03.pkl,1137
CMU/15/15_03.pkl,1138
CMU/15/15_03.pkl,1139
CMU/15/15_03.pkl,1140
CMU/15/15_03.pkl,1141
CMU/15/15_03.pkl,1142
CMU/15/15_03.pkl,1143
CMU/15/15_03.pkl,1144
CMU/15/15_03.pkl,1145
CMU/15/15_03.pkl,1146
CMU/15/15_03.pkl,1147
CMU/15/15_03.pkl,1148
CMU/15/15_03.pkl,1149
CMU/15/15_03.pkl,1150
CMU/15/15_03.pkl,1151
CMU/15/15_03.pkl,1152
CMU/15/15_03.pkl,1153
CMU/15/15_03.pkl,1154
CMU/15/15_03.pkl,1155
CMU/15/15_03.pkl,1156
CMU/15/15_03.pkl,1157
CMU/15/15_03.pkl,1158
CMU/15/15_03.pkl,1159
CMU/15/15_03.pkl,1160
CMU/15/15_03.pkl,1161
CMU/15/15_03.pkl,1162
CMU/15/15_03.pkl,1163
CMU/15/15_03.pkl,1164
CMU/15/15_03.pkl,1165
CMU/15/15_03.pkl,1166
CMU/15/15_03.pkl,1167
CMU/15/15_03.pkl,1168
CMU/15/15_03.pkl,1169
CMU/15/15_03.pkl,1170
CMU/15/15_03.pkl,1171
CMU/15/15_03.pkl,1172
CMU/15/15_03.pkl,1173
CMU/15/15_03.pkl,1174
CMU/15/15_03.pkl,1175
CMU/15/15_03.pkl,1176
CMU/15/15_03.pkl,1177
CMU/15/15_03.pkl,1178
CMU/15/15_03.pkl,1179
CMU/15/15_03.pkl,1180
CMU/15/15_03.pkl,1181
CMU/15/15_03.pkl,1182
CMU/15/15_03.pkl,1183
CMU/15/15_03.pkl,1184
CMU/15/15_03.pkl,1185
CMU/15/15_03.pkl,1186
CMU/15/15_03.pkl,1187
CMU/15/15_03.pkl,1188
CMU/15/15_03.pkl,1189
CMU/15/15_03.pkl,1190
CMU/15/15_03.pkl,1191
CMU/15/15_03.pkl,1192
CMU/15/15_03.pkl,1193
CMU/15/15_03.pkl,1194
CMU/15/15_03.pkl,1195
CMU/15/15_03.pkl,1196
CMU/15/15_03.pkl,1197
CMU/15/15_03.pkl,1198
CMU/15/15_03.pkl,1199
CMU/15/15_03.pkl,1200
CMU/15/15_03.pkl,1201
CMU/15/15_03.pkl,1202
CMU/15/15_03.pkl,1203
CMU/15/15_03.pkl,1204
CMU/15/15_03.pkl,1205
CMU/15/15_03.pkl,1206
CMU/15/15_03.pkl,1207
CMU/15/15_03.pkl,1208
CMU/15/15_03.pkl,1209
CMU/15/15_03.pkl,1210
CMU/15/15_03.pkl,1211
CMU/15/15_03.pkl,1212
CMU/15/15_03.pkl,1213
CMU/15/15_03.pkl,1214
CMU/15/15_03.pkl,1215
CMU/15/15_03.pkl,1216
CMU/15/15_03.pkl,1217
CMU/15/15_03.pkl,1218
CMU/15/15_03.pkl,1219
CMU/15/15_03.pkl,1220
CMU/15/15_03.pkl,1221
CMU/15/15_03.pkl,1222
CMU/15/15_03.pkl,1223
CMU/15/15_03.pkl,1224
CMU/15/15_03.pkl,1225
CMU/15/15_03.pkl,1226
CMU/15/15_03.pkl,1227
CMU/15/15_03.pkl,1228
CMU/15/15_03.pkl,1229
CMU/15/15_03.pkl,1230
CMU/15/15_03.pkl,1382
CMU/15/15_03.pkl,1383
CMU/15/15_03.pkl,1384
CMU/15/15_03.pkl,1385
CMU/15/15_03.pkl,1386
CMU/15/15_03.pkl,1387
CMU/15/15_03.pkl,1388
CMU/15/15_03.pkl,1389
CMU/15/15_03.pkl,1606
CMU/15/15_03.pkl,1607
CMU/15/15_03.pkl,1608
CMU/15/15_03.pkl,1609
CMU/15/15_03.pkl,1739
CMU/15/15_03.pkl,1740
CMU/15/15_03.pkl,1741
CMU/15/15_03.pkl,1742
CMU/15/15_03.pkl,1743
CMU/15/15_03.pkl,1744
CMU/15/15_03.pkl,1745
CMU/15/15_03.pkl,1746
CMU/15/15_03.pkl,1747
CMU/15/15_03.pkl,1748
CMU/15/15_03.pkl,1749
CMU/15/15_03.pkl,1750
CMU/15/15_03.pkl,1751
CMU/15/15_03.pkl,1752
CMU/15/15_03.pkl,1753
CMU/15/15_03.pkl,1754
CMU/15/15_03.pkl,1755
CMU/15/15_03.pkl,1756
CMU/15/15_03.pkl,1757
CMU/15/15_03.pkl,1758
CMU/15/15_03.pkl,1759
CMU/15/15_03.pkl,1760
CMU/15/15_03.pkl,1761
CMU/15/15_03.pkl,1762
CMU/15/15_03.pkl,1763
CMU/15/15_03.pkl,1764
CMU/15/15_03.pkl,1765
CMU/15/15_03.pkl,1766
CMU/15/15_03.pkl,1767
CMU/15/15_03.pkl,1768
CMU/15/15_03.pkl,1769
CMU/15/15_03.pkl,1770
CMU/15/15_03.pkl,1771
CMU/15/15_03.pkl,1772
CMU/15/15_03.pkl,1773
CMU/15/15_03.pkl,1774
CMU/15/15_03.pkl,1775
CMU/15/15_03.pkl,1776
CMU/15/15_03.pkl,1777
CMU/15/15_03.pkl,1778
CMU/15/15_03.pkl,1779
CMU/15/15_03.pkl,1780
CMU/15/15_03.pkl,1781
CMU/15/15_03.pkl,1782
CMU/15/15_03.pkl,1783
CMU/15/15_03.pkl,1784
CMU/15/15_03.pkl,1785
CMU/15/15_03.pkl,1786
CMU/15/15_03.pkl,1787
CMU/15/15_03.pkl,1788
CMU/15/15_03.pkl,1789
CMU/15/15_03.pkl,1790
CMU/15/15_03.pkl,1791
CMU/15/15_03.pkl,1792
CMU/15/15_03.pkl,1793
CMU/15/15_03.pkl,1794
CMU/15/15_03.pkl,1795
CMU/15/15_03.pkl,1796
CMU/15/15_03.pkl,1797
CMU/15/15_03.pkl,1798
CMU/15/15_03.pkl,1799
CMU/15/15_03.pkl,1800
CMU/15/15_03.pkl,1801
CMU/15/15_03.pkl,1802
CMU/15/15_03.pkl,1803
CMU/15/15_03.pkl,1804
CMU/15/15_03.pkl,1805
CMU/15/15_03.pkl,1806
CMU/15/15_03.pkl,1807
CMU/15/15_03.pkl,1808
CMU/15/15_03.pkl,1809
CMU/15/15_03.pkl,1810
CMU/15/15_03.pkl,1811
CMU/15/15_03.pkl,1812
CMU/15/15_03.pkl,1813
CMU/15/15_03.pkl,1814
CMU/15/15_03.pkl,1815
CMU/15/15_03.pkl,1816
CMU/15/15_03.pkl,1817
CMU/15/15_03.pkl,1818
CMU/15/15_03.pkl,1819
CMU/15/15_03.pkl,1820
CMU/15/15_03.pkl,1821
CMU/15/15_03.pkl,1822
CMU/15/15_03.pkl,1823
CMU/15/15_03.pkl,1824
CMU/15/15_03.pkl,1825
CMU/15/15_03.pkl,1826
CMU/15/15_03.pkl,1827
CMU/15/15_03.pkl,1828
CMU/15/15_03.pkl,1829
CMU/15/15_03.pkl,1830
CMU/15/15_03.pkl,1831
CMU/15/15_03.pkl,1832
CMU/15/15_03.pkl,1833
CMU/15/15_03.pkl,1834
CMU/15/15_03.pkl,1835
CMU/15/15_03.pkl,1836
CMU/15/15_03.pkl,1837
CMU/15/15_03.pkl,1838
CMU/15/15_03.pkl,1839
CMU/15/15_03.pkl,1840
CMU/15/15_03.pkl,1841
CMU/15/15_03.pkl,1842
CMU/15/15_03.pkl,1843
CMU/15/15_03.pkl,1844
CMU/15/15_03.pkl,1880
CMU/15/15_03.pkl,1881
CMU/15/15_03.pkl,1882
CMU/15/15_03.pkl,1883
CMU/15/15_03.pkl,1884
CMU/15/15_03.pkl,1885
CMU/15/15_03.pkl,1886
CMU/15/15_03.pkl,1887
CMU/15/15_03.pkl,1888
CMU/15/15_03.pkl,1889
CMU/15/15_03.pkl,1890
CMU/15/15_03.pkl,1891
CMU/15/15_03.pkl,1892
CMU/15/15_03.pkl,1893
CMU/15/15_03.pkl,2142
CMU/15/15_03.pkl,2143
CMU/15/15_03.pkl,2144
CMU/15/15_03.pkl,2145
CMU/15/15_03.pkl,2146
CMU/15/15_03.pkl,2147
CMU/15/15_03.pkl,2148
CMU/15/15_03.pkl,2149
CMU/15/15_03.pkl,2150
CMU/15/15_03.pkl,2151
CMU/15/15_03.pkl,2152
CMU/15/15_03.pkl,2153
CMU/15/15_03.pkl,2154
CMU/15/15_03.pkl,2155
CMU/15/15_03.pkl,2156
CMU/15/15_03.pkl,2157
CMU/15/15_03.pkl,2304
CMU/15/15_03.pkl,2305
CMU/15/15_03.pkl,2306
CMU/15/15_03.pkl,2307
CMU/15/15_03.pkl,2308
CMU/15/15_03.pkl,2309
CMU/15/15_03.pkl,2310
CMU/15/15_03.pkl,2311
CMU/15/15_03.pkl,2312
CMU/15/15_03.pkl,2313
CMU/15/15_03.pkl,2314
CMU/15/15_03.pkl,2315
CMU/15/15_03.pkl,2316
CMU/15/15_03.pkl,2317
CMU/15/15_03.pkl,2318
CMU/15/15_03.pkl,2319
CMU/15/15_03.pkl,2320
CMU/15/15_03.pkl,2321
CMU/15/15_03.pkl,2322
CMU/15/15_03.pkl,2323
CMU/15/15_03.pkl,2324
CMU/15/15_03.pkl,2325
CMU/15/15_03.pkl,2326
CMU/15/15_03.pkl,2327
CMU/15/15_03.pkl,2328
CMU/15/15_03.pkl,2329
CMU/15/15_03.pkl,2330
CMU/15/15_03.pkl,2331
CMU/15/15_03.pkl,2332
CMU/15/15_03.pkl,2333
CMU/15/15_03.pkl,2334
CMU/15/15_03.pkl,2335
CMU/15/15_03.pkl,2336
CMU/15/15_03.pkl,2337
CMU/15/15_03.pkl,2338
CMU/15/15_03.pkl,2339
CMU/15/15_03.pkl,2340
CMU/15/15_03.pkl,2341
CMU/15/15_03.pkl,2342
CMU/15/15_03.pkl,2343
CMU/15/15_03.pkl,2344
CMU/15/15_03.pkl,2345
CMU/15/15_03.pkl,2346
CMU/15/15_03.pkl,2347
CMU/15/15_03.pkl,2348
CMU/15/15_03.pkl,2349
CMU/15/15_03.pkl,2350
CMU/15/15_03.pkl,2351
CMU/15/15_03.pkl,2352
CMU/15/15_03.pkl,2353
CMU/15/15_03.pkl,2354
CMU/15/15_03.pkl,2355
CMU/15/15_03.pkl,2356
CMU/15/15_03.pkl,2357
CMU/15/15_03.pkl,2358
CMU/15/15_03.pkl,2359
CMU/15/15_03.pkl,2360
CMU/15/15_03.pkl,2361
CMU/15/15_03.pkl,2362
CMU/15/15_03.pkl,2363
CMU/15/15_03.pkl,2364
CMU/15/15_03.pkl,2365
CMU/15/15_03.pkl,2366
CMU/15/15_03.pkl,2367
CMU/15/15_03.pkl,2368
CMU/15/15_03.pkl,2369
CMU/15/15_03.pkl,2370
CMU/15/15_03.pkl,2371
CMU/15/15_03.pkl,2372
CMU/15/15_03.pkl,2373
CMU/15/15_03.pkl,2374
CMU/15/15_03.pkl,2375
CMU/15/15_03.pkl,2376
CMU/15/15_03.pkl,2377
CMU/15/15_09.pkl,0
CMU/15/15_09.pkl,1
CMU/15/15_09.pkl,2
CMU/15/15_09.pkl,3
CMU/15/15_09.pkl,4
CMU/15/15_09.pkl,5
CMU/15/15_09.pkl,6
CMU/15/15_09.pkl,7
CMU/15/15_09.pkl,8
CMU/15/15_09.pkl,9
CMU/15/15_09.pkl,10
CMU/15/15_09.pkl,11
CMU/15/15_09.pkl,12
CMU/15/15_09.pkl,13
CMU/15/15_09.pkl,14
CMU/15/15_09.pkl,15
CMU/15/15_09.pkl,16
CMU/15/15_09.pkl,17
CMU/15/15_09.pkl,18
CMU/15/15_09.pkl,19
CMU/15/15_09.pkl,20
CMU/15/15_09.pkl,21
CMU/15/15_09.pkl,22
CMU/15/15_09.pkl,23
CMU/15/15_09.pkl,24
CMU/15/15_09.pkl,25
CMU/15/15_09.pkl,26
CMU/15/15_09.pkl,27
CMU/15/15_09.pkl,28
CMU/15/15_09.pkl,29
CMU/15/15_09.pkl,30
CMU/15/15_09.pkl,31
CMU/15/15_09.pkl,32
CMU/15/15_09.pkl,33
CMU/15/15_09.pkl,34
CMU/15/15_09.pkl,35
CMU/15/15_09.pkl,36
CMU/15/15_09.pkl,37
CMU/15/15_09.pkl,38
CMU/15/15_09.pkl,39
CMU/15/15_09.pkl,40
CMU/15/15_09.pkl,41
CMU/15/15_09.pkl,42
CMU/15/15_09.pkl,43
CMU/15/15_09.pkl,44
CMU/15/15_09.pkl,45
CMU/15/15_09.pkl,46
CMU/15/15_09.pkl,47
CMU/15/15_09.pkl,48
CMU/15/15_09.pkl,49
CMU/15/15_09.pkl,50
CMU/15/15_09.pkl,51
CMU/15/15_09.pkl,52
CMU/15/15_09.pkl,53
CMU/15/15_09.pkl,54
CMU/15/15_09.pkl,55
CMU/15/15_09.pkl,56
CMU/15/15_09.pkl,57
CMU/15/15_09.pkl,58
CMU/15/15_09.pkl,59
CMU/15/15_09.pkl,60
CMU/15/15_09.pkl,61
CMU/15/15_09.pkl,62
CMU/15/15_09.pkl,63
CMU/15/15_09.pkl,64
CMU/15/15_09.pkl,65
CMU/15/15_09.pkl,296
CMU/15/15_09.pkl,297
CMU/15/15_09.pkl,298
CMU/15/15_09.pkl,299
CMU/15/15_09.pkl,300
CMU/15/15_09.pkl,301
CMU/15/15_09.pkl,302
CMU/15/15_09.pkl,303
CMU/15/15_09.pkl,304
CMU/15/15_09.pkl,305
CMU/15/15_09.pkl,306
CMU/15/15_09.pkl,307
CMU/15/15_09.pkl,308
CMU/15/15_09.pkl,309
CMU/15/15_09.pkl,310
CMU/15/15_09.pkl,311
CMU/15/15_09.pkl,312
CMU/15/15_09.pkl,313
CMU/15/15_09.pkl,314
CMU/15/15_09.pkl,315
CMU/15/15_09.pkl,316
CMU/15/15_09.pkl,317
CMU/15/15_09.pkl,318
CMU/15/15_09.pkl,319
CMU/15/15_09.pkl,320
CMU/15/15_09.pkl,321
CMU/15/15_09.pkl,322
CMU/15/15_09.pkl,323
CMU/15/15_09.pkl,324
CMU/15/15_09.pkl,325
CMU/15/15_09.pkl,326
CMU/15/15_09.pkl,327
CMU/15/15_09.pkl,328
CMU/15/15_09.pkl,329
CMU/15/15_09.pkl,330
CMU/15/15_09.pkl,331
CMU/15/15_09.pkl,332
CMU/15/15_09.pkl,333
CMU/15/15_09.pkl,334
CMU/15/15_09.pkl,335
CMU/15/15_09.pkl,336
CMU/15/15_09.pkl,337
CMU/15/15_09.pkl,338
CMU/15/15_09.pkl,339
CMU/15/15_09.pkl,340
CMU/15/15_09.pkl,341
CMU/15/15_09.pkl,342
CMU/15/15_09.pkl,343
CMU/15/15_09.pkl,344
CMU/15/15_09.pkl,345
CMU/15/15_09.pkl,346
CMU/15/15_09.pkl,347
CMU/15/15_09.pkl,348
CMU/15/15_09.pkl,349
CMU/15/15_09.pkl,350
CMU/15/15_09.pkl,351
CMU/15/15_09.pkl,352
CMU/15/15_09.pkl,353
CMU/15/15_09.pkl,354
CMU/15/15_09.pkl,355
CMU/15/15_09.pkl,356
CMU/15/15_09.pkl,357
CMU/15/15_09.pkl,358
CMU/15/15_09.pkl,359
CMU/15/15_09.pkl,360
CMU/15/15_09.pkl,361
CMU/15/15_09.pkl,362
CMU/15/15_09.pkl,363
CMU/15/15_09.pkl,364
CMU/15/15_09.pkl,365
CMU/15/15_09.pkl,366
CMU/15/15_09.pkl,367
CMU/15/15_09.pkl,368
CMU/15/15_09.pkl,369
CMU/15/15_09.pkl,370
CMU/15/15_09.pkl,371
CMU/15/15_09.pkl,372
CMU/15/15_09.pkl,373
CMU/15/15_09.pkl,374
CMU/15/15_09.pkl,375
CMU/15/15_09.pkl,376
CMU/15/15_09.pkl,377
CMU/15/15_09.pkl,378
CMU/15/15_09.pkl,379
CMU/15/15_09.pkl,380
CMU/15/15_09.pkl,381
CMU/15/15_09.pkl,382
CMU/15/15_09.pkl,383
CMU/15/15_09.pkl,384
CMU/15/15_09.pkl,385
CMU/15/15_09.pkl,386
CMU/15/15_09.pkl,387
CMU/15/15_09.pkl,388
CMU/15/15_09.pkl,389
CMU/15/15_09.pkl,390
CMU/15/15_09.pkl,391
CMU/15/15_09.pkl,392
CMU/15/15_09.pkl,393
CMU/15/15_09.pkl,394
CMU/15/15_09.pkl,395
CMU/15/15_09.pkl,396
CMU/15/15_09.pkl,397
CMU/15/15_09.pkl,398
CMU/15/15_09.pkl,399
CMU/15/15_09.pkl,400
CMU/15/15_09.pkl,401
CMU/15/15_09.pkl,402
CMU/15/15_09.pkl,403
CMU/15/15_09.pkl,404
CMU/15/15_09.pkl,405
CMU/15/15_09.pkl,406
CMU/15/15_09.pkl,407
CMU/15/15_09.pkl,408
CMU/15/15_09.pkl,409
CMU/15/15_09.pkl,410
CMU/15/15_09.pkl,411
CMU/15/15_09.pkl,412
CMU/15/15_09.pkl,413
CMU/15/15_09.pkl,414
CMU/15/15_09.pkl,415
CMU/15/15_09.pkl,416
CMU/15/15_09.pkl,683
CMU/15/15_09.pkl,684
CMU/15/15_09.pkl,685
CMU/15/15_09.pkl,686
CMU/15/15_09.pkl,687
CMU/15/15_09.pkl,688
CMU/15/15_09.pkl,689
CMU/15/15_09.pkl,690
CMU/15/15_09.pkl,691
CMU/15/15_09.pkl,692
CMU/15/15_09.pkl,693
CMU/15/15_09.pkl,694
CMU/15/15_09.pkl,695
CMU/15/15_09.pkl,696
CMU/15/15_09.pkl,697
CMU/15/15_09.pkl,698
CMU/15/15_09.pkl,699
CMU/15/15_09.pkl,700
CMU/15/15_09.pkl,701
CMU/15/15_09.pkl,702
CMU/15/15_09.pkl,703
CMU/15/15_09.pkl,704
CMU/15/15_09.pkl,705
CMU/15/15_09.pkl,706
CMU/15/15_09.pkl,707
CMU/15/15_09.pkl,708
CMU/15/15_09.pkl,709
CMU/15/15_09.pkl,710
CMU/15/15_09.pkl,711
CMU/15/15_09.pkl,712
CMU/15/15_09.pkl,713
CMU/15/15_09.pkl,714
CMU/15/15_09.pkl,715
CMU/15/15_09.pkl,716
CMU/15/15_09.pkl,717
CMU/15/15_09.pkl,718
CMU/15/15_09.pkl,719
CMU/15/15_09.pkl,720
CMU/15/15_09.pkl,721
CMU/15/15_09.pkl,722
CMU/15/15_09.pkl,723
CMU/15/15_09.pkl,724
CMU/15/15_09.pkl,725
CMU/15/15_09.pkl,726
CMU/15/15_09.pkl,727
CMU/15/15_09.pkl,728
CMU/15/15_09.pkl,729
CMU/15/15_09.pkl,730
CMU/15/15_09.pkl,731
CMU/15/15_09.pkl,732
CMU/15/15_09.pkl,733
CMU/15/15_09.pkl,734
CMU/15/15_09.pkl,735
CMU/15/15_09.pkl,736
CMU/15/15_09.pkl,737
CMU/15/15_09.pkl,738
CMU/15/15_09.pkl,739
CMU/15/15_09.pkl,740
CMU/15/15_09.pkl,741
CMU/15/15_09.pkl,742
CMU/15/15_09.pkl,743
CMU/15/15_09.pkl,744
CMU/15/15_09.pkl,745
CMU/15/15_09.pkl,746
CMU/15/15_09.pkl,747
CMU/15/15_09.pkl,748
CMU/15/15_09.pkl,749
CMU/15/15_09.pkl,750
CMU/15/15_09.pkl,751
CMU/15/15_09.pkl,752
CMU/15/15_09.pkl,753
CMU/15/15_09.pkl,754
CMU/15/15_09.pkl,755
CMU/15/15_09.pkl,756
CMU/15/15_09.pkl,757
CMU/15/15_09.pkl,758
CMU/15/15_09.pkl,759
CMU/15/15_09.pkl,760
CMU/15/15_09.pkl,761
CMU/15/15_09.pkl,762
CMU/15/15_09.pkl,763
CMU/15/15_09.pkl,764
CMU/15/15_09.pkl,765
CMU/15/15_09.pkl,766
CMU/15/15_09.pkl,767
CMU/15/15_09.pkl,768
CMU/15/15_09.pkl,769
CMU/15/15_09.pkl,770
CMU/15/15_09.pkl,771
CMU/15/15_09.pkl,772
CMU/15/15_09.pkl,773
CMU/15/15_09.pkl,774
CMU/15/15_09.pkl,775
CMU/15/15_09.pkl,776
CMU/15/15_09.pkl,777
CMU/15/15_09.pkl,778
CMU/15/15_09.pkl,779
CMU/15/15_09.pkl,780
CMU/15/15_09.pkl,781
CMU/15/15_09.pkl,782
CMU/15/15_09.pkl,783
CMU/15/15_09.pkl,784
CMU/15/15_09.pkl,785
CMU/15/15_09.pkl,786
CMU/15/15_09.pkl,787
CMU/15/15_09.pkl,788
CMU/15/15_09.pkl,789
CMU/15/15_09.pkl,790
CMU/15/15_09.pkl,791
CMU/15/15_09.pkl,792
CMU/15/15_09.pkl,793
CMU/15/15_09.pkl,794
CMU/15/15_09.pkl,1361
CMU/15/15_09.pkl,1362
CMU/15/15_09.pkl,1363
CMU/15/15_09.pkl,1364
CMU/15/15_09.pkl,1365
CMU/15/15_09.pkl,1366
CMU/15/15_09.pkl,1367
CMU/15/15_09.pkl,1368
CMU/15/15_09.pkl,1369
CMU/15/15_09.pkl,1370
CMU/15/15_09.pkl,1371
CMU/15/15_09.pkl,1372
CMU/15/15_09.pkl,1373
CMU/15/15_09.pkl,1374
CMU/15/15_09.pkl,1375
CMU/15/15_09.pkl,1376
CMU/15/15_09.pkl,1377
CMU/15/15_09.pkl,1378
CMU/15/15_09.pkl,1379
CMU/15/15_09.pkl,1380
CMU/15/15_09.pkl,1381
CMU/15/15_09.pkl,1382
CMU/15/15_09.pkl,1383
CMU/15/15_09.pkl,1384
CMU/15/15_09.pkl,1385
CMU/15/15_09.pkl,1386
CMU/15/15_09.pkl,1387
CMU/15/15_09.pkl,1388
CMU/15/15_09.pkl,1389
CMU/15/15_09.pkl,1390
CMU/15/15_09.pkl,1391
CMU/15/15_09.pkl,1392
CMU/15/15_09.pkl,1393
CMU/15/15_09.pkl,1394
CMU/15/15_09.pkl,1395
CMU/15/15_09.pkl,1396
CMU/15/15_09.pkl,1397
CMU/15/15_09.pkl,1398
CMU/15/15_09.pkl,1399
CMU/15/15_09.pkl,1400
CMU/15/15_09.pkl,1401
CMU/15/15_09.pkl,1402
CMU/15/15_09.pkl,1403
CMU/15/15_09.pkl,1404
CMU/15/15_09.pkl,1405
CMU/15/15_09.pkl,1406
CMU/15/15_09.pkl,1407
CMU/15/15_09.pkl,1408
CMU/15/15_09.pkl,1409
CMU/15/15_09.pkl,1410
CMU/15/15_09.pkl,1411
CMU/15/15_09.pkl,1412
CMU/15/15_09.pkl,1413
CMU/15/15_09.pkl,1414
CMU/15/15_09.pkl,1415
CMU/15/15_09.pkl,1416
CMU/15/15_09.pkl,1417
CMU/15/15_09.pkl,1418
CMU/15/15_09.pkl,1419
CMU/15/15_09.pkl,1420
CMU/15/15_09.pkl,1421
CMU/15/15_09.pkl,1422
CMU/15/15_09.pkl,1423
CMU/15/15_09.pkl,1424
CMU/15/15_09.pkl,1425
CMU/15/15_09.pkl,1426
CMU/15/15_09.pkl,1427
CMU/15/15_09.pkl,1428
CMU/15/15_09.pkl,1429
CMU/15/15_09.pkl,1430
CMU/15/15_09.pkl,1431
CMU/15/15_09.pkl,1432
CMU/15/15_09.pkl,1433
CMU/15/15_09.pkl,1434
CMU/15/15_09.pkl,1435
CMU/15/15_09.pkl,1436
CMU/15/15_09.pkl,1437
CMU/15/15_09.pkl,1438
CMU/15/15_09.pkl,1439
CMU/15/15_09.pkl,1440
CMU/15/15_09.pkl,1441
CMU/15/15_09.pkl,1442
CMU/15/15_09.pkl,1443
CMU/15/15_09.pkl,1444
CMU/15/15_09.pkl,1445
CMU/15/15_09.pkl,1446
CMU/15/15_09.pkl,1447
CMU/15/15_09.pkl,1448
CMU/15/15_09.pkl,1449
CMU/15/15_09.pkl,1450
CMU/15/15_09.pkl,1451
CMU/15/15_09.pkl,1452
CMU/15/15_09.pkl,1453
CMU/15/15_09.pkl,1454
CMU/15/15_09.pkl,1455
CMU/15/15_09.pkl,1456
CMU/15/15_09.pkl,1457
CMU/15/15_09.pkl,1458
CMU/15/15_09.pkl,1459
CMU/15/15_09.pkl,1460
CMU/15/15_09.pkl,1461
CMU/15/15_09.pkl,1462
CMU/15/15_09.pkl,1463
CMU/15/15_10.pkl,23
CMU/15/15_10.pkl,24
CMU/15/15_10.pkl,25
CMU/15/15_10.pkl,26
CMU/15/15_10.pkl,27
CMU/15/15_10.pkl,28
CMU/15/15_10.pkl,29
CMU/15/15_10.pkl,30
CMU/15/15_10.pkl,31
CMU/15/15_10.pkl,32
CMU/15/15_10.pkl,33
CMU/15/15_10.pkl,34
CMU/15/15_10.pkl,35
CMU/15/15_10.pkl,36
CMU/15/15_10.pkl,37
CMU/15/15_10.pkl,38
CMU/15/15_10.pkl,39
CMU/15/15_10.pkl,40
CMU/15/15_10.pkl,41
CMU/15/15_10.pkl,42
CMU/15/15_10.pkl,43
CMU/15/15_10.pkl,44
CMU/15/15_10.pkl,45
CMU/15/15_10.pkl,46
CMU/15/15_10.pkl,47
CMU/15/15_10.pkl,48
CMU/15/15_10.pkl,49
CMU/15/15_10.pkl,50
CMU/15/15_10.pkl,298
CMU/15/15_10.pkl,299
CMU/15/15_10.pkl,300
CMU/15/15_10.pkl,301
CMU/15/15_10.pkl,302
CMU/15/15_10.pkl,303
CMU/15/15_10.pkl,304
CMU/15/15_10.pkl,305
CMU/15/15_10.pkl,306
CMU/15/15_10.pkl,307
CMU/15/15_10.pkl,308
CMU/15/15_10.pkl,309
CMU/15/15_10.pkl,310
CMU/15/15_10.pkl,311
CMU/18_19_rory/18_07.pkl,0
CMU/18_19_rory/18_07.pkl,1
CMU/18_19_rory/18_07.pkl,2
CMU/18_19_rory/18_07.pkl,3
CMU/18_19_rory/18_07.pkl,4
CMU/18_19_rory/18_07.pkl,5
CMU/18_19_rory/18_07.pkl,6
CMU/18_19_rory/18_07.pkl,7
CMU/22_23_justin/22_01.pkl,0
CMU/22_23_justin/22_01.pkl,1
CMU/36/36_06.pkl,156
CMU/36/36_06.pkl,157
CMU/36/36_06.pkl,158
CMU/36/36_06.pkl,159
CMU/36/36_06.pkl,160
CMU/36/36_06.pkl,161
CMU/36/36_06.pkl,162
CMU/36/36_06.pkl,163
CMU/36/36_06.pkl,164
CMU/36/36_06.pkl,165
CMU/36/36_06.pkl,166
CMU/36/36_06.pkl,167
CMU/36/36_06.pkl,168
CMU/36/36_06.pkl,169
CMU/36/36_06.pkl,170
CMU/36/36_06.pkl,171
CMU/36/36_06.pkl,172
CMU/36/36_06.pkl,173
CMU/36/36_06.pkl,174
CMU/36/36_06.pkl,366
CMU/36/36_06.pkl,367
CMU/36/36_06.pkl,368
CMU/36/36_06.pkl,369
CMU/36/36_06.pkl,370
CMU/36/36_06.pkl,371
CMU/36/36_06.pkl,372
CMU/36/36_06.pkl,373
CMU/36/36_06.pkl,374
CMU/36/36_06.pkl,375
CMU/36/36_06.pkl,376
CMU/36/36_06.pkl,377
CMU/36/36_06.pkl,378
CMU/36/36_06.pkl,379
CMU/36/36_06.pkl,444
CMU/36/36_06.pkl,445
CMU/36/36_06.pkl,446
CMU/36/36_06.pkl,447
CMU/36/36_06.pkl,448
CMU/36/36_06.pkl,449
CMU/36/36_06.pkl,450
CMU/36/36_06.pkl,451
CMU/36/36_06.pkl,452
CMU/36/36_06.pkl,453
CMU/36/36_06.pkl,454
CMU/36/36_06.pkl,455
CMU/36/36_06.pkl,456
CMU/36/36_06.pkl,457
CMU/36/36_06.pkl,458
CMU/36/36_06.pkl,459
CMU/36/36_06.pkl,460
CMU/36/36_06.pkl,461
CMU/36/36_06.pkl,462
CMU/36/36_06.pkl,463
CMU/36/36_06.pkl,464
CMU/36/36_06.pkl,465
CMU/36/36_06.pkl,466
CMU/36/36_06.pkl,467
CMU/36/36_06.pkl,468
CMU/36/36_06.pkl,469
CMU/36/36_06.pkl,470
CMU/36/36_09.pkl,9
CMU/36/36_09.pkl,10
CMU/36/36_09.pkl,11
CMU/36/36_09.pkl,12
CMU/36/36_09.pkl,13
CMU/36/36_09.pkl,14
CMU/36/36_09.pkl,15
CMU/36/36_09.pkl,16
CMU/36/36_09.pkl,17
CMU/36/36_09.pkl,18
CMU/36/36_09.pkl,19
CMU/36/36_09.pkl,20
CMU/36/36_09.pkl,21
CMU/36/36_09.pkl,22
CMU/36/36_09.pkl,23
CMU/36/36_09.pkl,24
CMU/36/36_09.pkl,25
CMU/36/36_09.pkl,26
CMU/36/36_09.pkl,27
CMU/36/36_09.pkl,28
CMU/36/36_09.pkl,29
CMU/36/36_09.pkl,30
CMU/36/36_09.pkl,31
CMU/36/36_09.pkl,32
CMU/36/36_09.pkl,33
CMU/36/36_09.pkl,34
CMU/36/36_09.pkl,35
CMU/36/36_09.pkl,36
CMU/36/36_09.pkl,37
CMU/36/36_09.pkl,38
CMU/36/36_09.pkl,39
CMU/36/36_09.pkl,40
CMU/36/36_09.pkl,41
CMU/36/36_09.pkl,42
CMU/36/36_09.pkl,43
CMU/36/36_09.pkl,44
CMU/36/36_09.pkl,45
CMU/36/36_09.pkl,46
CMU/36/36_09.pkl,47
CMU/36/36_09.pkl,48
CMU/36/36_09.pkl,49
CMU/36/36_09.pkl,50
CMU/36/36_09.pkl,51
CMU/36/36_09.pkl,52
CMU/36/36_09.pkl,53
CMU/36/36_09.pkl,54
CMU/36/36_09.pkl,55
CMU/36/36_09.pkl,56
CMU/36/36_09.pkl,57
CMU/36/36_09.pkl,58
CMU/36/36_09.pkl,59
CMU/36/36_09.pkl,60
CMU/36/36_09.pkl,61
CMU/36/36_09.pkl,62
CMU/36/36_09.pkl,63
CMU/36/36_09.pkl,64
CMU/36/36_09.pkl,65
CMU/36/36_09.pkl,66
CMU/36/36_09.pkl,67
CMU/36/36_09.pkl,68
CMU/36/36_09.pkl,69
CMU/36/36_09.pkl,70
CMU/36/36_09.pkl,71
CMU/36/36_09.pkl,72
CMU/36/36_09.pkl,73
CMU/36/36_09.pkl,74
CMU/36/36_09.pkl,75
CMU/36/36_09.pkl,76
CMU/36/36_09.pkl,77
CMU/36/36_09.pkl,78
CMU/36/36_09.pkl,79
CMU/36/36_09.pkl,80
CMU/36/36_09.pkl,81
CMU/36/36_09.pkl,82
CMU/36/36_09.pkl,83
CMU/36/36_09.pkl,84
CMU/36/36_09.pkl,85
CMU/36/36_09.pkl,86
CMU/36/36_09.pkl,87
CMU/36/36_09.pkl,88
CMU/36/36_09.pkl,89
CMU/36/36_09.pkl,90
CMU/36/36_09.pkl,91
CMU/36/36_09.pkl,92
CMU/36/36_09.pkl,93
CMU/36/36_09.pkl,94
CMU/36/36_09.pkl,95
CMU/36/36_09.pkl,96
CMU/36/36_09.pkl,97
CMU/36/36_09.pkl,98
CMU/36/36_09.pkl,99
CMU/36/36_09.pkl,100
CMU/36/36_09.pkl,101
CMU/36/36_09.pkl,102
CMU/36/36_09.pkl,103
CMU/36/36_09.pkl,104
CMU/36/36_09.pkl,105
CMU/36/36_09.pkl,106
CMU/36/36_09.pkl,107
CMU/36/36_09.pkl,108
CMU/36/36_09.pkl,109
CMU/36/36_09.pkl,110
CMU/36/36_09.pkl,111
CMU/36/36_09.pkl,112
CMU/36/36_09.pkl,113
CMU/36/36_09.pkl,114
CMU/36/36_09.pkl,115
CMU/36/36_09.pkl,116
CMU/36/36_09.pkl,117
CMU/36/36_09.pkl,118
CMU/36/36_09.pkl,119
CMU/36/36_09.pkl,120
CMU/36/36_09.pkl,121
CMU/36/36_09.pkl,122
CMU/36/36_09.pkl,123
CMU/36/36_09.pkl,124
CMU/36/36_09.pkl,125
CMU/36/36_09.pkl,126
CMU/36/36_09.pkl,127
CMU/36/36_09.pkl,128
CMU/36/36_09.pkl,129
CMU/36/36_09.pkl,130
CMU/36/36_09.pkl,131
CMU/36/36_09.pkl,132
CMU/36/36_09.pkl,133
CMU/36/36_09.pkl,134
CMU/36/36_09.pkl,135
CMU/36/36_09.pkl,136
CMU/36/36_09.pkl,137
CMU/36/36_09.pkl,138
CMU/36/36_09.pkl,139
CMU/36/36_09.pkl,140
CMU/36/36_09.pkl,141
CMU/36/36_09.pkl,142
CMU/36/36_09.pkl,143
CMU/36/36_09.pkl,144
CMU/36/36_09.pkl,145
CMU/36/36_09.pkl,146
CMU/36/36_09.pkl,147
CMU/36/36_09.pkl,148
CMU/36/36_09.pkl,149
CMU/36/36_09.pkl,150
CMU/36/36_09.pkl,151
CMU/36/36_09.pkl,152
CMU/36/36_09.pkl,153
CMU/36/36_09.pkl,154
CMU/36/36_09.pkl,155
CMU/36/36_09.pkl,156
CMU/36/36_09.pkl,157
CMU/36/36_09.pkl,158
CMU/36/36_09.pkl,159
CMU/36/36_09.pkl,160
CMU/36/36_09.pkl,161
CMU/36/36_09.pkl,162
CMU/36/36_09.pkl,163
CMU/36/36_09.pkl,164
CMU/36/36_09.pkl,165
CMU/36/36_09.pkl,166
CMU/36/36_09.pkl,167
CMU/36/36_09.pkl,168
CMU/36/36_09.pkl,229
CMU/36/36_09.pkl,230
CMU/36/36_09.pkl,231
CMU/36/36_09.pkl,232
CMU/36/36_09.pkl,233
CMU/36/36_09.pkl,234
CMU/36/36_09.pkl,235
CMU/36/36_09.pkl,236
CMU/36/36_09.pkl,237
CMU/36/36_09.pkl,238
CMU/36/36_09.pkl,239
CMU/36/36_09.pkl,240
CMU/36/36_09.pkl,241
CMU/36/36_09.pkl,242
CMU/36/36_09.pkl,243
CMU/36/36_09.pkl,244
CMU/36/36_09.pkl,245
CMU/36/36_09.pkl,246
CMU/36/36_09.pkl,247
CMU/36/36_09.pkl,248
CMU/36/36_09.pkl,249
CMU/36/36_09.pkl,250
CMU/36/36_09.pkl,251
CMU/36/36_09.pkl,252
CMU/36/36_09.pkl,253
CMU/36/36_09.pkl,254
CMU/36/36_09.pkl,255
CMU/36/36_09.pkl,256
CMU/36/36_09.pkl,257
CMU/36/36_09.pkl,258
CMU/36/36_09.pkl,259
CMU/36/36_09.pkl,260
CMU/36/36_09.pkl,261
CMU/36/36_09.pkl,262
CMU/36/36_09.pkl,263
CMU/36/36_09.pkl,264
CMU/36/36_09.pkl,265
CMU/36/36_09.pkl,266
CMU/36/36_09.pkl,267
CMU/36/36_09.pkl,268
CMU/36/36_09.pkl,269
CMU/36/36_09.pkl,270
CMU/36/36_09.pkl,271
CMU/36/36_09.pkl,272
CMU/36/36_09.pkl,273
CMU/36/36_09.pkl,274
CMU/36/36_09.pkl,275
CMU/36/36_09.pkl,276
CMU/36/36_09.pkl,277
CMU/36/36_09.pkl,278
CMU/36/36_09.pkl,279
CMU/36/36_09.pkl,280
CMU/36/36_09.pkl,281
CMU/36/36_09.pkl,282
CMU/36/36_09.pkl,283
CMU/36/36_09.pkl,284
CMU/36/36_09.pkl,285
CMU/36/36_09.pkl,286
CMU/36/36_09.pkl,287
CMU/36/36_09.pkl,288
CMU/36/36_09.pkl,289
CMU/36/36_09.pkl,290
CMU/36/36_09.pkl,291
CMU/36/36_09.pkl,292
CMU/36/36_09.pkl,293
CMU/36/36_09.pkl,294
CMU/36/36_09.pkl,295
CMU/36/36_09.pkl,296
CMU/36/36_09.pkl,297
CMU/36/36_09.pkl,298
CMU/36/36_09.pkl,299
CMU/36/36_09.pkl,300
CMU/36/36_09.pkl,301
CMU/36/36_09.pkl,302
CMU/36/36_09.pkl,303
CMU/36/36_09.pkl,304
CMU/36/36_09.pkl,305
CMU/36/36_09.pkl,306
CMU/36/36_09.pkl,307
CMU/36/36_09.pkl,308
CMU/36/36_09.pkl,309
CMU/36/36_09.pkl,310
CMU/36/36_09.pkl,311
CMU/36/36_09.pkl,312
CMU/36/36_09.pkl,313
CMU/36/36_09.pkl,314
CMU/36/36_09.pkl,315
CMU/36/36_09.pkl,316
CMU/36/36_09.pkl,317
CMU/36/36_09.pkl,318
CMU/36/36_09.pkl,319
CMU/36/36_09.pkl,320
CMU/36/36_09.pkl,321
CMU/36/36_09.pkl,322
CMU/36/36_09.pkl,323
CMU/36/36_09.pkl,324
CMU/36/36_09.pkl,325
CMU/36/36_09.pkl,326
CMU/36/36_09.pkl,327
CMU/36/36_09.pkl,328
CMU/36/36_09.pkl,329
CMU/36/36_09.pkl,330
CMU/36/36_09.pkl,331
CMU/36/36_09.pkl,332
CMU/36/36_09.pkl,333
CMU/36/36_09.pkl,334
CMU/36/36_09.pkl,335
CMU/36/36_09.pkl,336
CMU/36/36_09.pkl,337
CMU/36/36_09.pkl,338
CMU/36/36_09.pkl,339
CMU/36/36_09.pkl,340
CMU/36/36_09.pkl,341
CMU/36/36_09.pkl,342
CMU/36/36_09.pkl,343
CMU/36/36_09.pkl,344
CMU/36/36_09.pkl,345
CMU/36/36_09.pkl,346
CMU/36/36_09.pkl,347
CMU/36/36_09.pkl,348
CMU/36/36_09.pkl,349
CMU/36/36_09.pkl,350
CMU/36/36_09.pkl,351
CMU/36/36_09.pkl,352
CMU/36/36_09.pkl,353
CMU/36/36_09.pkl,354
CMU/36/36_09.pkl,355
CMU/36/36_09.pkl,356
CMU/36/36_09.pkl,357
CMU/36/36_09.pkl,358
CMU/36/36_09.pkl,359
CMU/36/36_09.pkl,360
CMU/36/36_09.pkl,361
CMU/36/36_09.pkl,362
CMU/36/36_09.pkl,363
CMU/36/36_09.pkl,364
CMU/36/36_09.pkl,365
CMU/36/36_09.pkl,366
CMU/36/36_09.pkl,367
CMU/36/36_09.pkl,368
CMU/36/36_09.pkl,369
CMU/36/36_09.pkl,370
CMU/36/36_09.pkl,371
CMU/36/36_09.pkl,372
CMU/36/36_09.pkl,373
CMU/36/36_09.pkl,374
CMU/36/36_09.pkl,375
CMU/36/36_09.pkl,376
CMU/36/36_09.pkl,377
CMU/36/36_09.pkl,378
CMU/36/36_09.pkl,379
CMU/36/36_09.pkl,380
CMU/36/36_09.pkl,381
CMU/36/36_09.pkl,382
CMU/36/36_09.pkl,383
CMU/36/36_09.pkl,384
CMU/36/36_09.pkl,385
CMU/36/36_09.pkl,386
CMU/36/36_09.pkl,387
CMU/36/36_09.pkl,388
CMU/36/36_09.pkl,389
CMU/36/36_09.pkl,390
CMU/36/36_09.pkl,391
CMU/36/36_09.pkl,392
CMU/36/36_09.pkl,393
CMU/36/36_09.pkl,394
CMU/36/36_09.pkl,395
CMU/36/36_09.pkl,396
CMU/36/36_09.pkl,397
CMU/36/36_09.pkl,398
CMU/36/36_09.pkl,399
CMU/36/36_09.pkl,400
CMU/36/36_09.pkl,401
CMU/36/36_09.pkl,402
CMU/36/36_09.pkl,403
CMU/36/36_09.pkl,404
CMU/36/36_09.pkl,405
CMU/36/36_09.pkl,406
CMU/36/36_09.pkl,407
CMU/36/36_09.pkl,408
CMU/36/36_09.pkl,409
CMU/36/36_09.pkl,472
CMU/36/36_09.pkl,473
CMU/36/36_09.pkl,474
CMU/36/36_09.pkl,475
CMU/36/36_09.pkl,476
CMU/36/36_09.pkl,477
CMU/36/36_09.pkl,478
CMU/36/36_09.pkl,479
CMU/36/36_09.pkl,480
CMU/36/36_09.pkl,481
CMU/36/36_09.pkl,482
CMU/36/36_09.pkl,483
CMU/36/36_09.pkl,484
CMU/36/36_09.pkl,485
CMU/36/36_09.pkl,486
CMU/36/36_09.pkl,487
CMU/36/36_09.pkl,488
CMU/36/36_09.pkl,489
CMU/36/36_09.pkl,490
CMU/36/36_09.pkl,491
CMU/36/36_09.pkl,492
CMU/36/36_09.pkl,493
CMU/36/36_09.pkl,494
CMU/36/36_09.pkl,495
CMU/36/36_09.pkl,496
CMU/36/36_09.pkl,497
CMU/36/36_09.pkl,498
CMU/36/36_09.pkl,499
CMU/36/36_09.pkl,500
CMU/36/36_09.pkl,501
CMU/36/36_09.pkl,502
CMU/36/36_09.pkl,503
CMU/36/36_09.pkl,504
CMU/36/36_09.pkl,505
CMU/36/36_09.pkl,506
CMU/36/36_09.pkl,507
CMU/36/36_09.pkl,508
CMU/36/36_09.pkl,509
CMU/36/36_09.pkl,510
CMU/36/36_09.pkl,511
CMU/36/36_09.pkl,512
CMU/36/36_09.pkl,513
CMU/36/36_09.pkl,514
CMU/36/36_09.pkl,515
CMU/36/36_09.pkl,516
CMU/36/36_09.pkl,517
CMU/36/36_09.pkl,518
CMU/36/36_09.pkl,519
CMU/36/36_09.pkl,520
CMU/36/36_09.pkl,521
CMU/36/36_09.pkl,522
CMU/36/36_09.pkl,523
CMU/36/36_09.pkl,524
CMU/36/36_09.pkl,525
CMU/36/36_09.pkl,526
CMU/36/36_09.pkl,527
CMU/36/36_09.pkl,528
CMU/36/36_09.pkl,529
CMU/36/36_09.pkl,530
CMU/36/36_09.pkl,531
CMU/36/36_09.pkl,532
CMU/36/36_09.pkl,533
CMU/36/36_09.pkl,534
CMU/36/36_09.pkl,535
CMU/36/36_09.pkl,536
CMU/36/36_09.pkl,537
CMU/36/36_09.pkl,538
CMU/36/36_09.pkl,539
CMU/36/36_09.pkl,540
CMU/36/36_09.pkl,541
CMU/36/36_09.pkl,542
CMU/36/36_09.pkl,543
CMU/36/36_09.pkl,544
CMU/36/36_09.pkl,545
CMU/36/36_09.pkl,546
CMU/36/36_09.pkl,547
CMU/36/36_09.pkl,548
CMU/36/36_09.pkl,549
CMU/36/36_09.pkl,550
CMU/36/36_09.pkl,551
CMU/36/36_09.pkl,552
CMU/36/36_09.pkl,553
CMU/36/36_09.pkl,554
CMU/36/36_09.pkl,555
CMU/36/36_09.pkl,556
CMU/36/36_09.pkl,557
CMU/36/36_09.pkl,558
CMU/36/36_09.pkl,559
CMU/36/36_09.pkl,644
CMU/36/36_09.pkl,645
CMU/36/36_09.pkl,646
CMU/36/36_09.pkl,647
CMU/36/36_09.pkl,648
CMU/36/36_09.pkl,649
CMU/36/36_09.pkl,650
CMU/36/36_09.pkl,651
CMU/36/36_09.pkl,652
CMU/36/36_09.pkl,653
CMU/36/36_09.pkl,654
CMU/36/36_09.pkl,655
CMU/36/36_09.pkl,656
CMU/36/36_09.pkl,657
CMU/36/36_09.pkl,658
CMU/36/36_09.pkl,659
CMU/36/36_09.pkl,660
CMU/36/36_09.pkl,661
CMU/36/36_09.pkl,662
CMU/36/36_09.pkl,663
CMU/36/36_09.pkl,664
CMU/36/36_09.pkl,665
CMU/36/36_09.pkl,666
CMU/36/36_09.pkl,667
CMU/36/36_09.pkl,668
CMU/36/36_09.pkl,669
CMU/36/36_09.pkl,670
CMU/36/36_09.pkl,671
CMU/36/36_09.pkl,672
CMU/36/36_09.pkl,673
CMU/36/36_09.pkl,674
CMU/36/36_09.pkl,675
CMU/36/36_09.pkl,676
CMU/36/36_09.pkl,677
CMU/36/36_09.pkl,678
CMU/36/36_09.pkl,679
CMU/36/36_09.pkl,680
CMU/36/36_09.pkl,681
CMU/36/36_09.pkl,682
CMU/36/36_09.pkl,683
CMU/36/36_09.pkl,684
CMU/36/36_09.pkl,685
CMU/36/36_09.pkl,686
CMU/36/36_09.pkl,687
CMU/36/36_09.pkl,688
CMU/36/36_09.pkl,689
CMU/36/36_09.pkl,690
CMU/36/36_09.pkl,691
CMU/36/36_09.pkl,692
CMU/36/36_09.pkl,693
CMU/36/36_09.pkl,694
CMU/36/36_09.pkl,695
CMU/36/36_09.pkl,696
CMU/36/36_09.pkl,697
CMU/36/36_09.pkl,698
CMU/36/36_09.pkl,699
CMU/36/36_09.pkl,700
CMU/36/36_09.pkl,701
CMU/36/36_09.pkl,702
CMU/36/36_09.pkl,703
CMU/36/36_09.pkl,704
CMU/36/36_09.pkl,705
CMU/36/36_09.pkl,706
CMU/36/36_09.pkl,707
CMU/36/36_09.pkl,708
CMU/36/36_09.pkl,709
CMU/36/36_09.pkl,710
CMU/36/36_09.pkl,711
CMU/36/36_09.pkl,712
CMU/36/36_09.pkl,713
CMU/36/36_09.pkl,714
CMU/36/36_09.pkl,715
CMU/36/36_09.pkl,716
CMU/36/36_09.pkl,717
CMU/36/36_09.pkl,718
CMU/36/36_09.pkl,719
CMU/36/36_09.pkl,720
CMU/36/36_09.pkl,721
CMU/36/36_09.pkl,722
CMU/36/36_09.pkl,723
CMU/36/36_09.pkl,724
CMU/36/36_09.pkl,725
CMU/36/36_09.pkl,726
CMU/36/36_09.pkl,727
CMU/36/36_09.pkl,728
CMU/36/36_09.pkl,729
CMU/36/36_09.pkl,730
CMU/36/36_09.pkl,731
CMU/36/36_12.pkl,26
CMU/36/36_12.pkl,27
CMU/36/36_12.pkl,28
CMU/36/36_12.pkl,29
CMU/36/36_12.pkl,30
CMU/36/36_12.pkl,31
CMU/36/36_12.pkl,32
CMU/36/36_12.pkl,33
CMU/36/36_12.pkl,34
CMU/36/36_12.pkl,35
CMU/36/36_12.pkl,36
CMU/36/36_12.pkl,37
CMU/36/36_12.pkl,38
CMU/36/36_12.pkl,39
CMU/36/36_12.pkl,40
CMU/36/36_12.pkl,41
CMU/36/36_12.pkl,42
CMU/36/36_12.pkl,43
CMU/36/36_12.pkl,44
CMU/36/36_12.pkl,45
CMU/36/36_12.pkl,46
CMU/36/36_12.pkl,47
CMU/36/36_12.pkl,48
CMU/36/36_12.pkl,49
CMU/36/36_12.pkl,50
CMU/36/36_12.pkl,51
CMU/36/36_12.pkl,52
CMU/36/36_12.pkl,53
CMU/36/36_12.pkl,54
CMU/36/36_12.pkl,55
CMU/36/36_12.pkl,56
CMU/36/36_12.pkl,57
CMU/36/36_12.pkl,58
CMU/36/36_12.pkl,59
CMU/36/36_12.pkl,60
CMU/36/36_12.pkl,61
CMU/36/36_12.pkl,62
CMU/36/36_12.pkl,143
CMU/36/36_12.pkl,144
CMU/36/36_12.pkl,145
CMU/36/36_12.pkl,146
CMU/36/36_12.pkl,147
CMU/36/36_12.pkl,148
CMU/36/36_12.pkl,149
CMU/36/36_12.pkl,150
CMU/36/36_12.pkl,151
CMU/36/36_12.pkl,189
CMU/36/36_12.pkl,256
CMU/36/36_12.pkl,257
CMU/36/36_12.pkl,258
CMU/36/36_12.pkl,259
CMU/36/36_12.pkl,260
CMU/36/36_12.pkl,261
CMU/36/36_12.pkl,262
CMU/36/36_12.pkl,263
CMU/36/36_12.pkl,264
CMU/36/36_12.pkl,265
CMU/36/36_12.pkl,266
CMU/36/36_12.pkl,267
CMU/36/36_12.pkl,268
CMU/36/36_12.pkl,269
CMU/36/36_12.pkl,270
CMU/36/36_12.pkl,271
CMU/36/36_12.pkl,272
CMU/36/36_12.pkl,273
CMU/36/36_12.pkl,274
CMU/36/36_12.pkl,275
CMU/36/36_12.pkl,276
CMU/36/36_12.pkl,452
CMU/36/36_12.pkl,453
CMU/36/36_12.pkl,454
CMU/36/36_12.pkl,455
CMU/36/36_12.pkl,456
CMU/36/36_12.pkl,457
CMU/36/36_12.pkl,458
CMU/36/36_12.pkl,459
CMU/36/36_12.pkl,460
CMU/36/36_12.pkl,461
CMU/36/36_12.pkl,462
CMU/36/36_12.pkl,463
CMU/36/36_12.pkl,464
CMU/36/36_12.pkl,465
CMU/36/36_12.pkl,466
CMU/36/36_12.pkl,467
CMU/36/36_12.pkl,468
CMU/36/36_12.pkl,469
CMU/36/36_12.pkl,470
CMU/36/36_12.pkl,471
CMU/36/36_12.pkl,472
CMU/36/36_12.pkl,473
CMU/36/36_12.pkl,597
CMU/36/36_12.pkl,598
CMU/36/36_12.pkl,599
CMU/36/36_12.pkl,600
CMU/36/36_12.pkl,601
CMU/36/36_12.pkl,602
CMU/36/36_12.pkl,603
CMU/36/36_12.pkl,604
CMU/36/36_12.pkl,605
CMU/36/36_12.pkl,606
CMU/36/36_12.pkl,607
CMU/36/36_12.pkl,608
CMU/36/36_12.pkl,609
CMU/36/36_12.pkl,610
CMU/36/36_12.pkl,611
CMU/36/36_12.pkl,612
CMU/36/36_12.pkl,613
CMU/36/36_12.pkl,614
CMU/36/36_12.pkl,615
CMU/36/36_12.pkl,616
CMU/36/36_12.pkl,617
CMU/36/36_12.pkl,618
CMU/36/36_12.pkl,619
CMU/36/36_12.pkl,775
CMU/36/36_12.pkl,776
CMU/36/36_12.pkl,777
CMU/36/36_12.pkl,778
CMU/36/36_12.pkl,779
CMU/36/36_12.pkl,780
CMU/36/36_12.pkl,781
CMU/36/36_12.pkl,782
CMU/36/36_12.pkl,783
CMU/36/36_12.pkl,784
CMU/36/36_12.pkl,785
CMU/36/36_12.pkl,786
CMU/36/36_12.pkl,787
CMU/36/36_12.pkl,788
CMU/36/36_12.pkl,789
CMU/36/36_12.pkl,790
CMU/36/36_12.pkl,791
CMU/36/36_12.pkl,792
CMU/36/36_12.pkl,793
CMU/36/36_12.pkl,794
CMU/36/36_16.pkl,84
CMU/36/36_16.pkl,85
CMU/36/36_16.pkl,86
CMU/36/36_16.pkl,87
CMU/36/36_16.pkl,88
CMU/36/36_16.pkl,89
CMU/36/36_16.pkl,90
CMU/36/36_16.pkl,91
CMU/36/36_16.pkl,92
CMU/36/36_16.pkl,93
CMU/36/36_16.pkl,94
CMU/36/36_16.pkl,95
CMU/36/36_16.pkl,96
CMU/36/36_16.pkl,97
CMU/36/36_16.pkl,98
CMU/36/36_16.pkl,99
CMU/36/36_16.pkl,100
CMU/36/36_16.pkl,256
CMU/36/36_16.pkl,257
CMU/36/36_16.pkl,258
CMU/36/36_16.pkl,259
CMU/36/36_16.pkl,260
CMU/36/36_16.pkl,261
CMU/36/36_16.pkl,262
CMU/36/36_16.pkl,263
CMU/36/36_16.pkl,264
CMU/36/36_16.pkl,265
CMU/36/36_16.pkl,266
CMU/36/36_16.pkl,267
CMU/36/36_16.pkl,268
CMU/36/36_16.pkl,269
CMU/36/36_16.pkl,270
CMU/36/36_16.pkl,271
CMU/36/36_16.pkl,272
CMU/36/36_16.pkl,273
CMU/36/36_16.pkl,274
CMU/36/36_16.pkl,275
CMU/36/36_16.pkl,276
CMU/36/36_16.pkl,277
CMU/36/36_16.pkl,278
CMU/36/36_16.pkl,279
CMU/36/36_16.pkl,280
CMU/36/36_16.pkl,281
CMU/36/36_16.pkl,282
CMU/36/36_16.pkl,283
CMU/36/36_16.pkl,284
CMU/36/36_16.pkl,285
CMU/36/36_16.pkl,286
CMU/36/36_16.pkl,287
CMU/36/36_16.pkl,288
CMU/36/36_16.pkl,289
CMU/36/36_16.pkl,290
CMU/36/36_16.pkl,291
CMU/36/36_16.pkl,292
CMU/36/36_16.pkl,293
CMU/36/36_16.pkl,294
CMU/36/36_16.pkl,295
CMU/36/36_16.pkl,296
CMU/36/36_16.pkl,297
CMU/36/36_16.pkl,298
CMU/36/36_16.pkl,299
CMU/36/36_16.pkl,300
CMU/36/36_16.pkl,301
CMU/36/36_16.pkl,302
CMU/36/36_16.pkl,413
CMU/36/36_16.pkl,414
CMU/36/36_16.pkl,415
CMU/36/36_16.pkl,416
CMU/36/36_16.pkl,417
CMU/36/36_16.pkl,418
CMU/36/36_16.pkl,419
CMU/36/36_16.pkl,420
CMU/36/36_16.pkl,421
CMU/36/36_16.pkl,422
CMU/36/36_16.pkl,463
CMU/36/36_16.pkl,464
CMU/36/36_16.pkl,465
CMU/36/36_16.pkl,466
CMU/36/36_16.pkl,467
CMU/36/36_16.pkl,468
CMU/36/36_16.pkl,469
CMU/36/36_16.pkl,470
CMU/36/36_16.pkl,471
CMU/36/36_16.pkl,472
CMU/36/36_16.pkl,473
CMU/36/36_16.pkl,474
CMU/36/36_16.pkl,475
CMU/36/36_16.pkl,476
CMU/36/36_16.pkl,477
CMU/36/36_16.pkl,478
CMU/36/36_16.pkl,479
CMU/36/36_16.pkl,480
CMU/36/36_16.pkl,481
CMU/36/36_16.pkl,482
CMU/36/36_16.pkl,483
CMU/36/36_16.pkl,484
CMU/36/36_16.pkl,485
CMU/36/36_16.pkl,486
CMU/36/36_16.pkl,487
CMU/36/36_16.pkl,488
CMU/36/36_16.pkl,489
CMU/36/36_16.pkl,490
CMU/36/36_16.pkl,491
CMU/36/36_16.pkl,812
CMU/36/36_16.pkl,813
CMU/36/36_16.pkl,814
CMU/36/36_16.pkl,815
CMU/36/36_16.pkl,816
CMU/36/36_16.pkl,817
CMU/36/36_16.pkl,818
CMU/36/36_16.pkl,819
CMU/36/36_16.pkl,820
CMU/36/36_16.pkl,821
CMU/36/36_16.pkl,822
CMU/36/36_16.pkl,823
CMU/36/36_16.pkl,824
CMU/36/36_16.pkl,825
CMU/36/36_16.pkl,826
CMU/36/36_16.pkl,827
CMU/36/36_16.pkl,828
CMU/36/36_16.pkl,829
CMU/36/36_16.pkl,830
CMU/36/36_16.pkl,831
CMU/36/36_16.pkl,832
CMU/36/36_16.pkl,833
CMU/36/36_16.pkl,834
CMU/36/36_17.pkl,485
CMU/36/36_17.pkl,486
CMU/36/36_17.pkl,487
CMU/36/36_17.pkl,488
CMU/36/36_17.pkl,489
CMU/36/36_17.pkl,490
CMU/36/36_17.pkl,491
CMU/36/36_17.pkl,492
CMU/36/36_17.pkl,493
CMU/36/36_17.pkl,494
CMU/36/36_17.pkl,495
CMU/36/36_17.pkl,496
CMU/36/36_17.pkl,497
CMU/36/36_17.pkl,498
CMU/36/36_20.pkl,435
CMU/36/36_20.pkl,436
CMU/36/36_20.pkl,437
CMU/36/36_20.pkl,438
CMU/36/36_20.pkl,439
CMU/36/36_20.pkl,440
CMU/36/36_20.pkl,441
CMU/36/36_20.pkl,442
CMU/36/36_20.pkl,443
CMU/36/36_20.pkl,444
CMU/36/36_20.pkl,445
CMU/36/36_20.pkl,446
CMU/36/36_20.pkl,447
CMU/36/36_20.pkl,448
CMU/36/36_20.pkl,449
CMU/36/36_20.pkl,450
CMU/36/36_20.pkl,451
CMU/36/36_20.pkl,452
CMU/36/36_20.pkl,453
CMU/36/36_20.pkl,454
CMU/36/36_20.pkl,455
CMU/36/36_20.pkl,456
CMU/36/36_27.pkl,607
CMU/36/36_27.pkl,608
CMU/36/36_27.pkl,609
CMU/36/36_27.pkl,610
CMU/36/36_27.pkl,611
CMU/36/36_27.pkl,612
CMU/36/36_27.pkl,613
CMU/36/36_27.pkl,614
CMU/36/36_27.pkl,615
CMU/36/36_27.pkl,616
CMU/36/36_27.pkl,617
CMU/36/36_27.pkl,618
CMU/36/36_27.pkl,619
CMU/36/36_27.pkl,620
CMU/36/36_27.pkl,621
CMU/36/36_27.pkl,622
CMU/36/36_27.pkl,623
CMU/36/36_27.pkl,624
CMU/36/36_27.pkl,625
CMU/36/36_27.pkl,626
CMU/36/36_27.pkl,627
CMU/36/36_27.pkl,628
CMU/36/36_27.pkl,629
CMU/36/36_27.pkl,630
CMU/36/36_27.pkl,631
CMU/36/36_27.pkl,632
CMU/36/36_27.pkl,633
CMU/36/36_27.pkl,634
CMU/36/36_27.pkl,635
CMU/36/36_27.pkl,636
CMU/36/36_27.pkl,637
CMU/36/36_27.pkl,638
CMU/36/36_27.pkl,639
CMU/36/36_27.pkl,640
CMU/36/36_27.pkl,641
CMU/36/36_27.pkl,642
CMU/36/36_27.pkl,643
CMU/36/36_27.pkl,644
CMU/36/36_27.pkl,645
CMU/36/36_27.pkl,646
CMU/36/36_27.pkl,647
CMU/36/36_27.pkl,648
CMU/36/36_27.pkl,649
CMU/36/36_27.pkl,650
CMU/36/36_27.pkl,651
CMU/38/38_04.pkl,0
CMU/38/38_04.pkl,1
CMU/38/38_04.pkl,2
CMU/38/38_04.pkl,3
CMU/38/38_04.pkl,4
CMU/38/38_04.pkl,5
CMU/38/38_04.pkl,6
CMU/38/38_04.pkl,7
CMU/38/38_04.pkl,8
CMU/38/38_04.pkl,9
CMU/38/38_04.pkl,10
CMU/38/38_04.pkl,11
CMU/38/38_04.pkl,12
CMU/38/38_04.pkl,13
CMU/38/38_04.pkl,14
CMU/38/38_04.pkl,15
CMU/38/38_04.pkl,16
CMU/38/38_04.pkl,17
CMU/38/38_04.pkl,18
CMU/38/38_04.pkl,19
CMU/38/38_04.pkl,20
CMU/38/38_04.pkl,21
CMU/38/38_04.pkl,22
CMU/38/38_04.pkl,23
CMU/38/38_04.pkl,24
CMU/38/38_04.pkl,25
CMU/38/38_04.pkl,26
CMU/38/38_04.pkl,27
CMU/38/38_04.pkl,28
CMU/38/38_04.pkl,29
CMU/38/38_04.pkl,30
CMU/38/38_04.pkl,31
CMU/38/38_04.pkl,32
CMU/38/38_04.pkl,33
CMU/38/38_04.pkl,34
CMU/38/38_04.pkl,35
CMU/38/38_04.pkl,36
CMU/38/38_04.pkl,37
CMU/38/38_04.pkl,38
CMU/38/38_04.pkl,39
CMU/38/38_04.pkl,40
CMU/38/38_04.pkl,41
CMU/38/38_04.pkl,42
CMU/38/38_04.pkl,43
CMU/38/38_04.pkl,44
CMU/38/38_04.pkl,45
CMU/38/38_04.pkl,587
CMU/38/38_04.pkl,588
CMU/38/38_04.pkl,589
CMU/38/38_04.pkl,590
CMU/38/38_04.pkl,591
CMU/38/38_04.pkl,592
CMU/38/38_04.pkl,593
CMU/38/38_04.pkl,594
CMU/38/38_04.pkl,595
CMU/38/38_04.pkl,596
CMU/38/38_04.pkl,597
CMU/38/38_04.pkl,598
CMU/38/38_04.pkl,599
CMU/38/38_04.pkl,600
CMU/38/38_04.pkl,601
CMU/38/38_04.pkl,602
CMU/38/38_04.pkl,603
CMU/38/38_04.pkl,604
CMU/38/38_04.pkl,605
CMU/38/38_04.pkl,606
CMU/38/38_04.pkl,607
CMU/38/38_04.pkl,608
CMU/38/38_04.pkl,609
CMU/38/38_04.pkl,610
CMU/38/38_04.pkl,611
CMU/38/38_04.pkl,612
CMU/38/38_04.pkl,613
CMU/38/38_04.pkl,614
CMU/38/38_04.pkl,615
CMU/38/38_04.pkl,616
CMU/38/38_04.pkl,617
CMU/38/38_04.pkl,618
CMU/38/38_04.pkl,619
CMU/38/38_04.pkl,620
CMU/38/38_04.pkl,621
CMU/38/38_04.pkl,622
CMU/38/38_04.pkl,623
CMU/38/38_04.pkl,624
CMU/38/38_04.pkl,625
CMU/38/38_04.pkl,626
CMU/38/38_04.pkl,627
CMU/38/38_04.pkl,628
CMU/38/38_04.pkl,629
CMU/38/38_04.pkl,630
CMU/38/38_04.pkl,631
CMU/38/38_04.pkl,632
CMU/38/38_04.pkl,633
CMU/38/38_04.pkl,634
CMU/38/38_04.pkl,635
CMU/38/38_04.pkl,636
CMU/38/38_04.pkl,637
CMU/38/38_04.pkl,638
CMU/38/38_04.pkl,639
CMU/38/38_04.pkl,640
CMU/38/38_04.pkl,641
CMU/38/38_04.pkl,642
CMU/38/38_04.pkl,643
CMU/38/38_04.pkl,644
CMU/38/38_04.pkl,809
CMU/38/38_04.pkl,810
CMU/38/38_04.pkl,811
CMU/38/38_04.pkl,812
CMU/38/38_04.pkl,813
CMU/38/38_04.pkl,814
CMU/38/38_04.pkl,815
CMU/38/38_04.pkl,816
CMU/38/38_04.pkl,817
CMU/38/38_04.pkl,818
CMU/38/38_04.pkl,819
CMU/38/38_04.pkl,820
CMU/38/38_04.pkl,821
CMU/38/38_04.pkl,822
CMU/38/38_04.pkl,823
CMU/38/38_04.pkl,824
CMU/38/38_04.pkl,825
CMU/38/38_04.pkl,826
CMU/38/38_04.pkl,827
CMU/38/38_04.pkl,828
CMU/38/38_04.pkl,829
CMU/38/38_04.pkl,830
CMU/38/38_04.pkl,831
CMU/38/38_04.pkl,832
CMU/38/38_04.pkl,833
CMU/38/38_04.pkl,834
CMU/38/38_04.pkl,835
CMU/38/38_04.pkl,836
CMU/38/38_04.pkl,837
CMU/38/38_04.pkl,838
CMU/38/38_04.pkl,839
CMU/38/38_04.pkl,840
CMU/38/38_04.pkl,841
CMU/38/38_04.pkl,842
CMU/38/38_04.pkl,843
CMU/38/38_04.pkl,844
CMU/38/38_04.pkl,845
CMU/38/38_04.pkl,846
CMU/38/38_04.pkl,847
CMU/38/38_04.pkl,848
CMU/38/38_04.pkl,849
CMU/38/38_04.pkl,850
CMU/38/38_04.pkl,851
CMU/38/38_04.pkl,852
CMU/38/38_04.pkl,853
CMU/38/38_04.pkl,854
CMU/38/38_04.pkl,855
CMU/38/38_04.pkl,856
CMU/38/38_04.pkl,857
CMU/38/38_04.pkl,858
CMU/38/38_04.pkl,859
CMU/38/38_04.pkl,860
CMU/38/38_04.pkl,861
CMU/38/38_04.pkl,862
CMU/38/38_04.pkl,863
CMU/38/38_04.pkl,864
CMU/38/38_04.pkl,865
CMU/38/38_04.pkl,866
CMU/38/38_04.pkl,867
CMU/38/38_04.pkl,868
CMU/38/38_04.pkl,869
CMU/38/38_04.pkl,870
CMU/38/38_04.pkl,871
CMU/38/38_04.pkl,872
CMU/38/38_04.pkl,1008
CMU/38/38_04.pkl,1009
CMU/38/38_04.pkl,1010
CMU/38/38_04.pkl,1011
CMU/38/38_04.pkl,1012
CMU/38/38_04.pkl,1013
CMU/38/38_04.pkl,1014
CMU/38/38_04.pkl,1015
CMU/38/38_04.pkl,1016
CMU/38/38_04.pkl,1017
CMU/38/38_04.pkl,1018
CMU/38/38_04.pkl,1019
CMU/38/38_04.pkl,1020
CMU/38/38_04.pkl,1021
CMU/38/38_04.pkl,1022
CMU/38/38_04.pkl,1023
CMU/38/38_04.pkl,1024
CMU/38/38_04.pkl,1025
CMU/38/38_04.pkl,1026
CMU/38/38_04.pkl,1027
CMU/38/38_04.pkl,1028
CMU/38/38_04.pkl,1029
CMU/38/38_04.pkl,1030
CMU/38/38_04.pkl,1031
CMU/38/38_04.pkl,1032
CMU/38/38_04.pkl,1033
CMU/38/38_04.pkl,1034
CMU/38/38_04.pkl,1035
CMU/38/38_04.pkl,1036
CMU/38/38_04.pkl,1037
CMU/38/38_04.pkl,1038
CMU/38/38_04.pkl,1039
CMU/38/38_04.pkl,1040
CMU/38/38_04.pkl,1041
CMU/38/38_04.pkl,1042
CMU/38/38_04.pkl,1043
CMU/38/38_04.pkl,1044
CMU/38/38_04.pkl,1045
CMU/38/38_04.pkl,1046
CMU/38/38_04.pkl,1047
CMU/38/38_04.pkl,1048
CMU/38/38_04.pkl,1049
CMU/38/38_04.pkl,1050
CMU/38/38_04.pkl,1051
CMU/38/38_04.pkl,1052
CMU/38/38_04.pkl,1053
CMU/38/38_04.pkl,1054
CMU/38/38_04.pkl,1055
CMU/38/38_04.pkl,1056
CMU/38/38_04.pkl,1057
CMU/38/38_04.pkl,1058
CMU/38/38_04.pkl,1059
CMU/38/38_04.pkl,1060
CMU/38/38_04.pkl,1061
CMU/38/38_04.pkl,1062
CMU/38/38_04.pkl,1063
CMU/38/38_04.pkl,1064
CMU/38/38_04.pkl,1065
CMU/38/38_04.pkl,1066
CMU/38/38_04.pkl,1067
CMU/38/38_04.pkl,1068
CMU/38/38_04.pkl,1069
CMU/38/38_04.pkl,1070
CMU/38/38_04.pkl,1071
CMU/38/38_04.pkl,1072
CMU/38/38_04.pkl,1073
CMU/38/38_04.pkl,1074
CMU/38/38_04.pkl,1075
CMU/38/38_04.pkl,1076
CMU/38/38_04.pkl,1077
CMU/38/38_04.pkl,1078
CMU/38/38_04.pkl,1079
CMU/38/38_04.pkl,1080
CMU/38/38_04.pkl,1081
CMU/38/38_04.pkl,1082
CMU/38/38_04.pkl,1083
CMU/38/38_04.pkl,1084
CMU/38/38_04.pkl,1085
CMU/38/38_04.pkl,1086
CMU/38/38_04.pkl,1087
CMU/38/38_04.pkl,1088
CMU/38/38_04.pkl,1089
CMU/38/38_04.pkl,1090
CMU/38/38_04.pkl,1091
CMU/38/38_04.pkl,1092
CMU/38/38_04.pkl,1093
CMU/38/38_04.pkl,1094
CMU/38/38_04.pkl,1095
CMU/38/38_04.pkl,1096
CMU/38/38_04.pkl,1251
CMU/38/38_04.pkl,1252
CMU/38/38_04.pkl,1253
CMU/38/38_04.pkl,1254
CMU/38/38_04.pkl,1255
CMU/38/38_04.pkl,1256
CMU/38/38_04.pkl,1257
CMU/38/38_04.pkl,1258
CMU/38/38_04.pkl,1259
CMU/38/38_04.pkl,1260
CMU/38/38_04.pkl,1261
CMU/38/38_04.pkl,1262
CMU/38/38_04.pkl,1263
CMU/38/38_04.pkl,1264
CMU/38/38_04.pkl,1265
CMU/38/38_04.pkl,1266
CMU/38/38_04.pkl,1267
CMU/38/38_04.pkl,1268
CMU/38/38_04.pkl,1269
CMU/38/38_04.pkl,1270
CMU/38/38_04.pkl,1271
CMU/38/38_04.pkl,1272
CMU/38/38_04.pkl,1273
CMU/38/38_04.pkl,1274
CMU/38/38_04.pkl,1275
CMU/38/38_04.pkl,1276
CMU/38/38_04.pkl,1277
CMU/38/38_04.pkl,1278
CMU/38/38_04.pkl,1279
CMU/38/38_04.pkl,1280
CMU/38/38_04.pkl,1281
CMU/38/38_04.pkl,1282
CMU/38/38_04.pkl,1283
CMU/38/38_04.pkl,1284
CMU/38/38_04.pkl,1285
CMU/38/38_04.pkl,1286
CMU/38/38_04.pkl,1287
CMU/38/38_04.pkl,1288
CMU/38/38_04.pkl,1289
CMU/38/38_04.pkl,1290
CMU/38/38_04.pkl,1291
CMU/38/38_04.pkl,1292
CMU/38/38_04.pkl,1293
CMU/38/38_04.pkl,1294
CMU/38/38_04.pkl,1295
CMU/38/38_04.pkl,1296
CMU/38/38_04.pkl,1297
CMU/38/38_04.pkl,1298
CMU/38/38_04.pkl,1299
CMU/38/38_04.pkl,1300
CMU/38/38_04.pkl,1301
CMU/38/38_04.pkl,1302
CMU/38/38_04.pkl,1303
CMU/38/38_04.pkl,1304
CMU/38/38_04.pkl,1305
CMU/38/38_04.pkl,1306
CMU/38/38_04.pkl,1307
CMU/38/38_04.pkl,1308
CMU/38/38_04.pkl,1309
CMU/38/38_04.pkl,1517
CMU/38/38_04.pkl,1518
CMU/38/38_04.pkl,1519
CMU/38/38_04.pkl,1520
CMU/38/38_04.pkl,1521
CMU/38/38_04.pkl,1522
CMU/38/38_04.pkl,1523
CMU/38/38_04.pkl,1524
CMU/38/38_04.pkl,1525
CMU/38/38_04.pkl,1526
CMU/38/38_04.pkl,1527
CMU/38/38_04.pkl,1528
CMU/38/38_04.pkl,1529
CMU/38/38_04.pkl,1530
CMU/38/38_04.pkl,1531
CMU/38/38_04.pkl,1532
CMU/38/38_04.pkl,1533
CMU/38/38_04.pkl,1534
CMU/38/38_04.pkl,1535
CMU/38/38_04.pkl,1536
CMU/38/38_04.pkl,1537
CMU/38/38_04.pkl,1538
CMU/38/38_04.pkl,1539
CMU/38/38_04.pkl,1540
CMU/38/38_04.pkl,1541
CMU/38/38_04.pkl,1542
CMU/38/38_04.pkl,1543
CMU/38/38_04.pkl,1544
CMU/38/38_04.pkl,1545
CMU/38/38_04.pkl,1546
CMU/38/38_04.pkl,1547
CMU/38/38_04.pkl,1548
CMU/38/38_04.pkl,1549
CMU/38/38_04.pkl,1550
CMU/38/38_04.pkl,1551
CMU/38/38_04.pkl,1552
CMU/38/38_04.pkl,1553
CMU/38/38_04.pkl,1554
CMU/38/38_04.pkl,1555
CMU/38/38_04.pkl,1556
CMU/38/38_04.pkl,1557
CMU/38/38_04.pkl,1558
CMU/38/38_04.pkl,1559
CMU/38/38_04.pkl,1560
CMU/38/38_04.pkl,1561
CMU/38/38_04.pkl,1562
CMU/38/38_04.pkl,1563
CMU/38/38_04.pkl,1564
CMU/38/38_04.pkl,1565
CMU/38/38_04.pkl,1566
CMU/38/38_04.pkl,1567
CMU/38/38_04.pkl,1568
CMU/38/38_04.pkl,1569
CMU/38/38_04.pkl,1570
CMU/38/38_04.pkl,1571
CMU/38/38_04.pkl,1572
CMU/38/38_04.pkl,1573
CMU/38/38_04.pkl,1574
CMU/38/38_04.pkl,1575
CMU/40/40_03.pkl,0
CMU/40/40_03.pkl,1
CMU/40/40_03.pkl,2
CMU/40/40_03.pkl,3
CMU/40/40_03.pkl,4
CMU/40/40_03.pkl,5
CMU/40/40_03.pkl,6
CMU/40/40_03.pkl,7
CMU/40/40_03.pkl,8
CMU/40/40_03.pkl,9
CMU/40/40_03.pkl,10
CMU/40/40_03.pkl,11
CMU/40/40_03.pkl,12
CMU/40/40_03.pkl,13
CMU/40/40_03.pkl,14
CMU/40/40_03.pkl,15
CMU/40/40_03.pkl,16
CMU/40/40_03.pkl,17
CMU/40/40_03.pkl,18
CMU/40/40_03.pkl,19
CMU/40/40_03.pkl,20
CMU/40/40_03.pkl,21
CMU/40/40_03.pkl,22
CMU/40/40_03.pkl,23
CMU/40/40_03.pkl,24
CMU/40/40_03.pkl,25
CMU/40/40_03.pkl,26
CMU/40/40_03.pkl,27
CMU/40/40_03.pkl,28
CMU/40/40_03.pkl,29
CMU/40/40_03.pkl,30
CMU/40/40_03.pkl,80
CMU/40/40_03.pkl,81
CMU/40/40_03.pkl,82
CMU/40/40_03.pkl,83
CMU/40/40_03.pkl,84
CMU/40/40_03.pkl,85
CMU/40/40_03.pkl,86
CMU/40/40_03.pkl,87
CMU/40/40_03.pkl,88
CMU/40/40_03.pkl,89
CMU/40/40_03.pkl,90
CMU/40/40_03.pkl,91
CMU/40/40_03.pkl,92
CMU/40/40_03.pkl,93
CMU/40/40_03.pkl,94
CMU/40/40_03.pkl,95
CMU/40/40_03.pkl,96
CMU/40/40_03.pkl,97
CMU/40/40_03.pkl,98
CMU/40/40_03.pkl,99
CMU/40/40_03.pkl,100
CMU/40/40_03.pkl,101
CMU/40/40_03.pkl,102
CMU/40/40_03.pkl,103
CMU/40/40_03.pkl,104
CMU/40/40_03.pkl,105
CMU/40/40_03.pkl,106
CMU/40/40_03.pkl,107
CMU/40/40_03.pkl,108
CMU/40/40_03.pkl,109
CMU/40/40_03.pkl,110
CMU/40/40_03.pkl,156
CMU/40/40_03.pkl,157
CMU/40/40_03.pkl,158
CMU/40/40_03.pkl,159
CMU/40/40_03.pkl,160
CMU/40/40_03.pkl,161
CMU/40/40_03.pkl,162
CMU/40/40_03.pkl,163
CMU/40/40_03.pkl,164
CMU/40/40_03.pkl,165
CMU/40/40_03.pkl,166
CMU/40/40_03.pkl,167
CMU/40/40_03.pkl,168
CMU/40/40_03.pkl,169
CMU/40/40_03.pkl,170
CMU/40/40_03.pkl,171
CMU/40/40_03.pkl,172
CMU/40/40_03.pkl,173
CMU/40/40_03.pkl,174
CMU/40/40_03.pkl,175
CMU/40/40_03.pkl,176
CMU/40/40_03.pkl,177
CMU/40/40_03.pkl,178
CMU/40/40_03.pkl,179
CMU/40/40_03.pkl,180
CMU/40/40_03.pkl,181
CMU/40/40_03.pkl,182
CMU/40/40_03.pkl,183
CMU/40/40_03.pkl,184
CMU/40/40_03.pkl,185
CMU/40/40_03.pkl,186
CMU/40/40_03.pkl,187
CMU/40/40_03.pkl,188
CMU/40/40_03.pkl,189
CMU/40/40_03.pkl,190
CMU/40/40_03.pkl,191
CMU/40/40_03.pkl,192
CMU/40/40_03.pkl,193
CMU/40/40_03.pkl,194
CMU/40/40_03.pkl,195
CMU/40/40_03.pkl,196
CMU/40/40_03.pkl,197
CMU/40/40_03.pkl,198
CMU/40/40_03.pkl,199
CMU/40/40_03.pkl,200
CMU/40/40_03.pkl,201
CMU/40/40_03.pkl,202
CMU/40/40_03.pkl,203
CMU/40/40_03.pkl,204
CMU/40/40_03.pkl,205
CMU/40/40_03.pkl,206
CMU/40/40_03.pkl,207
CMU/40/40_03.pkl,236
CMU/40/40_03.pkl,237
CMU/40/40_03.pkl,238
CMU/40/40_03.pkl,239
CMU/40/40_03.pkl,240
CMU/40/40_03.pkl,241
CMU/40/40_03.pkl,242
CMU/40/40_03.pkl,243
CMU/40/40_03.pkl,244
CMU/40/40_03.pkl,245
CMU/40/40_03.pkl,246
CMU/40/40_03.pkl,247
CMU/40/40_03.pkl,248
CMU/40/40_03.pkl,249
CMU/40/40_03.pkl,250
CMU/40/40_03.pkl,251
CMU/40/40_03.pkl,252
CMU/40/40_03.pkl,253
CMU/40/40_03.pkl,254
CMU/40/40_03.pkl,255
CMU/40/40_03.pkl,256
CMU/40/40_03.pkl,257
CMU/40/40_03.pkl,258
CMU/40/40_03.pkl,259
CMU/40/40_03.pkl,260
CMU/40/40_03.pkl,261
CMU/40/40_03.pkl,262
CMU/40/40_03.pkl,263
CMU/40/40_03.pkl,264
CMU/40/40_03.pkl,265
CMU/40/40_03.pkl,266
CMU/40/40_03.pkl,267
CMU/40/40_03.pkl,268
CMU/40/40_03.pkl,269
CMU/40/40_03.pkl,270
CMU/40/40_03.pkl,271
CMU/40/40_03.pkl,272
CMU/40/40_03.pkl,273
CMU/40/40_03.pkl,274
CMU/40/40_03.pkl,275
CMU/40/40_03.pkl,362
CMU/40/40_03.pkl,363
CMU/40/40_03.pkl,364
CMU/40/40_03.pkl,365
CMU/40/40_03.pkl,366
CMU/40/40_03.pkl,367
CMU/40/40_03.pkl,368
CMU/40/40_03.pkl,369
CMU/40/40_03.pkl,370
CMU/40/40_03.pkl,371
CMU/40/40_03.pkl,372
CMU/40/40_03.pkl,373
CMU/40/40_03.pkl,374
CMU/40/40_03.pkl,375
CMU/40/40_03.pkl,376
CMU/40/40_03.pkl,377
CMU/40/40_03.pkl,378
CMU/40/40_03.pkl,379
CMU/40/40_03.pkl,380
CMU/40/40_03.pkl,381
CMU/40/40_03.pkl,382
CMU/40/40_03.pkl,383
CMU/40/40_03.pkl,384
CMU/40/40_03.pkl,385
CMU/40/40_03.pkl,441
CMU/40/40_03.pkl,442
CMU/40/40_03.pkl,443
CMU/40/40_03.pkl,444
CMU/40/40_03.pkl,445
CMU/40/40_03.pkl,446
CMU/40/40_03.pkl,447
CMU/40/40_03.pkl,448
CMU/40/40_03.pkl,449
CMU/40/40_03.pkl,450
CMU/40/40_03.pkl,451
CMU/40/40_03.pkl,452
CMU/40/40_03.pkl,453
CMU/40/40_03.pkl,454
CMU/40/40_03.pkl,455
CMU/40/40_03.pkl,456
CMU/40/40_03.pkl,457
CMU/40/40_03.pkl,458
CMU/40/40_03.pkl,459
CMU/40/40_03.pkl,460
CMU/40/40_03.pkl,461
CMU/40/40_03.pkl,462
CMU/40/40_03.pkl,463
CMU/40/40_03.pkl,464
CMU/40/40_03.pkl,465
CMU/40/40_03.pkl,466
CMU/40/40_03.pkl,467
CMU/40/40_03.pkl,468
CMU/40/40_03.pkl,469
CMU/40/40_03.pkl,470
CMU/40/40_03.pkl,471
CMU/40/40_03.pkl,472
CMU/40/40_03.pkl,473
CMU/40/40_03.pkl,474
CMU/40/40_03.pkl,475
CMU/40/40_03.pkl,476
CMU/40/40_03.pkl,477
CMU/40/40_03.pkl,642
CMU/40/40_03.pkl,643
CMU/40/40_03.pkl,644
CMU/40/40_03.pkl,645
CMU/40/40_03.pkl,646
CMU/40/40_03.pkl,647
CMU/40/40_03.pkl,648
CMU/40/40_03.pkl,649
CMU/40/40_03.pkl,650
CMU/40/40_03.pkl,651
CMU/40/40_03.pkl,652
CMU/40/40_03.pkl,653
CMU/40/40_03.pkl,654
CMU/40/40_03.pkl,655
CMU/40/40_03.pkl,656
CMU/40/40_03.pkl,657
CMU/40/40_03.pkl,658
CMU/40/40_03.pkl,659
CMU/40/40_03.pkl,660
CMU/40/40_03.pkl,661
CMU/40/40_03.pkl,662
CMU/40/40_03.pkl,663
CMU/40/40_03.pkl,664
CMU/40/40_03.pkl,665
CMU/40/40_03.pkl,666
CMU/40/40_03.pkl,667
CMU/40/40_03.pkl,668
CMU/40/40_03.pkl,669
CMU/40/40_03.pkl,670
CMU/40/40_03.pkl,671
CMU/40/40_03.pkl,672
CMU/40/40_03.pkl,673
CMU/40/40_03.pkl,674
CMU/40/40_03.pkl,675
CMU/40/40_03.pkl,676
CMU/40/40_03.pkl,677
CMU/40/40_03.pkl,678
CMU/40/40_03.pkl,757
CMU/40/40_03.pkl,758
CMU/40/40_03.pkl,759
CMU/40/40_03.pkl,760
CMU/40/40_03.pkl,761
CMU/40/40_03.pkl,762
CMU/40/40_03.pkl,763
CMU/40/40_03.pkl,764
CMU/40/40_03.pkl,765
CMU/40/40_03.pkl,766
CMU/40/40_03.pkl,767
CMU/40/40_03.pkl,768
CMU/40/40_03.pkl,769
CMU/40/40_03.pkl,770
CMU/40/40_03.pkl,771
CMU/40/40_03.pkl,772
CMU/40/40_03.pkl,773
CMU/40/40_03.pkl,774
CMU/40/40_03.pkl,775
CMU/40/40_03.pkl,776
CMU/40/40_03.pkl,777
CMU/40/40_03.pkl,778
CMU/40/40_03.pkl,779
CMU/40/40_03.pkl,780
CMU/40/40_03.pkl,781
CMU/40/40_03.pkl,782
CMU/40/40_03.pkl,783
CMU/40/40_03.pkl,784
CMU/40/40_03.pkl,812
CMU/40/40_03.pkl,813
CMU/40/40_03.pkl,814
CMU/40/40_03.pkl,815
CMU/40/40_03.pkl,816
CMU/40/40_03.pkl,817
CMU/40/40_03.pkl,818
CMU/40/40_03.pkl,819
CMU/40/40_03.pkl,820
CMU/40/40_03.pkl,821
CMU/40/40_03.pkl,822
CMU/40/40_03.pkl,823
CMU/40/40_03.pkl,824
CMU/40/40_03.pkl,825
CMU/40/40_03.pkl,826
CMU/40/40_03.pkl,827
CMU/40/40_03.pkl,828
CMU/40/40_03.pkl,829
CMU/40/40_03.pkl,830
CMU/40/40_03.pkl,831
CMU/40/40_03.pkl,832
CMU/40/40_03.pkl,833
CMU/40/40_03.pkl,834
CMU/40/40_03.pkl,835
CMU/40/40_03.pkl,836
CMU/40/40_03.pkl,837
CMU/40/40_03.pkl,838
CMU/40/40_03.pkl,839
CMU/40/40_03.pkl,840
CMU/40/40_03.pkl,841
CMU/40/40_03.pkl,842
CMU/40/40_03.pkl,843
CMU/40/40_03.pkl,844
CMU/40/40_03.pkl,878
CMU/40/40_03.pkl,879
CMU/40/40_03.pkl,880
CMU/40/40_03.pkl,881
CMU/40/40_03.pkl,882
CMU/40/40_03.pkl,883
CMU/40/40_03.pkl,884
CMU/40/40_03.pkl,885
CMU/40/40_03.pkl,886
CMU/40/40_03.pkl,887
CMU/40/40_03.pkl,888
CMU/40/40_03.pkl,889
CMU/40/40_03.pkl,890
CMU/40/40_03.pkl,891
CMU/40/40_03.pkl,892
CMU/40/40_03.pkl,893
CMU/40/40_03.pkl,894
CMU/40/40_03.pkl,895
CMU/40/40_03.pkl,896
CMU/40/40_03.pkl,897
CMU/40/40_03.pkl,898
CMU/40/40_03.pkl,899
CMU/40/40_03.pkl,900
CMU/40/40_03.pkl,901
CMU/40/40_03.pkl,902
CMU/40/40_03.pkl,903
CMU/40/40_03.pkl,904
CMU/40/40_03.pkl,905
CMU/40/40_03.pkl,906
CMU/40/40_03.pkl,907
CMU/40/40_03.pkl,908
CMU/40/40_03.pkl,909
CMU/40/40_03.pkl,910
CMU/40/40_03.pkl,911
CMU/40/40_03.pkl,912
CMU/40/40_03.pkl,913
CMU/40/40_03.pkl,914
CMU/40/40_03.pkl,915
CMU/40/40_03.pkl,916
CMU/40/40_03.pkl,917
CMU/40/40_03.pkl,918
CMU/40/40_03.pkl,1002
CMU/40/40_03.pkl,1003
CMU/40/40_03.pkl,1004
CMU/40/40_03.pkl,1005
CMU/40/40_03.pkl,1006
CMU/40/40_03.pkl,1007
CMU/40/40_03.pkl,1008
CMU/40/40_03.pkl,1009
CMU/40/40_03.pkl,1010
CMU/40/40_03.pkl,1011
CMU/40/40_03.pkl,1012
CMU/40/40_03.pkl,1013
CMU/40/40_03.pkl,1014
CMU/40/40_03.pkl,1015
CMU/40/40_03.pkl,1016
CMU/40/40_03.pkl,1017
CMU/40/40_03.pkl,1018
CMU/40/40_03.pkl,1019
CMU/40/40_03.pkl,1020
CMU/40/40_03.pkl,1021
CMU/40/40_03.pkl,1022
CMU/40/40_03.pkl,1023
CMU/40/40_03.pkl,1091
CMU/40/40_03.pkl,1092
CMU/40/40_03.pkl,1093
CMU/40/40_03.pkl,1094
CMU/40/40_03.pkl,1095
CMU/40/40_03.pkl,1096
CMU/40/40_03.pkl,1097
CMU/40/40_03.pkl,1098
CMU/40/40_03.pkl,1099
CMU/40/40_03.pkl,1100
CMU/40/40_03.pkl,1101
CMU/40/40_03.pkl,1102
CMU/40/40_03.pkl,1103
CMU/40/40_03.pkl,1104
CMU/40/40_03.pkl,1105
CMU/40/40_03.pkl,1106
CMU/40/40_03.pkl,1107
CMU/40/40_03.pkl,1108
CMU/40/40_03.pkl,1109
CMU/40/40_03.pkl,1110
CMU/40/40_03.pkl,1111
CMU/40/40_03.pkl,1112
CMU/40/40_03.pkl,1113
CMU/40/40_03.pkl,1114
CMU/40/40_03.pkl,1115
CMU/40/40_03.pkl,1116
CMU/40/40_03.pkl,1117
CMU/40/40_03.pkl,1118
CMU/40/40_03.pkl,1119
CMU/40/40_03.pkl,1120
CMU/40/40_03.pkl,1121
CMU/40/40_03.pkl,1122
CMU/40/40_03.pkl,1162
CMU/40/40_03.pkl,1163
CMU/40/40_03.pkl,1164
CMU/40/40_03.pkl,1165
CMU/40/40_03.pkl,1166
CMU/40/40_03.pkl,1167
CMU/40/40_03.pkl,1168
CMU/40/40_03.pkl,1169
CMU/40/40_03.pkl,1170
CMU/40/40_03.pkl,1171
CMU/40/40_03.pkl,1172
CMU/40/40_03.pkl,1173
CMU/40/40_03.pkl,1174
CMU/40/40_03.pkl,1175
CMU/40/40_03.pkl,1176
CMU/40/40_03.pkl,1177
CMU/40/40_03.pkl,1178
CMU/40/40_03.pkl,1179
CMU/40/40_03.pkl,1180
CMU/40/40_04.pkl,23
CMU/40/40_04.pkl,24
CMU/40/40_04.pkl,25
CMU/40/40_04.pkl,26
CMU/40/40_04.pkl,27
CMU/40/40_04.pkl,28
CMU/40/40_04.pkl,29
CMU/40/40_04.pkl,30
CMU/40/40_04.pkl,31
CMU/40/40_04.pkl,32
CMU/40/40_04.pkl,33
CMU/40/40_04.pkl,34
CMU/40/40_04.pkl,35
CMU/40/40_04.pkl,36
CMU/40/40_04.pkl,37
CMU/40/40_04.pkl,38
CMU/40/40_04.pkl,39
CMU/40/40_04.pkl,40
CMU/40/40_04.pkl,41
CMU/40/40_04.pkl,42
CMU/40/40_04.pkl,43
CMU/40/40_04.pkl,44
CMU/40/40_04.pkl,45
CMU/40/40_04.pkl,46
CMU/40/40_04.pkl,47
CMU/40/40_04.pkl,48
CMU/40/40_04.pkl,49
CMU/40/40_04.pkl,50
CMU/40/40_04.pkl,51
CMU/40/40_04.pkl,52
CMU/40/40_04.pkl,53
CMU/40/40_04.pkl,54
CMU/40/40_04.pkl,55
CMU/40/40_04.pkl,56
CMU/40/40_04.pkl,166
CMU/40/40_04.pkl,167
CMU/40/40_04.pkl,168
CMU/40/40_04.pkl,169
CMU/40/40_04.pkl,170
CMU/40/40_04.pkl,171
CMU/40/40_04.pkl,172
CMU/40/40_04.pkl,173
CMU/40/40_04.pkl,174
CMU/40/40_04.pkl,175
CMU/40/40_04.pkl,176
CMU/40/40_04.pkl,177
CMU/40/40_04.pkl,178
CMU/40/40_04.pkl,179
CMU/40/40_04.pkl,180
CMU/40/40_04.pkl,181
CMU/40/40_04.pkl,182
CMU/40/40_04.pkl,183
CMU/40/40_04.pkl,184
CMU/40/40_04.pkl,185
CMU/40/40_04.pkl,186
CMU/40/40_04.pkl,187
CMU/40/40_04.pkl,188
CMU/40/40_04.pkl,189
CMU/40/40_04.pkl,190
CMU/40/40_04.pkl,191
CMU/40/40_04.pkl,192
CMU/40/40_04.pkl,193
CMU/40/40_04.pkl,194
CMU/40/40_04.pkl,195
CMU/40/40_04.pkl,196
CMU/40/40_04.pkl,197
CMU/40/40_04.pkl,198
CMU/40/40_04.pkl,199
CMU/40/40_04.pkl,200
CMU/40/40_04.pkl,201
CMU/40/40_04.pkl,202
CMU/40/40_04.pkl,203
CMU/40/40_04.pkl,204
CMU/40/40_04.pkl,205
CMU/40/40_04.pkl,206
CMU/40/40_04.pkl,207
CMU/40/40_04.pkl,208
CMU/40/40_04.pkl,209
CMU/40/40_04.pkl,210
CMU/40/40_04.pkl,211
CMU/40/40_04.pkl,212
CMU/40/40_04.pkl,213
CMU/40/40_04.pkl,214
CMU/40/40_04.pkl,215
CMU/40/40_04.pkl,307
CMU/40/40_04.pkl,308
CMU/40/40_04.pkl,309
CMU/40/40_04.pkl,310
CMU/40/40_04.pkl,413
CMU/40/40_04.pkl,414
CMU/40/40_04.pkl,415
CMU/40/40_04.pkl,416
CMU/40/40_04.pkl,417
CMU/40/40_04.pkl,418
CMU/40/40_04.pkl,419
CMU/40/40_04.pkl,420
CMU/40/40_04.pkl,421
CMU/40/40_04.pkl,422
CMU/40/40_04.pkl,423
CMU/40/40_04.pkl,424
CMU/40/40_04.pkl,425
CMU/40/40_04.pkl,426
CMU/40/40_04.pkl,427
CMU/40/40_04.pkl,428
CMU/40/40_04.pkl,429
CMU/40/40_04.pkl,430
CMU/40/40_04.pkl,431
CMU/40/40_04.pkl,432
CMU/40/40_04.pkl,433
CMU/40/40_04.pkl,434
CMU/40/40_04.pkl,435
CMU/40/40_04.pkl,436
CMU/40/40_04.pkl,437
CMU/40/40_04.pkl,438
CMU/40/40_04.pkl,439
CMU/40/40_04.pkl,440
CMU/40/40_04.pkl,441
CMU/40/40_04.pkl,442
CMU/40/40_04.pkl,443
CMU/40/40_04.pkl,444
CMU/40/40_04.pkl,445
CMU/40/40_04.pkl,446
CMU/40/40_04.pkl,447
CMU/40/40_04.pkl,448
CMU/40/40_04.pkl,449
CMU/40/40_04.pkl,450
CMU/40/40_04.pkl,451
CMU/40/40_04.pkl,452
CMU/40/40_04.pkl,865
CMU/40/40_04.pkl,866
CMU/40/40_04.pkl,867
CMU/40/40_04.pkl,868
CMU/40/40_04.pkl,869
CMU/40/40_04.pkl,870
CMU/40/40_04.pkl,871
CMU/40/40_04.pkl,872
CMU/40/40_04.pkl,873
CMU/40/40_04.pkl,874
CMU/40/40_04.pkl,875
CMU/40/40_04.pkl,876
CMU/40/40_04.pkl,877
CMU/40/40_04.pkl,878
CMU/40/40_04.pkl,879
CMU/40/40_04.pkl,880
CMU/40/40_04.pkl,881
CMU/40/40_04.pkl,882
CMU/40/40_04.pkl,883
CMU/40/40_04.pkl,884
CMU/40/40_04.pkl,885
CMU/40/40_04.pkl,886
CMU/40/40_04.pkl,887
CMU/40/40_04.pkl,888
CMU/40/40_04.pkl,889
CMU/40/40_04.pkl,890
CMU/40/40_04.pkl,891
CMU/40/40_04.pkl,892
CMU/40/40_04.pkl,893
CMU/40/40_04.pkl,894
CMU/40/40_04.pkl,895
CMU/40/40_04.pkl,896
CMU/40/40_08.pkl,1131
CMU/40/40_08.pkl,1132
CMU/40/40_08.pkl,1133
CMU/40/40_08.pkl,1134
CMU/45/45_01.pkl,0
CMU/45/45_01.pkl,1
CMU/45/45_01.pkl,2
CMU/45/45_01.pkl,3
CMU/45/45_01.pkl,4
CMU/45/45_01.pkl,5
CMU/45/45_01.pkl,6
CMU/45/45_01.pkl,7
CMU/45/45_01.pkl,8
CMU/45/45_01.pkl,9
CMU/45/45_01.pkl,10
CMU/45/45_01.pkl,11
CMU/45/45_01.pkl,12
CMU/45/45_01.pkl,13
CMU/45/45_01.pkl,14
CMU/45/45_01.pkl,15
CMU/45/45_01.pkl,16
CMU/45/45_01.pkl,17
CMU/45/45_01.pkl,18
CMU/45/45_01.pkl,19
CMU/45/45_01.pkl,20
CMU/45/45_01.pkl,21
CMU/45/45_01.pkl,22
CMU/45/45_01.pkl,23
CMU/45/45_01.pkl,24
CMU/45/45_01.pkl,25
CMU/45/45_01.pkl,26
CMU/45/45_01.pkl,27
CMU/45/45_01.pkl,28
CMU/45/45_01.pkl,29
CMU/45/45_01.pkl,59
CMU/45/45_01.pkl,60
CMU/45/45_01.pkl,61
CMU/45/45_01.pkl,62
CMU/45/45_01.pkl,63
CMU/45/45_01.pkl,64
CMU/45/45_01.pkl,65
CMU/45/45_01.pkl,66
CMU/45/45_01.pkl,67
CMU/45/45_01.pkl,68
CMU/45/45_01.pkl,69
CMU/45/45_01.pkl,70
CMU/45/45_01.pkl,71
CMU/45/45_01.pkl,72
CMU/45/45_01.pkl,73
CMU/45/45_01.pkl,74
CMU/45/45_01.pkl,75
CMU/46/46_01.pkl,51
CMU/46/46_01.pkl,83
CMU/46/46_01.pkl,84
CMU/46/46_01.pkl,85
CMU/46/46_01.pkl,86
CMU/46/46_01.pkl,87
CMU/46/46_01.pkl,88
CMU/46/46_01.pkl,89
CMU/46/46_01.pkl,90
CMU/46/46_01.pkl,91
CMU/46/46_01.pkl,92
CMU/46/46_01.pkl,93
CMU/46/46_01.pkl,94
CMU/46/46_01.pkl,95
CMU/46/46_01.pkl,96
CMU/46/46_01.pkl,97
CMU/46/46_01.pkl,98
CMU/46/46_01.pkl,99
CMU/46/46_01.pkl,100
CMU/46/46_01.pkl,101
CMU/46/46_01.pkl,102
CMU/46/46_01.pkl,103
CMU/46/46_01.pkl,104
CMU/46/46_01.pkl,105
CMU/46/46_01.pkl,106
CMU/46/46_01.pkl,107
CMU/49/49_07.pkl,75
CMU/49/49_07.pkl,76
CMU/49/49_07.pkl,77
CMU/49/49_07.pkl,78
CMU/56/56_04.pkl,497
CMU/56/56_04.pkl,498
CMU/56/56_04.pkl,499
CMU/56/56_04.pkl,500
CMU/56/56_04.pkl,501
CMU/56/56_04.pkl,502
CMU/56/56_04.pkl,503
CMU/56/56_04.pkl,504
CMU/56/56_04.pkl,505
CMU/56/56_04.pkl,506
CMU/56/56_04.pkl,507
CMU/56/56_04.pkl,508
CMU/56/56_04.pkl,509
CMU/56/56_04.pkl,510
CMU/56/56_04.pkl,511
CMU/56/56_04.pkl,512
CMU/56/56_04.pkl,513
CMU/56/56_04.pkl,514
CMU/56/56_04.pkl,515
CMU/56/56_04.pkl,516
CMU/56/56_04.pkl,517
CMU/56/56_04.pkl,518
CMU/56/56_04.pkl,519
CMU/56/56_04.pkl,520
CMU/56/56_04.pkl,521
CMU/56/56_04.pkl,522
CMU/56/56_04.pkl,523
CMU/56/56_05.pkl,145
CMU/56/56_05.pkl,146
CMU/56/56_05.pkl,147
CMU/56/56_05.pkl,148
CMU/56/56_05.pkl,149
CMU/56/56_05.pkl,150
CMU/56/56_05.pkl,151
CMU/56/56_05.pkl,152
CMU/56/56_05.pkl,153
CMU/56/56_05.pkl,154
CMU/56/56_05.pkl,155
CMU/56/56_05.pkl,156
CMU/56/56_05.pkl,157
CMU/56/56_05.pkl,158
CMU/56/56_05.pkl,159
CMU/56/56_05.pkl,160
CMU/56/56_05.pkl,161
CMU/56/56_05.pkl,162
CMU/56/56_05.pkl,163
CMU/56/56_05.pkl,164
CMU/56/56_05.pkl,165
CMU/56/56_05.pkl,166
CMU/56/56_05.pkl,167
CMU/56/56_05.pkl,168
CMU/56/56_05.pkl,169
CMU/56/56_05.pkl,170
CMU/56/56_05.pkl,171
CMU/56/56_05.pkl,172
CMU/56/56_05.pkl,173
CMU/56/56_05.pkl,174
CMU/56/56_05.pkl,175
CMU/56/56_05.pkl,176
CMU/56/56_05.pkl,177
CMU/56/56_05.pkl,178
CMU/56/56_05.pkl,179
CMU/56/56_05.pkl,180
CMU/56/56_05.pkl,181
CMU/56/56_05.pkl,182
CMU/56/56_05.pkl,183
CMU/56/56_05.pkl,184
CMU/56/56_05.pkl,185
CMU/56/56_05.pkl,186
CMU/56/56_05.pkl,187
CMU/56/56_05.pkl,188
CMU/56/56_05.pkl,189
CMU/56/56_05.pkl,190
CMU/56/56_05.pkl,191
CMU/56/56_05.pkl,192
CMU/56/56_05.pkl,193
CMU/56/56_05.pkl,194
CMU/56/56_05.pkl,195
CMU/56/56_05.pkl,196
CMU/56/56_05.pkl,197
CMU/56/56_05.pkl,198
CMU/56/56_05.pkl,199
CMU/56/56_05.pkl,200
CMU/56/56_05.pkl,201
CMU/56/56_05.pkl,202
CMU/56/56_05.pkl,203
CMU/56/56_05.pkl,204
CMU/56/56_05.pkl,205
CMU/56/56_05.pkl,206
CMU/56/56_05.pkl,207
CMU/56/56_05.pkl,208
CMU/56/56_05.pkl,209
CMU/56/56_05.pkl,210
CMU/56/56_05.pkl,211
CMU/56/56_05.pkl,212
CMU/56/56_05.pkl,213
CMU/56/56_05.pkl,214
CMU/56/56_05.pkl,215
CMU/56/56_05.pkl,216
CMU/56/56_05.pkl,217
CMU/56/56_05.pkl,218
CMU/56/56_05.pkl,219
CMU/56/56_05.pkl,220
CMU/56/56_05.pkl,221
CMU/56/56_05.pkl,222
CMU/56/56_05.pkl,223
CMU/56/56_05.pkl,224
CMU/56/56_05.pkl,225
CMU/56/56_05.pkl,226
CMU/56/56_05.pkl,227
CMU/56/56_05.pkl,228
CMU/56/56_05.pkl,229
CMU/56/56_05.pkl,230
CMU/56/56_05.pkl,231
CMU/56/56_05.pkl,232
CMU/56/56_05.pkl,427
CMU/56/56_05.pkl,428
CMU/56/56_05.pkl,429
CMU/56/56_05.pkl,430
CMU/56/56_05.pkl,431
CMU/56/56_05.pkl,432
CMU/56/56_05.pkl,433
CMU/56/56_05.pkl,434
CMU/56/56_05.pkl,435
CMU/56/56_05.pkl,436
CMU/56/56_05.pkl,437
CMU/56/56_05.pkl,438
CMU/56/56_05.pkl,439
CMU/56/56_05.pkl,440
CMU/56/56_05.pkl,441
CMU/56/56_05.pkl,442
CMU/56/56_05.pkl,443
CMU/56/56_05.pkl,444
CMU/56/56_05.pkl,445
CMU/56/56_05.pkl,446
CMU/56/56_05.pkl,447
CMU/56/56_05.pkl,448
CMU/56/56_05.pkl,449
CMU/56/56_05.pkl,450
CMU/56/56_05.pkl,451
CMU/56/56_05.pkl,452
CMU/56/56_05.pkl,453
CMU/56/56_05.pkl,454
CMU/56/56_05.pkl,455
CMU/56/56_05.pkl,456
CMU/56/56_05.pkl,457
CMU/56/56_05.pkl,458
CMU/56/56_05.pkl,459
CMU/56/56_05.pkl,460
CMU/56/56_05.pkl,461
CMU/56/56_05.pkl,462
CMU/56/56_05.pkl,463
CMU/56/56_05.pkl,464
CMU/56/56_05.pkl,465
CMU/56/56_05.pkl,466
CMU/56/56_05.pkl,533
CMU/56/56_05.pkl,534
CMU/56/56_05.pkl,535
CMU/56/56_05.pkl,536
CMU/56/56_05.pkl,537
CMU/56/56_05.pkl,538
CMU/56/56_05.pkl,539
CMU/56/56_05.pkl,540
CMU/56/56_05.pkl,541
CMU/56/56_05.pkl,542
CMU/56/56_05.pkl,543
CMU/56/56_05.pkl,544
CMU/56/56_05.pkl,545
CMU/56/56_05.pkl,546
CMU/56/56_05.pkl,547
CMU/56/56_05.pkl,548
CMU/56/56_05.pkl,549
CMU/56/56_05.pkl,550
CMU/56/56_05.pkl,551
CMU/56/56_05.pkl,705
CMU/56/56_05.pkl,706
CMU/56/56_05.pkl,707
CMU/56/56_05.pkl,708
CMU/56/56_05.pkl,709
CMU/56/56_05.pkl,710
CMU/56/56_05.pkl,711
CMU/56/56_05.pkl,712
CMU/56/56_05.pkl,713
CMU/56/56_05.pkl,714
CMU/56/56_05.pkl,715
CMU/56/56_05.pkl,1369
CMU/56/56_05.pkl,1370
CMU/56/56_05.pkl,1371
CMU/56/56_05.pkl,1372
CMU/56/56_05.pkl,1373
CMU/56/56_05.pkl,1374
CMU/56/56_05.pkl,1375
CMU/56/56_05.pkl,1376
CMU/56/56_05.pkl,1377
CMU/56/56_05.pkl,1378
CMU/56/56_05.pkl,1379
CMU/56/56_05.pkl,1380
CMU/56/56_05.pkl,1381
CMU/56/56_05.pkl,1382
CMU/56/56_05.pkl,1383
CMU/56/56_05.pkl,1384
CMU/56/56_05.pkl,1385
CMU/56/56_05.pkl,1386
CMU/56/56_05.pkl,1387
CMU/56/56_05.pkl,1388
CMU/56/56_05.pkl,1389
CMU/56/56_05.pkl,1390
CMU/56/56_05.pkl,1391
CMU/56/56_05.pkl,1392
CMU/56/56_05.pkl,1393
CMU/56/56_05.pkl,1394
CMU/56/56_05.pkl,1395
CMU/56/56_05.pkl,1396
CMU/56/56_05.pkl,1397
CMU/56/56_05.pkl,1398
CMU/56/56_05.pkl,1399
CMU/56/56_05.pkl,1400
CMU/56/56_05.pkl,1401
CMU/56/56_05.pkl,1402
CMU/56/56_05.pkl,1403
CMU/56/56_05.pkl,1404
CMU/56/56_05.pkl,1405
CMU/56/56_05.pkl,1406
CMU/56/56_05.pkl,1407
CMU/56/56_05.pkl,1408
CMU/56/56_05.pkl,1409
CMU/56/56_05.pkl,1410
CMU/56/56_05.pkl,1411
CMU/56/56_05.pkl,1412
CMU/56/56_05.pkl,1413
CMU/56/56_05.pkl,1414
CMU/56/56_05.pkl,1415
CMU/56/56_05.pkl,1416
CMU/56/56_05.pkl,1417
CMU/56/56_05.pkl,1418
CMU/56/56_05.pkl,1419
CMU/56/56_05.pkl,1420
CMU/56/56_05.pkl,1421
CMU/56/56_05.pkl,1422
CMU/56/56_05.pkl,1423
CMU/56/56_05.pkl,1424
CMU/56/56_05.pkl,1425
CMU/56/56_05.pkl,1426
CMU/56/56_05.pkl,1427
CMU/56/56_05.pkl,1428
CMU/56/56_05.pkl,1429
CMU/56/56_05.pkl,1430
CMU/56/56_05.pkl,1431
CMU/56/56_05.pkl,1432
CMU/56/56_05.pkl,1433
CMU/56/56_05.pkl,1434
CMU/56/56_05.pkl,1435
CMU/56/56_05.pkl,1436
CMU/56/56_05.pkl,1437
CMU/56/56_05.pkl,1438
CMU/56/56_05.pkl,1439
CMU/56/56_05.pkl,1440
CMU/56/56_05.pkl,1441
CMU/56/56_05.pkl,1442
CMU/56/56_05.pkl,1443
CMU/56/56_05.pkl,1444
CMU/56/56_05.pkl,1445
CMU/56/56_05.pkl,1446
CMU/56/56_05.pkl,1447
CMU/56/56_05.pkl,1448
CMU/56/56_05.pkl,1449
CMU/56/56_05.pkl,1450
CMU/56/56_05.pkl,1451
CMU/56/56_05.pkl,1452
CMU/56/56_05.pkl,1453
CMU/56/56_05.pkl,1454
CMU/56/56_05.pkl,1455
CMU/56/56_06.pkl,802
CMU/56/56_06.pkl,803
CMU/56/56_06.pkl,804
CMU/56/56_06.pkl,805
CMU/56/56_06.pkl,806
CMU/56/56_06.pkl,807
CMU/56/56_06.pkl,808
CMU/56/56_06.pkl,809
CMU/56/56_06.pkl,810
CMU/56/56_06.pkl,811
CMU/56/56_06.pkl,812
CMU/56/56_06.pkl,813
CMU/56/56_06.pkl,814
CMU/56/56_06.pkl,815
CMU/56/56_06.pkl,816
CMU/56/56_06.pkl,817
CMU/56/56_06.pkl,818
CMU/56/56_06.pkl,819
CMU/56/56_06.pkl,820
CMU/73/73_10.pkl,71
CMU/73/73_10.pkl,72
CMU/73/73_10.pkl,73
CMU/73/73_10.pkl,74
CMU/73/73_10.pkl,75
CMU/73/73_10.pkl,76
CMU/73/73_10.pkl,77
CMU/73/73_10.pkl,78
CMU/73/73_10.pkl,79
CMU/73/73_10.pkl,80
CMU/73/73_10.pkl,81
CMU/73/73_10.pkl,82
CMU/73/73_10.pkl,83
CMU/73/73_10.pkl,84
CMU/73/73_10.pkl,85
CMU/73/73_10.pkl,86
CMU/73/73_10.pkl,87
CMU/73/73_10.pkl,88
CMU/73/73_10.pkl,89
CMU/73/73_10.pkl,90
CMU/73/73_10.pkl,91
CMU/73/73_10.pkl,92
CMU/73/73_10.pkl,93
CMU/73/73_10.pkl,94
CMU/73/73_10.pkl,95
CMU/73/73_10.pkl,96
CMU/73/73_10.pkl,97
CMU/73/73_10.pkl,98
CMU/73/73_10.pkl,99
CMU/73/73_10.pkl,100
CMU/73/73_10.pkl,101
CMU/73/73_10.pkl,102
CMU/73/73_10.pkl,103
CMU/73/73_10.pkl,104
CMU/73/73_10.pkl,105
CMU/73/73_10.pkl,106
CMU/73/73_10.pkl,107
CMU/73/73_10.pkl,108
CMU/73/73_10.pkl,109
CMU/73/73_10.pkl,110
CMU/73/73_10.pkl,111
CMU/73/73_10.pkl,112
CMU/73/73_10.pkl,113
CMU/73/73_10.pkl,114
CMU/73/73_10.pkl,115
CMU/73/73_10.pkl,116
CMU/73/73_10.pkl,117
CMU/73/73_10.pkl,118
CMU/73/73_10.pkl,119
CMU/73/73_10.pkl,120
CMU/73/73_10.pkl,121
CMU/73/73_10.pkl,122
CMU/73/73_10.pkl,123
CMU/73/73_10.pkl,124
CMU/73/73_10.pkl,125
CMU/73/73_10.pkl,126
CMU/73/73_10.pkl,127
CMU/73/73_10.pkl,128
CMU/73/73_10.pkl,129
CMU/73/73_10.pkl,130
CMU/73/73_10.pkl,131
CMU/73/73_10.pkl,132
CMU/73/73_10.pkl,133
CMU/73/73_10.pkl,134
CMU/73/73_10.pkl,135
CMU/73/73_10.pkl,136
CMU/73/73_10.pkl,137
CMU/73/73_10.pkl,138
CMU/73/73_10.pkl,139
CMU/73/73_10.pkl,140
CMU/73/73_10.pkl,141
CMU/73/73_10.pkl,142
CMU/82/82_09.pkl,143
CMU/82/82_09.pkl,144
CMU/82/82_09.pkl,145
CMU/82/82_09.pkl,146
CMU/82/82_09.pkl,147
CMU/82/82_09.pkl,148
CMU/82/82_09.pkl,149
CMU/82/82_09.pkl,150
CMU/82/82_09.pkl,151
CMU/82/82_09.pkl,152
CMU/82/82_09.pkl,153
CMU/82/82_09.pkl,154
CMU/82/82_09.pkl,155
CMU/82/82_09.pkl,156
CMU/82/82_09.pkl,157
CMU/82/82_09.pkl,158
CMU/82/82_09.pkl,159
CMU/82/82_09.pkl,160
CMU/82/82_09.pkl,161
CMU/82/82_09.pkl,162
CMU/82/82_09.pkl,163
CMU/82/82_09.pkl,164
CMU/82/82_09.pkl,165
CMU/82/82_09.pkl,166
CMU/82/82_09.pkl,167
CMU/82/82_09.pkl,168
CMU/82/82_09.pkl,169
CMU/82/82_09.pkl,170
CMU/82/82_09.pkl,171
CMU/82/82_09.pkl,172
CMU/82/82_09.pkl,173
CMU/82/82_09.pkl,174
CMU/82/82_09.pkl,175
CMU/82/82_09.pkl,176
CMU/82/82_09.pkl,177
CMU/82/82_09.pkl,178
CMU/82/82_09.pkl,179
CMU/82/82_09.pkl,180
CMU/82/82_09.pkl,181
CMU/82/82_09.pkl,182
CMU/82/82_09.pkl,183
CMU/82/82_09.pkl,184
CMU/82/82_09.pkl,185
CMU/82/82_09.pkl,186
CMU/82/82_09.pkl,187
CMU/82/82_09.pkl,188
CMU/82/82_09.pkl,189
CMU/82/82_09.pkl,190
CMU/82/82_09.pkl,191
CMU/82/82_09.pkl,192
CMU/82/82_09.pkl,193
CMU/82/82_09.pkl,194
CMU/82/82_09.pkl,195
CMU/82/82_09.pkl,196
CMU/82/82_09.pkl,197
CMU/82/82_09.pkl,198
CMU/82/82_09.pkl,199
CMU/82/82_09.pkl,200
CMU/82/82_09.pkl,201
CMU/82/82_09.pkl,202
CMU/82/82_09.pkl,203
CMU/82/82_09.pkl,204
CMU/82/82_09.pkl,205
CMU/82/82_09.pkl,206
CMU/82/82_09.pkl,207
CMU/82/82_09.pkl,208
CMU/82/82_09.pkl,209
CMU/82/82_09.pkl,210
CMU/82/82_09.pkl,211
CMU/82/82_09.pkl,212
CMU/82/82_09.pkl,213
CMU/82/82_09.pkl,214
CMU/82/82_09.pkl,215
CMU/82/82_09.pkl,216
CMU/82/82_09.pkl,217
CMU/82/82_09.pkl,218
CMU/82/82_09.pkl,219
CMU/82/82_09.pkl,220
CMU/82/82_09.pkl,221
CMU/82/82_09.pkl,222
CMU/82/82_09.pkl,223
CMU/82/82_09.pkl,224
CMU/82/82_09.pkl,225
CMU/82/82_09.pkl,226
CMU/82/82_09.pkl,227
CMU/83/83_28.pkl,21
CMU/83/83_28.pkl,22
CMU/83/83_28.pkl,23
CMU/83/83_28.pkl,24
CMU/83/83_28.pkl,25
CMU/83/83_28.pkl,26
CMU/83/83_28.pkl,27
CMU/83/83_28.pkl,28
CMU/83/83_28.pkl,29
CMU/83/83_28.pkl,30
CMU/83/83_28.pkl,31
CMU/83/83_28.pkl,32
CMU/83/83_28.pkl,33
CMU/83/83_28.pkl,34
CMU/83/83_28.pkl,35
CMU/83/83_28.pkl,36
CMU/83/83_28.pkl,37
CMU/83/83_28.pkl,38
CMU/83/83_28.pkl,39
CMU/83/83_28.pkl,40
CMU/83/83_28.pkl,41
CMU/83/83_28.pkl,42
CMU/83/83_28.pkl,43
CMU/83/83_28.pkl,44
CMU/83/83_28.pkl,45
CMU/83/83_28.pkl,46
CMU/83/83_28.pkl,47
CMU/83/83_28.pkl,48
CMU/83/83_28.pkl,49
CMU/83/83_28.pkl,50
CMU/83/83_28.pkl,51
CMU/83/83_28.pkl,52
CMU/83/83_28.pkl,53
CMU/83/83_28.pkl,54
CMU/83/83_28.pkl,55
CMU/83/83_28.pkl,56
CMU/83/83_28.pkl,57
CMU/83/83_28.pkl,58
CMU/83/83_28.pkl,59
CMU/83/83_28.pkl,60
CMU/83/83_28.pkl,61
CMU/83/83_28.pkl,62
CMU/83/83_28.pkl,63
CMU/83/83_36.pkl,136
CMU/83/83_36.pkl,137
CMU/83/83_36.pkl,138
CMU/83/83_36.pkl,139
CMU/83/83_36.pkl,140
CMU/83/83_36.pkl,141
CMU/83/83_36.pkl,142
CMU/83/83_36.pkl,143
CMU/83/83_36.pkl,144
CMU/83/83_36.pkl,145
CMU/83/83_36.pkl,146
CMU/83/83_36.pkl,147
CMU/83/83_36.pkl,148
CMU/83/83_36.pkl,149
CMU/83/83_36.pkl,150
CMU/83/83_36.pkl,151
CMU/83/83_36.pkl,152
CMU/83/83_36.pkl,153
CMU/83/83_36.pkl,154
CMU/83/83_36.pkl,155
CMU/83/83_36.pkl,156
CMU/83/83_36.pkl,157
CMU/83/83_36.pkl,158
CMU/83/83_36.pkl,159
CMU/83/83_36.pkl,160
CMU/83/83_36.pkl,161
CMU/83/83_36.pkl,162
CMU/83/83_36.pkl,163
CMU/83/83_36.pkl,164
CMU/83/83_36.pkl,165
CMU/83/83_36.pkl,166
CMU/83/83_36.pkl,167
CMU/83/83_36.pkl,168
CMU/83/83_36.pkl,169
CMU/83/83_36.pkl,170
CMU/83/83_36.pkl,171
CMU/83/83_36.pkl,172
CMU/86/86_03.pkl,104
CMU/86/86_03.pkl,105
CMU/86/86_03.pkl,106
CMU/86/86_03.pkl,107
CMU/86/86_03.pkl,108
CMU/86/86_03.pkl,109
CMU/86/86_03.pkl,110
CMU/86/86_03.pkl,111
CMU/86/86_03.pkl,112
CMU/86/86_03.pkl,113
CMU/86/86_03.pkl,114
CMU/86/86_03.pkl,115
CMU/86/86_03.pkl,116
CMU/86/86_03.pkl,117
CMU/86/86_03.pkl,118
CMU/86/86_03.pkl,119
CMU/86/86_03.pkl,120
CMU/86/86_03.pkl,121
CMU/86/86_03.pkl,122
CMU/86/86_03.pkl,123
CMU/86/86_03.pkl,124
CMU/86/86_03.pkl,125
CMU/86/86_03.pkl,126
CMU/86/86_03.pkl,127
CMU/86/86_03.pkl,128
CMU/86/86_03.pkl,129
CMU/86/86_03.pkl,130
CMU/86/86_03.pkl,131
CMU/86/86_03.pkl,132
CMU/86/86_03.pkl,133
CMU/86/86_03.pkl,134
CMU/86/86_03.pkl,135
CMU/86/86_03.pkl,136
CMU/86/86_03.pkl,137
CMU/86/86_03.pkl,138
CMU/86/86_03.pkl,139
CMU/86/86_03.pkl,140
CMU/86/86_03.pkl,141
CMU/86/86_03.pkl,142
CMU/86/86_03.pkl,143
CMU/86/86_03.pkl,144
CMU/86/86_03.pkl,145
CMU/86/86_03.pkl,146
CMU/86/86_03.pkl,147
CMU/86/86_03.pkl,148
CMU/86/86_03.pkl,149
CMU/86/86_03.pkl,150
CMU/86/86_03.pkl,151
CMU/86/86_03.pkl,152
CMU/86/86_03.pkl,153
CMU/86/86_03.pkl,154
CMU/86/86_03.pkl,155
CMU/86/86_03.pkl,156
CMU/86/86_03.pkl,527
CMU/86/86_03.pkl,528
CMU/86/86_03.pkl,529
CMU/86/86_03.pkl,530
CMU/86/86_03.pkl,531
CMU/86/86_03.pkl,532
CMU/86/86_03.pkl,533
CMU/86/86_03.pkl,534
CMU/86/86_03.pkl,535
CMU/86/86_03.pkl,536
CMU/86/86_03.pkl,537
CMU/86/86_03.pkl,538
CMU/86/86_03.pkl,539
CMU/86/86_03.pkl,540
CMU/86/86_03.pkl,541
CMU/86/86_03.pkl,542
CMU/86/86_03.pkl,543
CMU/86/86_03.pkl,544
CMU/86/86_03.pkl,545
CMU/86/86_03.pkl,546
CMU/86/86_03.pkl,547
CMU/86/86_03.pkl,548
CMU/86/86_03.pkl,549
CMU/86/86_03.pkl,550
CMU/86/86_03.pkl,551
CMU/86/86_03.pkl,552
CMU/86/86_03.pkl,553
CMU/86/86_03.pkl,554
CMU/86/86_03.pkl,555
CMU/86/86_03.pkl,556
CMU/86/86_03.pkl,557
CMU/86/86_03.pkl,558
CMU/86/86_03.pkl,559
CMU/86/86_03.pkl,560
CMU/86/86_03.pkl,561
CMU/86/86_03.pkl,562
CMU/86/86_03.pkl,563
CMU/86/86_03.pkl,564
CMU/86/86_03.pkl,565
CMU/86/86_03.pkl,566
CMU/86/86_03.pkl,567
CMU/86/86_03.pkl,568
CMU/86/86_03.pkl,569
CMU/86/86_03.pkl,570
CMU/86/86_03.pkl,571
CMU/86/86_03.pkl,1416
CMU/86/86_03.pkl,1417
CMU/86/86_03.pkl,1418
CMU/86/86_03.pkl,1419
CMU/86/86_03.pkl,1420
CMU/86/86_03.pkl,1421
CMU/86/86_03.pkl,1422
CMU/86/86_03.pkl,1423
CMU/86/86_03.pkl,1424
CMU/86/86_03.pkl,1425
CMU/86/86_03.pkl,1426
CMU/86/86_03.pkl,1427
CMU/86/86_03.pkl,1428
CMU/86/86_03.pkl,1429
CMU/86/86_03.pkl,1430
CMU/86/86_03.pkl,1431
CMU/86/86_03.pkl,1432
CMU/86/86_03.pkl,1433
CMU/86/86_03.pkl,1434
CMU/86/86_03.pkl,1435
CMU/86/86_03.pkl,1436
CMU/86/86_03.pkl,1437
CMU/86/86_03.pkl,1438
CMU/86/86_03.pkl,1439
CMU/86/86_03.pkl,1440
CMU/86/86_03.pkl,1441
CMU/86/86_03.pkl,1442
CMU/86/86_03.pkl,1443
CMU/86/86_03.pkl,1444
CMU/86/86_03.pkl,1445
CMU/86/86_03.pkl,1446
CMU/86/86_03.pkl,1447
CMU/86/86_03.pkl,1448
CMU/86/86_03.pkl,1449
CMU/86/86_03.pkl,1450
CMU/86/86_03.pkl,1540
CMU/86/86_03.pkl,1541
CMU/86/86_03.pkl,1542
CMU/86/86_03.pkl,1543
CMU/86/86_03.pkl,1544
CMU/86/86_03.pkl,1545
CMU/86/86_03.pkl,1546
CMU/86/86_03.pkl,1547
CMU/86/86_03.pkl,1548
CMU/86/86_03.pkl,1549
CMU/86/86_03.pkl,1550
CMU/86/86_03.pkl,1551
CMU/86/86_03.pkl,1552
CMU/86/86_03.pkl,1553
CMU/86/86_03.pkl,1554
CMU/86/86_03.pkl,1555
CMU/86/86_03.pkl,1556
CMU/86/86_03.pkl,1557
CMU/86/86_03.pkl,1558
CMU/86/86_03.pkl,1559
CMU/86/86_03.pkl,1560
CMU/86/86_03.pkl,1561
CMU/86/86_03.pkl,1562
CMU/86/86_03.pkl,1563
CMU/86/86_03.pkl,1564
CMU/86/86_03.pkl,1565
CMU/86/86_03.pkl,1566
CMU/86/86_03.pkl,1567
CMU/86/86_03.pkl,1568
CMU/86/86_03.pkl,1569
CMU/86/86_03.pkl,1570
CMU/86/86_03.pkl,1571
CMU/86/86_03.pkl,1572
CMU/86/86_03.pkl,1573
CMU/86/86_03.pkl,1574
CMU/86/86_03.pkl,1575
CMU/86/86_03.pkl,1576
CMU/86/86_03.pkl,1577
CMU/86/86_03.pkl,1578
CMU/86/86_03.pkl,1579
CMU/86/86_03.pkl,1580
CMU/86/86_03.pkl,1581
CMU/86/86_03.pkl,1582
CMU/86/86_03.pkl,1583
CMU/86/86_03.pkl,1584
CMU/86/86_03.pkl,1585
CMU/86/86_03.pkl,1586
CMU/86/86_03.pkl,1587
CMU/86/86_03.pkl,1588
CMU/86/86_03.pkl,1589
CMU/86/86_03.pkl,1590
CMU/86/86_03.pkl,1591
CMU/86/86_03.pkl,1592
CMU/86/86_03.pkl,1593
CMU/86/86_03.pkl,1594
CMU/86/86_03.pkl,1595
CMU/86/86_03.pkl,1596
CMU/86/86_03.pkl,1597
CMU/90/90_23.pkl,54
CMU/90/90_23.pkl,55
CMU/90/90_23.pkl,56
CMU/90/90_23.pkl,57
CMU/90/90_23.pkl,58
CMU/90/90_23.pkl,59
CMU/90/90_23.pkl,60
CMU/90/90_23.pkl,61
CMU/90/90_23.pkl,62
CMU/90/90_23.pkl,63
CMU/90/90_23.pkl,64
CMU/90/90_23.pkl,65
CMU/90/90_23.pkl,66
CMU/90/90_23.pkl,67
CMU/90/90_23.pkl,68
CMU/90/90_23.pkl,69
CMU/90/90_23.pkl,70
CMU/90/90_23.pkl,71
CMU/90/90_23.pkl,72
CMU/90/90_23.pkl,73
CMU/90/90_23.pkl,74
CMU/90/90_23.pkl,75
CMU/90/90_23.pkl,76
CMU/90/90_23.pkl,77
CMU/90/90_23.pkl,78
CMU/90/90_23.pkl,79
CMU/90/90_23.pkl,80
CMU/90/90_23.pkl,81
CMU/90/90_23.pkl,82
CMU/90/90_23.pkl,83
CMU/90/90_23.pkl,84
CMU/90/90_23.pkl,85
CMU/90/90_23.pkl,86
CMU/90/90_23.pkl,87
CMU/90/90_23.pkl,88
CMU/90/90_23.pkl,89
CMU/90/90_23.pkl,90
CMU/90/90_23.pkl,91
CMU/90/90_23.pkl,92
CMU/90/90_23.pkl,93
CMU/90/90_23.pkl,94
CMU/90/90_23.pkl,95
CMU/90/90_23.pkl,96
CMU/90/90_23.pkl,97
CMU/90/90_23.pkl,98
CMU/90/90_23.pkl,99
CMU/90/90_23.pkl,100
CMU/90/90_23.pkl,101
CMU/90/90_23.pkl,102
CMU/90/90_23.pkl,103
CMU/90/90_23.pkl,104
CMU/90/90_23.pkl,105
CMU/90/90_23.pkl,106
CMU/90/90_23.pkl,107
CMU/90/90_23.pkl,108
CMU/90/90_23.pkl,109
CMU/90/90_23.pkl,110
CMU/90/90_23.pkl,111
CMU/90/90_23.pkl,112
CMU/90/90_23.pkl,113
CMU/90/90_23.pkl,114
CMU/90/90_23.pkl,115
CMU/90/90_23.pkl,116
CMU/90/90_23.pkl,117
CMU/90/90_23.pkl,118
CMU/90/90_23.pkl,119
CMU/90/90_23.pkl,120
CMU/90/90_23.pkl,121
CMU/90/90_23.pkl,122
CMU/90/90_23.pkl,123
CMU/90/90_23.pkl,124
CMU/90/90_23.pkl,125
CMU/90/90_23.pkl,126
CMU/90/90_23.pkl,127
CMU/90/90_23.pkl,128
CMU/90/90_23.pkl,129
CMU/90/90_23.pkl,130
CMU/90/90_23.pkl,131
CMU/90/90_23.pkl,132
CMU/90/90_23.pkl,133
CMU/90/90_23.pkl,134
CMU/90/90_23.pkl,135
CMU/90/90_23.pkl,136
CMU/90/90_23.pkl,137
CMU/90/90_23.pkl,138
CMU/90/90_23.pkl,139
CMU/90/90_23.pkl,140
CMU/90/90_23.pkl,141
CMU/90/90_23.pkl,142
CMU/90/90_23.pkl,143
CMU/90/90_23.pkl,144
CMU/90/90_23.pkl,145
CMU/90/90_23.pkl,146
CMU/90/90_23.pkl,147
CMU/90/90_23.pkl,148
CMU/90/90_23.pkl,149
CMU/90/90_23.pkl,150
CMU/90/90_23.pkl,151
CMU/90/90_23.pkl,152
CMU/91/91_10.pkl,66
CMU/91/91_10.pkl,67
CMU/91/91_10.pkl,68
CMU/91/91_10.pkl,69
CMU/91/91_10.pkl,70
CMU/91/91_10.pkl,71
CMU/91/91_10.pkl,72
CMU/91/91_10.pkl,73
CMU/91/91_10.pkl,74
CMU/91/91_10.pkl,75
CMU/91/91_10.pkl,76
CMU/91/91_10.pkl,77
CMU/91/91_10.pkl,78
CMU/91/91_10.pkl,79
CMU/91/91_10.pkl,80
CMU/91/91_10.pkl,81
CMU/91/91_10.pkl,82
CMU/91/91_10.pkl,83
CMU/91/91_10.pkl,84
CMU/91/91_10.pkl,85
CMU/91/91_10.pkl,86
CMU/91/91_10.pkl,87
CMU/91/91_10.pkl,88
CMU/91/91_10.pkl,89
CMU/91/91_10.pkl,90
CMU/91/91_10.pkl,91
CMU/91/91_10.pkl,92
CMU/91/91_10.pkl,93
CMU/91/91_10.pkl,94
CMU/91/91_10.pkl,95
CMU/91/91_10.pkl,96
CMU/91/91_10.pkl,97
CMU/91/91_10.pkl,98
CMU/91/91_10.pkl,99
CMU/91/91_10.pkl,100
CMU/91/91_10.pkl,101
CMU/91/91_10.pkl,102
CMU/91/91_10.pkl,103
CMU/91/91_10.pkl,104
CMU/91/91_10.pkl,105
CMU/91/91_10.pkl,106
CMU/91/91_10.pkl,107
CMU/91/91_10.pkl,108
CMU/91/91_10.pkl,109
CMU/91/91_10.pkl,110
CMU/91/91_10.pkl,111
CMU/91/91_10.pkl,112
CMU/91/91_10.pkl,113
CMU/91/91_10.pkl,114
CMU/91/91_10.pkl,115
CMU/91/91_10.pkl,116
CMU/91/91_10.pkl,117
CMU/91/91_10.pkl,118
CMU/91/91_10.pkl,119
CMU/91/91_10.pkl,120
CMU/91/91_10.pkl,121
CMU/91/91_10.pkl,122
CMU/91/91_10.pkl,123
CMU/91/91_10.pkl,124
CMU/91/91_10.pkl,125
CMU/91/91_10.pkl,126
CMU/91/91_10.pkl,127
CMU/91/91_10.pkl,128
CMU/91/91_10.pkl,129
CMU/91/91_10.pkl,130
CMU/91/91_10.pkl,131
CMU/91/91_10.pkl,132
CMU/91/91_10.pkl,133
CMU/91/91_10.pkl,134
CMU/91/91_10.pkl,135
CMU/91/91_10.pkl,136
CMU/91/91_10.pkl,137
CMU/91/91_10.pkl,138
CMU/91/91_10.pkl,139
CMU/91/91_10.pkl,140
CMU/91/91_10.pkl,141
CMU/91/91_10.pkl,142
CMU/91/91_10.pkl,143
CMU/91/91_10.pkl,144
CMU/91/91_10.pkl,145
CMU/91/91_10.pkl,146
CMU/91/91_10.pkl,147
CMU/91/91_10.pkl,148
CMU/91/91_10.pkl,149
CMU/91/91_10.pkl,150
CMU/91/91_10.pkl,151
CMU/91/91_10.pkl,152
CMU/91/91_10.pkl,153
CMU/91/91_10.pkl,154
CMU/91/91_10.pkl,155
CMU/91/91_10.pkl,156
CMU/91/91_10.pkl,157
CMU/91/91_10.pkl,158
CMU/91/91_10.pkl,159
CMU/91/91_10.pkl,160
CMU/91/91_10.pkl,161
CMU/91/91_10.pkl,162
CMU/91/91_10.pkl,163
CMU/91/91_10.pkl,164
CMU/91/91_10.pkl,165
CMU/91/91_10.pkl,166
CMU/91/91_10.pkl,167
CMU/91/91_10.pkl,168
CMU/91/91_10.pkl,169
CMU/91/91_10.pkl,170
CMU/91/91_10.pkl,171
CMU/91/91_10.pkl,172
CMU/91/91_10.pkl,173
CMU/91/91_10.pkl,174
CMU/91/91_10.pkl,175
CMU/91/91_10.pkl,176
CMU/91/91_10.pkl,177
CMU/91/91_10.pkl,178
CMU/91/91_10.pkl,179
CMU/91/91_10.pkl,180
CMU/91/91_10.pkl,181
CMU/91/91_10.pkl,182
CMU/91/91_10.pkl,183
CMU/91/91_10.pkl,184
CMU/91/91_10.pkl,185
CMU/91/91_10.pkl,186
CMU/91/91_10.pkl,187
CMU/91/91_10.pkl,188
CMU/91/91_10.pkl,189
CMU/91/91_10.pkl,190
CMU/91/91_10.pkl,191
CMU/91/91_10.pkl,192
CMU/91/91_10.pkl,193
CMU/91/91_10.pkl,194
CMU/91/91_10.pkl,195
CMU/91/91_10.pkl,196
CMU/91/91_10.pkl,197
CMU/91/91_10.pkl,198
CMU/91/91_10.pkl,199
CMU/91/91_10.pkl,200
CMU/91/91_10.pkl,201
CMU/91/91_10.pkl,202
CMU/91/91_10.pkl,203
CMU/91/91_10.pkl,204
CMU/91/91_10.pkl,205
CMU/91/91_10.pkl,206
CMU/91/91_10.pkl,207
CMU/91/91_10.pkl,208
CMU/91/91_10.pkl,209
CMU/91/91_10.pkl,210
CMU/91/91_10.pkl,211
CMU/91/91_10.pkl,212
CMU/91/91_10.pkl,213
CMU/91/91_10.pkl,214
CMU/91/91_10.pkl,215
CMU/91/91_10.pkl,216
CMU/91/91_10.pkl,217
CMU/91/91_10.pkl,218
CMU/91/91_10.pkl,219
CMU/91/91_10.pkl,220
CMU/91/91_10.pkl,221
CMU/91/91_10.pkl,222
CMU/91/91_10.pkl,223
CMU/91/91_10.pkl,224
CMU/91/91_10.pkl,225
CMU/91/91_10.pkl,226
CMU/91/91_10.pkl,227
CMU/91/91_10.pkl,228
CMU/91/91_10.pkl,229
CMU/91/91_10.pkl,230
CMU/91/91_10.pkl,231
CMU/91/91_10.pkl,232
CMU/91/91_10.pkl,233
CMU/91/91_10.pkl,234
CMU/91/91_10.pkl,235
CMU/91/91_10.pkl,236
CMU/91/91_10.pkl,237
CMU/91/91_10.pkl,238
CMU/91/91_10.pkl,239
CMU/91/91_10.pkl,240
CMU/91/91_10.pkl,241
CMU/91/91_10.pkl,242
CMU/91/91_10.pkl,243
CMU/91/91_10.pkl,244
CMU/91/91_10.pkl,245
CMU/91/91_10.pkl,246
CMU/91/91_10.pkl,247
CMU/91/91_10.pkl,248
CMU/91/91_10.pkl,249
CMU/91/91_10.pkl,250
CMU/91/91_10.pkl,251
CMU/91/91_10.pkl,252
CMU/91/91_10.pkl,253
CMU/91/91_10.pkl,254
CMU/91/91_10.pkl,255
CMU/91/91_10.pkl,256
CMU/91/91_10.pkl,257
CMU/91/91_10.pkl,258
CMU/91/91_10.pkl,259
CMU/91/91_10.pkl,260
CMU/91/91_10.pkl,261
CMU/91/91_10.pkl,262
CMU/91/91_10.pkl,263
CMU/91/91_10.pkl,264
CMU/91/91_10.pkl,265
CMU/91/91_10.pkl,266
CMU/91/91_10.pkl,267
CMU/91/91_10.pkl,268
CMU/91/91_10.pkl,269
CMU/91/91_10.pkl,270
CMU/91/91_10.pkl,271
CMU/91/91_10.pkl,272
CMU/91/91_10.pkl,273
CMU/91/91_10.pkl,274
CMU/91/91_10.pkl,275
CMU/91/91_10.pkl,276
CMU/91/91_10.pkl,277
CMU/91/91_10.pkl,278
CMU/91/91_10.pkl,279
CMU/91/91_10.pkl,280
CMU/91/91_10.pkl,281
CMU/91/91_10.pkl,282
CMU/91/91_10.pkl,283
CMU/91/91_10.pkl,284
CMU/91/91_10.pkl,285
CMU/91/91_10.pkl,286
CMU/91/91_10.pkl,287
CMU/91/91_10.pkl,288
CMU/91/91_10.pkl,289
CMU/91/91_10.pkl,386
CMU/91/91_10.pkl,387
CMU/91/91_10.pkl,388
CMU/91/91_10.pkl,389
CMU/91/91_10.pkl,390
CMU/91/91_10.pkl,391
CMU/91/91_10.pkl,392
CMU/91/91_10.pkl,393
CMU/91/91_10.pkl,394
CMU/91/91_10.pkl,395
CMU/91/91_10.pkl,396
CMU/91/91_10.pkl,397
CMU/91/91_10.pkl,398
CMU/91/91_10.pkl,399
CMU/91/91_10.pkl,400
CMU/91/91_10.pkl,401
CMU/91/91_10.pkl,402
CMU/91/91_10.pkl,403
CMU/91/91_10.pkl,404
CMU/91/91_10.pkl,405
CMU/91/91_10.pkl,406
CMU/91/91_10.pkl,407
CMU/91/91_10.pkl,408
CMU/91/91_10.pkl,409
CMU/91/91_10.pkl,410
CMU/91/91_10.pkl,411
CMU/91/91_10.pkl,412
CMU/91/91_10.pkl,413
CMU/91/91_10.pkl,414
CMU/91/91_10.pkl,415
CMU/91/91_10.pkl,416
CMU/91/91_10.pkl,417
CMU/91/91_10.pkl,418
CMU/91/91_10.pkl,419
CMU/91/91_10.pkl,420
CMU/91/91_10.pkl,421
CMU/91/91_10.pkl,422
CMU/91/91_10.pkl,423
CMU/91/91_10.pkl,424
CMU/91/91_10.pkl,425
CMU/91/91_10.pkl,426
CMU/91/91_10.pkl,427
CMU/91/91_10.pkl,428
CMU/91/91_10.pkl,429
CMU/91/91_10.pkl,430
CMU/91/91_10.pkl,431
CMU/91/91_10.pkl,432
CMU/91/91_10.pkl,433
CMU/91/91_10.pkl,434
CMU/91/91_10.pkl,435
CMU/91/91_10.pkl,436
CMU/91/91_10.pkl,437
CMU/91/91_10.pkl,438
CMU/91/91_10.pkl,439
CMU/91/91_10.pkl,440
CMU/91/91_10.pkl,441
CMU/91/91_10.pkl,442
CMU/91/91_10.pkl,443
CMU/91/91_10.pkl,444
CMU/91/91_10.pkl,445
CMU/91/91_10.pkl,446
CMU/91/91_10.pkl,447
CMU/91/91_10.pkl,448
CMU/91/91_10.pkl,449
CMU/91/91_10.pkl,450
CMU/91/91_10.pkl,451
CMU/91/91_10.pkl,452
CMU/91/91_10.pkl,453
CMU/91/91_10.pkl,454
CMU/91/91_10.pkl,455
CMU/91/91_10.pkl,456
CMU/91/91_10.pkl,457
CMU/91/91_10.pkl,458
CMU/91/91_10.pkl,459
CMU/91/91_10.pkl,460
CMU/91/91_10.pkl,461
CMU/91/91_10.pkl,462
CMU/91/91_10.pkl,463
CMU/91/91_10.pkl,464
CMU/91/91_10.pkl,465
CMU/91/91_10.pkl,466
CMU/91/91_10.pkl,467
CMU/91/91_10.pkl,468
CMU/91/91_10.pkl,469
CMU/91/91_10.pkl,470
CMU/91/91_10.pkl,471
CMU/91/91_10.pkl,472
CMU/91/91_10.pkl,473
CMU/91/91_10.pkl,474
CMU/91/91_10.pkl,475
CMU/91/91_10.pkl,476
CMU/91/91_10.pkl,477
CMU/91/91_10.pkl,478
CMU/91/91_10.pkl,479
CMU/91/91_10.pkl,480
CMU/91/91_10.pkl,481
CMU/91/91_10.pkl,482
CMU/91/91_10.pkl,483
CMU/91/91_10.pkl,484
CMU/91/91_10.pkl,485
CMU/91/91_10.pkl,486
CMU/91/91_10.pkl,487
CMU/91/91_10.pkl,488
CMU/91/91_10.pkl,489
CMU/91/91_10.pkl,490
CMU/91/91_10.pkl,491
CMU/91/91_10.pkl,492
CMU/91/91_10.pkl,493
CMU/91/91_10.pkl,494
CMU/91/91_10.pkl,495
CMU/91/91_10.pkl,496
CMU/91/91_10.pkl,497
CMU/91/91_10.pkl,498
CMU/91/91_10.pkl,499
CMU/91/91_10.pkl,500
CMU/91/91_10.pkl,501
CMU/91/91_10.pkl,502
CMU/91/91_10.pkl,503
CMU/91/91_10.pkl,504
CMU/91/91_10.pkl,505
CMU/91/91_10.pkl,506
CMU/91/91_10.pkl,507
CMU/91/91_10.pkl,508
CMU/91/91_10.pkl,509
CMU/91/91_10.pkl,510
CMU/91/91_10.pkl,511
CMU/91/91_10.pkl,512
CMU/91/91_10.pkl,513
CMU/91/91_10.pkl,514
CMU/91/91_10.pkl,515
CMU/91/91_10.pkl,516
CMU/91/91_10.pkl,517
CMU/91/91_10.pkl,518
CMU/91/91_10.pkl,519
CMU/91/91_10.pkl,520
CMU/91/91_10.pkl,521
CMU/91/91_10.pkl,522
CMU/91/91_10.pkl,523
CMU/91/91_10.pkl,524
CMU/91/91_10.pkl,525
CMU/91/91_10.pkl,526
CMU/91/91_10.pkl,527
CMU/91/91_10.pkl,528
CMU/91/91_10.pkl,529
CMU/91/91_10.pkl,530
CMU/91/91_10.pkl,531
CMU/91/91_10.pkl,532
CMU/91/91_10.pkl,533
CMU/91/91_10.pkl,534
CMU/91/91_10.pkl,535
CMU/91/91_10.pkl,536
CMU/91/91_10.pkl,537
CMU/91/91_10.pkl,538
CMU/91/91_10.pkl,539
CMU/91/91_10.pkl,540
CMU/91/91_10.pkl,541
CMU/91/91_10.pkl,542
CMU/91/91_10.pkl,543
CMU/91/91_10.pkl,544
CMU/91/91_10.pkl,545
CMU/91/91_10.pkl,546
CMU/91/91_10.pkl,547
CMU/91/91_10.pkl,548
CMU/91/91_10.pkl,549
CMU/91/91_10.pkl,550
CMU/91/91_10.pkl,551
CMU/91/91_10.pkl,552
CMU/91/91_10.pkl,553
CMU/91/91_10.pkl,554
CMU/91/91_10.pkl,555
CMU/91/91_10.pkl,556
CMU/91/91_10.pkl,557
CMU/91/91_10.pkl,558
CMU/91/91_10.pkl,559
CMU/91/91_10.pkl,560
CMU/91/91_10.pkl,561
CMU/91/91_10.pkl,562
CMU/91/91_10.pkl,563
CMU/91/91_10.pkl,564
CMU/91/91_10.pkl,565
CMU/91/91_10.pkl,566
CMU/91/91_57.pkl,44
CMU/91/91_57.pkl,45
CMU/91/91_57.pkl,46
CMU/91/91_57.pkl,47
CMU/91/91_57.pkl,48
CMU/91/91_57.pkl,49
CMU/91/91_57.pkl,50
CMU/91/91_57.pkl,51
CMU/91/91_57.pkl,52
CMU/91/91_57.pkl,53
CMU/91/91_57.pkl,54
CMU/91/91_57.pkl,55
CMU/91/91_57.pkl,56
CMU/91/91_57.pkl,57
CMU/91/91_57.pkl,58
CMU/91/91_57.pkl,59
CMU/91/91_57.pkl,60
CMU/91/91_57.pkl,61
CMU/91/91_57.pkl,62
CMU/91/91_57.pkl,63
CMU/91/91_57.pkl,64
CMU/91/91_57.pkl,65
CMU/91/91_57.pkl,66
CMU/91/91_57.pkl,67
CMU/91/91_57.pkl,68
CMU/91/91_57.pkl,69
CMU/91/91_57.pkl,70
CMU/91/91_57.pkl,71
CMU/91/91_57.pkl,72
CMU/91/91_57.pkl,73
CMU/91/91_57.pkl,74
CMU/91/91_57.pkl,75
CMU/91/91_57.pkl,76
CMU/91/91_57.pkl,77
CMU/91/91_57.pkl,78
CMU/91/91_57.pkl,79
CMU/91/91_57.pkl,80
CMU/91/91_57.pkl,81
CMU/91/91_57.pkl,82
CMU/91/91_57.pkl,83
CMU/91/91_57.pkl,84
CMU/91/91_57.pkl,85
CMU/91/91_57.pkl,86
CMU/91/91_57.pkl,87
CMU/91/91_57.pkl,88
CMU/91/91_57.pkl,89
CMU/91/91_57.pkl,90
CMU/91/91_57.pkl,91
CMU/91/91_57.pkl,92
CMU/91/91_57.pkl,93
CMU/91/91_57.pkl,94
CMU/91/91_57.pkl,95
CMU/91/91_57.pkl,96
CMU/91/91_57.pkl,97
CMU/91/91_57.pkl,98
CMU/91/91_57.pkl,99
CMU/91/91_57.pkl,100
CMU/91/91_57.pkl,101
CMU/91/91_57.pkl,102
CMU/91/91_57.pkl,103
CMU/91/91_57.pkl,104
CMU/91/91_57.pkl,105
CMU/91/91_57.pkl,106
CMU/91/91_57.pkl,107
CMU/91/91_57.pkl,108
CMU/91/91_57.pkl,109
CMU/91/91_57.pkl,110
CMU/91/91_57.pkl,111
CMU/91/91_57.pkl,112
CMU/91/91_57.pkl,113
CMU/91/91_57.pkl,114
CMU/91/91_57.pkl,115
CMU/91/91_57.pkl,116
CMU/91/91_57.pkl,117
CMU/91/91_57.pkl,118
CMU/91/91_57.pkl,119
CMU/91/91_57.pkl,120
CMU/91/91_57.pkl,121
CMU/91/91_57.pkl,122
CMU/91/91_57.pkl,123
CMU/91/91_57.pkl,124
CMU/91/91_57.pkl,125
CMU/91/91_57.pkl,126
CMU/91/91_57.pkl,127
CMU/91/91_57.pkl,128
CMU/91/91_57.pkl,129
CMU/91/91_57.pkl,130
CMU/91/91_57.pkl,131
CMU/91/91_57.pkl,132
CMU/91/91_57.pkl,133
CMU/91/91_57.pkl,134
CMU/91/91_57.pkl,135
CMU/91/91_57.pkl,136
CMU/91/91_57.pkl,137
CMU/91/91_57.pkl,138
CMU/91/91_57.pkl,139
CMU/91/91_57.pkl,140
CMU/91/91_57.pkl,141
CMU/91/91_57.pkl,142
CMU/91/91_57.pkl,143
CMU/91/91_57.pkl,144
CMU/91/91_57.pkl,145
CMU/91/91_57.pkl,146
CMU/91/91_57.pkl,147
CMU/91/91_57.pkl,148
CMU/91/91_57.pkl,149
CMU/91/91_57.pkl,150
CMU/91/91_57.pkl,151
CMU/91/91_57.pkl,152
CMU/91/91_57.pkl,153
CMU/91/91_57.pkl,154
CMU/91/91_57.pkl,155
CMU/91/91_57.pkl,156
CMU/91/91_57.pkl,157
CMU/91/91_57.pkl,158
CMU/91/91_57.pkl,159
CMU/91/91_57.pkl,160
CMU/91/91_57.pkl,161
CMU/91/91_57.pkl,162
CMU/93/93_07.pkl,0
CMU/93/93_07.pkl,1
CMU/93/93_07.pkl,2
CMU/93/93_07.pkl,3
CMU/93/93_07.pkl,4
CMU/93/93_07.pkl,5
CMU/93/93_07.pkl,6
CMU/93/93_07.pkl,7
CMU/93/93_07.pkl,8
CMU/93/93_07.pkl,9
CMU/93/93_07.pkl,10
CMU/93/93_07.pkl,11
CMU/93/93_07.pkl,12
CMU/93/93_07.pkl,13
CMU/93/93_07.pkl,14
CMU/93/93_07.pkl,15
CMU/93/93_07.pkl,16
CMU/93/93_07.pkl,17
CMU/93/93_07.pkl,18
CMU/93/93_07.pkl,19
CMU/93/93_07.pkl,20
CMU/93/93_07.pkl,21
CMU/93/93_07.pkl,22
CMU/93/93_07.pkl,23
CMU/93/93_07.pkl,24
CMU/93/93_07.pkl,25
CMU/93/93_07.pkl,26
CMU/93/93_07.pkl,27
CMU/93/93_07.pkl,28
CMU/93/93_07.pkl,29
CMU/93/93_07.pkl,30
CMU/93/93_07.pkl,31
CMU/93/93_07.pkl,32
CMU/93/93_07.pkl,33
CMU/93/93_07.pkl,34
CMU/93/93_07.pkl,35
CMU/93/93_07.pkl,36
CMU/93/93_07.pkl,37
CMU/93/93_07.pkl,38
CMU/93/93_07.pkl,39
EKUT/234/SLPD102.pkl,19
EKUT/234/SLPD102.pkl,20
EKUT/234/SLPD102.pkl,21
EKUT/234/SLPD102.pkl,22
EKUT/234/SLPD102.pkl,23
EKUT/234/SLPD102.pkl,24
EKUT/234/SLPD102.pkl,25
EKUT/234/SLPD102.pkl,26
EKUT/234/SLPD102.pkl,27
EKUT/234/SLPD102.pkl,28
EKUT/234/SLPD102.pkl,29
EKUT/234/SLPD102.pkl,30
EKUT/234/SLPD102.pkl,31
EKUT/234/SLPD102.pkl,32
EKUT/234/SLPD102.pkl,33
EKUT/234/SLPD102.pkl,34
EKUT/234/SLPD102.pkl,35
EKUT/234/SLPD102.pkl,36
EKUT/234/SLPD102.pkl,37
EKUT/234/SLPD102.pkl,38
EKUT/234/SLPD102.pkl,39
EKUT/234/SLPD102.pkl,40
EKUT/234/SLPD102.pkl,41
EKUT/234/SLPD102.pkl,42
EKUT/234/SLPD102.pkl,43
EKUT/234/WSTR02.pkl,33
EKUT/234/WSTR02.pkl,34
EKUT/234/WSTR02.pkl,35
EKUT/234/WSTR02.pkl,36
EKUT/234/WSTR02.pkl,37
EKUT/234/WSTR02.pkl,38
EKUT/234/WSTR02.pkl,39
EKUT/234/WSTR02.pkl,40
EKUT/234/WSTR02.pkl,41
EKUT/234/WSTR02.pkl,42
EKUT/234/WSTR02.pkl,43
EKUT/234/WSTR02.pkl,44
EKUT/234/WSTR02.pkl,45
EKUT/234/WSTR02.pkl,46
EKUT/234/WSTR02.pkl,47
EKUT/234/WSTR02.pkl,48
EKUT/234/WSTR02.pkl,49
EKUT/234/WSTR02.pkl,50
EKUT/234/WSTR02.pkl,51
EKUT/234/WSTR02.pkl,52
EKUT/234/WSTR02.pkl,53
EKUT/234/WSTR02.pkl,54
EKUT/234/WSTR02.pkl,55
EKUT/234/WSTR02.pkl,56
EKUT/234/WSTR02.pkl,57
EKUT/234/WSTR02.pkl,58
EKUT/234/WSTR02.pkl,59
EKUT/234/WSTR02.pkl,60
EKUT/234/WSTR02.pkl,61
EKUT/234/WSTR02.pkl,62
EKUT/234/WSTR02.pkl,63
EKUT/234/WSTR02.pkl,64
EKUT/234/WSTR02.pkl,65
EKUT/234/WSTR02.pkl,66
EKUT/234/WSTR02.pkl,67
EKUT/234/WSTR02.pkl,68
EKUT/234/WSTR02.pkl,69
EKUT/234/WSTR02.pkl,70
EKUT/234/WSTR02.pkl,71
EKUT/234/WSTR02.pkl,72
EKUT/234/WSTR02.pkl,73
EKUT/234/WSTR02.pkl,74
EKUT/234/WSTR02.pkl,75
EKUT/234/WSTR02.pkl,76
EKUT/234/WSTR02.pkl,77
EKUT/234/WSTR02.pkl,78
EKUT/234/WSTR02.pkl,79
EKUT/234/WSTR02.pkl,80
EKUT/234/WSTR03.pkl,26
EKUT/234/WSTR03.pkl,27
EKUT/234/WSTR03.pkl,28
EKUT/234/WSTR03.pkl,29
EKUT/234/WSTR03.pkl,30
EKUT/234/WSTR03.pkl,31
EKUT/234/WSTR03.pkl,32
EKUT/234/WSTR03.pkl,33
EKUT/234/WSTR03.pkl,34
EKUT/234/WSTR03.pkl,35
EKUT/234/WSTR03.pkl,36
EKUT/234/WSTR03.pkl,37
EKUT/234/WSTR03.pkl,38
EKUT/234/WSTR03.pkl,39
EKUT/234/WSTR03.pkl,40
EKUT/234/WSTR03.pkl,41
EKUT/234/WSTR03.pkl,42
EKUT/234/WSTR03.pkl,43
EKUT/234/WSTR03.pkl,44
EKUT/234/WSTR03.pkl,45
EKUT/234/WSTR03.pkl,46
EKUT/234/WSTR03.pkl,47
EKUT/234/WSTR03.pkl,48
EKUT/234/WSTR03.pkl,49
EKUT/234/WSTR03.pkl,50
EKUT/234/WSTR03.pkl,51
EKUT/234/WSTR03.pkl,52
EKUT/234/WSTR03.pkl,53
EKUT/234/WSTR03.pkl,54
EKUT/234/WSTR03.pkl,55
EKUT/234/WSTR03.pkl,56
EKUT/234/WSTR03.pkl,57
EKUT/234/WSTR03.pkl,58
EKUT/234/WSTR03.pkl,59
EKUT/234/WSTR03.pkl,60
EKUT/234/WSTR03.pkl,61
EKUT/234/WSTR03.pkl,62
EKUT/234/WSTR03.pkl,63
EKUT/234/WSTR03.pkl,64
EKUT/234/WSTR03.pkl,65
EKUT/234/WSTR03.pkl,66
EKUT/234/WSTR03.pkl,67
EKUT/234/WSTR03.pkl,68
EKUT/234/WSTR03.pkl,69
EKUT/234/WSTR03.pkl,70
EKUT/234/WSTR03.pkl,71
EKUT/234/WSTR03.pkl,72
EKUT/234/WSTR03.pkl,73
EKUT/234/WSTR03.pkl,74
EKUT/234/WSTR03.pkl,75
EKUT/234/WSTR03.pkl,76
EKUT/234/WSTR03.pkl,77
EKUT/234/WSTR03.pkl,78
EKUT/234/WSTR03.pkl,79
EKUT/265/BEAM05.pkl,22
EKUT/265/BEAM05.pkl,23
EKUT/265/BEAM05.pkl,24
EKUT/265/BEAM05.pkl,25
EKUT/265/SLP101.pkl,55
EKUT/265/SLP101.pkl,56
EKUT/265/SLP101.pkl,57
EKUT/265/SLP101.pkl,58
EKUT/265/SLP101.pkl,59
EKUT/265/SLP101.pkl,60
EKUT/265/SLP101.pkl,61
EKUT/265/SLP101.pkl,62
EKUT/265/SLP101.pkl,63
EKUT/265/SLP101.pkl,64
EKUT/265/SLP101.pkl,65
EKUT/265/SLP101.pkl,66
EKUT/265/SLP101.pkl,67
EKUT/265/SLP101.pkl,68
EKUT/265/SLP101.pkl,69
EKUT/265/SLP101.pkl,70
EKUT/265/SLP101.pkl,71
EKUT/265/SLP101.pkl,72
EKUT/265/SLP101.pkl,73
EKUT/265/SLP101.pkl,74
EKUT/265/SLP101.pkl,75
EKUT/265/SLP101.pkl,76
EKUT/265/SLP101.pkl,77
EKUT/265/SLP101.pkl,78
EKUT/265/SLP101.pkl,79
EKUT/265/SLP101.pkl,80
EKUT/265/SLP101.pkl,81
EKUT/265/SLP101.pkl,82
EKUT/265/SLP101.pkl,83
EKUT/265/SLP101.pkl,84
EKUT/265/SLP101.pkl,85
EKUT/265/SLP101.pkl,86
EKUT/265/SLP101.pkl,87
EKUT/265/SLP101.pkl,88
EKUT/265/SLP101.pkl,89
EKUT/265/SLP101.pkl,90
EKUT/265/SLP101.pkl,91
EKUT/265/SLP101.pkl,92
EKUT/265/SLP101.pkl,93
EKUT/265/SLP101.pkl,94
EKUT/265/SLP101.pkl,95
EKUT/265/SLP101.pkl,96
EKUT/265/SLP105.pkl,28
EKUT/265/SLP105.pkl,29
EKUT/265/SLP105.pkl,30
EKUT/265/SLP105.pkl,31
EKUT/265/SLP105.pkl,32
EKUT/265/SLP105.pkl,33
EKUT/265/SLP105.pkl,34
EKUT/265/SLP105.pkl,35
EKUT/265/SLP105.pkl,36
EKUT/265/SLP105.pkl,37
EKUT/265/SLP105.pkl,38
EKUT/265/SLP105.pkl,39
EKUT/265/SLP105.pkl,40
EKUT/265/SLP105.pkl,41
EKUT/265/SLP105.pkl,42
EKUT/265/SLP105.pkl,43
EKUT/265/SLP105.pkl,44
EKUT/265/SLP105.pkl,45
EKUT/265/SLP105.pkl,46
EKUT/265/SLP105.pkl,47
EKUT/265/SLP105.pkl,48
EKUT/265/SLP105.pkl,49
EKUT/265/SLP105.pkl,50
EKUT/265/SLP105.pkl,51
EKUT/265/SLP105.pkl,52
EKUT/265/SLP105.pkl,53
EKUT/265/SLP105.pkl,54
EKUT/300/PushBK_15.pkl,0
EKUT/300/PushBK_23.pkl,17
EKUT/300/PushBK_23.pkl,18
EKUT/300/PushBK_23.pkl,19
EKUT/300/PushBK_23.pkl,20
EKUT/300/PushBK_23.pkl,21
EKUT/300/PushBK_23.pkl,22
EKUT/300/PushBK_23.pkl,23
EKUT/300/PushBK_23.pkl,24
EKUT/300/PushBK_23.pkl,25
EKUT/300/PushBK_23.pkl,26
EKUT/300/PushBK_23.pkl,27
EKUT/300/PushBK_23.pkl,28
EKUT/300/PushBK_23.pkl,29
EKUT/300/PushBK_23.pkl,30
EKUT/300/PushBK_23.pkl,31
EKUT/300/PushBK_23.pkl,32
EKUT/300/PushBK_23.pkl,33
EKUT/300/PushBK_23.pkl,34
EKUT/300/PushBK_23.pkl,35
EKUT/300/PushBK_23.pkl,36
EKUT/300/PushBK_23.pkl,37
EKUT/300/PushBK_23.pkl,38
EKUT/300/PushBK_23.pkl,39
EKUT/300/PushBK_23.pkl,40
EKUT/300/PushBK_23.pkl,41
EKUT/300/PushBK_23.pkl,42
EKUT/300/PushBK_23.pkl,43
EKUT/300/PushBK_23.pkl,44
EKUT/300/PushBK_23.pkl,45
EKUT/300/PushBK_23.pkl,46
EKUT/300/PushBK_23.pkl,47
EKUT/300/PushBK_23.pkl,48
EKUT/300/PushBK_23.pkl,49
Eyes_Japan_Dataset/aita/walk-04-fast-aita.pkl,638
Eyes_Japan_Dataset/aita/walk-04-fast-aita.pkl,639
Eyes_Japan_Dataset/aita/walk-04-fast-aita.pkl,640
Eyes_Japan_Dataset/aita/walk-04-fast-aita.pkl,641
Eyes_Japan_Dataset/aita/walk-04-fast-aita.pkl,642
Eyes_Japan_Dataset/aita/walk-04-fast-aita.pkl,643
Eyes_Japan_Dataset/aita/walk-04-fast-aita.pkl,644
Eyes_Japan_Dataset/aita/walk-04-fast-aita.pkl,645
Eyes_Japan_Dataset/aita/walk-04-fast-aita.pkl,646
Eyes_Japan_Dataset/aita/walk-04-fast-aita.pkl,647
Eyes_Japan_Dataset/aita/walk-04-fast-aita.pkl,648
Eyes_Japan_Dataset/aita/walk-04-fast-aita.pkl,649
Eyes_Japan_Dataset/aita/walk-04-fast-aita.pkl,650
Eyes_Japan_Dataset/aita/walk-04-fast-aita.pkl,651
Eyes_Japan_Dataset/aita/walk-04-fast-aita.pkl,652
Eyes_Japan_Dataset/hamada/accident-01-dodge-hamada.pkl,69
Eyes_Japan_Dataset/hamada/accident-01-dodge-hamada.pkl,70
Eyes_Japan_Dataset/hamada/accident-01-dodge-hamada.pkl,71
Eyes_Japan_Dataset/hamada/accident-01-dodge-hamada.pkl,72
Eyes_Japan_Dataset/hamada/accident-01-dodge-hamada.pkl,73
Eyes_Japan_Dataset/hamada/accident-01-dodge-hamada.pkl,74
Eyes_Japan_Dataset/hamada/accident-01-dodge-hamada.pkl,75
Eyes_Japan_Dataset/hamada/accident-01-dodge-hamada.pkl,76
Eyes_Japan_Dataset/hamada/accident-01-dodge-hamada.pkl,77
Eyes_Japan_Dataset/hamada/accident-01-dodge-hamada.pkl,78
Eyes_Japan_Dataset/hamada/accident-01-dodge-hamada.pkl,79
Eyes_Japan_Dataset/hamada/accident-01-dodge-hamada.pkl,80
Eyes_Japan_Dataset/hamada/accident-01-dodge-hamada.pkl,81
Eyes_Japan_Dataset/hamada/accident-01-dodge-hamada.pkl,82
Eyes_Japan_Dataset/hamada/accident-01-dodge-hamada.pkl,83
Eyes_Japan_Dataset/hamada/accident-01-dodge-hamada.pkl,84
Eyes_Japan_Dataset/hamada/accident-01-dodge-hamada.pkl,85
Eyes_Japan_Dataset/hamada/accident-01-dodge-hamada.pkl,86
Eyes_Japan_Dataset/hamada/accident-01-dodge-hamada.pkl,87
Eyes_Japan_Dataset/hamada/accident-01-dodge-hamada.pkl,88
Eyes_Japan_Dataset/hamada/accident-01-dodge-hamada.pkl,89
Eyes_Japan_Dataset/hamada/accident-01-dodge-hamada.pkl,90
Eyes_Japan_Dataset/hamada/accident-01-dodge-hamada.pkl,91
Eyes_Japan_Dataset/hamada/accident-01-dodge-hamada.pkl,92
Eyes_Japan_Dataset/hamada/accident-01-dodge-hamada.pkl,93
Eyes_Japan_Dataset/hamada/accident-01-dodge-hamada.pkl,94
Eyes_Japan_Dataset/hamada/accident-01-dodge-hamada.pkl,95
Eyes_Japan_Dataset/hamada/accident-01-dodge-hamada.pkl,96
Eyes_Japan_Dataset/hamada/accident-01-dodge-hamada.pkl,97
Eyes_Japan_Dataset/hamada/accident-01-dodge-hamada.pkl,98
Eyes_Japan_Dataset/hamada/accident-01-dodge-hamada.pkl,99
Eyes_Japan_Dataset/hamada/accident-06-damage left leg-hamada.pkl,71
Eyes_Japan_Dataset/hamada/accident-06-damage left leg-hamada.pkl,72
Eyes_Japan_Dataset/hamada/accident-06-damage left leg-hamada.pkl,73
Eyes_Japan_Dataset/hamada/accident-06-damage left leg-hamada.pkl,74
Eyes_Japan_Dataset/hamada/accident-06-damage left leg-hamada.pkl,75
Eyes_Japan_Dataset/hamada/accident-06-damage left leg-hamada.pkl,76
Eyes_Japan_Dataset/hamada/accident-06-damage left leg-hamada.pkl,77
Eyes_Japan_Dataset/hamada/accident-06-damage left leg-hamada.pkl,78
Eyes_Japan_Dataset/hamada/accident-06-damage left leg-hamada.pkl,118
Eyes_Japan_Dataset/hamada/accident-06-damage left leg-hamada.pkl,119
Eyes_Japan_Dataset/hamada/accident-06-damage left leg-hamada.pkl,120
Eyes_Japan_Dataset/hamada/accident-06-damage left leg-hamada.pkl,121
Eyes_Japan_Dataset/hamada/accident-06-damage left leg-hamada.pkl,122
Eyes_Japan_Dataset/hamada/accident-06-damage left leg-hamada.pkl,123
Eyes_Japan_Dataset/hamada/accident-06-damage left leg-hamada.pkl,124
Eyes_Japan_Dataset/hamada/accident-06-damage left leg-hamada.pkl,125
Eyes_Japan_Dataset/hamada/accident-06-damage left leg-hamada.pkl,126
Eyes_Japan_Dataset/hamada/accident-06-damage left leg-hamada.pkl,127
Eyes_Japan_Dataset/hamada/accident-06-damage left leg-hamada.pkl,128
Eyes_Japan_Dataset/hamada/accident-06-damage left leg-hamada.pkl,129
Eyes_Japan_Dataset/hamada/accident-06-damage left leg-hamada.pkl,130
Eyes_Japan_Dataset/hamada/accident-06-damage left leg-hamada.pkl,131
Eyes_Japan_Dataset/hamada/accident-06-damage left leg-hamada.pkl,132
Eyes_Japan_Dataset/hamada/accident-06-damage left leg-hamada.pkl,133
Eyes_Japan_Dataset/hamada/accident-06-damage left leg-hamada.pkl,134
Eyes_Japan_Dataset/hamada/accident-06-damage left leg-hamada.pkl,135
Eyes_Japan_Dataset/hamada/accident-06-damage left leg-hamada.pkl,136
Eyes_Japan_Dataset/hamada/accident-06-damage left leg-hamada.pkl,137
Eyes_Japan_Dataset/hamada/accident-06-damage left leg-hamada.pkl,138
Eyes_Japan_Dataset/hamada/accident-06-damage left leg-hamada.pkl,139
Eyes_Japan_Dataset/hamada/accident-06-damage left leg-hamada.pkl,140
Eyes_Japan_Dataset/hamada/accident-06-damage left leg-hamada.pkl,141
Eyes_Japan_Dataset/hamada/accident-06-damage left leg-hamada.pkl,142
Eyes_Japan_Dataset/hamada/accident-06-damage left leg-hamada.pkl,143
Eyes_Japan_Dataset/hamada/accident-06-damage left leg-hamada.pkl,144
Eyes_Japan_Dataset/hamada/accident-06-damage left leg-hamada.pkl,145
Eyes_Japan_Dataset/hamada/accident-06-damage left leg-hamada.pkl,146
Eyes_Japan_Dataset/hamada/accident-06-damage left leg-hamada.pkl,147
Eyes_Japan_Dataset/hamada/accident-06-damage left leg-hamada.pkl,148
Eyes_Japan_Dataset/hamada/accident-06-damage left leg-hamada.pkl,149
Eyes_Japan_Dataset/hamada/accident-06-damage left leg-hamada.pkl,150
Eyes_Japan_Dataset/hamada/accident-06-damage left leg-hamada.pkl,151
Eyes_Japan_Dataset/hamada/accident-06-damage left leg-hamada.pkl,152
Eyes_Japan_Dataset/hamada/accident-06-damage left leg-hamada.pkl,153
Eyes_Japan_Dataset/hamada/accident-06-damage left leg-hamada.pkl,154
Eyes_Japan_Dataset/hamada/accident-06-damage left leg-hamada.pkl,155
Eyes_Japan_Dataset/hamada/accident-06-damage left leg-hamada.pkl,156
Eyes_Japan_Dataset/hamada/accident-06-damage left leg-hamada.pkl,157
Eyes_Japan_Dataset/hamada/accident-06-damage left leg-hamada.pkl,158
Eyes_Japan_Dataset/hamada/accident-06-damage left leg-hamada.pkl,159
Eyes_Japan_Dataset/hamada/accident-06-damage left leg-hamada.pkl,160
Eyes_Japan_Dataset/hamada/accident-06-damage left leg-hamada.pkl,230
Eyes_Japan_Dataset/hamada/accident-06-damage left leg-hamada.pkl,231
Eyes_Japan_Dataset/hamada/accident-06-damage left leg-hamada.pkl,232
Eyes_Japan_Dataset/hamada/accident-06-damage left leg-hamada.pkl,233
Eyes_Japan_Dataset/hamada/accident-06-damage left leg-hamada.pkl,234
Eyes_Japan_Dataset/hamada/accident-06-damage left leg-hamada.pkl,478
Eyes_Japan_Dataset/hamada/accident-06-damage left leg-hamada.pkl,479
Eyes_Japan_Dataset/hamada/accident-06-damage left leg-hamada.pkl,480
Eyes_Japan_Dataset/hamada/accident-06-damage left leg-hamada.pkl,481
Eyes_Japan_Dataset/hamada/accident-06-damage left leg-hamada.pkl,482
Eyes_Japan_Dataset/hamada/accident-06-damage left leg-hamada.pkl,483
Eyes_Japan_Dataset/hamada/accident-06-damage left leg-hamada.pkl,484
Eyes_Japan_Dataset/hamada/accident-06-damage left leg-hamada.pkl,485
Eyes_Japan_Dataset/hamada/accident-06-damage left leg-hamada.pkl,486
Eyes_Japan_Dataset/hamada/accident-06-damage left leg-hamada.pkl,487
Eyes_Japan_Dataset/hamada/accident-06-damage left leg-hamada.pkl,488
Eyes_Japan_Dataset/hamada/accident-06-damage left leg-hamada.pkl,489
Eyes_Japan_Dataset/hamada/accident-06-damage left leg-hamada.pkl,490
Eyes_Japan_Dataset/hamada/accident-06-damage left leg-hamada.pkl,491
Eyes_Japan_Dataset/hamada/accident-06-damage left leg-hamada.pkl,492
Eyes_Japan_Dataset/hamada/accident-06-damage left leg-hamada.pkl,493
Eyes_Japan_Dataset/hamada/accident-06-damage left leg-hamada.pkl,494
Eyes_Japan_Dataset/hamada/accident-06-damage left leg-hamada.pkl,495
Eyes_Japan_Dataset/hamada/accident-06-damage left leg-hamada.pkl,496
Eyes_Japan_Dataset/hamada/accident-06-damage left leg-hamada.pkl,497
Eyes_Japan_Dataset/hamada/accident-06-damage left leg-hamada.pkl,498
Eyes_Japan_Dataset/hamada/accident-06-damage left leg-hamada.pkl,499
Eyes_Japan_Dataset/hamada/accident-06-damage left leg-hamada.pkl,500
Eyes_Japan_Dataset/hamada/accident-06-damage left leg-hamada.pkl,501
Eyes_Japan_Dataset/hamada/accident-06-damage left leg-hamada.pkl,502
Eyes_Japan_Dataset/hamada/accident-06-damage left leg-hamada.pkl,503
Eyes_Japan_Dataset/hamada/accident-06-damage left leg-hamada.pkl,504
Eyes_Japan_Dataset/hamada/accident-06-damage left leg-hamada.pkl,505
Eyes_Japan_Dataset/hamada/accident-06-damage left leg-hamada.pkl,621
Eyes_Japan_Dataset/hamada/accident-06-damage left leg-hamada.pkl,622
Eyes_Japan_Dataset/hamada/accident-06-damage left leg-hamada.pkl,623
Eyes_Japan_Dataset/hamada/accident-06-damage left leg-hamada.pkl,624
Eyes_Japan_Dataset/hamada/accident-06-damage left leg-hamada.pkl,625
Eyes_Japan_Dataset/hamada/accident-06-damage left leg-hamada.pkl,626
Eyes_Japan_Dataset/hamada/accident-06-damage left leg-hamada.pkl,627
Eyes_Japan_Dataset/hamada/accident-06-damage left leg-hamada.pkl,628
Eyes_Japan_Dataset/hamada/accident-06-damage left leg-hamada.pkl,629
Eyes_Japan_Dataset/hamada/accident-06-damage left leg-hamada.pkl,630
Eyes_Japan_Dataset/hamada/accident-06-damage left leg-hamada.pkl,631
Eyes_Japan_Dataset/hamada/accident-06-damage left leg-hamada.pkl,632
Eyes_Japan_Dataset/hamada/accident-06-damage left leg-hamada.pkl,633
Eyes_Japan_Dataset/hamada/accident-06-damage left leg-hamada.pkl,634
Eyes_Japan_Dataset/hamada/accident-06-damage left leg-hamada.pkl,635
Eyes_Japan_Dataset/hamada/accident-06-damage left leg-hamada.pkl,636
Eyes_Japan_Dataset/hamada/accident-06-damage left leg-hamada.pkl,637
Eyes_Japan_Dataset/hamada/accident-06-damage left leg-hamada.pkl,638
Eyes_Japan_Dataset/hamada/accident-06-damage left leg-hamada.pkl,639
Eyes_Japan_Dataset/hamada/accident-06-damage left leg-hamada.pkl,640
Eyes_Japan_Dataset/hamada/accident-06-damage left leg-hamada.pkl,641
Eyes_Japan_Dataset/hamada/accident-06-damage left leg-hamada.pkl,642
Eyes_Japan_Dataset/hamada/accident-06-damage left leg-hamada.pkl,643
Eyes_Japan_Dataset/hamada/accident-06-damage left leg-hamada.pkl,644
Eyes_Japan_Dataset/hamada/accident-06-damage left leg-hamada.pkl,645
Eyes_Japan_Dataset/hamada/accident-06-damage left leg-hamada.pkl,646
Eyes_Japan_Dataset/hamada/accident-06-damage left leg-hamada.pkl,647
Eyes_Japan_Dataset/hamada/accident-06-damage left leg-hamada.pkl,648
Eyes_Japan_Dataset/hamada/accident-06-damage left leg-hamada.pkl,649
Eyes_Japan_Dataset/hamada/accident-09-damage leftfoot-hamada.pkl,123
Eyes_Japan_Dataset/hamada/accident-09-damage leftfoot-hamada.pkl,124
Eyes_Japan_Dataset/hamada/accident-09-damage leftfoot-hamada.pkl,125
Eyes_Japan_Dataset/hamada/accident-09-damage leftfoot-hamada.pkl,126
Eyes_Japan_Dataset/hamada/accident-09-damage leftfoot-hamada.pkl,127
Eyes_Japan_Dataset/hamada/accident-09-damage leftfoot-hamada.pkl,128
Eyes_Japan_Dataset/hamada/accident-09-damage leftfoot-hamada.pkl,129
Eyes_Japan_Dataset/hamada/accident-09-damage leftfoot-hamada.pkl,130
Eyes_Japan_Dataset/hamada/accident-09-damage leftfoot-hamada.pkl,131
Eyes_Japan_Dataset/hamada/accident-09-damage leftfoot-hamada.pkl,132
Eyes_Japan_Dataset/hamada/accident-09-damage leftfoot-hamada.pkl,133
Eyes_Japan_Dataset/hamada/accident-09-damage leftfoot-hamada.pkl,134
Eyes_Japan_Dataset/hamada/accident-09-damage leftfoot-hamada.pkl,135
Eyes_Japan_Dataset/hamada/accident-09-damage leftfoot-hamada.pkl,136
Eyes_Japan_Dataset/hamada/accident-09-damage leftfoot-hamada.pkl,137
Eyes_Japan_Dataset/hamada/accident-09-damage leftfoot-hamada.pkl,138
Eyes_Japan_Dataset/hamada/accident-09-damage leftfoot-hamada.pkl,139
Eyes_Japan_Dataset/hamada/accident-09-damage leftfoot-hamada.pkl,140
Eyes_Japan_Dataset/hamada/accident-09-damage leftfoot-hamada.pkl,141
Eyes_Japan_Dataset/hamada/accident-09-damage leftfoot-hamada.pkl,142
Eyes_Japan_Dataset/hamada/accident-09-damage leftfoot-hamada.pkl,143
Eyes_Japan_Dataset/hamada/accident-09-damage leftfoot-hamada.pkl,144
Eyes_Japan_Dataset/hamada/accident-09-damage leftfoot-hamada.pkl,145
Eyes_Japan_Dataset/hamada/accident-09-damage leftfoot-hamada.pkl,146
Eyes_Japan_Dataset/hamada/accident-09-damage leftfoot-hamada.pkl,147
Eyes_Japan_Dataset/hamada/accident-09-damage leftfoot-hamada.pkl,148
Eyes_Japan_Dataset/hamada/gesture_etc-04-set 4-hamada.pkl,63
Eyes_Japan_Dataset/hamada/gesture_etc-04-set 4-hamada.pkl,64
Eyes_Japan_Dataset/hamada/gesture_etc-04-set 4-hamada.pkl,65
Eyes_Japan_Dataset/hamada/gesture_etc-04-set 4-hamada.pkl,66
Eyes_Japan_Dataset/hamada/gesture_etc-04-set 4-hamada.pkl,67
Eyes_Japan_Dataset/hamada/gesture_etc-04-set 4-hamada.pkl,68
Eyes_Japan_Dataset/hamada/gesture_etc-04-set 4-hamada.pkl,69
Eyes_Japan_Dataset/hamada/gesture_etc-04-set 4-hamada.pkl,70
Eyes_Japan_Dataset/hamada/gesture_etc-04-set 4-hamada.pkl,71
Eyes_Japan_Dataset/hamada/gesture_etc-04-set 4-hamada.pkl,72
Eyes_Japan_Dataset/hamada/gesture_etc-04-set 4-hamada.pkl,73
Eyes_Japan_Dataset/hamada/gesture_etc-04-set 4-hamada.pkl,74
Eyes_Japan_Dataset/hamada/gesture_etc-04-set 4-hamada.pkl,75
Eyes_Japan_Dataset/hamada/gesture_etc-04-set 4-hamada.pkl,76
Eyes_Japan_Dataset/hamada/gesture_etc-04-set 4-hamada.pkl,77
Eyes_Japan_Dataset/hamada/gesture_etc-04-set 4-hamada.pkl,78
Eyes_Japan_Dataset/hamada/gesture_etc-04-set 4-hamada.pkl,79
Eyes_Japan_Dataset/hamada/gesture_etc-04-set 4-hamada.pkl,80
Eyes_Japan_Dataset/hamada/gesture_etc-04-set 4-hamada.pkl,81
Eyes_Japan_Dataset/hamada/gesture_etc-04-set 4-hamada.pkl,82
Eyes_Japan_Dataset/hamada/gesture_etc-04-set 4-hamada.pkl,83
Eyes_Japan_Dataset/hamada/gesture_etc-04-set 4-hamada.pkl,84
Eyes_Japan_Dataset/hamada/gesture_etc-04-set 4-hamada.pkl,85
Eyes_Japan_Dataset/hamada/gesture_etc-04-set 4-hamada.pkl,86
Eyes_Japan_Dataset/hamada/gesture_etc-04-set 4-hamada.pkl,87
Eyes_Japan_Dataset/hamada/gesture_etc-04-set 4-hamada.pkl,88
Eyes_Japan_Dataset/hamada/gesture_etc-04-set 4-hamada.pkl,89
Eyes_Japan_Dataset/hamada/gesture_etc-04-set 4-hamada.pkl,90
Eyes_Japan_Dataset/hamada/gesture_etc-04-set 4-hamada.pkl,91
Eyes_Japan_Dataset/hamada/gesture_etc-04-set 4-hamada.pkl,92
Eyes_Japan_Dataset/hamada/gesture_etc-04-set 4-hamada.pkl,93
Eyes_Japan_Dataset/hamada/gesture_etc-04-set 4-hamada.pkl,94
Eyes_Japan_Dataset/hamada/gesture_etc-04-set 4-hamada.pkl,95
Eyes_Japan_Dataset/hamada/gesture_etc-04-set 4-hamada.pkl,96
Eyes_Japan_Dataset/hamada/gesture_etc-04-set 4-hamada.pkl,97
Eyes_Japan_Dataset/hamada/gesture_etc-04-set 4-hamada.pkl,98
Eyes_Japan_Dataset/hamada/gesture_etc-04-set 4-hamada.pkl,99
Eyes_Japan_Dataset/hamada/gesture_etc-04-set 4-hamada.pkl,100
Eyes_Japan_Dataset/hamada/gesture_etc-04-set 4-hamada.pkl,101
Eyes_Japan_Dataset/hamada/gesture_etc-04-set 4-hamada.pkl,102
Eyes_Japan_Dataset/hamada/gesture_etc-04-set 4-hamada.pkl,103
Eyes_Japan_Dataset/hamada/gesture_etc-04-set 4-hamada.pkl,104
Eyes_Japan_Dataset/hamada/gesture_etc-04-set 4-hamada.pkl,105
Eyes_Japan_Dataset/hamada/gesture_etc-04-set 4-hamada.pkl,106
Eyes_Japan_Dataset/hamada/gesture_etc-04-set 4-hamada.pkl,107
Eyes_Japan_Dataset/hamada/gesture_etc-04-set 4-hamada.pkl,108
Eyes_Japan_Dataset/hamada/gesture_etc-04-set 4-hamada.pkl,109
Eyes_Japan_Dataset/hamada/gesture_etc-04-set 4-hamada.pkl,110
Eyes_Japan_Dataset/hamada/gesture_etc-04-set 4-hamada.pkl,111
Eyes_Japan_Dataset/hamada/gesture_etc-04-set 4-hamada.pkl,112
Eyes_Japan_Dataset/hamada/gesture_etc-04-set 4-hamada.pkl,113
Eyes_Japan_Dataset/hamada/gesture_etc-04-set 4-hamada.pkl,114
Eyes_Japan_Dataset/hamada/gesture_etc-16-dryer-hamada.pkl,69
Eyes_Japan_Dataset/hamada/gesture_etc-16-dryer-hamada.pkl,70
Eyes_Japan_Dataset/hamada/gesture_etc-16-dryer-hamada.pkl,71
Eyes_Japan_Dataset/hamada/gesture_etc-16-dryer-hamada.pkl,72
Eyes_Japan_Dataset/hamada/gesture_etc-16-dryer-hamada.pkl,73
Eyes_Japan_Dataset/hamada/gesture_etc-16-dryer-hamada.pkl,74
Eyes_Japan_Dataset/hamada/gesture_etc-16-dryer-hamada.pkl,75
Eyes_Japan_Dataset/hamada/gesture_etc-16-dryer-hamada.pkl,76
Eyes_Japan_Dataset/hamada/gesture_etc-16-dryer-hamada.pkl,77
Eyes_Japan_Dataset/hamada/gesture_etc-16-dryer-hamada.pkl,78
Eyes_Japan_Dataset/hamada/gesture_etc-16-dryer-hamada.pkl,79
Eyes_Japan_Dataset/hamada/gesture_etc-16-dryer-hamada.pkl,80
Eyes_Japan_Dataset/hamada/gesture_etc-16-dryer-hamada.pkl,81
Eyes_Japan_Dataset/hamada/gesture_etc-16-dryer-hamada.pkl,82
Eyes_Japan_Dataset/hamada/gesture_etc-16-dryer-hamada.pkl,83
Eyes_Japan_Dataset/hamada/gesture_etc-16-dryer-hamada.pkl,84
Eyes_Japan_Dataset/hamada/gesture_etc-16-dryer-hamada.pkl,85
Eyes_Japan_Dataset/hamada/gesture_etc-16-dryer-hamada.pkl,86
Eyes_Japan_Dataset/hamada/gesture_etc-16-dryer-hamada.pkl,87
Eyes_Japan_Dataset/hamada/gesture_etc-16-dryer-hamada.pkl,88
Eyes_Japan_Dataset/hamada/gesture_etc-16-dryer-hamada.pkl,89
Eyes_Japan_Dataset/hamada/gesture_etc-16-dryer-hamada.pkl,90
Eyes_Japan_Dataset/hamada/gesture_etc-16-dryer-hamada.pkl,91
Eyes_Japan_Dataset/hamada/gesture_etc-34-peace-hamada.pkl,63
Eyes_Japan_Dataset/hamada/gesture_etc-34-peace-hamada.pkl,64
Eyes_Japan_Dataset/hamada/gesture_etc-34-peace-hamada.pkl,65
Eyes_Japan_Dataset/hamada/gesture_etc-34-peace-hamada.pkl,66
Eyes_Japan_Dataset/hamada/gesture_etc-34-peace-hamada.pkl,67
Eyes_Japan_Dataset/hamada/gesture_etc-34-peace-hamada.pkl,68
Eyes_Japan_Dataset/hamada/gesture_etc-34-peace-hamada.pkl,69
Eyes_Japan_Dataset/hamada/gesture_etc-34-peace-hamada.pkl,70
Eyes_Japan_Dataset/hamada/gesture_etc-34-peace-hamada.pkl,71
Eyes_Japan_Dataset/hamada/gesture_etc-34-peace-hamada.pkl,72
Eyes_Japan_Dataset/hamada/gesture_etc-34-peace-hamada.pkl,73
Eyes_Japan_Dataset/hamada/gesture_etc-34-peace-hamada.pkl,74
Eyes_Japan_Dataset/hamada/gesture_etc-34-peace-hamada.pkl,75
Eyes_Japan_Dataset/hamada/gesture_etc-34-peace-hamada.pkl,76
Eyes_Japan_Dataset/hamada/gesture_etc-34-peace-hamada.pkl,77
Eyes_Japan_Dataset/hamada/gesture_etc-34-peace-hamada.pkl,78
Eyes_Japan_Dataset/hamada/gesture_etc-34-peace-hamada.pkl,79
Eyes_Japan_Dataset/hamada/gesture_etc-34-peace-hamada.pkl,80
Eyes_Japan_Dataset/hamada/gesture_etc-34-peace-hamada.pkl,81
Eyes_Japan_Dataset/hamada/gesture_etc-34-peace-hamada.pkl,82
Eyes_Japan_Dataset/hamada/gesture_etc-36-shame-hamada.pkl,80
Eyes_Japan_Dataset/hamada/gesture_etc-36-shame-hamada.pkl,81
Eyes_Japan_Dataset/hamada/gesture_etc-36-shame-hamada.pkl,82
Eyes_Japan_Dataset/hamada/gesture_etc-36-shame-hamada.pkl,83
Eyes_Japan_Dataset/hamada/gesture_etc-36-shame-hamada.pkl,84
Eyes_Japan_Dataset/hamada/gesture_etc-36-shame-hamada.pkl,85
Eyes_Japan_Dataset/hamada/gesture_etc-36-shame-hamada.pkl,86
Eyes_Japan_Dataset/hamada/gesture_etc-36-shame-hamada.pkl,87
Eyes_Japan_Dataset/hamada/gesture_etc-36-shame-hamada.pkl,88
Eyes_Japan_Dataset/hamada/gesture_etc-36-shame-hamada.pkl,89
Eyes_Japan_Dataset/hamada/gesture_etc-36-shame-hamada.pkl,90
Eyes_Japan_Dataset/hamada/gesture_etc-36-shame-hamada.pkl,91
Eyes_Japan_Dataset/hamada/gesture_etc-36-shame-hamada.pkl,92
Eyes_Japan_Dataset/hamada/gesture_etc-36-shame-hamada.pkl,93
Eyes_Japan_Dataset/hamada/gesture_etc-36-shame-hamada.pkl,94
Eyes_Japan_Dataset/hamada/gesture_etc-36-shame-hamada.pkl,95
Eyes_Japan_Dataset/hamada/gesture_etc-36-shame-hamada.pkl,96
Eyes_Japan_Dataset/hamada/gesture_etc-36-shame-hamada.pkl,97
Eyes_Japan_Dataset/hamada/gesture_etc-43-brush teeth-hamada.pkl,71
Eyes_Japan_Dataset/hamada/gesture_etc-43-brush teeth-hamada.pkl,72
Eyes_Japan_Dataset/hamada/gesture_etc-43-brush teeth-hamada.pkl,73
Eyes_Japan_Dataset/hamada/gesture_etc-43-brush teeth-hamada.pkl,74
Eyes_Japan_Dataset/hamada/gesture_etc-43-brush teeth-hamada.pkl,75
Eyes_Japan_Dataset/hamada/gesture_etc-43-brush teeth-hamada.pkl,76
Eyes_Japan_Dataset/hamada/gesture_etc-43-brush teeth-hamada.pkl,77
Eyes_Japan_Dataset/hamada/gesture_etc-43-brush teeth-hamada.pkl,78
Eyes_Japan_Dataset/hamada/gesture_etc-43-brush teeth-hamada.pkl,79
Eyes_Japan_Dataset/hamada/gesture_etc-43-brush teeth-hamada.pkl,80
Eyes_Japan_Dataset/hamada/gesture_etc-43-brush teeth-hamada.pkl,81
Eyes_Japan_Dataset/hamada/gesture_etc-43-brush teeth-hamada.pkl,82
Eyes_Japan_Dataset/hamada/gesture_etc-43-brush teeth-hamada.pkl,83
Eyes_Japan_Dataset/hamada/gesture_etc-44-wash hands-hamada.pkl,72
Eyes_Japan_Dataset/hamada/gesture_etc-44-wash hands-hamada.pkl,73
Eyes_Japan_Dataset/hamada/gesture_etc-44-wash hands-hamada.pkl,74
Eyes_Japan_Dataset/hamada/gesture_etc-44-wash hands-hamada.pkl,75
Eyes_Japan_Dataset/hamada/gesture_etc-44-wash hands-hamada.pkl,76
Eyes_Japan_Dataset/hamada/gesture_etc-44-wash hands-hamada.pkl,77
Eyes_Japan_Dataset/hamada/gesture_etc-44-wash hands-hamada.pkl,78
Eyes_Japan_Dataset/hamada/gesture_etc-44-wash hands-hamada.pkl,79
Eyes_Japan_Dataset/hamada/gesture_etc-44-wash hands-hamada.pkl,80
Eyes_Japan_Dataset/hamada/gesture_etc-44-wash hands-hamada.pkl,81
Eyes_Japan_Dataset/hamada/gesture_etc-44-wash hands-hamada.pkl,82
Eyes_Japan_Dataset/hamada/gesture_etc-44-wash hands-hamada.pkl,83
Eyes_Japan_Dataset/hamada/gesture_etc-44-wash hands-hamada.pkl,84
Eyes_Japan_Dataset/hamada/gesture_etc-44-wash hands-hamada.pkl,85
Eyes_Japan_Dataset/hamada/pain-01-headache-hamada.pkl,69
Eyes_Japan_Dataset/hamada/pain-01-headache-hamada.pkl,70
Eyes_Japan_Dataset/hamada/pain-01-headache-hamada.pkl,71
Eyes_Japan_Dataset/hamada/pain-01-headache-hamada.pkl,72
Eyes_Japan_Dataset/hamada/pain-01-headache-hamada.pkl,73
Eyes_Japan_Dataset/hamada/pain-01-headache-hamada.pkl,74
Eyes_Japan_Dataset/hamada/pain-01-headache-hamada.pkl,75
Eyes_Japan_Dataset/hamada/pain-01-headache-hamada.pkl,76
Eyes_Japan_Dataset/hamada/pain-01-headache-hamada.pkl,77
Eyes_Japan_Dataset/hamada/pain-01-headache-hamada.pkl,78
Eyes_Japan_Dataset/hamada/pain-01-headache-hamada.pkl,79
Eyes_Japan_Dataset/hamada/pain-01-headache-hamada.pkl,80
Eyes_Japan_Dataset/hamada/pain-01-headache-hamada.pkl,81
Eyes_Japan_Dataset/hamada/pain-01-headache-hamada.pkl,82
Eyes_Japan_Dataset/hamada/pain-01-headache-hamada.pkl,83
Eyes_Japan_Dataset/hamada/pain-01-headache-hamada.pkl,84
Eyes_Japan_Dataset/hamada/pain-01-headache-hamada.pkl,85
Eyes_Japan_Dataset/hamada/pose-06-hangon-hamada.pkl,72
Eyes_Japan_Dataset/hamada/pose-06-hangon-hamada.pkl,73
Eyes_Japan_Dataset/hamada/pose-06-hangon-hamada.pkl,74
Eyes_Japan_Dataset/hamada/pose-06-hangon-hamada.pkl,75
Eyes_Japan_Dataset/hamada/pose-06-hangon-hamada.pkl,76
Eyes_Japan_Dataset/hamada/pose-06-hangon-hamada.pkl,77
Eyes_Japan_Dataset/hamada/pose-06-hangon-hamada.pkl,78
Eyes_Japan_Dataset/hamada/pose-06-hangon-hamada.pkl,79
Eyes_Japan_Dataset/hamada/pose-07-pray cross-hamada.pkl,65
Eyes_Japan_Dataset/hamada/pose-07-pray cross-hamada.pkl,66
Eyes_Japan_Dataset/hamada/pose-07-pray cross-hamada.pkl,67
Eyes_Japan_Dataset/hamada/pose-07-pray cross-hamada.pkl,68
Eyes_Japan_Dataset/hamada/pose-07-pray cross-hamada.pkl,69
Eyes_Japan_Dataset/hamada/pose-07-pray cross-hamada.pkl,70
Eyes_Japan_Dataset/hamada/pose-07-pray cross-hamada.pkl,71
Eyes_Japan_Dataset/hamada/pose-07-pray cross-hamada.pkl,72
Eyes_Japan_Dataset/hamada/pose-07-pray cross-hamada.pkl,73
Eyes_Japan_Dataset/hamada/pose-07-pray cross-hamada.pkl,74
Eyes_Japan_Dataset/hamada/pose-07-pray cross-hamada.pkl,75
Eyes_Japan_Dataset/hamada/pose-07-pray cross-hamada.pkl,76
Eyes_Japan_Dataset/hamada/pose-07-pray cross-hamada.pkl,77
Eyes_Japan_Dataset/hamada/pose-07-pray cross-hamada.pkl,78
Eyes_Japan_Dataset/hamada/pose-07-pray cross-hamada.pkl,79
Eyes_Japan_Dataset/hamada/pose-07-pray cross-hamada.pkl,80
Eyes_Japan_Dataset/hamada/pose-07-pray cross-hamada.pkl,81
Eyes_Japan_Dataset/hamada/pose-07-pray cross-hamada.pkl,82
Eyes_Japan_Dataset/hamada/pose-07-pray cross-hamada.pkl,83
Eyes_Japan_Dataset/hamada/pose-07-pray cross-hamada.pkl,84
Eyes_Japan_Dataset/hamada/pose-07-pray cross-hamada.pkl,85
Eyes_Japan_Dataset/hamada/pose-07-pray cross-hamada.pkl,86
Eyes_Japan_Dataset/hamada/pose-07-pray cross-hamada.pkl,87
Eyes_Japan_Dataset/hamada/pose-07-pray cross-hamada.pkl,88
Eyes_Japan_Dataset/hamada/pose-07-pray cross-hamada.pkl,89
Eyes_Japan_Dataset/hamada/pose-07-pray cross-hamada.pkl,90
Eyes_Japan_Dataset/hamada/pose-07-pray cross-hamada.pkl,91
Eyes_Japan_Dataset/hamada/pose-07-pray cross-hamada.pkl,92
Eyes_Japan_Dataset/hamada/pose-07-pray cross-hamada.pkl,93
Eyes_Japan_Dataset/hamada/pose-07-pray cross-hamada.pkl,94
Eyes_Japan_Dataset/hamada/pose-07-pray cross-hamada.pkl,95
Eyes_Japan_Dataset/hamada/pose-07-pray cross-hamada.pkl,96
Eyes_Japan_Dataset/hamada/pose-07-pray cross-hamada.pkl,97
Eyes_Japan_Dataset/hamada/pose-12-body building-hamada.pkl,554
Eyes_Japan_Dataset/hamada/pose-12-body building-hamada.pkl,555
Eyes_Japan_Dataset/hamada/pose-12-body building-hamada.pkl,556
Eyes_Japan_Dataset/hamada/pose-12-body building-hamada.pkl,557
Eyes_Japan_Dataset/hamada/pose-12-body building-hamada.pkl,558
Eyes_Japan_Dataset/hamada/throw_toss-17-pass to back light-hamada.pkl,58
Eyes_Japan_Dataset/hamada/throw_toss-17-pass to back light-hamada.pkl,59
Eyes_Japan_Dataset/hamada/throw_toss-17-pass to back light-hamada.pkl,60
Eyes_Japan_Dataset/hamada/throw_toss-17-pass to back light-hamada.pkl,61
Eyes_Japan_Dataset/hamada/throw_toss-17-pass to back light-hamada.pkl,62
Eyes_Japan_Dataset/hamada/throw_toss-17-pass to back light-hamada.pkl,63
Eyes_Japan_Dataset/hamada/throw_toss-17-pass to back light-hamada.pkl,64
Eyes_Japan_Dataset/hamada/throw_toss-17-pass to back light-hamada.pkl,65
Eyes_Japan_Dataset/hamada/throw_toss-17-pass to back light-hamada.pkl,66
Eyes_Japan_Dataset/hamada/throw_toss-17-pass to back light-hamada.pkl,67
Eyes_Japan_Dataset/hamada/throw_toss-17-pass to back light-hamada.pkl,68
Eyes_Japan_Dataset/hamada/throw_toss-17-pass to back light-hamada.pkl,69
Eyes_Japan_Dataset/hamada/throw_toss-17-pass to back light-hamada.pkl,70
Eyes_Japan_Dataset/hamada/throw_toss-17-pass to back light-hamada.pkl,71
Eyes_Japan_Dataset/hamada/throw_toss-17-pass to back light-hamada.pkl,72
Eyes_Japan_Dataset/hamada/throw_toss-17-pass to back light-hamada.pkl,73
Eyes_Japan_Dataset/hamada/throw_toss-17-pass to back light-hamada.pkl,74
Eyes_Japan_Dataset/hamada/throw_toss-17-pass to back light-hamada.pkl,75
Eyes_Japan_Dataset/hamada/throw_toss-17-pass to back light-hamada.pkl,76
Eyes_Japan_Dataset/hamada/throw_toss-17-pass to back light-hamada.pkl,77
Eyes_Japan_Dataset/hamada/throw_toss-17-pass to back light-hamada.pkl,78
Eyes_Japan_Dataset/hamada/throw_toss-17-pass to back light-hamada.pkl,79
Eyes_Japan_Dataset/hamada/throw_toss-17-pass to back light-hamada.pkl,80
Eyes_Japan_Dataset/hamada/throw_toss-17-pass to back light-hamada.pkl,81
Eyes_Japan_Dataset/hamada/throw_toss-17-pass to back light-hamada.pkl,82
Eyes_Japan_Dataset/hamada/throw_toss-17-pass to back light-hamada.pkl,83
Eyes_Japan_Dataset/hamada/throw_toss-17-pass to back light-hamada.pkl,84
Eyes_Japan_Dataset/hamada/throw_toss-17-pass to back light-hamada.pkl,85
Eyes_Japan_Dataset/hamada/throw_toss-17-pass to back light-hamada.pkl,86
Eyes_Japan_Dataset/hamada/throw_toss-17-pass to back light-hamada.pkl,87
Eyes_Japan_Dataset/hamada/throw_toss-17-pass to back light-hamada.pkl,88
Eyes_Japan_Dataset/hamada/throw_toss-17-pass to back light-hamada.pkl,89
Eyes_Japan_Dataset/hamada/throw_toss-17-pass to back light-hamada.pkl,90
Eyes_Japan_Dataset/hamada/throw_toss-17-pass to back light-hamada.pkl,91
Eyes_Japan_Dataset/hamada/throw_toss-17-pass to back light-hamada.pkl,92
Eyes_Japan_Dataset/hamada/throw_toss-17-pass to back light-hamada.pkl,93
Eyes_Japan_Dataset/hamada/throw_toss-17-pass to back light-hamada.pkl,94
Eyes_Japan_Dataset/hamada/throw_toss-17-pass to back light-hamada.pkl,95
Eyes_Japan_Dataset/hamada/throw_toss-17-pass to back light-hamada.pkl,96
Eyes_Japan_Dataset/hamada/throw_toss-17-pass to back light-hamada.pkl,97
Eyes_Japan_Dataset/hamada/throw_toss-17-pass to back light-hamada.pkl,98
Eyes_Japan_Dataset/hamada/throw_toss-17-pass to back light-hamada.pkl,99
Eyes_Japan_Dataset/hamada/throw_toss-17-pass to back light-hamada.pkl,100
Eyes_Japan_Dataset/hamada/throw_toss-17-pass to back light-hamada.pkl,101
Eyes_Japan_Dataset/hamada/throw_toss-17-pass to back light-hamada.pkl,102
Eyes_Japan_Dataset/hamada/turn-01-call-hamada.pkl,69
Eyes_Japan_Dataset/hamada/turn-01-call-hamada.pkl,70
Eyes_Japan_Dataset/hamada/turn-01-call-hamada.pkl,71
Eyes_Japan_Dataset/hamada/turn-01-call-hamada.pkl,72
Eyes_Japan_Dataset/hamada/turn-01-call-hamada.pkl,73
Eyes_Japan_Dataset/hamada/turn-01-call-hamada.pkl,74
Eyes_Japan_Dataset/hamada/turn-01-call-hamada.pkl,75
Eyes_Japan_Dataset/hamada/turn-01-call-hamada.pkl,76
Eyes_Japan_Dataset/hamada/turn-01-call-hamada.pkl,77
Eyes_Japan_Dataset/hamada/turn-01-call-hamada.pkl,78
Eyes_Japan_Dataset/hamada/turn-01-call-hamada.pkl,79
Eyes_Japan_Dataset/hamada/turn-01-call-hamada.pkl,80
Eyes_Japan_Dataset/hamada/turn-01-call-hamada.pkl,81
Eyes_Japan_Dataset/hamada/turn-01-call-hamada.pkl,82
Eyes_Japan_Dataset/hamada/turn-01-call-hamada.pkl,83
Eyes_Japan_Dataset/hamada/turn-01-call-hamada.pkl,84
Eyes_Japan_Dataset/hamada/turn-01-call-hamada.pkl,85
Eyes_Japan_Dataset/hamada/turn-01-call-hamada.pkl,86
Eyes_Japan_Dataset/hamada/turn-01-call-hamada.pkl,87
Eyes_Japan_Dataset/hamada/turn-01-call-hamada.pkl,88
Eyes_Japan_Dataset/hamada/turn-01-call-hamada.pkl,89
Eyes_Japan_Dataset/hamada/turn-01-call-hamada.pkl,90
Eyes_Japan_Dataset/hamada/turn-01-call-hamada.pkl,91
Eyes_Japan_Dataset/hamada/turn-01-call-hamada.pkl,92
Eyes_Japan_Dataset/hamada/turn-01-call-hamada.pkl,93
Eyes_Japan_Dataset/hamada/turn-01-call-hamada.pkl,94
Eyes_Japan_Dataset/hamada/turn-01-call-hamada.pkl,95
Eyes_Japan_Dataset/hamada/turn-01-call-hamada.pkl,96
Eyes_Japan_Dataset/hamada/turn-01-call-hamada.pkl,97
Eyes_Japan_Dataset/hamada/turn-01-call-hamada.pkl,98
Eyes_Japan_Dataset/hamada/turn-01-call-hamada.pkl,99
Eyes_Japan_Dataset/hamada/turn-01-call-hamada.pkl,100
Eyes_Japan_Dataset/hamada/turn-01-call-hamada.pkl,101
Eyes_Japan_Dataset/hamada/turn-01-call-hamada.pkl,102
Eyes_Japan_Dataset/hamada/turn-01-call-hamada.pkl,103
Eyes_Japan_Dataset/ichige/soccer-31-goal-ichige.pkl,502
Eyes_Japan_Dataset/ichige/soccer-31-goal-ichige.pkl,503
Eyes_Japan_Dataset/ichige/soccer-31-goal-ichige.pkl,504
Eyes_Japan_Dataset/ichige/soccer-31-goal-ichige.pkl,505
Eyes_Japan_Dataset/ichige/soccer-31-goal-ichige.pkl,506
Eyes_Japan_Dataset/ichige/soccer-31-goal-ichige.pkl,507
Eyes_Japan_Dataset/ichige/soccer-31-goal-ichige.pkl,508
Eyes_Japan_Dataset/kaiwa/walk-24-listless-kaiwa.pkl,79
Eyes_Japan_Dataset/kaiwa/walk-24-listless-kaiwa.pkl,80
Eyes_Japan_Dataset/kaiwa/walk-24-listless-kaiwa.pkl,81
Eyes_Japan_Dataset/kaiwa/walk-24-listless-kaiwa.pkl,82
Eyes_Japan_Dataset/kaiwa/walk-24-listless-kaiwa.pkl,83
Eyes_Japan_Dataset/kaiwa/walk-24-listless-kaiwa.pkl,84
Eyes_Japan_Dataset/kaiwa/walk-24-listless-kaiwa.pkl,85
Eyes_Japan_Dataset/kaiwa/walk-24-listless-kaiwa.pkl,86
Eyes_Japan_Dataset/kaiwa/walk-24-listless-kaiwa.pkl,87
Eyes_Japan_Dataset/kaiwa/walk-24-listless-kaiwa.pkl,88
Eyes_Japan_Dataset/kaiwa/walk-24-listless-kaiwa.pkl,89
Eyes_Japan_Dataset/kaiwa/walk-24-listless-kaiwa.pkl,90
Eyes_Japan_Dataset/kaiwa/walk-24-listless-kaiwa.pkl,91
Eyes_Japan_Dataset/kaiwa/walk-24-listless-kaiwa.pkl,92
Eyes_Japan_Dataset/kaiwa/walk-24-listless-kaiwa.pkl,93
Eyes_Japan_Dataset/kaiwa/walk-24-listless-kaiwa.pkl,94
Eyes_Japan_Dataset/kaiwa/walk-24-listless-kaiwa.pkl,95
Eyes_Japan_Dataset/kaiwa/walk-24-listless-kaiwa.pkl,96
Eyes_Japan_Dataset/kaiwa/walk-24-listless-kaiwa.pkl,97
Eyes_Japan_Dataset/kaiwa/walk-24-listless-kaiwa.pkl,98
Eyes_Japan_Dataset/kaiwa/walk-24-listless-kaiwa.pkl,99
Eyes_Japan_Dataset/kaiwa/walk-24-listless-kaiwa.pkl,100
Eyes_Japan_Dataset/kaiwa/walk-24-listless-kaiwa.pkl,101
Eyes_Japan_Dataset/kaiwa/walk-24-listless-kaiwa.pkl,102
Eyes_Japan_Dataset/kaiwa/walk-24-listless-kaiwa.pkl,103
Eyes_Japan_Dataset/kaiwa/walk-24-listless-kaiwa.pkl,104
Eyes_Japan_Dataset/kaiwa/walk-24-listless-kaiwa.pkl,105
Eyes_Japan_Dataset/kaiwa/walk-24-listless-kaiwa.pkl,106
Eyes_Japan_Dataset/kaiwa/walk-24-listless-kaiwa.pkl,107
Eyes_Japan_Dataset/kaiwa/walk-24-listless-kaiwa.pkl,108
Eyes_Japan_Dataset/kaiwa/walk-24-listless-kaiwa.pkl,109
Eyes_Japan_Dataset/kaiwa/walk-24-listless-kaiwa.pkl,110
Eyes_Japan_Dataset/kaiwa/walk-24-listless-kaiwa.pkl,111
Eyes_Japan_Dataset/kaiwa/walk-24-listless-kaiwa.pkl,112
Eyes_Japan_Dataset/kaiwa/walk-24-listless-kaiwa.pkl,113
Eyes_Japan_Dataset/kaiwa/walk-24-listless-kaiwa.pkl,114
Eyes_Japan_Dataset/kaiwa/walk-24-listless-kaiwa.pkl,115
Eyes_Japan_Dataset/kaiwa/walk-24-listless-kaiwa.pkl,116
Eyes_Japan_Dataset/kaiwa/walk-24-listless-kaiwa.pkl,117
Eyes_Japan_Dataset/kaiwa/walk-24-listless-kaiwa.pkl,118
Eyes_Japan_Dataset/kaiwa/walk-24-listless-kaiwa.pkl,119
Eyes_Japan_Dataset/kaiwa/walk-24-listless-kaiwa.pkl,120
Eyes_Japan_Dataset/kaiwa/walk-24-listless-kaiwa.pkl,121
Eyes_Japan_Dataset/kaiwa/walk-24-listless-kaiwa.pkl,122
Eyes_Japan_Dataset/kaiwa/walk-24-listless-kaiwa.pkl,123
Eyes_Japan_Dataset/kaiwa/walk-24-listless-kaiwa.pkl,124
Eyes_Japan_Dataset/kaiwa/walk-24-listless-kaiwa.pkl,125
Eyes_Japan_Dataset/kaiwa/walk-24-listless-kaiwa.pkl,126
Eyes_Japan_Dataset/kaiwa/walk-24-listless-kaiwa.pkl,127
Eyes_Japan_Dataset/kaiwa/walk-24-listless-kaiwa.pkl,128
Eyes_Japan_Dataset/kaiwa/walk-24-listless-kaiwa.pkl,129
Eyes_Japan_Dataset/kaiwa/walk-24-listless-kaiwa.pkl,130
Eyes_Japan_Dataset/kaiwa/walk-24-listless-kaiwa.pkl,131
Eyes_Japan_Dataset/kaiwa/walk-24-listless-kaiwa.pkl,132
Eyes_Japan_Dataset/kaiwa/walk-24-listless-kaiwa.pkl,133
Eyes_Japan_Dataset/kaiwa/walk-24-listless-kaiwa.pkl,134
Eyes_Japan_Dataset/kaiwa/walk-24-listless-kaiwa.pkl,135
Eyes_Japan_Dataset/kaiwa/walk-24-listless-kaiwa.pkl,136
Eyes_Japan_Dataset/kaiwa/walk-24-listless-kaiwa.pkl,137
Eyes_Japan_Dataset/kaiwa/walk-24-listless-kaiwa.pkl,138
Eyes_Japan_Dataset/kaiwa/walk-24-listless-kaiwa.pkl,139
Eyes_Japan_Dataset/kaiwa/walk-24-listless-kaiwa.pkl,140
Eyes_Japan_Dataset/kaiwa/walk-24-listless-kaiwa.pkl,141
Eyes_Japan_Dataset/kaiwa/walk-24-listless-kaiwa.pkl,142
Eyes_Japan_Dataset/kaiwa/walk-24-listless-kaiwa.pkl,143
Eyes_Japan_Dataset/kaiwa/walk-24-listless-kaiwa.pkl,144
Eyes_Japan_Dataset/kaiwa/walk-24-listless-kaiwa.pkl,145
Eyes_Japan_Dataset/kaiwa/walk-24-listless-kaiwa.pkl,146
Eyes_Japan_Dataset/kaiwa/walk-24-listless-kaiwa.pkl,147
Eyes_Japan_Dataset/kaiwa/walk-24-listless-kaiwa.pkl,148
Eyes_Japan_Dataset/kaiwa/walk-24-listless-kaiwa.pkl,149
Eyes_Japan_Dataset/kaiwa/walk-24-listless-kaiwa.pkl,150
Eyes_Japan_Dataset/kaiwa/walk-24-listless-kaiwa.pkl,151
Eyes_Japan_Dataset/kaiwa/walk-24-listless-kaiwa.pkl,152
Eyes_Japan_Dataset/kaiwa/walk-24-listless-kaiwa.pkl,153
Eyes_Japan_Dataset/kaiwa/walk-24-listless-kaiwa.pkl,154
Eyes_Japan_Dataset/kaiwa/walk-24-listless-kaiwa.pkl,155
Eyes_Japan_Dataset/kaiwa/walk-24-listless-kaiwa.pkl,156
Eyes_Japan_Dataset/kaiwa/walk-24-listless-kaiwa.pkl,157
Eyes_Japan_Dataset/kaiwa/walk-24-listless-kaiwa.pkl,158
Eyes_Japan_Dataset/kaiwa/walk-24-listless-kaiwa.pkl,159
Eyes_Japan_Dataset/kaiwa/walk-24-listless-kaiwa.pkl,160
Eyes_Japan_Dataset/kaiwa/walk-24-listless-kaiwa.pkl,161
Eyes_Japan_Dataset/kaiwa/walk-24-listless-kaiwa.pkl,162
Eyes_Japan_Dataset/kaiwa/walk-24-listless-kaiwa.pkl,163
Eyes_Japan_Dataset/kaiwa/walk-24-listless-kaiwa.pkl,164
Eyes_Japan_Dataset/kaiwa/walk-24-listless-kaiwa.pkl,165
Eyes_Japan_Dataset/kaiwa/walk-24-listless-kaiwa.pkl,166
Eyes_Japan_Dataset/kaiwa/walk-24-listless-kaiwa.pkl,167
Eyes_Japan_Dataset/kaiwa/walk-24-listless-kaiwa.pkl,168
Eyes_Japan_Dataset/kaiwa/walk-24-listless-kaiwa.pkl,169
Eyes_Japan_Dataset/kaiwa/walk-24-listless-kaiwa.pkl,170
Eyes_Japan_Dataset/kaiwa/walk-24-listless-kaiwa.pkl,171
Eyes_Japan_Dataset/takiguchi/accident-06-damage left leg-takiguchi.pkl,353
Eyes_Japan_Dataset/takiguchi/accident-06-damage left leg-takiguchi.pkl,354
Eyes_Japan_Dataset/takiguchi/accident-06-damage left leg-takiguchi.pkl,355
Eyes_Japan_Dataset/takiguchi/accident-06-damage left leg-takiguchi.pkl,356
Eyes_Japan_Dataset/takiguchi/accident-06-damage left leg-takiguchi.pkl,357
Eyes_Japan_Dataset/takiguchi/accident-06-damage left leg-takiguchi.pkl,358
Eyes_Japan_Dataset/takiguchi/accident-06-damage left leg-takiguchi.pkl,359
Eyes_Japan_Dataset/takiguchi/accident-06-damage left leg-takiguchi.pkl,360
Eyes_Japan_Dataset/takiguchi/accident-06-damage left leg-takiguchi.pkl,361
Eyes_Japan_Dataset/takiguchi/accident-06-damage left leg-takiguchi.pkl,362
Eyes_Japan_Dataset/takiguchi/accident-06-damage left leg-takiguchi.pkl,363
Eyes_Japan_Dataset/takiguchi/accident-06-damage left leg-takiguchi.pkl,364
Eyes_Japan_Dataset/takiguchi/accident-06-damage left leg-takiguchi.pkl,365
Eyes_Japan_Dataset/takiguchi/accident-06-damage left leg-takiguchi.pkl,366
Eyes_Japan_Dataset/takiguchi/accident-06-damage left leg-takiguchi.pkl,367
Eyes_Japan_Dataset/takiguchi/accident-06-damage left leg-takiguchi.pkl,368
Eyes_Japan_Dataset/takiguchi/accident-06-damage left leg-takiguchi.pkl,369
Eyes_Japan_Dataset/takiguchi/accident-06-damage left leg-takiguchi.pkl,370
Eyes_Japan_Dataset/takiguchi/accident-06-damage left leg-takiguchi.pkl,371
Eyes_Japan_Dataset/takiguchi/accident-06-damage left leg-takiguchi.pkl,372
Eyes_Japan_Dataset/takiguchi/accident-06-damage left leg-takiguchi.pkl,373
Eyes_Japan_Dataset/takiguchi/accident-06-damage left leg-takiguchi.pkl,374
Eyes_Japan_Dataset/takiguchi/accident-06-damage left leg-takiguchi.pkl,375
Eyes_Japan_Dataset/takiguchi/accident-06-damage left leg-takiguchi.pkl,376
Eyes_Japan_Dataset/takiguchi/accident-06-damage left leg-takiguchi.pkl,377
Eyes_Japan_Dataset/takiguchi/accident-06-damage left leg-takiguchi.pkl,378
Eyes_Japan_Dataset/takiguchi/accident-06-damage left leg-takiguchi.pkl,379
Eyes_Japan_Dataset/takiguchi/accident-06-damage left leg-takiguchi.pkl,380
Eyes_Japan_Dataset/takiguchi/accident-06-damage left leg-takiguchi.pkl,381
Eyes_Japan_Dataset/takiguchi/accident-06-damage left leg-takiguchi.pkl,382
Eyes_Japan_Dataset/takiguchi/accident-06-damage left leg-takiguchi.pkl,383
Eyes_Japan_Dataset/takiguchi/accident-06-damage left leg-takiguchi.pkl,384
Eyes_Japan_Dataset/takiguchi/accident-06-damage left leg-takiguchi.pkl,385
Eyes_Japan_Dataset/takiguchi/accident-06-damage left leg-takiguchi.pkl,386
Eyes_Japan_Dataset/takiguchi/accident-07-damage left arm-takiguchi.pkl,103
Eyes_Japan_Dataset/takiguchi/accident-07-damage left arm-takiguchi.pkl,104
Eyes_Japan_Dataset/takiguchi/accident-07-damage left arm-takiguchi.pkl,105
Eyes_Japan_Dataset/takiguchi/accident-07-damage left arm-takiguchi.pkl,106
Eyes_Japan_Dataset/takiguchi/accident-07-damage left arm-takiguchi.pkl,107
Eyes_Japan_Dataset/takiguchi/accident-07-damage left arm-takiguchi.pkl,108
Eyes_Japan_Dataset/takiguchi/accident-07-damage left arm-takiguchi.pkl,109
Eyes_Japan_Dataset/takiguchi/accident-07-damage left arm-takiguchi.pkl,110
Eyes_Japan_Dataset/takiguchi/accident-07-damage left arm-takiguchi.pkl,111
Eyes_Japan_Dataset/takiguchi/accident-07-damage left arm-takiguchi.pkl,112
Eyes_Japan_Dataset/takiguchi/accident-07-damage left arm-takiguchi.pkl,113
Eyes_Japan_Dataset/takiguchi/accident-07-damage left arm-takiguchi.pkl,114
Eyes_Japan_Dataset/takiguchi/accident-07-damage left arm-takiguchi.pkl,115
Eyes_Japan_Dataset/takiguchi/accident-07-damage left arm-takiguchi.pkl,116
Eyes_Japan_Dataset/takiguchi/accident-07-damage left arm-takiguchi.pkl,117
Eyes_Japan_Dataset/takiguchi/accident-07-damage left arm-takiguchi.pkl,118
Eyes_Japan_Dataset/takiguchi/accident-07-damage left arm-takiguchi.pkl,119
Eyes_Japan_Dataset/takiguchi/accident-07-damage left arm-takiguchi.pkl,120
Eyes_Japan_Dataset/takiguchi/accident-07-damage left arm-takiguchi.pkl,121
Eyes_Japan_Dataset/takiguchi/accident-07-damage left arm-takiguchi.pkl,122
Eyes_Japan_Dataset/takiguchi/accident-07-damage left arm-takiguchi.pkl,123
Eyes_Japan_Dataset/takiguchi/accident-07-damage left arm-takiguchi.pkl,124
Eyes_Japan_Dataset/takiguchi/accident-07-damage left arm-takiguchi.pkl,125
Eyes_Japan_Dataset/takiguchi/accident-07-damage left arm-takiguchi.pkl,126
Eyes_Japan_Dataset/takiguchi/accident-07-damage left arm-takiguchi.pkl,127
Eyes_Japan_Dataset/takiguchi/walk-28-look up-takiguchi.pkl,161
Eyes_Japan_Dataset/takiguchi/walk-28-look up-takiguchi.pkl,162
Eyes_Japan_Dataset/takiguchi/walk-28-look up-takiguchi.pkl,163
Eyes_Japan_Dataset/takiguchi/walk-28-look up-takiguchi.pkl,164
Eyes_Japan_Dataset/takiguchi/walk-28-look up-takiguchi.pkl,165
Eyes_Japan_Dataset/takiguchi/walk-28-look up-takiguchi.pkl,166
Eyes_Japan_Dataset/takiguchi/walk-28-look up-takiguchi.pkl,167
Eyes_Japan_Dataset/takiguchi/walk-28-look up-takiguchi.pkl,168
Eyes_Japan_Dataset/takiguchi/walk-28-look up-takiguchi.pkl,169
Eyes_Japan_Dataset/takiguchi/walk-28-look up-takiguchi.pkl,170
Eyes_Japan_Dataset/takiguchi/walk-28-look up-takiguchi.pkl,171
Eyes_Japan_Dataset/takiguchi/walk-28-look up-takiguchi.pkl,172
Eyes_Japan_Dataset/takiguchi/walk-28-look up-takiguchi.pkl,173
Eyes_Japan_Dataset/takiguchi/walk-28-look up-takiguchi.pkl,174
Eyes_Japan_Dataset/takiguchi/walk-28-look up-takiguchi.pkl,175
Eyes_Japan_Dataset/takiguchi/walk-28-look up-takiguchi.pkl,176
Eyes_Japan_Dataset/takiguchi/walk-28-look up-takiguchi.pkl,177
Eyes_Japan_Dataset/takiguchi/walk-28-look up-takiguchi.pkl,178
Eyes_Japan_Dataset/takiguchi/walk-28-look up-takiguchi.pkl,179
Eyes_Japan_Dataset/takiguchi/walk-28-look up-takiguchi.pkl,180
Eyes_Japan_Dataset/takiguchi/walk-28-look up-takiguchi.pkl,181
Eyes_Japan_Dataset/takiguchi/walk-28-look up-takiguchi.pkl,182
Eyes_Japan_Dataset/takiguchi/walk-28-look up-takiguchi.pkl,183
Eyes_Japan_Dataset/takiguchi/walk-28-look up-takiguchi.pkl,184
Eyes_Japan_Dataset/takiguchi/walk-28-look up-takiguchi.pkl,185
Eyes_Japan_Dataset/takiguchi/walk-28-look up-takiguchi.pkl,186
Eyes_Japan_Dataset/takiguchi/walk-28-look up-takiguchi.pkl,187
Eyes_Japan_Dataset/takiguchi/walk-28-look up-takiguchi.pkl,188
Eyes_Japan_Dataset/takiguchi/walk-28-look up-takiguchi.pkl,189
Eyes_Japan_Dataset/takiguchi/walk-28-look up-takiguchi.pkl,190
Eyes_Japan_Dataset/takiguchi/walk-28-look up-takiguchi.pkl,191
Eyes_Japan_Dataset/takiguchi/walk-28-look up-takiguchi.pkl,192
Eyes_Japan_Dataset/takiguchi/walk-28-look up-takiguchi.pkl,193
Eyes_Japan_Dataset/takiguchi/walk-28-look up-takiguchi.pkl,194
Eyes_Japan_Dataset/takiguchi/walk-28-look up-takiguchi.pkl,195
Eyes_Japan_Dataset/takiguchi/walk-28-look up-takiguchi.pkl,196
Eyes_Japan_Dataset/takiguchi/walk-28-look up-takiguchi.pkl,197
Eyes_Japan_Dataset/takiguchi/walk-28-look up-takiguchi.pkl,198
Eyes_Japan_Dataset/takiguchi/walk-28-look up-takiguchi.pkl,199
Eyes_Japan_Dataset/takiguchi/walk-28-look up-takiguchi.pkl,200
Eyes_Japan_Dataset/takiguchi/walk-28-look up-takiguchi.pkl,201
Eyes_Japan_Dataset/takiguchi/walk-28-look up-takiguchi.pkl,202
Eyes_Japan_Dataset/takiguchi/walk-28-look up-takiguchi.pkl,203
Eyes_Japan_Dataset/takiguchi/walk-28-look up-takiguchi.pkl,204
Eyes_Japan_Dataset/takiguchi/walk-28-look up-takiguchi.pkl,205
Eyes_Japan_Dataset/takiguchi/walk-28-look up-takiguchi.pkl,206
Eyes_Japan_Dataset/takiguchi/walk-28-look up-takiguchi.pkl,207
Eyes_Japan_Dataset/takiguchi/walk-28-look up-takiguchi.pkl,208
Eyes_Japan_Dataset/takiguchi/walk-28-look up-takiguchi.pkl,209
Eyes_Japan_Dataset/takiguchi/walk-28-look up-takiguchi.pkl,210
Eyes_Japan_Dataset/takiguchi/walk-28-look up-takiguchi.pkl,211
Eyes_Japan_Dataset/takiguchi/walk-28-look up-takiguchi.pkl,212
Eyes_Japan_Dataset/takiguchi/walk-28-look up-takiguchi.pkl,213
Eyes_Japan_Dataset/takiguchi/walk-28-look up-takiguchi.pkl,214
Eyes_Japan_Dataset/takiguchi/walk-28-look up-takiguchi.pkl,215
Eyes_Japan_Dataset/takiguchi/walk-28-look up-takiguchi.pkl,216
Eyes_Japan_Dataset/takiguchi/walk-28-look up-takiguchi.pkl,217
Eyes_Japan_Dataset/takiguchi/walk-28-look up-takiguchi.pkl,218
Eyes_Japan_Dataset/takiguchi/walk-28-look up-takiguchi.pkl,219
Eyes_Japan_Dataset/takiguchi/walk-28-look up-takiguchi.pkl,220
Eyes_Japan_Dataset/takiguchi/walk-28-look up-takiguchi.pkl,221
Eyes_Japan_Dataset/takiguchi/walk-28-look up-takiguchi.pkl,222
Eyes_Japan_Dataset/takiguchi/walk-28-look up-takiguchi.pkl,223
Eyes_Japan_Dataset/takiguchi/walk-28-look up-takiguchi.pkl,262
Eyes_Japan_Dataset/takiguchi/walk-28-look up-takiguchi.pkl,263
Eyes_Japan_Dataset/takiguchi/walk-28-look up-takiguchi.pkl,264
Eyes_Japan_Dataset/takiguchi/walk-28-look up-takiguchi.pkl,265
Eyes_Japan_Dataset/takiguchi/walk-28-look up-takiguchi.pkl,266
Eyes_Japan_Dataset/takiguchi/walk-28-look up-takiguchi.pkl,267
Eyes_Japan_Dataset/takiguchi/walk-28-look up-takiguchi.pkl,268
Eyes_Japan_Dataset/takiguchi/walk-28-look up-takiguchi.pkl,269
Eyes_Japan_Dataset/takiguchi/walk-28-look up-takiguchi.pkl,270
Eyes_Japan_Dataset/takiguchi/walk-28-look up-takiguchi.pkl,271
Eyes_Japan_Dataset/takiguchi/walk-28-look up-takiguchi.pkl,272
Eyes_Japan_Dataset/takiguchi/walk-28-look up-takiguchi.pkl,273
Eyes_Japan_Dataset/takiguchi/walk-28-look up-takiguchi.pkl,274
Eyes_Japan_Dataset/takiguchi/walk-28-look up-takiguchi.pkl,275
Eyes_Japan_Dataset/takiguchi/walk-28-look up-takiguchi.pkl,276
Eyes_Japan_Dataset/takiguchi/walk-28-look up-takiguchi.pkl,277
Eyes_Japan_Dataset/takiguchi/walk-28-look up-takiguchi.pkl,278
Eyes_Japan_Dataset/takiguchi/walk-28-look up-takiguchi.pkl,279
Eyes_Japan_Dataset/takiguchi/walk-28-look up-takiguchi.pkl,280
Eyes_Japan_Dataset/takiguchi/walk-28-look up-takiguchi.pkl,281
Eyes_Japan_Dataset/takiguchi/walk-28-look up-takiguchi.pkl,282
Eyes_Japan_Dataset/takiguchi/walk-28-look up-takiguchi.pkl,283
Eyes_Japan_Dataset/takiguchi/walk-28-look up-takiguchi.pkl,284
Eyes_Japan_Dataset/takiguchi/walk-28-look up-takiguchi.pkl,285
Eyes_Japan_Dataset/takiguchi/walk-28-look up-takiguchi.pkl,286
Eyes_Japan_Dataset/takiguchi/walk-28-look up-takiguchi.pkl,287
Eyes_Japan_Dataset/takiguchi/walk-28-look up-takiguchi.pkl,288
Eyes_Japan_Dataset/takiguchi/walk-28-look up-takiguchi.pkl,289
Eyes_Japan_Dataset/takiguchi/walk-28-look up-takiguchi.pkl,290
Eyes_Japan_Dataset/takiguchi/walk-28-look up-takiguchi.pkl,291
Eyes_Japan_Dataset/takiguchi/walk-28-look up-takiguchi.pkl,292
Eyes_Japan_Dataset/takiguchi/walk-28-look up-takiguchi.pkl,293
Eyes_Japan_Dataset/takiguchi/walk-28-look up-takiguchi.pkl,294
Eyes_Japan_Dataset/takiguchi/walk-28-look up-takiguchi.pkl,295
Eyes_Japan_Dataset/takiguchi/walk-28-look up-takiguchi.pkl,296
Eyes_Japan_Dataset/takiguchi/walk-28-look up-takiguchi.pkl,297
Eyes_Japan_Dataset/takiguchi/walk-28-look up-takiguchi.pkl,298
Eyes_Japan_Dataset/takiguchi/walk-28-look up-takiguchi.pkl,299
Eyes_Japan_Dataset/takiguchi/walk-28-look up-takiguchi.pkl,300
Eyes_Japan_Dataset/takiguchi/walk-28-look up-takiguchi.pkl,301
Eyes_Japan_Dataset/takiguchi/walk-28-look up-takiguchi.pkl,302
Eyes_Japan_Dataset/takiguchi/walk-28-look up-takiguchi.pkl,303
Eyes_Japan_Dataset/takiguchi/walk-28-look up-takiguchi.pkl,304
Eyes_Japan_Dataset/takiguchi/walk-28-look up-takiguchi.pkl,305
Eyes_Japan_Dataset/takiguchi/walk-28-look up-takiguchi.pkl,306
Eyes_Japan_Dataset/takiguchi/walk-28-look up-takiguchi.pkl,307
Eyes_Japan_Dataset/takiguchi/walk-28-look up-takiguchi.pkl,308
Eyes_Japan_Dataset/takiguchi/walk-28-look up-takiguchi.pkl,309
Eyes_Japan_Dataset/takiguchi/walk-28-look up-takiguchi.pkl,310
Eyes_Japan_Dataset/takiguchi/walk-28-look up-takiguchi.pkl,311
Eyes_Japan_Dataset/takiguchi/walk-28-look up-takiguchi.pkl,312
Eyes_Japan_Dataset/takiguchi/walk-28-look up-takiguchi.pkl,313
Eyes_Japan_Dataset/takiguchi/walk-28-look up-takiguchi.pkl,314
Eyes_Japan_Dataset/takiguchi/walk-28-look up-takiguchi.pkl,315
Eyes_Japan_Dataset/takiguchi/walk-28-look up-takiguchi.pkl,316
Eyes_Japan_Dataset/takiguchi/walk-28-look up-takiguchi.pkl,317
Eyes_Japan_Dataset/takiguchi/walk-28-look up-takiguchi.pkl,318
Eyes_Japan_Dataset/takiguchi/walk-28-look up-takiguchi.pkl,319
Eyes_Japan_Dataset/takiguchi/walk-28-look up-takiguchi.pkl,320
Eyes_Japan_Dataset/takiguchi/walk-28-look up-takiguchi.pkl,321
Eyes_Japan_Dataset/takiguchi/walk-28-look up-takiguchi.pkl,322
Eyes_Japan_Dataset/takiguchi/walk-28-look up-takiguchi.pkl,323
Eyes_Japan_Dataset/takiguchi/walk-28-look up-takiguchi.pkl,324
Eyes_Japan_Dataset/takiguchi/walk-28-look up-takiguchi.pkl,325
Eyes_Japan_Dataset/takiguchi/walk-28-look up-takiguchi.pkl,326
Eyes_Japan_Dataset/takiguchi/walk-28-look up-takiguchi.pkl,382
Eyes_Japan_Dataset/takiguchi/walk-28-look up-takiguchi.pkl,383
Eyes_Japan_Dataset/takiguchi/walk-28-look up-takiguchi.pkl,384
Eyes_Japan_Dataset/takiguchi/walk-28-look up-takiguchi.pkl,385
Eyes_Japan_Dataset/takiguchi/walk-28-look up-takiguchi.pkl,386
Eyes_Japan_Dataset/takiguchi/walk-28-look up-takiguchi.pkl,387
Eyes_Japan_Dataset/takiguchi/walk-28-look up-takiguchi.pkl,388
Eyes_Japan_Dataset/takiguchi/walk-28-look up-takiguchi.pkl,389
Eyes_Japan_Dataset/takiguchi/walk-28-look up-takiguchi.pkl,390
Eyes_Japan_Dataset/takiguchi/walk-28-look up-takiguchi.pkl,391
Eyes_Japan_Dataset/takiguchi/walk-28-look up-takiguchi.pkl,392
Eyes_Japan_Dataset/takiguchi/walk-28-look up-takiguchi.pkl,393
Eyes_Japan_Dataset/takiguchi/walk-28-look up-takiguchi.pkl,394
Eyes_Japan_Dataset/takiguchi/walk-28-look up-takiguchi.pkl,395
Eyes_Japan_Dataset/takiguchi/walk-28-look up-takiguchi.pkl,396
Eyes_Japan_Dataset/takiguchi/walk-28-look up-takiguchi.pkl,397
Eyes_Japan_Dataset/takiguchi/walk-28-look up-takiguchi.pkl,398
Eyes_Japan_Dataset/takiguchi/walk-28-look up-takiguchi.pkl,399
Eyes_Japan_Dataset/takiguchi/walk-28-look up-takiguchi.pkl,400
Eyes_Japan_Dataset/takiguchi/walk-28-look up-takiguchi.pkl,401
Eyes_Japan_Dataset/takiguchi/walk-28-look up-takiguchi.pkl,402
Eyes_Japan_Dataset/takiguchi/walk-28-look up-takiguchi.pkl,403
Eyes_Japan_Dataset/takiguchi/walk-28-look up-takiguchi.pkl,404
Eyes_Japan_Dataset/takiguchi/walk-28-look up-takiguchi.pkl,405
Eyes_Japan_Dataset/takiguchi/walk-28-look up-takiguchi.pkl,406
Eyes_Japan_Dataset/takiguchi/walk-28-look up-takiguchi.pkl,407
Eyes_Japan_Dataset/takiguchi/walk-28-look up-takiguchi.pkl,408
Eyes_Japan_Dataset/takiguchi/walk-28-look up-takiguchi.pkl,409
Eyes_Japan_Dataset/takiguchi/walk-28-look up-takiguchi.pkl,410
Eyes_Japan_Dataset/takiguchi/walk-28-look up-takiguchi.pkl,411
Eyes_Japan_Dataset/takiguchi/walk-28-look up-takiguchi.pkl,412
Eyes_Japan_Dataset/takiguchi/walk-28-look up-takiguchi.pkl,413
Eyes_Japan_Dataset/takiguchi/walk-28-look up-takiguchi.pkl,414
Eyes_Japan_Dataset/takiguchi/walk-28-look up-takiguchi.pkl,415
Eyes_Japan_Dataset/takiguchi/walk-28-look up-takiguchi.pkl,416
Eyes_Japan_Dataset/takiguchi/walk-28-look up-takiguchi.pkl,417
Eyes_Japan_Dataset/takiguchi/walk-28-look up-takiguchi.pkl,418
Eyes_Japan_Dataset/takiguchi/walk-28-look up-takiguchi.pkl,419
Eyes_Japan_Dataset/takiguchi/walk-28-look up-takiguchi.pkl,420
Eyes_Japan_Dataset/takiguchi/walk-28-look up-takiguchi.pkl,421
Eyes_Japan_Dataset/takiguchi/walk-28-look up-takiguchi.pkl,422
Eyes_Japan_Dataset/takiguchi/walk-28-look up-takiguchi.pkl,423
Eyes_Japan_Dataset/takiguchi/walk-28-look up-takiguchi.pkl,424
Eyes_Japan_Dataset/takiguchi/walk-28-look up-takiguchi.pkl,425
Eyes_Japan_Dataset/takiguchi/walk-28-look up-takiguchi.pkl,426
Eyes_Japan_Dataset/takiguchi/walk-28-look up-takiguchi.pkl,427
Eyes_Japan_Dataset/takiguchi/walk-28-look up-takiguchi.pkl,428
Eyes_Japan_Dataset/takiguchi/walk-28-look up-takiguchi.pkl,429
Eyes_Japan_Dataset/takiguchi/walk-28-look up-takiguchi.pkl,430
Eyes_Japan_Dataset/takiguchi/walk-28-look up-takiguchi.pkl,431
Eyes_Japan_Dataset/takiguchi/walk-28-look up-takiguchi.pkl,432
Eyes_Japan_Dataset/takiguchi/walk-28-look up-takiguchi.pkl,433
Eyes_Japan_Dataset/takiguchi/walk-28-look up-takiguchi.pkl,434
Eyes_Japan_Dataset/takiguchi/walk-28-look up-takiguchi.pkl,435
Eyes_Japan_Dataset/takiguchi/walk-28-look up-takiguchi.pkl,436
Eyes_Japan_Dataset/takiguchi/walk-28-look up-takiguchi.pkl,437
Eyes_Japan_Dataset/takiguchi/walk-28-look up-takiguchi.pkl,438
Eyes_Japan_Dataset/takiguchi/walk-28-look up-takiguchi.pkl,439
Eyes_Japan_Dataset/takiguchi/walk-28-look up-takiguchi.pkl,440
Eyes_Japan_Dataset/takiguchi/walk-28-look up-takiguchi.pkl,441
Eyes_Japan_Dataset/takiguchi/walk-28-look up-takiguchi.pkl,442
Eyes_Japan_Dataset/takiguchi/walk-28-look up-takiguchi.pkl,443
Eyes_Japan_Dataset/takiguchi/walk-28-look up-takiguchi.pkl,444
Eyes_Japan_Dataset/takiguchi/walk-28-look up-takiguchi.pkl,445
Eyes_Japan_Dataset/takiguchi/walk-28-look up-takiguchi.pkl,446
Eyes_Japan_Dataset/takiguchi/walk-28-look up-takiguchi.pkl,447
Eyes_Japan_Dataset/takiguchi/walk-28-look up-takiguchi.pkl,500
Eyes_Japan_Dataset/takiguchi/walk-28-look up-takiguchi.pkl,501
Eyes_Japan_Dataset/takiguchi/walk-28-look up-takiguchi.pkl,502
Eyes_Japan_Dataset/takiguchi/walk-28-look up-takiguchi.pkl,503
Eyes_Japan_Dataset/takiguchi/walk-28-look up-takiguchi.pkl,504
Eyes_Japan_Dataset/takiguchi/walk-28-look up-takiguchi.pkl,505
Eyes_Japan_Dataset/takiguchi/walk-28-look up-takiguchi.pkl,506
Eyes_Japan_Dataset/takiguchi/walk-28-look up-takiguchi.pkl,507
Eyes_Japan_Dataset/takiguchi/walk-28-look up-takiguchi.pkl,508
Eyes_Japan_Dataset/takiguchi/walk-28-look up-takiguchi.pkl,509
Eyes_Japan_Dataset/takiguchi/walk-28-look up-takiguchi.pkl,510
Eyes_Japan_Dataset/takiguchi/walk-28-look up-takiguchi.pkl,511
Eyes_Japan_Dataset/takiguchi/walk-28-look up-takiguchi.pkl,512
Eyes_Japan_Dataset/takiguchi/walk-28-look up-takiguchi.pkl,513
Eyes_Japan_Dataset/takiguchi/walk-28-look up-takiguchi.pkl,514
Eyes_Japan_Dataset/takiguchi/walk-28-look up-takiguchi.pkl,515
Eyes_Japan_Dataset/takiguchi/walk-28-look up-takiguchi.pkl,516
Eyes_Japan_Dataset/takiguchi/walk-28-look up-takiguchi.pkl,517
Eyes_Japan_Dataset/takiguchi/walk-28-look up-takiguchi.pkl,518
Eyes_Japan_Dataset/takiguchi/walk-28-look up-takiguchi.pkl,519
Eyes_Japan_Dataset/takiguchi/walk-28-look up-takiguchi.pkl,520
Eyes_Japan_Dataset/takiguchi/walk-28-look up-takiguchi.pkl,521
Eyes_Japan_Dataset/takiguchi/walk-28-look up-takiguchi.pkl,522
Eyes_Japan_Dataset/takiguchi/walk-28-look up-takiguchi.pkl,523
Eyes_Japan_Dataset/takiguchi/walk-28-look up-takiguchi.pkl,524
Eyes_Japan_Dataset/takiguchi/walk-28-look up-takiguchi.pkl,525
Eyes_Japan_Dataset/takiguchi/walk-28-look up-takiguchi.pkl,526
Eyes_Japan_Dataset/takiguchi/walk-28-look up-takiguchi.pkl,527
Eyes_Japan_Dataset/takiguchi/walk-28-look up-takiguchi.pkl,528
Eyes_Japan_Dataset/takiguchi/walk-28-look up-takiguchi.pkl,529
Eyes_Japan_Dataset/takiguchi/walk-28-look up-takiguchi.pkl,530
Eyes_Japan_Dataset/takiguchi/walk-28-look up-takiguchi.pkl,531
Eyes_Japan_Dataset/takiguchi/walk-28-look up-takiguchi.pkl,532
Eyes_Japan_Dataset/takiguchi/walk-28-look up-takiguchi.pkl,533
Eyes_Japan_Dataset/takiguchi/walk-28-look up-takiguchi.pkl,534
Eyes_Japan_Dataset/takiguchi/walk-28-look up-takiguchi.pkl,535
Eyes_Japan_Dataset/takiguchi/walk-28-look up-takiguchi.pkl,536
Eyes_Japan_Dataset/takiguchi/walk-28-look up-takiguchi.pkl,537
Eyes_Japan_Dataset/takiguchi/walk-28-look up-takiguchi.pkl,538
Eyes_Japan_Dataset/takiguchi/walk-28-look up-takiguchi.pkl,539
Eyes_Japan_Dataset/takiguchi/walk-28-look up-takiguchi.pkl,540
Eyes_Japan_Dataset/takiguchi/walk-28-look up-takiguchi.pkl,541
Eyes_Japan_Dataset/takiguchi/walk-28-look up-takiguchi.pkl,542
Eyes_Japan_Dataset/takiguchi/walk-28-look up-takiguchi.pkl,543
Eyes_Japan_Dataset/takiguchi/walk-28-look up-takiguchi.pkl,544
Eyes_Japan_Dataset/takiguchi/walk-28-look up-takiguchi.pkl,545
Eyes_Japan_Dataset/takiguchi/walk-28-look up-takiguchi.pkl,546
Eyes_Japan_Dataset/takiguchi/walk-28-look up-takiguchi.pkl,547
Eyes_Japan_Dataset/takiguchi/walk-28-look up-takiguchi.pkl,548
Eyes_Japan_Dataset/takiguchi/walk-28-look up-takiguchi.pkl,549
Eyes_Japan_Dataset/takiguchi/walk-28-look up-takiguchi.pkl,550
Eyes_Japan_Dataset/takiguchi/walk-28-look up-takiguchi.pkl,551
Eyes_Japan_Dataset/takiguchi/walk-28-look up-takiguchi.pkl,552
Eyes_Japan_Dataset/takiguchi/walk-28-look up-takiguchi.pkl,553
Eyes_Japan_Dataset/takiguchi/walk-28-look up-takiguchi.pkl,554
Eyes_Japan_Dataset/takiguchi/walk-28-look up-takiguchi.pkl,555
Eyes_Japan_Dataset/takiguchi/walk-29-look down-takiguchi.pkl,144
Eyes_Japan_Dataset/takiguchi/walk-29-look down-takiguchi.pkl,145
Eyes_Japan_Dataset/takiguchi/walk-29-look down-takiguchi.pkl,146
Eyes_Japan_Dataset/takiguchi/walk-29-look down-takiguchi.pkl,147
Eyes_Japan_Dataset/takiguchi/walk-29-look down-takiguchi.pkl,148
Eyes_Japan_Dataset/takiguchi/walk-29-look down-takiguchi.pkl,149
Eyes_Japan_Dataset/takiguchi/walk-29-look down-takiguchi.pkl,150
Eyes_Japan_Dataset/takiguchi/walk-29-look down-takiguchi.pkl,151
Eyes_Japan_Dataset/takiguchi/walk-29-look down-takiguchi.pkl,152
Eyes_Japan_Dataset/takiguchi/walk-29-look down-takiguchi.pkl,153
Eyes_Japan_Dataset/takiguchi/walk-29-look down-takiguchi.pkl,154
Eyes_Japan_Dataset/takiguchi/walk-29-look down-takiguchi.pkl,155
Eyes_Japan_Dataset/takiguchi/walk-29-look down-takiguchi.pkl,156
Eyes_Japan_Dataset/takiguchi/walk-29-look down-takiguchi.pkl,157
Eyes_Japan_Dataset/takiguchi/walk-29-look down-takiguchi.pkl,158
Eyes_Japan_Dataset/takiguchi/walk-29-look down-takiguchi.pkl,159
Eyes_Japan_Dataset/takiguchi/walk-29-look down-takiguchi.pkl,160
Eyes_Japan_Dataset/takiguchi/walk-29-look down-takiguchi.pkl,161
Eyes_Japan_Dataset/takiguchi/walk-29-look down-takiguchi.pkl,162
Eyes_Japan_Dataset/takiguchi/walk-29-look down-takiguchi.pkl,163
Eyes_Japan_Dataset/takiguchi/walk-29-look down-takiguchi.pkl,164
Eyes_Japan_Dataset/takiguchi/walk-29-look down-takiguchi.pkl,165
Eyes_Japan_Dataset/takiguchi/walk-29-look down-takiguchi.pkl,166
Eyes_Japan_Dataset/takiguchi/walk-29-look down-takiguchi.pkl,167
Eyes_Japan_Dataset/takiguchi/walk-29-look down-takiguchi.pkl,168
Eyes_Japan_Dataset/takiguchi/walk-29-look down-takiguchi.pkl,169
Eyes_Japan_Dataset/takiguchi/walk-29-look down-takiguchi.pkl,170
Eyes_Japan_Dataset/takiguchi/walk-29-look down-takiguchi.pkl,171
Eyes_Japan_Dataset/takiguchi/walk-29-look down-takiguchi.pkl,172
Eyes_Japan_Dataset/takiguchi/walk-29-look down-takiguchi.pkl,173
Eyes_Japan_Dataset/takiguchi/walk-29-look down-takiguchi.pkl,174
Eyes_Japan_Dataset/takiguchi/walk-29-look down-takiguchi.pkl,175
Eyes_Japan_Dataset/takiguchi/walk-29-look down-takiguchi.pkl,176
Eyes_Japan_Dataset/takiguchi/walk-29-look down-takiguchi.pkl,177
Eyes_Japan_Dataset/takiguchi/walk-29-look down-takiguchi.pkl,178
Eyes_Japan_Dataset/takiguchi/walk-29-look down-takiguchi.pkl,179
Eyes_Japan_Dataset/takiguchi/walk-29-look down-takiguchi.pkl,180
Eyes_Japan_Dataset/takiguchi/walk-29-look down-takiguchi.pkl,181
Eyes_Japan_Dataset/takiguchi/walk-29-look down-takiguchi.pkl,182
Eyes_Japan_Dataset/takiguchi/walk-29-look down-takiguchi.pkl,183
Eyes_Japan_Dataset/takiguchi/walk-29-look down-takiguchi.pkl,184
Eyes_Japan_Dataset/takiguchi/walk-29-look down-takiguchi.pkl,185
Eyes_Japan_Dataset/takiguchi/walk-29-look down-takiguchi.pkl,186
Eyes_Japan_Dataset/takiguchi/walk-29-look down-takiguchi.pkl,187
Eyes_Japan_Dataset/takiguchi/walk-29-look down-takiguchi.pkl,188
Eyes_Japan_Dataset/takiguchi/walk-29-look down-takiguchi.pkl,189
Eyes_Japan_Dataset/takiguchi/walk-29-look down-takiguchi.pkl,190
Eyes_Japan_Dataset/takiguchi/walk-29-look down-takiguchi.pkl,191
Eyes_Japan_Dataset/takiguchi/walk-29-look down-takiguchi.pkl,192
Eyes_Japan_Dataset/takiguchi/walk-29-look down-takiguchi.pkl,237
Eyes_Japan_Dataset/takiguchi/walk-29-look down-takiguchi.pkl,238
Eyes_Japan_Dataset/takiguchi/walk-29-look down-takiguchi.pkl,239
Eyes_Japan_Dataset/takiguchi/walk-29-look down-takiguchi.pkl,240
Eyes_Japan_Dataset/takiguchi/walk-29-look down-takiguchi.pkl,241
Eyes_Japan_Dataset/takiguchi/walk-29-look down-takiguchi.pkl,242
Eyes_Japan_Dataset/takiguchi/walk-29-look down-takiguchi.pkl,243
Eyes_Japan_Dataset/takiguchi/walk-29-look down-takiguchi.pkl,244
Eyes_Japan_Dataset/takiguchi/walk-29-look down-takiguchi.pkl,245
Eyes_Japan_Dataset/takiguchi/walk-29-look down-takiguchi.pkl,246
Eyes_Japan_Dataset/takiguchi/walk-29-look down-takiguchi.pkl,247
Eyes_Japan_Dataset/takiguchi/walk-29-look down-takiguchi.pkl,248
Eyes_Japan_Dataset/takiguchi/walk-29-look down-takiguchi.pkl,249
Eyes_Japan_Dataset/takiguchi/walk-29-look down-takiguchi.pkl,250
Eyes_Japan_Dataset/takiguchi/walk-29-look down-takiguchi.pkl,251
Eyes_Japan_Dataset/takiguchi/walk-29-look down-takiguchi.pkl,252
Eyes_Japan_Dataset/takiguchi/walk-29-look down-takiguchi.pkl,253
Eyes_Japan_Dataset/takiguchi/walk-29-look down-takiguchi.pkl,254
Eyes_Japan_Dataset/takiguchi/walk-29-look down-takiguchi.pkl,255
Eyes_Japan_Dataset/takiguchi/walk-29-look down-takiguchi.pkl,256
Eyes_Japan_Dataset/takiguchi/walk-29-look down-takiguchi.pkl,257
Eyes_Japan_Dataset/takiguchi/walk-29-look down-takiguchi.pkl,258
Eyes_Japan_Dataset/takiguchi/walk-29-look down-takiguchi.pkl,259
Eyes_Japan_Dataset/takiguchi/walk-29-look down-takiguchi.pkl,260
Eyes_Japan_Dataset/takiguchi/walk-29-look down-takiguchi.pkl,261
Eyes_Japan_Dataset/takiguchi/walk-29-look down-takiguchi.pkl,262
Eyes_Japan_Dataset/takiguchi/walk-29-look down-takiguchi.pkl,263
Eyes_Japan_Dataset/takiguchi/walk-29-look down-takiguchi.pkl,264
Eyes_Japan_Dataset/takiguchi/walk-29-look down-takiguchi.pkl,265
Eyes_Japan_Dataset/takiguchi/walk-29-look down-takiguchi.pkl,266
Eyes_Japan_Dataset/takiguchi/walk-29-look down-takiguchi.pkl,267
Eyes_Japan_Dataset/takiguchi/walk-29-look down-takiguchi.pkl,268
Eyes_Japan_Dataset/takiguchi/walk-29-look down-takiguchi.pkl,269
Eyes_Japan_Dataset/takiguchi/walk-29-look down-takiguchi.pkl,270
Eyes_Japan_Dataset/takiguchi/walk-29-look down-takiguchi.pkl,271
Eyes_Japan_Dataset/takiguchi/walk-29-look down-takiguchi.pkl,272
Eyes_Japan_Dataset/takiguchi/walk-29-look down-takiguchi.pkl,273
Eyes_Japan_Dataset/takiguchi/walk-29-look down-takiguchi.pkl,274
Eyes_Japan_Dataset/takiguchi/walk-29-look down-takiguchi.pkl,275
Eyes_Japan_Dataset/takiguchi/walk-29-look down-takiguchi.pkl,276
Eyes_Japan_Dataset/takiguchi/walk-29-look down-takiguchi.pkl,277
Eyes_Japan_Dataset/takiguchi/walk-29-look down-takiguchi.pkl,278
Eyes_Japan_Dataset/takiguchi/walk-29-look down-takiguchi.pkl,279
Eyes_Japan_Dataset/takiguchi/walk-29-look down-takiguchi.pkl,280
Eyes_Japan_Dataset/takiguchi/walk-29-look down-takiguchi.pkl,281
Eyes_Japan_Dataset/takiguchi/walk-29-look down-takiguchi.pkl,282
Eyes_Japan_Dataset/takiguchi/walk-29-look down-takiguchi.pkl,283
Eyes_Japan_Dataset/takiguchi/walk-29-look down-takiguchi.pkl,284
Eyes_Japan_Dataset/takiguchi/walk-29-look down-takiguchi.pkl,285
Eyes_Japan_Dataset/takiguchi/walk-29-look down-takiguchi.pkl,286
Eyes_Japan_Dataset/takiguchi/walk-29-look down-takiguchi.pkl,287
Eyes_Japan_Dataset/takiguchi/walk-29-look down-takiguchi.pkl,288
Eyes_Japan_Dataset/takiguchi/walk-29-look down-takiguchi.pkl,289
Eyes_Japan_Dataset/takiguchi/walk-29-look down-takiguchi.pkl,290
Eyes_Japan_Dataset/takiguchi/walk-29-look down-takiguchi.pkl,291
Eyes_Japan_Dataset/takiguchi/walk-29-look down-takiguchi.pkl,292
Eyes_Japan_Dataset/takiguchi/walk-29-look down-takiguchi.pkl,344
Eyes_Japan_Dataset/takiguchi/walk-29-look down-takiguchi.pkl,345
Eyes_Japan_Dataset/takiguchi/walk-29-look down-takiguchi.pkl,346
Eyes_Japan_Dataset/takiguchi/walk-29-look down-takiguchi.pkl,347
Eyes_Japan_Dataset/takiguchi/walk-29-look down-takiguchi.pkl,348
Eyes_Japan_Dataset/takiguchi/walk-29-look down-takiguchi.pkl,349
Eyes_Japan_Dataset/takiguchi/walk-29-look down-takiguchi.pkl,350
Eyes_Japan_Dataset/takiguchi/walk-29-look down-takiguchi.pkl,351
Eyes_Japan_Dataset/takiguchi/walk-29-look down-takiguchi.pkl,352
Eyes_Japan_Dataset/takiguchi/walk-29-look down-takiguchi.pkl,353
Eyes_Japan_Dataset/takiguchi/walk-29-look down-takiguchi.pkl,354
Eyes_Japan_Dataset/takiguchi/walk-29-look down-takiguchi.pkl,355
Eyes_Japan_Dataset/takiguchi/walk-29-look down-takiguchi.pkl,356
Eyes_Japan_Dataset/takiguchi/walk-29-look down-takiguchi.pkl,357
Eyes_Japan_Dataset/takiguchi/walk-29-look down-takiguchi.pkl,358
Eyes_Japan_Dataset/takiguchi/walk-29-look down-takiguchi.pkl,359
Eyes_Japan_Dataset/takiguchi/walk-29-look down-takiguchi.pkl,360
Eyes_Japan_Dataset/takiguchi/walk-29-look down-takiguchi.pkl,361
Eyes_Japan_Dataset/takiguchi/walk-29-look down-takiguchi.pkl,362
Eyes_Japan_Dataset/takiguchi/walk-29-look down-takiguchi.pkl,363
Eyes_Japan_Dataset/takiguchi/walk-29-look down-takiguchi.pkl,364
Eyes_Japan_Dataset/takiguchi/walk-29-look down-takiguchi.pkl,365
Eyes_Japan_Dataset/takiguchi/walk-29-look down-takiguchi.pkl,366
Eyes_Japan_Dataset/takiguchi/walk-29-look down-takiguchi.pkl,367
Eyes_Japan_Dataset/takiguchi/walk-29-look down-takiguchi.pkl,368
Eyes_Japan_Dataset/takiguchi/walk-29-look down-takiguchi.pkl,369
Eyes_Japan_Dataset/takiguchi/walk-29-look down-takiguchi.pkl,370
Eyes_Japan_Dataset/takiguchi/walk-29-look down-takiguchi.pkl,371
Eyes_Japan_Dataset/takiguchi/walk-29-look down-takiguchi.pkl,372
Eyes_Japan_Dataset/takiguchi/walk-29-look down-takiguchi.pkl,373
Eyes_Japan_Dataset/takiguchi/walk-29-look down-takiguchi.pkl,374
Eyes_Japan_Dataset/takiguchi/walk-29-look down-takiguchi.pkl,375
Eyes_Japan_Dataset/takiguchi/walk-29-look down-takiguchi.pkl,376
Eyes_Japan_Dataset/takiguchi/walk-29-look down-takiguchi.pkl,377
Eyes_Japan_Dataset/takiguchi/walk-29-look down-takiguchi.pkl,378
Eyes_Japan_Dataset/takiguchi/walk-29-look down-takiguchi.pkl,379
Eyes_Japan_Dataset/takiguchi/walk-29-look down-takiguchi.pkl,380
Eyes_Japan_Dataset/takiguchi/walk-29-look down-takiguchi.pkl,381
Eyes_Japan_Dataset/takiguchi/walk-29-look down-takiguchi.pkl,382
Eyes_Japan_Dataset/takiguchi/walk-29-look down-takiguchi.pkl,383
Eyes_Japan_Dataset/takiguchi/walk-29-look down-takiguchi.pkl,384
Eyes_Japan_Dataset/takiguchi/walk-29-look down-takiguchi.pkl,385
Eyes_Japan_Dataset/takiguchi/walk-29-look down-takiguchi.pkl,386
Eyes_Japan_Dataset/takiguchi/walk-29-look down-takiguchi.pkl,387
Eyes_Japan_Dataset/takiguchi/walk-29-look down-takiguchi.pkl,388
Eyes_Japan_Dataset/takiguchi/walk-29-look down-takiguchi.pkl,389
Eyes_Japan_Dataset/takiguchi/walk-29-look down-takiguchi.pkl,390
Eyes_Japan_Dataset/takiguchi/walk-29-look down-takiguchi.pkl,391
Eyes_Japan_Dataset/takiguchi/walk-29-look down-takiguchi.pkl,392
Eyes_Japan_Dataset/takiguchi/walk-29-look down-takiguchi.pkl,393
Eyes_Japan_Dataset/takiguchi/walk-29-look down-takiguchi.pkl,446
Eyes_Japan_Dataset/takiguchi/walk-29-look down-takiguchi.pkl,447
Eyes_Japan_Dataset/takiguchi/walk-29-look down-takiguchi.pkl,448
Eyes_Japan_Dataset/takiguchi/walk-29-look down-takiguchi.pkl,449
Eyes_Japan_Dataset/takiguchi/walk-29-look down-takiguchi.pkl,450
Eyes_Japan_Dataset/takiguchi/walk-29-look down-takiguchi.pkl,451
Eyes_Japan_Dataset/takiguchi/walk-29-look down-takiguchi.pkl,452
Eyes_Japan_Dataset/takiguchi/walk-29-look down-takiguchi.pkl,453
Eyes_Japan_Dataset/takiguchi/walk-29-look down-takiguchi.pkl,454
Eyes_Japan_Dataset/takiguchi/walk-29-look down-takiguchi.pkl,455
Eyes_Japan_Dataset/takiguchi/walk-29-look down-takiguchi.pkl,456
Eyes_Japan_Dataset/takiguchi/walk-29-look down-takiguchi.pkl,457
Eyes_Japan_Dataset/takiguchi/walk-29-look down-takiguchi.pkl,458
Eyes_Japan_Dataset/takiguchi/walk-29-look down-takiguchi.pkl,459
Eyes_Japan_Dataset/takiguchi/walk-29-look down-takiguchi.pkl,460
Eyes_Japan_Dataset/takiguchi/walk-29-look down-takiguchi.pkl,461
Eyes_Japan_Dataset/takiguchi/walk-29-look down-takiguchi.pkl,462
Eyes_Japan_Dataset/takiguchi/walk-29-look down-takiguchi.pkl,463
Eyes_Japan_Dataset/takiguchi/walk-29-look down-takiguchi.pkl,464
Eyes_Japan_Dataset/takiguchi/walk-29-look down-takiguchi.pkl,465
Eyes_Japan_Dataset/takiguchi/walk-29-look down-takiguchi.pkl,466
Eyes_Japan_Dataset/takiguchi/walk-29-look down-takiguchi.pkl,467
Eyes_Japan_Dataset/takiguchi/walk-29-look down-takiguchi.pkl,468
Eyes_Japan_Dataset/takiguchi/walk-29-look down-takiguchi.pkl,469
Eyes_Japan_Dataset/takiguchi/walk-29-look down-takiguchi.pkl,470
Eyes_Japan_Dataset/takiguchi/walk-29-look down-takiguchi.pkl,471
Eyes_Japan_Dataset/takiguchi/walk-29-look down-takiguchi.pkl,472
Eyes_Japan_Dataset/takiguchi/walk-29-look down-takiguchi.pkl,473
Eyes_Japan_Dataset/takiguchi/walk-29-look down-takiguchi.pkl,474
Eyes_Japan_Dataset/takiguchi/walk-29-look down-takiguchi.pkl,475
Eyes_Japan_Dataset/takiguchi/walk-29-look down-takiguchi.pkl,476
Eyes_Japan_Dataset/takiguchi/walk-29-look down-takiguchi.pkl,477
Eyes_Japan_Dataset/takiguchi/walk-29-look down-takiguchi.pkl,478
Eyes_Japan_Dataset/takiguchi/walk-29-look down-takiguchi.pkl,479
Eyes_Japan_Dataset/takiguchi/walk-29-look down-takiguchi.pkl,480
Eyes_Japan_Dataset/takiguchi/walk-29-look down-takiguchi.pkl,481
Eyes_Japan_Dataset/takiguchi/walk-29-look down-takiguchi.pkl,482
Eyes_Japan_Dataset/takiguchi/walk-29-look down-takiguchi.pkl,483
Eyes_Japan_Dataset/takiguchi/walk-29-look down-takiguchi.pkl,484
Eyes_Japan_Dataset/takiguchi/walk-29-look down-takiguchi.pkl,485
Eyes_Japan_Dataset/takiguchi/walk-29-look down-takiguchi.pkl,486
Eyes_Japan_Dataset/takiguchi/walk-29-look down-takiguchi.pkl,487
Eyes_Japan_Dataset/takiguchi/walk-29-look down-takiguchi.pkl,488
Eyes_Japan_Dataset/takiguchi/walk-29-look down-takiguchi.pkl,489
Eyes_Japan_Dataset/takiguchi/walk-29-look down-takiguchi.pkl,490
Eyes_Japan_Dataset/takiguchi/walk-29-look down-takiguchi.pkl,491
Eyes_Japan_Dataset/takiguchi/walk-29-look down-takiguchi.pkl,492
Eyes_Japan_Dataset/takiguchi/walk-29-look down-takiguchi.pkl,493
Eyes_Japan_Dataset/takiguchi/walk-29-look down-takiguchi.pkl,494
Eyes_Japan_Dataset/takiguchi/walk-29-look down-takiguchi.pkl,495
Eyes_Japan_Dataset/takiguchi/walk-29-look down-takiguchi.pkl,496
Eyes_Japan_Dataset/takiguchi/walk-29-look down-takiguchi.pkl,497
Eyes_Japan_Dataset/takiguchi/walk-29-look down-takiguchi.pkl,498
Eyes_Japan_Dataset/takiguchi/walk-29-look down-takiguchi.pkl,499
Eyes_Japan_Dataset/takiguchi/walk-29-look down-takiguchi.pkl,500
Eyes_Japan_Dataset/takiguchi/walk-29-look down-takiguchi.pkl,501
Eyes_Japan_Dataset/takiguchi/walk-29-look down-takiguchi.pkl,502
Eyes_Japan_Dataset/takiguchi/walk-29-look down-takiguchi.pkl,503
Eyes_Japan_Dataset/takiguchi/walk-29-look down-takiguchi.pkl,504
Eyes_Japan_Dataset/takiguchi/walk-29-look down-takiguchi.pkl,505
Eyes_Japan_Dataset/takiguchi/walk-29-look down-takiguchi.pkl,506
Eyes_Japan_Dataset/takiguchi/walk-29-look down-takiguchi.pkl,507
Eyes_Japan_Dataset/takiguchi/walk-29-look down-takiguchi.pkl,508
Eyes_Japan_Dataset/takiguchi/walk-29-look down-takiguchi.pkl,509
Eyes_Japan_Dataset/takiguchi/walk-29-look down-takiguchi.pkl,510
Eyes_Japan_Dataset/takiguchi/walk-29-look down-takiguchi.pkl,511
Eyes_Japan_Dataset/takiguchi/walk-29-look down-takiguchi.pkl,512
Eyes_Japan_Dataset/takiguchi/walk-29-look down-takiguchi.pkl,513
Eyes_Japan_Dataset/takiguchi/walk-29-look down-takiguchi.pkl,514
KIT/11/WalkingStraightForwards08.pkl,14
KIT/11/WalkingStraightForwards08.pkl,15
KIT/11/WalkingStraightForwards08.pkl,16
KIT/11/WalkingStraightForwards08.pkl,17
KIT/11/WalkingStraightForwards08.pkl,18
KIT/11/WalkingStraightForwards08.pkl,19
KIT/11/WalkingStraightForwards08.pkl,20
KIT/11/WalkingStraightForwards08.pkl,21
KIT/11/WalkingStraightForwards08.pkl,22
KIT/11/WalkingStraightForwards08.pkl,23
KIT/11/WalkingStraightForwards08.pkl,24
KIT/11/WalkingStraightForwards08.pkl,25
KIT/11/WalkingStraightForwards08.pkl,26
KIT/11/WalkingStraightForwards08.pkl,27
KIT/11/WalkingStraightForwards08.pkl,28
KIT/11/WalkingStraightForwards08.pkl,29
KIT/11/WalkingStraightForwards08.pkl,30
KIT/11/WalkingStraightForwards08.pkl,31
KIT/11/WalkingStraightForwards08.pkl,32
KIT/11/WalkingStraightForwards08.pkl,33
KIT/11/WalkingStraightForwards08.pkl,34
KIT/11/WalkingStraightForwards08.pkl,35
KIT/11/WalkingStraightForwards08.pkl,36
KIT/11/WalkingStraightForwards08.pkl,37
KIT/11/WalkingStraightForwards08.pkl,38
KIT/11/WalkingStraightForwards08.pkl,39
KIT/11/WalkingStraightForwards08.pkl,40
KIT/11/WalkingStraightForwards08.pkl,41
KIT/11/WalkingStraightForwards08.pkl,42
KIT/11/WalkingStraightForwards08.pkl,43
KIT/11/WalkingStraightForwards08.pkl,44
KIT/11/WalkingStraightForwards08.pkl,45
KIT/11/WalkingStraightForwards08.pkl,46
KIT/11/WalkingStraightForwards08.pkl,47
KIT/11/WalkingStraightForwards08.pkl,48
KIT/11/WalkingStraightForwards08.pkl,49
KIT/11/WalkingStraightForwards08.pkl,50
KIT/11/WalkingStraightForwards08.pkl,51
KIT/11/WalkingStraightForwards08.pkl,52
KIT/11/WalkingStraightForwards08.pkl,53
KIT/11/WalkingStraightForwards08.pkl,54
KIT/11/WalkingStraightForwards08.pkl,55
KIT/11/WalkingStraightForwards08.pkl,56
KIT/11/WalkingStraightForwards08.pkl,57
KIT/11/WalkingStraightForwards08.pkl,58
KIT/11/WalkingStraightForwards08.pkl,59
KIT/11/WalkingStraightForwards08.pkl,60
KIT/11/WalkingStraightForwards08.pkl,61
KIT/11/WalkingStraightForwards08.pkl,62
KIT/11/WalkingStraightForwards08.pkl,63
KIT/11/WalkingStraightForwards08.pkl,64
KIT/11/WalkingStraightForwards08.pkl,65
KIT/11/WalkingStraightForwards08.pkl,66
KIT/11/WalkingStraightForwards08.pkl,67
KIT/11/WalkingStraightForwards08.pkl,68
KIT/11/WalkingStraightForwards08.pkl,69
KIT/11/WalkingStraightForwards08.pkl,70
KIT/11/WalkingStraightForwards08.pkl,71
KIT/11/WalkingStraightForwards08.pkl,72
KIT/11/WalkingStraightForwards08.pkl,73
KIT/11/WalkingStraightForwards08.pkl,74
KIT/11/WalkingStraightForwards08.pkl,75
KIT/11/WalkingStraightForwards08.pkl,76
KIT/11/WalkingStraightForwards08.pkl,77
KIT/11/WalkingStraightForwards08.pkl,78
KIT/11/WalkingStraightForwards08.pkl,79
KIT/11/WalkingStraightForwards08.pkl,80
KIT/11/WalkingStraightForwards08.pkl,81
KIT/11/WalkingStraightForwards08.pkl,82
KIT/11/WalkingStraightForwards08.pkl,83
KIT/12/RightTurn02.pkl,35
KIT/12/RightTurn02.pkl,36
KIT/12/RightTurn02.pkl,37
KIT/12/RightTurn02.pkl,38
KIT/12/RightTurn02.pkl,39
KIT/12/RightTurn02.pkl,40
KIT/12/RightTurn02.pkl,41
KIT/12/RightTurn02.pkl,42
KIT/12/RightTurn02.pkl,43
KIT/12/RightTurn02.pkl,44
KIT/12/RightTurn02.pkl,45
KIT/12/RightTurn02.pkl,46
KIT/12/RightTurn02.pkl,47
KIT/12/RightTurn02.pkl,48
KIT/12/RightTurn02.pkl,49
KIT/12/RightTurn02.pkl,50
KIT/12/RightTurn02.pkl,51
KIT/12/RightTurn02.pkl,52
KIT/12/RightTurn02.pkl,53
KIT/12/RightTurn02.pkl,54
KIT/12/RightTurn02.pkl,55
KIT/12/RightTurn02.pkl,56
KIT/12/RightTurn02.pkl,57
KIT/12/RightTurn02.pkl,58
KIT/12/RightTurn02.pkl,59
KIT/12/RightTurn02.pkl,60
KIT/12/RightTurn02.pkl,61
KIT/12/RightTurn02.pkl,62
KIT/12/RightTurn02.pkl,63
KIT/12/RightTurn02.pkl,64
KIT/12/RightTurn02.pkl,65
KIT/12/RightTurn02.pkl,66
KIT/12/RightTurn02.pkl,67
KIT/12/RightTurn02.pkl,68
KIT/12/RightTurn02.pkl,69
KIT/12/RightTurn02.pkl,70
KIT/12/RightTurn02.pkl,71
KIT/12/RightTurn02.pkl,72
KIT/12/RightTurn02.pkl,73
KIT/12/RightTurn02.pkl,74
KIT/12/RightTurn02.pkl,75
KIT/12/RightTurn02.pkl,76
KIT/12/RightTurn02.pkl,77
KIT/12/RightTurn02.pkl,78
KIT/12/RightTurn02.pkl,79
KIT/12/RightTurn02.pkl,80
KIT/12/RightTurn02.pkl,81
KIT/12/RightTurn02.pkl,82
KIT/12/RightTurn02.pkl,83
KIT/12/RightTurn02.pkl,84
KIT/12/RightTurn02.pkl,161
KIT/12/RightTurn02.pkl,162
KIT/12/RightTurn02.pkl,163
KIT/12/RightTurn02.pkl,164
KIT/12/RightTurn02.pkl,165
KIT/1297/wipe05.pkl,37
KIT/1297/wipe05.pkl,38
KIT/1297/wipe05.pkl,39
KIT/1297/wipe05.pkl,40
KIT/1297/wipe05.pkl,41
KIT/1297/wipe05.pkl,42
KIT/1297/wipe05.pkl,43
KIT/1297/wipe05.pkl,44
KIT/1297/wipe05.pkl,45
KIT/1297/wipe05.pkl,46
KIT/1297/wipe05.pkl,47
KIT/1297/wipe05.pkl,48
KIT/1346/Experiment3_subject1346_wash_leg_position_smallcircles_02.pkl,546
KIT/1346/Experiment3_subject1346_wash_leg_position_smallcircles_02.pkl,547
KIT/1346/Experiment3_subject1346_wash_leg_position_smallcircles_02.pkl,548
KIT/1346/Experiment3_subject1346_wash_leg_position_smallcircles_02.pkl,549
KIT/1346/Experiment3_subject1346_wash_leg_position_smallcircles_02.pkl,550
KIT/1346/Experiment3_subject1346_wash_leg_position_smallcircles_02.pkl,551
KIT/1346/Experiment3_subject1346_wash_leg_position_smallcircles_02.pkl,552
KIT/1346/Experiment3_subject1346_wash_leg_position_smallcircles_02.pkl,553
KIT/1346/Experiment3_subject1346_wash_leg_position_smallcircles_02.pkl,554
KIT/1346/Experiment3_subject1346_wash_leg_position_smallcircles_02.pkl,555
KIT/1346/Experiment3_subject1346_wash_leg_position_smallcircles_02.pkl,556
KIT/1346/Experiment3_subject1346_wash_leg_position_smallcircles_02.pkl,557
KIT/1346/Experiment3_subject1346_wash_leg_position_smallcircles_02.pkl,558
KIT/1346/Experiment3_subject1346_wash_leg_position_smallcircles_02.pkl,559
KIT/1346/Experiment3_subject1346_wash_leg_position_smallcircles_02.pkl,560
KIT/1346/Experiment3_subject1346_wash_leg_position_smallcircles_02.pkl,561
KIT/1346/Experiment3_subject1346_wash_leg_position_smallcircles_02.pkl,562
KIT/1346/Experiment3_subject1346_wash_leg_position_vertical_02.pkl,76
KIT/1346/Experiment3_subject1346_wash_leg_position_vertical_02.pkl,77
KIT/1346/Experiment3_subject1346_wash_leg_position_vertical_02.pkl,78
KIT/1346/Experiment3_subject1346_wash_leg_position_vertical_02.pkl,79
KIT/1346/Experiment3_subject1346_wash_leg_position_vertical_02.pkl,80
KIT/1346/Experiment3_subject1346_wash_leg_position_vertical_02.pkl,81
KIT/1346/Experiment3_subject1346_wash_leg_position_vertical_02.pkl,82
KIT/1346/Experiment3_subject1346_wash_leg_position_vertical_02.pkl,83
KIT/1346/Experiment3_subject1346_wash_leg_position_vertical_02.pkl,84
KIT/1346/Experiment3_subject1346_wash_leg_position_vertical_02.pkl,85
KIT/1346/Experiment3_subject1346_wash_leg_position_vertical_02.pkl,86
KIT/1346/Experiment3_subject1346_wash_leg_position_vertical_02.pkl,87
KIT/1346/Experiment3_subject1346_wash_leg_position_vertical_02.pkl,88
KIT/1346/Experiment3_subject1346_wash_leg_position_vertical_02.pkl,89
KIT/1346/Experiment3_subject1346_wash_leg_position_vertical_02.pkl,90
KIT/1346/Experiment3_subject1346_wash_leg_position_vertical_02.pkl,91
KIT/1346/Experiment3_subject1346_wash_leg_position_vertical_02.pkl,92
KIT/1347/Experiment3_subject1347_wash_leg_position_smallcircles_01.pkl,103
KIT/1347/Experiment3_subject1347_wash_leg_position_smallcircles_01.pkl,104
KIT/1347/Experiment3_subject1347_wash_leg_position_smallcircles_01.pkl,105
KIT/1347/Experiment3_subject1347_wash_leg_position_smallcircles_01.pkl,106
KIT/1347/Experiment3_subject1347_wash_leg_position_smallcircles_01.pkl,107
KIT/1347/Experiment3_subject1347_wash_leg_position_smallcircles_01.pkl,108
KIT/1347/Experiment3_subject1347_wash_leg_position_smallcircles_01.pkl,109
KIT/1347/Experiment3_subject1347_wash_leg_position_smallcircles_01.pkl,110
KIT/1347/Experiment3_subject1347_wash_leg_position_smallcircles_01.pkl,111
KIT/1347/Experiment3_subject1347_wash_leg_position_smallcircles_01.pkl,112
KIT/1347/Experiment3_subject1347_wash_leg_position_smallcircles_01.pkl,113
KIT/1347/Experiment3_subject1347_wash_leg_position_smallcircles_01.pkl,114
KIT/1347/Experiment3_subject1347_wash_leg_position_smallcircles_01.pkl,115
KIT/1347/Experiment3_subject1347_wash_leg_position_smallcircles_01.pkl,116
KIT/1347/Experiment3_subject1347_wash_leg_position_smallcircles_01.pkl,117
KIT/1347/Experiment3_subject1347_wash_leg_position_smallcircles_01.pkl,118
KIT/1347/Experiment3_subject1347_wash_leg_position_smallcircles_01.pkl,119
KIT/1347/Experiment3_subject1347_wash_leg_position_smallcircles_01.pkl,120
KIT/1347/Experiment3_subject1347_wash_leg_position_smallcircles_01.pkl,121
KIT/1347/Experiment3_subject1347_wash_leg_position_smallcircles_01.pkl,122
KIT/1347/Experiment3_subject1347_wash_leg_position_smallcircles_01.pkl,123
KIT/1347/Experiment3a_subject1347_back_01.pkl,104
KIT/1347/Experiment3a_subject1347_back_01.pkl,105
KIT/1347/Experiment3a_subject1347_back_01.pkl,106
KIT/1347/Experiment3a_subject1347_back_01.pkl,107
KIT/1347/Experiment3a_subject1347_back_01.pkl,108
KIT/1347/Experiment3a_subject1347_back_01.pkl,109
KIT/1347/Experiment3a_subject1347_back_01.pkl,110
KIT/1347/Experiment3a_subject1347_back_01.pkl,111
KIT/1347/Experiment3a_subject1347_back_01.pkl,112
KIT/1347/Experiment3a_subject1347_back_01.pkl,113
KIT/1347/Experiment3a_subject1347_back_01.pkl,114
KIT/1347/Experiment3a_subject1347_back_01.pkl,115
KIT/1347/Experiment3a_subject1347_back_01.pkl,116
KIT/1347/Experiment3a_subject1347_back_01.pkl,117
KIT/1347/Experiment3a_subject1347_back_01.pkl,118
KIT/1347/Experiment3a_subject1347_back_01.pkl,119
KIT/1347/Experiment3a_subject1347_back_01.pkl,120
KIT/1347/Experiment3a_subject1347_back_01.pkl,121
KIT/1347/Experiment3a_subject1347_back_01.pkl,122
KIT/1347/Experiment3a_subject1347_back_01.pkl,123
KIT/1347/Experiment3a_subject1347_back_01.pkl,124
KIT/1347/Experiment3a_subject1347_back_01.pkl,125
KIT/1347/Experiment3a_subject1347_back_01.pkl,126
KIT/1347/Experiment3a_subject1347_back_01.pkl,127
KIT/1347/Experiment3a_subject1347_back_01.pkl,128
KIT/167/turn_right01.pkl,29
KIT/167/turn_right01.pkl,30
KIT/167/turn_right01.pkl,31
KIT/167/turn_right01.pkl,32
KIT/167/turn_right01.pkl,33
KIT/167/turn_right01.pkl,34
KIT/167/turn_right01.pkl,35
KIT/167/turn_right01.pkl,36
KIT/167/turn_right01.pkl,37
KIT/167/turn_right01.pkl,38
KIT/167/turn_right01.pkl,39
KIT/167/turn_right01.pkl,40
KIT/167/turn_right01.pkl,41
KIT/167/turn_right01.pkl,42
KIT/167/turn_right01.pkl,43
KIT/167/turn_right01.pkl,44
KIT/167/turn_right01.pkl,89
KIT/167/turn_right01.pkl,90
KIT/167/turn_right01.pkl,91
KIT/167/turn_right01.pkl,92
KIT/167/turn_right01.pkl,93
KIT/167/turn_right01.pkl,94
KIT/167/turn_right01.pkl,95
KIT/167/turn_right01.pkl,96
KIT/167/turn_right01.pkl,97
KIT/167/turn_right01.pkl,98
KIT/167/turn_right01.pkl,99
KIT/167/turn_right01.pkl,100
KIT/167/turn_right01.pkl,101
KIT/167/turn_right01.pkl,102
KIT/167/turn_right01.pkl,103
KIT/167/turn_right01.pkl,104
KIT/167/turn_right01.pkl,105
KIT/167/turn_right01.pkl,106
KIT/167/turn_right01.pkl,107
KIT/167/turn_right01.pkl,108
KIT/167/turn_right04.pkl,87
KIT/167/turn_right04.pkl,88
KIT/167/turn_right04.pkl,89
KIT/167/turn_right04.pkl,90
KIT/167/turn_right04.pkl,91
KIT/167/turn_right04.pkl,92
KIT/167/turn_right04.pkl,93
KIT/167/turn_right04.pkl,94
KIT/167/turn_right05.pkl,27
KIT/167/turn_right05.pkl,28
KIT/167/turn_right05.pkl,29
KIT/167/turn_right05.pkl,30
KIT/167/turn_right05.pkl,31
KIT/167/turn_right05.pkl,32
KIT/167/turn_right05.pkl,33
KIT/167/turn_right05.pkl,34
KIT/167/turn_right05.pkl,35
KIT/167/turn_right05.pkl,36
KIT/167/turn_right05.pkl,37
KIT/167/turn_right05.pkl,38
KIT/167/turn_right05.pkl,39
KIT/183/turn_left01.pkl,8
KIT/183/turn_left01.pkl,9
KIT/183/turn_left01.pkl,10
KIT/183/turn_left01.pkl,11
KIT/183/turn_left01.pkl,12
KIT/183/turn_left01.pkl,13
KIT/183/turn_left01.pkl,14
KIT/183/turn_left01.pkl,15
KIT/183/turn_left01.pkl,16
KIT/183/turn_left01.pkl,17
KIT/183/turn_left01.pkl,18
KIT/183/turn_left01.pkl,19
KIT/183/turn_left08.pkl,12
KIT/183/turn_left08.pkl,13
KIT/183/turn_left08.pkl,14
KIT/183/turn_left08.pkl,15
KIT/183/turn_left08.pkl,16
KIT/183/turn_left08.pkl,17
KIT/183/turn_left08.pkl,18
KIT/183/turn_left08.pkl,19
KIT/183/turn_left08.pkl,58
KIT/183/turn_left08.pkl,59
KIT/183/turn_left08.pkl,60
KIT/183/turn_left08.pkl,61
KIT/183/turn_left08.pkl,62
KIT/183/turn_left08.pkl,63
KIT/183/turn_left08.pkl,64
KIT/183/turn_left08.pkl,65
KIT/183/turn_left08.pkl,66
KIT/183/turn_left08.pkl,67
KIT/183/turn_left08.pkl,68
KIT/183/turn_left08.pkl,69
KIT/183/turn_left08.pkl,70
KIT/183/turn_left08.pkl,71
KIT/183/turn_left08.pkl,72
KIT/183/turn_left08.pkl,73
KIT/183/turn_left08.pkl,74
KIT/183/turn_left08.pkl,75
KIT/183/turn_right03.pkl,28
KIT/183/turn_right03.pkl,29
KIT/183/turn_right03.pkl,30
KIT/183/turn_right03.pkl,31
KIT/183/turn_right03.pkl,32
KIT/183/turn_right03.pkl,33
KIT/183/turn_right03.pkl,34
KIT/183/turn_right03.pkl,35
KIT/183/turn_right03.pkl,36
KIT/183/turn_right03.pkl,37
KIT/183/turn_right03.pkl,38
KIT/183/turn_right03.pkl,39
KIT/183/turn_right03.pkl,40
KIT/183/turn_right03.pkl,41
KIT/183/turn_right03.pkl,42
KIT/183/turn_right03.pkl,75
KIT/183/turn_right03.pkl,76
KIT/183/turn_right03.pkl,77
KIT/183/turn_right03.pkl,78
KIT/183/turn_right03.pkl,79
KIT/183/turn_right03.pkl,80
KIT/183/turn_right03.pkl,81
KIT/183/turn_right03.pkl,82
KIT/183/turn_right03.pkl,83
KIT/183/turn_right03.pkl,84
KIT/183/turn_right03.pkl,85
KIT/183/turn_right03.pkl,86
KIT/183/turn_right03.pkl,87
KIT/183/turn_right03.pkl,88
KIT/183/turn_right03.pkl,89
KIT/183/turn_right03.pkl,90
KIT/183/turn_right03.pkl,91
KIT/183/turn_right03.pkl,92
KIT/183/turn_right03.pkl,93
KIT/183/turn_right03.pkl,94
KIT/183/turn_right03.pkl,95
KIT/183/turn_right08.pkl,0
KIT/183/turn_right08.pkl,1
KIT/183/turn_right08.pkl,2
KIT/183/turn_right08.pkl,3
KIT/183/turn_right08.pkl,4
KIT/183/turn_right08.pkl,5
KIT/183/turn_right08.pkl,6
KIT/183/turn_right08.pkl,7
KIT/183/turn_right08.pkl,8
KIT/183/turn_right08.pkl,9
KIT/183/turn_right08.pkl,10
KIT/183/turn_right08.pkl,11
KIT/183/turn_right08.pkl,12
KIT/183/turn_right08.pkl,13
KIT/183/turn_right08.pkl,14
KIT/183/turn_right08.pkl,15
KIT/183/walking_fast04.pkl,38
KIT/183/walking_fast04.pkl,39
KIT/183/walking_fast04.pkl,40
KIT/183/walking_fast04.pkl,41
KIT/183/walking_fast04.pkl,42
KIT/183/walking_fast04.pkl,43
KIT/183/walking_fast04.pkl,44
KIT/183/walking_fast04.pkl,45
KIT/183/walking_fast04.pkl,46
KIT/183/walking_fast04.pkl,47
KIT/183/walking_fast04.pkl,48
KIT/183/walking_fast04.pkl,49
KIT/183/walking_fast04.pkl,50
KIT/183/walking_fast04.pkl,51
KIT/183/walking_fast04.pkl,52
KIT/183/walking_fast04.pkl,53
KIT/183/walking_fast04.pkl,54
KIT/183/walking_fast04.pkl,55
KIT/183/walking_fast04.pkl,56
KIT/183/walking_fast04.pkl,57
KIT/183/walking_fast04.pkl,58
KIT/183/walking_fast04.pkl,59
KIT/183/walking_fast04.pkl,60
KIT/183/walking_fast04.pkl,61
KIT/183/walking_fast04.pkl,62
KIT/183/walking_fast04.pkl,63
KIT/183/walking_fast04.pkl,64
KIT/205/turn_left05.pkl,22
KIT/205/turn_left05.pkl,23
KIT/205/turn_left05.pkl,24
KIT/205/turn_left05.pkl,25
KIT/205/turn_left05.pkl,26
KIT/205/turn_left05.pkl,27
KIT/205/turn_left05.pkl,28
KIT/205/turn_left05.pkl,29
KIT/205/turn_left05.pkl,30
KIT/205/turn_left05.pkl,31
KIT/205/turn_left05.pkl,32
KIT/205/turn_left05.pkl,33
KIT/205/walking_medium03.pkl,17
KIT/205/walking_medium03.pkl,18
KIT/205/walking_medium03.pkl,19
KIT/205/walking_medium03.pkl,20
KIT/205/walking_medium03.pkl,21
KIT/205/walking_medium03.pkl,22
KIT/205/walking_medium03.pkl,23
KIT/205/walking_medium03.pkl,24
KIT/205/walking_medium03.pkl,25
KIT/205/walking_medium03.pkl,26
KIT/205/walking_medium03.pkl,27
KIT/205/walking_medium03.pkl,28
KIT/205/walking_medium03.pkl,29
KIT/205/walking_medium03.pkl,30
KIT/205/walking_medium03.pkl,31
KIT/205/walking_medium03.pkl,32
KIT/205/walking_medium03.pkl,33
KIT/205/walking_medium03.pkl,34
KIT/205/walking_medium03.pkl,35
KIT/205/walking_medium03.pkl,36
KIT/205/walking_medium03.pkl,37
KIT/205/walking_medium03.pkl,38
KIT/205/walking_medium03.pkl,39
KIT/205/walking_medium03.pkl,40
KIT/205/walking_medium03.pkl,41
KIT/205/walking_medium03.pkl,42
KIT/205/walking_medium03.pkl,43
KIT/205/walking_medium03.pkl,44
KIT/205/walking_medium03.pkl,45
KIT/205/walking_medium03.pkl,46
KIT/205/walking_medium03.pkl,47
KIT/205/walking_medium03.pkl,48
KIT/205/walking_medium03.pkl,49
KIT/205/walking_medium03.pkl,50
KIT/205/walking_medium03.pkl,51
KIT/205/walking_medium03.pkl,52
KIT/205/walking_medium03.pkl,53
KIT/205/walking_medium03.pkl,54
KIT/205/walking_medium03.pkl,55
KIT/205/walking_medium03.pkl,56
KIT/205/walking_medium03.pkl,57
KIT/291/push_recovery_front01.pkl,14
KIT/291/push_recovery_front01.pkl,15
KIT/291/push_recovery_front01.pkl,16
KIT/291/push_recovery_front01.pkl,17
KIT/291/push_recovery_front01.pkl,18
KIT/291/push_recovery_front01.pkl,19
KIT/291/push_recovery_front01.pkl,20
KIT/291/push_recovery_front01.pkl,21
KIT/291/push_recovery_front01.pkl,22
KIT/291/push_recovery_front01.pkl,23
KIT/291/push_recovery_front01.pkl,24
KIT/291/push_recovery_front01.pkl,25
KIT/291/push_recovery_front01.pkl,26
KIT/291/push_recovery_front01.pkl,27
KIT/291/push_recovery_front01.pkl,28
KIT/291/push_recovery_front01.pkl,29
KIT/291/push_recovery_front01.pkl,30
KIT/291/push_recovery_front01.pkl,31
KIT/291/push_recovery_front01.pkl,32
KIT/291/push_recovery_front01.pkl,33
KIT/291/push_recovery_front01.pkl,34
KIT/291/push_recovery_front01.pkl,35
KIT/291/push_recovery_front01.pkl,36
KIT/291/push_recovery_front01.pkl,37
KIT/291/push_recovery_front01.pkl,38
KIT/291/push_recovery_front01.pkl,39
KIT/291/push_recovery_front01.pkl,40
KIT/291/push_recovery_front01.pkl,41
KIT/291/push_recovery_front01.pkl,42
KIT/291/push_recovery_front01.pkl,43
KIT/291/push_recovery_front01.pkl,44
KIT/291/push_recovery_front01.pkl,45
KIT/291/push_recovery_front01.pkl,46
KIT/291/push_recovery_front01.pkl,47
KIT/291/push_recovery_front01.pkl,48
KIT/291/push_recovery_front10.pkl,17
KIT/291/push_recovery_front10.pkl,18
KIT/291/push_recovery_front10.pkl,19
KIT/291/push_recovery_front10.pkl,20
KIT/291/push_recovery_front10.pkl,21
KIT/291/push_recovery_front10.pkl,22
KIT/291/push_recovery_front10.pkl,23
KIT/291/push_recovery_front10.pkl,24
KIT/291/push_recovery_front10.pkl,25
KIT/291/push_recovery_front10.pkl,26
KIT/291/push_recovery_front10.pkl,27
KIT/291/push_recovery_front10.pkl,28
KIT/291/push_recovery_front10.pkl,29
KIT/291/push_recovery_front10.pkl,30
KIT/291/push_recovery_front10.pkl,31
KIT/291/push_recovery_front10.pkl,32
KIT/291/push_recovery_front10.pkl,33
KIT/291/push_recovery_front10.pkl,34
KIT/291/push_recovery_front10.pkl,35
KIT/291/push_recovery_front10.pkl,36
KIT/291/push_recovery_front10.pkl,37
KIT/291/push_recovery_front10.pkl,38
KIT/291/push_recovery_front10.pkl,84
KIT/291/push_recovery_front10.pkl,85
KIT/291/push_recovery_front10.pkl,86
KIT/291/push_recovery_front10.pkl,87
KIT/291/push_recovery_front10.pkl,88
KIT/291/push_recovery_front10.pkl,89
KIT/291/push_recovery_front10.pkl,90
KIT/291/push_recovery_front10.pkl,91
KIT/291/push_recovery_front10.pkl,92
KIT/291/push_recovery_front10.pkl,93
KIT/291/push_recovery_front10.pkl,94
KIT/291/push_recovery_front10.pkl,95
KIT/291/push_recovery_front10.pkl,96
KIT/291/push_recovery_front10.pkl,97
KIT/291/push_recovery_front10.pkl,98
KIT/291/push_recovery_front10.pkl,99
KIT/291/push_recovery_front10.pkl,100
KIT/291/push_recovery_front10.pkl,101
KIT/291/push_recovery_front10.pkl,102
KIT/291/push_recovery_front10.pkl,103
KIT/291/push_recovery_front10.pkl,104
KIT/291/push_recovery_front10.pkl,105
KIT/291/push_recovery_front10.pkl,106
KIT/291/push_recovery_front10.pkl,107
KIT/291/push_recovery_front10.pkl,108
KIT/291/push_recovery_front10.pkl,109
KIT/291/push_recovery_front10.pkl,110
KIT/291/push_recovery_front10.pkl,111
KIT/291/push_recovery_left07.pkl,20
KIT/291/push_recovery_left07.pkl,21
KIT/291/push_recovery_left07.pkl,22
KIT/291/push_recovery_left07.pkl,23
KIT/291/push_recovery_left07.pkl,24
KIT/291/push_recovery_left07.pkl,25
KIT/291/push_recovery_left07.pkl,26
KIT/291/push_recovery_left07.pkl,27
KIT/291/push_recovery_left07.pkl,28
KIT/291/push_recovery_left07.pkl,29
KIT/291/push_recovery_left07.pkl,30
KIT/291/push_recovery_left07.pkl,31
KIT/291/push_recovery_left07.pkl,32
KIT/291/push_recovery_left07.pkl,33
KIT/291/push_recovery_left07.pkl,34
KIT/291/push_recovery_left07.pkl,35
KIT/291/push_recovery_left07.pkl,36
KIT/291/push_recovery_left07.pkl,37
KIT/291/push_recovery_left07.pkl,38
KIT/291/push_recovery_left07.pkl,39
KIT/291/push_recovery_left07.pkl,40
KIT/291/push_recovery_left07.pkl,41
KIT/291/push_recovery_left07.pkl,42
KIT/291/push_recovery_right04.pkl,30
KIT/291/push_recovery_right04.pkl,31
KIT/291/push_recovery_right04.pkl,32
KIT/291/push_recovery_right04.pkl,33
KIT/291/push_recovery_right04.pkl,34
KIT/291/push_recovery_right04.pkl,35
KIT/291/push_recovery_right04.pkl,36
KIT/291/push_recovery_right04.pkl,37
KIT/291/push_recovery_right04.pkl,38
KIT/291/push_recovery_right04.pkl,39
KIT/291/push_recovery_right04.pkl,40
KIT/291/push_recovery_right04.pkl,41
KIT/291/push_recovery_right04.pkl,42
KIT/291/push_recovery_right04.pkl,43
KIT/291/push_recovery_right04.pkl,44
KIT/291/push_recovery_right04.pkl,45
KIT/291/push_recovery_right04.pkl,46
KIT/291/push_recovery_right04.pkl,88
KIT/291/push_recovery_right04.pkl,89
KIT/291/push_recovery_right04.pkl,90
KIT/291/push_recovery_right04.pkl,91
KIT/291/push_recovery_right04.pkl,92
KIT/291/push_recovery_right04.pkl,93
KIT/291/push_recovery_right04.pkl,94
KIT/291/push_recovery_right04.pkl,95
KIT/291/push_recovery_right04.pkl,96
KIT/291/push_recovery_right04.pkl,97
KIT/291/push_recovery_right04.pkl,98
KIT/291/push_recovery_right04.pkl,99
KIT/291/push_recovery_right04.pkl,100
KIT/3/slope_up01.pkl,45
KIT/3/slope_up01.pkl,46
KIT/3/slope_up01.pkl,47
KIT/3/slope_up01.pkl,48
KIT/3/slope_up01.pkl,49
KIT/3/slope_up01.pkl,50
KIT/3/slope_up01.pkl,51
KIT/3/slope_up01.pkl,52
KIT/3/slope_up01.pkl,53
KIT/3/slope_up01.pkl,54
KIT/3/slope_up01.pkl,55
KIT/3/slope_up01.pkl,56
KIT/3/slope_up01.pkl,57
KIT/3/slope_up01.pkl,58
KIT/3/slope_up01.pkl,59
KIT/3/slope_up01.pkl,60
KIT/3/slope_up01.pkl,61
KIT/3/slope_up01.pkl,62
KIT/3/slope_up01.pkl,63
KIT/3/slope_up01.pkl,64
KIT/3/slope_up01.pkl,65
KIT/3/slope_up01.pkl,66
KIT/3/slope_up01.pkl,67
KIT/3/slope_up01.pkl,68
KIT/3/slope_up01.pkl,69
KIT/3/slope_up01.pkl,70
KIT/3/slope_up01.pkl,71
KIT/3/slope_up01.pkl,72
KIT/3/slope_up01.pkl,73
KIT/3/slope_up01.pkl,74
KIT/3/slope_up01.pkl,75
KIT/3/slope_up01.pkl,76
KIT/3/slope_up01.pkl,77
KIT/3/slope_up01.pkl,78
KIT/3/slope_up08.pkl,50
KIT/3/slope_up08.pkl,51
KIT/3/slope_up08.pkl,52
KIT/3/slope_up08.pkl,53
KIT/3/slope_up08.pkl,54
KIT/3/slope_up08.pkl,55
KIT/3/slope_up08.pkl,56
KIT/3/slope_up08.pkl,57
KIT/3/slope_up08.pkl,58
KIT/3/slope_up08.pkl,59
KIT/3/slope_up08.pkl,60
KIT/3/slope_up08.pkl,61
KIT/3/slope_up08.pkl,62
KIT/3/slope_up08.pkl,63
KIT/3/slope_up08.pkl,64
KIT/3/slope_up08.pkl,65
KIT/3/slope_up08.pkl,66
KIT/3/slope_up08.pkl,67
KIT/3/slope_up08.pkl,68
KIT/3/slope_up08.pkl,69
KIT/3/slope_up08.pkl,70
KIT/3/slope_up08.pkl,71
KIT/3/slope_up08.pkl,72
KIT/3/slope_up08.pkl,73
KIT/3/slope_up08.pkl,74
KIT/3/slope_up08.pkl,75
KIT/3/slope_up08.pkl,76
KIT/3/slope_up08.pkl,77
KIT/3/slope_up08.pkl,78
KIT/3/slope_up08.pkl,79
KIT/3/slope_up08.pkl,80
KIT/3/turn_left06.pkl,10
KIT/3/turn_left06.pkl,11
KIT/3/turn_left06.pkl,12
KIT/3/turn_left06.pkl,13
KIT/3/turn_left06.pkl,14
KIT/3/turn_left06.pkl,15
KIT/3/turn_left06.pkl,16
KIT/3/turn_left06.pkl,17
KIT/3/turn_left06.pkl,18
KIT/3/turn_left06.pkl,19
KIT/3/turn_left06.pkl,20
KIT/3/turn_left08.pkl,11
KIT/3/turn_left08.pkl,12
KIT/3/turn_left08.pkl,13
KIT/3/turn_left08.pkl,14
KIT/3/turn_left08.pkl,15
KIT/3/turn_left08.pkl,16
KIT/3/turn_left08.pkl,17
KIT/3/turn_left08.pkl,47
KIT/3/turn_left08.pkl,48
KIT/3/turn_left08.pkl,49
KIT/3/turn_left08.pkl,50
KIT/3/turn_left08.pkl,51
KIT/3/turn_left08.pkl,52
KIT/3/turn_left08.pkl,53
KIT/3/turn_left08.pkl,54
KIT/3/turn_left08.pkl,55
KIT/3/turn_left08.pkl,56
KIT/3/turn_left08.pkl,57
KIT/3/turn_left08.pkl,58
KIT/3/turn_left08.pkl,59
KIT/3/turn_left08.pkl,60
KIT/3/turn_left08.pkl,61
KIT/3/turn_left08.pkl,62
KIT/3/turn_left08.pkl,63
KIT/3/turn_left08.pkl,64
KIT/3/turn_left08.pkl,65
KIT/3/turn_left08.pkl,66
KIT/3/turn_left08.pkl,67
KIT/3/turn_left08.pkl,68
KIT/3/turn_left08.pkl,69
KIT/3/turn_left08.pkl,70
KIT/3/turn_left08.pkl,71
KIT/3/turn_right02.pkl,22
KIT/3/turn_right02.pkl,23
KIT/3/turn_right02.pkl,24
KIT/3/turn_right02.pkl,60
KIT/3/turn_right02.pkl,61
KIT/3/turn_right02.pkl,62
KIT/3/turn_right02.pkl,63
KIT/3/turn_right02.pkl,64
KIT/3/turn_right02.pkl,65
KIT/3/turn_right02.pkl,66
KIT/3/turn_right02.pkl,67
KIT/3/turn_right02.pkl,68
KIT/3/turn_right02.pkl,69
KIT/3/turn_right06.pkl,19
KIT/3/turn_right06.pkl,20
KIT/3/turn_right06.pkl,21
KIT/3/turn_right06.pkl,22
KIT/3/turn_right06.pkl,23
KIT/3/turn_right06.pkl,24
KIT/314/step_over_gap03.pkl,13
KIT/314/step_over_gap03.pkl,14
KIT/314/step_over_gap03.pkl,15
KIT/314/step_over_gap03.pkl,16
KIT/314/step_over_gap03.pkl,17
KIT/314/step_over_gap03.pkl,18
KIT/314/step_over_gap03.pkl,19
KIT/314/step_over_gap03.pkl,20
KIT/314/step_over_gap03.pkl,21
KIT/314/step_over_gap03.pkl,22
KIT/314/step_over_gap03.pkl,23
KIT/314/step_over_gap03.pkl,24
KIT/314/step_over_gap03.pkl,25
KIT/314/step_over_gap03.pkl,26
KIT/314/step_over_gap03.pkl,27
KIT/314/step_over_gap03.pkl,28
KIT/314/step_over_gap03.pkl,29
KIT/314/step_over_gap03.pkl,30
KIT/314/step_over_gap03.pkl,31
KIT/314/step_over_gap03.pkl,32
KIT/314/step_over_gap03.pkl,33
KIT/314/step_over_gap06.pkl,57
KIT/314/step_over_gap06.pkl,58
KIT/314/step_over_gap06.pkl,59
KIT/314/step_over_gap06.pkl,60
KIT/314/step_over_gap06.pkl,61
KIT/314/step_over_gap06.pkl,62
KIT/314/turn_left02.pkl,55
KIT/314/turn_left02.pkl,56
KIT/314/turn_left02.pkl,57
KIT/314/turn_left02.pkl,58
KIT/314/turn_left02.pkl,59
KIT/314/turn_left02.pkl,60
KIT/314/turn_left02.pkl,61
KIT/314/turn_left02.pkl,62
KIT/314/turn_left02.pkl,63
KIT/314/turn_left02.pkl,64
KIT/314/turn_left02.pkl,65
KIT/314/turn_left02.pkl,66
KIT/314/turn_left02.pkl,67
KIT/314/turn_left02.pkl,68
KIT/314/turn_left02.pkl,69
KIT/314/turn_left08.pkl,9
KIT/314/turn_left08.pkl,10
KIT/314/turn_left08.pkl,11
KIT/314/turn_left08.pkl,12
KIT/314/turn_left08.pkl,13
KIT/314/turn_left08.pkl,14
KIT/314/turn_left08.pkl,15
KIT/314/turn_left08.pkl,16
KIT/314/turn_left08.pkl,17
KIT/314/turn_left08.pkl,18
KIT/314/turn_left08.pkl,19
KIT/314/turn_right08.pkl,19
KIT/314/turn_right08.pkl,20
KIT/314/turn_right08.pkl,21
KIT/314/turn_right08.pkl,22
KIT/314/turn_right08.pkl,23
KIT/314/turn_right08.pkl,24
KIT/314/turn_right08.pkl,25
KIT/314/turn_right08.pkl,26
KIT/314/turn_right08.pkl,27
KIT/314/turn_right08.pkl,28
KIT/314/turn_right08.pkl,56
KIT/314/turn_right08.pkl,57
KIT/314/turn_right08.pkl,58
KIT/314/turn_right08.pkl,59
KIT/314/turn_right08.pkl,60
KIT/314/turn_right08.pkl,61
KIT/314/turn_right08.pkl,62
KIT/314/turn_right08.pkl,63
KIT/314/walking_fast02.pkl,48
KIT/314/walking_fast02.pkl,49
KIT/314/walking_fast02.pkl,50
KIT/314/walking_fast02.pkl,51
KIT/314/walking_fast02.pkl,52
KIT/314/walking_fast02.pkl,53
KIT/314/walking_fast02.pkl,54
KIT/314/walking_fast02.pkl,55
KIT/314/walking_fast02.pkl,56
KIT/314/walking_fast02.pkl,57
KIT/314/walking_fast02.pkl,58
KIT/314/walking_fast02.pkl,59
KIT/314/walking_fast02.pkl,60
KIT/314/walking_fast02.pkl,61
KIT/314/walking_fast02.pkl,62
KIT/314/walking_fast02.pkl,63
KIT/314/walking_fast02.pkl,64
KIT/314/walking_fast02.pkl,65
KIT/314/walking_fast02.pkl,66
KIT/314/walking_fast02.pkl,67
KIT/314/walking_fast02.pkl,68
KIT/314/walking_fast02.pkl,69
KIT/314/walking_fast02.pkl,70
KIT/314/walking_fast02.pkl,71
KIT/314/walking_fast02.pkl,72
KIT/314/walking_fast02.pkl,73
KIT/314/walking_fast02.pkl,74
KIT/314/walking_fast02.pkl,75
KIT/314/walking_fast02.pkl,76
KIT/314/walking_fast02.pkl,77
KIT/314/walking_fast02.pkl,78
KIT/314/walking_fast02.pkl,79
KIT/314/walking_fast02.pkl,80
KIT/314/walking_fast02.pkl,81
KIT/314/walking_fast02.pkl,82
KIT/314/walking_fast02.pkl,83
KIT/314/walking_fast02.pkl,84
KIT/314/walking_fast02.pkl,85
KIT/314/walking_fast02.pkl,86
KIT/314/walking_fast02.pkl,87
KIT/314/walking_fast02.pkl,88
KIT/314/walking_fast02.pkl,89
KIT/314/walking_fast02.pkl,90
KIT/314/walking_fast02.pkl,91
KIT/314/walking_fast02.pkl,92
KIT/314/walking_fast02.pkl,93
KIT/314/walking_fast06.pkl,31
KIT/314/walking_fast06.pkl,32
KIT/314/walking_fast06.pkl,33
KIT/314/walking_fast06.pkl,34
KIT/314/walking_fast06.pkl,35
KIT/314/walking_fast06.pkl,36
KIT/314/walking_fast06.pkl,37
KIT/314/walking_fast06.pkl,38
KIT/314/walking_fast06.pkl,39
KIT/314/walking_fast06.pkl,40
KIT/314/walking_fast06.pkl,41
KIT/314/walking_fast06.pkl,42
KIT/314/walking_fast06.pkl,43
KIT/314/walking_fast06.pkl,44
KIT/314/walking_fast06.pkl,45
KIT/314/walking_fast06.pkl,46
KIT/314/walking_fast06.pkl,47
KIT/314/walking_fast06.pkl,48
KIT/314/walking_fast06.pkl,49
KIT/314/walking_fast06.pkl,50
KIT/314/walking_fast06.pkl,51
KIT/314/walking_fast06.pkl,52
KIT/314/walking_fast06.pkl,53
KIT/314/walking_fast06.pkl,54
KIT/314/walking_fast06.pkl,55
KIT/314/walking_fast06.pkl,56
KIT/314/walking_fast06.pkl,57
KIT/314/walking_fast06.pkl,58
KIT/314/walking_fast06.pkl,59
KIT/314/walking_medium04.pkl,88
KIT/314/walking_medium04.pkl,89
KIT/314/walking_medium04.pkl,90
KIT/314/walking_medium04.pkl,91
KIT/314/walking_medium04.pkl,92
KIT/314/walking_medium04.pkl,93
KIT/314/walking_medium04.pkl,94
KIT/314/walking_medium04.pkl,95
KIT/314/walking_medium04.pkl,96
KIT/314/walking_medium04.pkl,97
KIT/314/walking_medium04.pkl,98
KIT/314/walking_medium04.pkl,99
KIT/314/walking_medium04.pkl,100
KIT/314/walking_medium04.pkl,101
KIT/314/walking_medium04.pkl,102
KIT/314/walking_medium04.pkl,103
KIT/314/walking_medium04.pkl,104
KIT/314/walking_medium04.pkl,105
KIT/314/walking_medium04.pkl,106
KIT/314/walking_medium04.pkl,107
KIT/314/walking_medium04.pkl,108
KIT/314/walking_medium04.pkl,109
KIT/314/walking_medium04.pkl,110
KIT/314/walking_medium04.pkl,111
KIT/314/walking_medium04.pkl,112
KIT/314/walking_medium04.pkl,113
KIT/314/walking_medium04.pkl,114
KIT/314/walking_medium04.pkl,115
KIT/314/walking_medium04.pkl,116
KIT/314/walking_medium04.pkl,117
KIT/314/walking_medium04.pkl,118
KIT/314/walking_medium04.pkl,119
KIT/314/walking_medium04.pkl,120
KIT/314/walking_medium04.pkl,121
KIT/314/walking_medium04.pkl,122
KIT/314/walking_medium04.pkl,123
KIT/314/walking_medium04.pkl,124
KIT/314/walking_medium04.pkl,125
KIT/314/walking_medium04.pkl,126
KIT/314/walking_medium04.pkl,127
KIT/314/walking_medium04.pkl,128
KIT/317/bend_left09.pkl,17
KIT/317/bend_left09.pkl,18
KIT/317/bend_left09.pkl,19
KIT/317/bend_left09.pkl,20
KIT/317/bend_left09.pkl,21
KIT/317/bend_left09.pkl,22
KIT/317/bend_left09.pkl,23
KIT/317/bend_left09.pkl,24
KIT/317/bend_left09.pkl,25
KIT/317/bend_left09.pkl,26
KIT/317/bend_left09.pkl,27
KIT/317/bend_left09.pkl,28
KIT/317/bend_left09.pkl,29
KIT/317/bend_left09.pkl,30
KIT/317/bend_left09.pkl,31
KIT/317/bend_left09.pkl,32
KIT/317/bend_left09.pkl,33
KIT/317/bend_left09.pkl,34
KIT/317/bend_left09.pkl,35
KIT/317/bend_left09.pkl,36
KIT/317/bend_left09.pkl,37
KIT/317/bend_left09.pkl,38
KIT/317/bend_left09.pkl,39
KIT/317/bend_left09.pkl,40
KIT/317/bend_left09.pkl,41
KIT/317/bend_left09.pkl,42
KIT/317/bend_left09.pkl,43
KIT/317/bend_left09.pkl,44
KIT/317/bend_left09.pkl,45
KIT/317/bend_left09.pkl,46
KIT/317/bend_left09.pkl,47
KIT/317/bend_left09.pkl,48
KIT/317/bend_left09.pkl,49
KIT/317/bend_left09.pkl,50
KIT/317/bend_left09.pkl,51
KIT/317/bend_left09.pkl,52
KIT/317/bend_left09.pkl,53
KIT/317/bend_left09.pkl,54
KIT/317/bend_left09.pkl,55
KIT/317/bend_left09.pkl,56
KIT/317/bend_left09.pkl,57
KIT/317/bend_left09.pkl,58
KIT/317/bend_left09.pkl,59
KIT/317/bend_left09.pkl,60
KIT/317/turn_left04.pkl,19
KIT/317/turn_left04.pkl,20
KIT/317/turn_left04.pkl,21
KIT/317/turn_left04.pkl,22
KIT/317/turn_left04.pkl,23
KIT/317/turn_left04.pkl,24
KIT/317/turn_left04.pkl,25
KIT/317/turn_left04.pkl,26
KIT/317/turn_left04.pkl,27
KIT/317/turn_left04.pkl,28
KIT/317/turn_left04.pkl,68
KIT/317/turn_left04.pkl,69
KIT/317/turn_left04.pkl,70
KIT/317/turn_left04.pkl,71
KIT/317/turn_left04.pkl,72
KIT/317/turn_left04.pkl,73
KIT/317/turn_left04.pkl,74
KIT/317/turn_left04.pkl,75
KIT/317/turn_left04.pkl,76
KIT/317/turn_left04.pkl,77
KIT/317/turn_left04.pkl,78
KIT/317/turn_left04.pkl,79
KIT/317/turn_left07.pkl,11
KIT/317/turn_left07.pkl,12
KIT/317/turn_left07.pkl,13
KIT/317/turn_left07.pkl,14
KIT/317/turn_left07.pkl,15
KIT/317/turn_left07.pkl,16
KIT/317/turn_left07.pkl,17
KIT/317/turn_left07.pkl,18
KIT/317/turn_left07.pkl,19
KIT/317/turn_left10.pkl,14
KIT/317/turn_left10.pkl,15
KIT/317/turn_left10.pkl,16
KIT/317/turn_left10.pkl,17
KIT/317/turn_left10.pkl,18
KIT/317/turn_left10.pkl,19
KIT/317/turn_left10.pkl,20
KIT/317/turn_left10.pkl,21
KIT/317/turn_left10.pkl,22
KIT/317/turn_left10.pkl,23
KIT/317/turn_left10.pkl,24
KIT/317/turn_left10.pkl,25
KIT/317/turn_left10.pkl,60
KIT/317/turn_left10.pkl,61
KIT/317/turn_left10.pkl,62
KIT/317/turn_left10.pkl,63
KIT/317/turn_left10.pkl,64
KIT/317/turn_left10.pkl,65
KIT/317/turn_left10.pkl,66
KIT/317/turn_left10.pkl,67
KIT/317/turn_left10.pkl,68
KIT/317/turn_left10.pkl,69
KIT/317/turn_left10.pkl,70
KIT/317/turn_left10.pkl,71
KIT/317/turn_right04.pkl,12
KIT/317/turn_right04.pkl,13
KIT/317/turn_right04.pkl,14
KIT/317/turn_right04.pkl,15
KIT/317/turn_right04.pkl,16
KIT/317/turn_right04.pkl,17
KIT/317/turn_right04.pkl,18
KIT/317/turn_right04.pkl,19
KIT/317/turn_right04.pkl,20
KIT/317/turn_right04.pkl,21
KIT/317/turn_right04.pkl,22
KIT/317/turn_right04.pkl,23
KIT/317/turn_right04.pkl,24
KIT/317/turn_right04.pkl,56
KIT/317/turn_right04.pkl,57
KIT/317/turn_right04.pkl,58
KIT/317/turn_right04.pkl,59
KIT/317/turn_right04.pkl,60
KIT/317/turn_right04.pkl,61
KIT/317/turn_right04.pkl,62
KIT/317/turn_right04.pkl,63
KIT/317/turn_right04.pkl,64
KIT/317/turn_right04.pkl,65
KIT/317/turn_right04.pkl,66
KIT/317/turn_right04.pkl,67
KIT/317/turn_right04.pkl,68
KIT/317/turn_right04.pkl,69
KIT/317/turn_right04.pkl,70
KIT/317/turn_right04.pkl,71
KIT/317/walking_fast02.pkl,29
KIT/317/walking_fast02.pkl,30
KIT/317/walking_fast02.pkl,31
KIT/317/walking_fast02.pkl,32
KIT/317/walking_fast02.pkl,33
KIT/317/walking_fast02.pkl,34
KIT/317/walking_fast02.pkl,35
KIT/317/walking_fast02.pkl,36
KIT/317/walking_fast02.pkl,37
KIT/317/walking_fast02.pkl,38
KIT/317/walking_fast02.pkl,39
KIT/317/walking_fast02.pkl,40
KIT/317/walking_fast02.pkl,41
KIT/317/walking_fast02.pkl,42
KIT/317/walking_fast02.pkl,43
KIT/317/walking_fast02.pkl,44
KIT/317/walking_fast02.pkl,45
KIT/317/walking_fast02.pkl,46
KIT/317/walking_fast02.pkl,47
KIT/317/walking_fast02.pkl,48
KIT/317/walking_fast02.pkl,49
KIT/317/walking_fast02.pkl,50
KIT/317/walking_fast02.pkl,51
KIT/317/walking_fast02.pkl,52
KIT/317/walking_fast02.pkl,53
KIT/317/walking_fast02.pkl,54
KIT/317/walking_fast02.pkl,55
KIT/317/walking_fast02.pkl,56
KIT/317/walking_fast02.pkl,57
KIT/317/walking_fast02.pkl,58
KIT/317/walking_fast02.pkl,59
KIT/317/walking_fast02.pkl,60
KIT/317/walking_fast02.pkl,61
KIT/317/walking_fast02.pkl,62
KIT/317/walking_fast02.pkl,63
KIT/317/walking_fast02.pkl,64
KIT/317/walking_fast02.pkl,65
KIT/317/walking_fast02.pkl,66
KIT/317/walking_fast02.pkl,67
KIT/348/turn_left02.pkl,31
KIT/348/turn_left02.pkl,32
KIT/348/turn_left02.pkl,33
KIT/348/turn_left02.pkl,34
KIT/348/turn_left02.pkl,35
KIT/348/turn_left02.pkl,36
KIT/348/turn_left02.pkl,37
KIT/348/turn_left02.pkl,38
KIT/348/turn_left02.pkl,39
KIT/348/turn_left02.pkl,40
KIT/348/turn_left02.pkl,41
KIT/348/turn_left02.pkl,42
KIT/348/turn_left02.pkl,43
KIT/348/turn_left02.pkl,44
KIT/348/turn_left02.pkl,45
KIT/348/turn_left02.pkl,46
KIT/348/turn_left02.pkl,47
KIT/348/turn_left02.pkl,86
KIT/348/turn_left02.pkl,87
KIT/348/turn_left02.pkl,88
KIT/348/turn_left02.pkl,89
KIT/348/turn_left02.pkl,90
KIT/348/turn_left02.pkl,91
KIT/348/turn_left02.pkl,92
KIT/348/turn_left02.pkl,93
KIT/348/turn_left02.pkl,94
KIT/348/turn_left02.pkl,95
KIT/348/turn_left02.pkl,96
KIT/348/turn_left02.pkl,97
KIT/348/turn_left02.pkl,98
KIT/348/turn_left02.pkl,99
KIT/348/turn_left02.pkl,100
KIT/348/turn_left02.pkl,101
KIT/348/turn_left02.pkl,102
KIT/348/turn_right06.pkl,26
KIT/348/turn_right06.pkl,27
KIT/348/turn_right06.pkl,28
KIT/348/turn_right06.pkl,29
KIT/348/turn_right06.pkl,30
KIT/348/turn_right06.pkl,31
KIT/348/turn_right06.pkl,32
KIT/348/turn_right06.pkl,33
KIT/348/turn_right06.pkl,34
KIT/348/turn_right06.pkl,35
KIT/348/turn_right06.pkl,36
KIT/348/turn_right06.pkl,37
KIT/348/turn_right06.pkl,38
KIT/348/turn_right06.pkl,39
KIT/348/turn_right06.pkl,40
KIT/348/turn_right06.pkl,41
KIT/348/turn_right06.pkl,42
KIT/348/turn_right06.pkl,76
KIT/348/turn_right06.pkl,77
KIT/348/turn_right06.pkl,78
KIT/348/turn_right06.pkl,79
KIT/348/turn_right06.pkl,80
KIT/348/turn_right06.pkl,81
KIT/348/turn_right06.pkl,82
KIT/348/turn_right06.pkl,83
KIT/348/turn_right06.pkl,84
KIT/348/turn_right06.pkl,85
KIT/348/turn_right06.pkl,86
KIT/348/turn_right06.pkl,87
KIT/348/turn_right06.pkl,88
KIT/348/turn_right06.pkl,89
KIT/348/turn_right06.pkl,90
KIT/348/turn_right06.pkl,91
KIT/359/step_over_gap06.pkl,37
KIT/359/step_over_gap06.pkl,38
KIT/359/step_over_gap06.pkl,39
KIT/359/step_over_gap06.pkl,40
KIT/359/step_over_gap06.pkl,41
KIT/359/step_over_gap06.pkl,42
KIT/359/step_over_gap06.pkl,43
KIT/359/step_over_gap06.pkl,44
KIT/359/step_over_gap06.pkl,45
KIT/359/step_over_gap06.pkl,46
KIT/359/step_over_gap06.pkl,47
KIT/359/step_over_gap06.pkl,48
KIT/359/step_over_gap06.pkl,49
KIT/359/step_over_gap06.pkl,50
KIT/359/step_over_gap06.pkl,51
KIT/359/step_over_gap06.pkl,52
KIT/359/step_over_gap06.pkl,53
KIT/359/step_over_gap06.pkl,54
KIT/359/step_over_gap06.pkl,55
KIT/359/step_over_gap06.pkl,56
KIT/359/step_over_gap06.pkl,57
KIT/359/step_over_gap06.pkl,58
KIT/359/step_over_gap06.pkl,59
KIT/359/step_over_gap06.pkl,60
KIT/359/step_over_gap06.pkl,101
KIT/359/step_over_gap06.pkl,102
KIT/359/step_over_gap06.pkl,103
KIT/359/step_over_gap06.pkl,104
KIT/359/step_over_gap06.pkl,105
KIT/359/step_over_gap06.pkl,106
KIT/359/step_over_gap06.pkl,107
KIT/359/turn_right05.pkl,13
KIT/359/turn_right05.pkl,14
KIT/359/turn_right05.pkl,15
KIT/359/turn_right05.pkl,16
KIT/359/turn_right05.pkl,17
KIT/359/turn_right05.pkl,18
KIT/359/turn_right05.pkl,19
KIT/359/turn_right05.pkl,20
KIT/359/turn_right05.pkl,21
KIT/359/walking_slow09.pkl,20
KIT/359/walking_slow09.pkl,21
KIT/359/walking_slow09.pkl,22
KIT/359/walking_slow09.pkl,23
KIT/359/walking_slow09.pkl,24
KIT/359/walking_slow09.pkl,25
KIT/359/walking_slow09.pkl,26
KIT/359/walking_slow09.pkl,27
KIT/359/walking_slow09.pkl,28
KIT/359/walking_slow09.pkl,29
KIT/359/walking_slow09.pkl,30
KIT/359/walking_slow09.pkl,31
KIT/359/walking_slow09.pkl,32
KIT/359/walking_slow09.pkl,33
KIT/359/walking_slow09.pkl,34
KIT/359/walking_slow09.pkl,35
KIT/359/walking_slow09.pkl,36
KIT/359/walking_slow09.pkl,37
KIT/359/walking_slow09.pkl,38
KIT/359/walking_slow09.pkl,39
KIT/359/walking_slow09.pkl,40
KIT/359/walking_slow09.pkl,41
KIT/359/walking_slow09.pkl,42
KIT/359/walking_slow09.pkl,43
KIT/359/walking_slow09.pkl,44
KIT/359/walking_slow09.pkl,45
KIT/359/walking_slow09.pkl,46
KIT/359/walking_slow09.pkl,47
KIT/359/walking_slow09.pkl,48
KIT/359/walking_slow09.pkl,49
KIT/359/walking_slow09.pkl,50
KIT/359/walking_slow09.pkl,51
KIT/359/walking_slow09.pkl,52
KIT/359/walking_slow09.pkl,53
KIT/359/walking_slow09.pkl,54
KIT/359/walking_slow09.pkl,55
KIT/359/walking_slow09.pkl,56
KIT/359/walking_slow09.pkl,57
KIT/359/walking_slow09.pkl,58
KIT/359/walking_slow09.pkl,59
KIT/359/walking_slow09.pkl,60
KIT/359/walking_slow09.pkl,61
KIT/359/walking_slow09.pkl,62
KIT/359/walking_slow09.pkl,63
KIT/359/walking_slow09.pkl,64
KIT/359/walking_slow09.pkl,65
KIT/359/walking_slow09.pkl,66
KIT/359/walking_slow09.pkl,67
KIT/359/walking_slow09.pkl,68
KIT/359/walking_slow09.pkl,69
KIT/359/walking_slow09.pkl,70
KIT/359/walking_slow09.pkl,71
KIT/359/walking_slow09.pkl,72
KIT/359/walking_slow09.pkl,73
KIT/359/walking_slow09.pkl,74
KIT/359/walking_slow09.pkl,75
KIT/359/walking_slow09.pkl,76
KIT/359/walking_slow09.pkl,77
KIT/359/walking_slow09.pkl,78
KIT/359/walking_slow09.pkl,79
KIT/359/walking_slow09.pkl,80
KIT/359/walking_slow09.pkl,81
KIT/359/walking_slow09.pkl,82
KIT/359/walking_slow09.pkl,83
KIT/359/walking_slow09.pkl,84
KIT/359/walking_slow09.pkl,85
KIT/359/walking_slow09.pkl,86
KIT/359/walking_slow09.pkl,87
KIT/359/walking_slow09.pkl,88
KIT/359/walking_slow09.pkl,89
KIT/359/walking_slow09.pkl,90
KIT/359/walking_slow09.pkl,91
KIT/359/walking_slow09.pkl,92
KIT/359/walking_slow09.pkl,93
KIT/359/walking_slow09.pkl,94
KIT/359/walking_slow09.pkl,95
KIT/359/walking_slow09.pkl,96
KIT/378/push_recovery_back05.pkl,12
KIT/378/push_recovery_back05.pkl,13
KIT/378/push_recovery_back05.pkl,14
KIT/378/push_recovery_back05.pkl,15
KIT/378/push_recovery_back05.pkl,16
KIT/378/push_recovery_back05.pkl,17
KIT/378/push_recovery_back07.pkl,12
KIT/378/push_recovery_back07.pkl,13
KIT/378/push_recovery_back07.pkl,14
KIT/378/push_recovery_back07.pkl,15
KIT/378/push_recovery_back07.pkl,16
KIT/378/push_recovery_back07.pkl,17
KIT/378/push_recovery_back07.pkl,18
KIT/378/push_recovery_back07.pkl,19
KIT/378/push_recovery_back07.pkl,20
KIT/378/push_recovery_back07.pkl,21
KIT/378/push_recovery_back07.pkl,22
KIT/378/push_recovery_front03.pkl,17
KIT/378/push_recovery_front03.pkl,18
KIT/378/push_recovery_front03.pkl,19
KIT/378/push_recovery_front03.pkl,20
KIT/378/push_recovery_front03.pkl,21
KIT/378/push_recovery_front03.pkl,22
KIT/378/push_recovery_front03.pkl,23
KIT/378/push_recovery_front03.pkl,24
KIT/378/push_recovery_front03.pkl,25
KIT/378/push_recovery_front03.pkl,26
KIT/378/push_recovery_front03.pkl,27
KIT/378/push_recovery_front03.pkl,28
KIT/378/push_recovery_front03.pkl,29
KIT/378/push_recovery_front03.pkl,30
KIT/378/push_recovery_front03.pkl,82
KIT/378/push_recovery_front03.pkl,83
KIT/378/push_recovery_front03.pkl,84
KIT/378/push_recovery_front03.pkl,85
KIT/378/push_recovery_front03.pkl,86
KIT/378/push_recovery_front03.pkl,87
KIT/378/push_recovery_front03.pkl,88
KIT/378/push_recovery_front03.pkl,89
KIT/378/push_recovery_front03.pkl,90
KIT/378/push_recovery_front03.pkl,91
KIT/378/push_recovery_front03.pkl,92
KIT/378/push_recovery_front03.pkl,93
KIT/378/push_recovery_front03.pkl,94
KIT/378/push_recovery_front03.pkl,95
KIT/378/push_recovery_front03.pkl,96
KIT/378/push_recovery_front03.pkl,97
KIT/378/push_recovery_front03.pkl,98
KIT/378/push_recovery_front03.pkl,99
KIT/378/push_recovery_front03.pkl,100
KIT/378/push_recovery_front03.pkl,101
KIT/378/push_recovery_front03.pkl,102
KIT/378/push_recovery_front03.pkl,103
KIT/378/push_recovery_front03.pkl,104
KIT/378/push_recovery_front03.pkl,105
KIT/378/push_recovery_front03.pkl,106
KIT/378/push_recovery_front03.pkl,107
KIT/378/push_recovery_front03.pkl,108
KIT/378/push_recovery_front03.pkl,109
KIT/378/push_recovery_front05.pkl,11
KIT/378/push_recovery_front05.pkl,12
KIT/378/push_recovery_front05.pkl,13
KIT/378/push_recovery_front05.pkl,14
KIT/378/push_recovery_front05.pkl,15
KIT/378/push_recovery_front05.pkl,16
KIT/378/push_recovery_front05.pkl,17
KIT/378/push_recovery_front05.pkl,18
KIT/378/push_recovery_front05.pkl,19
KIT/378/push_recovery_front05.pkl,20
KIT/378/push_recovery_front05.pkl,21
KIT/378/push_recovery_front05.pkl,22
KIT/378/push_recovery_front05.pkl,23
KIT/378/push_recovery_front05.pkl,24
KIT/378/push_recovery_front05.pkl,25
KIT/378/push_recovery_front05.pkl,26
KIT/378/push_recovery_front05.pkl,27
KIT/378/push_recovery_front05.pkl,28
KIT/378/push_recovery_front05.pkl,71
KIT/378/push_recovery_front05.pkl,72
KIT/378/push_recovery_front05.pkl,73
KIT/378/push_recovery_front05.pkl,74
KIT/378/push_recovery_front05.pkl,75
KIT/378/push_recovery_front05.pkl,76
KIT/378/push_recovery_front05.pkl,77
KIT/378/push_recovery_front05.pkl,78
KIT/378/push_recovery_front05.pkl,79
KIT/378/push_recovery_front05.pkl,80
KIT/378/push_recovery_front05.pkl,81
KIT/378/push_recovery_front05.pkl,82
KIT/378/push_recovery_front05.pkl,83
KIT/378/push_recovery_front05.pkl,84
KIT/378/push_recovery_front05.pkl,85
KIT/378/push_recovery_front05.pkl,86
KIT/378/push_recovery_front05.pkl,87
KIT/378/push_recovery_front05.pkl,88
KIT/378/push_recovery_front05.pkl,89
KIT/378/push_recovery_front05.pkl,90
KIT/378/push_recovery_front05.pkl,91
KIT/378/push_recovery_front05.pkl,92
KIT/378/push_recovery_front05.pkl,93
KIT/378/push_recovery_front05.pkl,94
KIT/378/push_recovery_front05.pkl,95
KIT/378/push_recovery_front05.pkl,96
KIT/378/push_recovery_front05.pkl,97
KIT/378/push_recovery_front05.pkl,98
KIT/378/push_recovery_front05.pkl,99
KIT/378/push_recovery_front05.pkl,100
KIT/378/push_recovery_front05.pkl,101
KIT/378/push_recovery_front05.pkl,102
KIT/378/push_recovery_front05.pkl,103
KIT/378/push_recovery_front05.pkl,104
KIT/378/push_recovery_front05.pkl,105
KIT/378/push_recovery_front05.pkl,106
KIT/378/push_recovery_front05.pkl,107
KIT/378/push_recovery_front05.pkl,108
KIT/378/push_recovery_front05.pkl,109
KIT/378/push_recovery_front05.pkl,110
KIT/378/push_recovery_front05.pkl,111
KIT/378/push_recovery_front05.pkl,112
KIT/378/push_recovery_front05.pkl,113
KIT/378/push_recovery_front05.pkl,114
KIT/378/push_recovery_front05.pkl,115
KIT/378/push_recovery_front05.pkl,116
KIT/378/push_recovery_front05.pkl,117
KIT/378/push_recovery_front05.pkl,118
KIT/378/push_recovery_front09.pkl,31
KIT/378/push_recovery_front09.pkl,32
KIT/378/push_recovery_front09.pkl,33
KIT/378/push_recovery_front09.pkl,84
KIT/378/push_recovery_front09.pkl,85
KIT/378/push_recovery_front09.pkl,86
KIT/378/push_recovery_front09.pkl,87
KIT/378/push_recovery_front09.pkl,88
KIT/378/push_recovery_front09.pkl,89
KIT/378/push_recovery_front09.pkl,90
KIT/378/push_recovery_front09.pkl,91
KIT/378/push_recovery_front09.pkl,92
KIT/378/push_recovery_front09.pkl,93
KIT/378/push_recovery_front09.pkl,94
KIT/378/push_recovery_front09.pkl,95
KIT/378/push_recovery_front09.pkl,96
KIT/378/push_recovery_front09.pkl,97
KIT/378/push_recovery_front09.pkl,98
KIT/378/push_recovery_front09.pkl,99
KIT/378/push_recovery_front09.pkl,100
KIT/378/push_recovery_front09.pkl,101
KIT/378/push_recovery_front09.pkl,102
KIT/378/push_recovery_front09.pkl,103
KIT/378/push_recovery_front09.pkl,104
KIT/378/push_recovery_front09.pkl,105
KIT/378/push_recovery_front09.pkl,106
KIT/378/push_recovery_front09.pkl,107
KIT/378/push_recovery_front09.pkl,108
KIT/378/push_recovery_front09.pkl,109
KIT/378/push_recovery_left01.pkl,0
KIT/378/push_recovery_left01.pkl,1
KIT/378/push_recovery_left01.pkl,2
KIT/378/push_recovery_left01.pkl,3
KIT/378/push_recovery_left01.pkl,4
KIT/378/push_recovery_left01.pkl,5
KIT/378/push_recovery_left01.pkl,6
KIT/378/push_recovery_left01.pkl,7
KIT/378/push_recovery_left01.pkl,8
KIT/378/push_recovery_left01.pkl,9
KIT/378/push_recovery_left01.pkl,10
KIT/378/push_recovery_left01.pkl,11
KIT/378/push_recovery_left01.pkl,12
KIT/378/push_recovery_left01.pkl,13
KIT/378/push_recovery_left01.pkl,14
KIT/378/push_recovery_left01.pkl,15
KIT/378/push_recovery_left01.pkl,16
KIT/378/push_recovery_left01.pkl,17
KIT/378/push_recovery_left01.pkl,18
KIT/378/push_recovery_left01.pkl,19
KIT/378/push_recovery_left01.pkl,20
KIT/378/push_recovery_left01.pkl,21
KIT/378/push_recovery_left01.pkl,22
KIT/378/push_recovery_left01.pkl,23
KIT/378/push_recovery_left01.pkl,24
KIT/378/push_recovery_right02.pkl,24
KIT/378/push_recovery_right02.pkl,25
KIT/378/push_recovery_right02.pkl,26
KIT/378/push_recovery_right02.pkl,27
KIT/378/push_recovery_right02.pkl,28
KIT/378/push_recovery_right08.pkl,10
KIT/378/push_recovery_right08.pkl,11
KIT/378/push_recovery_right08.pkl,12
KIT/378/push_recovery_right08.pkl,13
KIT/378/push_recovery_right08.pkl,14
KIT/378/push_recovery_right08.pkl,15
KIT/378/push_recovery_right08.pkl,16
KIT/378/push_recovery_right08.pkl,17
KIT/378/push_recovery_right08.pkl,18
KIT/378/push_recovery_right08.pkl,19
KIT/378/push_recovery_right08.pkl,20
KIT/378/push_recovery_right08.pkl,21
KIT/378/push_recovery_right08.pkl,22
KIT/378/push_recovery_right08.pkl,23
KIT/378/push_recovery_right10.pkl,14
KIT/378/push_recovery_right10.pkl,15
KIT/378/push_recovery_right10.pkl,16
KIT/378/push_recovery_right10.pkl,17
KIT/378/push_recovery_right10.pkl,18
KIT/378/push_recovery_right10.pkl,19
KIT/379/push_recovery_back07.pkl,11
KIT/379/push_recovery_back07.pkl,12
KIT/379/push_recovery_back07.pkl,13
KIT/379/push_recovery_back07.pkl,14
KIT/379/push_recovery_back07.pkl,15
KIT/379/push_recovery_back07.pkl,16
KIT/379/push_recovery_back07.pkl,17
KIT/379/push_recovery_back07.pkl,18
KIT/379/push_recovery_back07.pkl,19
KIT/379/push_recovery_back07.pkl,20
KIT/379/push_recovery_back07.pkl,21
KIT/379/push_recovery_back07.pkl,22
KIT/379/push_recovery_back07.pkl,23
KIT/379/push_recovery_left10.pkl,9
KIT/379/push_recovery_left10.pkl,10
KIT/379/push_recovery_left10.pkl,11
KIT/379/push_recovery_left10.pkl,12
KIT/379/push_recovery_left10.pkl,13
KIT/379/push_recovery_left10.pkl,14
KIT/379/push_recovery_left10.pkl,15
KIT/379/push_recovery_left10.pkl,16
KIT/379/push_recovery_left10.pkl,17
KIT/379/push_recovery_left10.pkl,18
KIT/421/push_recovery_front01.pkl,0
KIT/421/push_recovery_front01.pkl,1
KIT/421/push_recovery_front01.pkl,2
KIT/421/push_recovery_front01.pkl,3
KIT/421/push_recovery_front01.pkl,4
KIT/421/push_recovery_front01.pkl,5
KIT/421/push_recovery_front01.pkl,6
KIT/421/push_recovery_front01.pkl,7
KIT/421/push_recovery_front01.pkl,8
KIT/421/push_recovery_front01.pkl,9
KIT/421/push_recovery_front01.pkl,10
KIT/421/push_recovery_front01.pkl,11
KIT/421/push_recovery_front01.pkl,12
KIT/421/push_recovery_front01.pkl,13
KIT/421/push_recovery_front01.pkl,14
KIT/421/push_recovery_front01.pkl,15
KIT/421/push_recovery_front01.pkl,16
KIT/421/push_recovery_front01.pkl,17
KIT/421/push_recovery_front01.pkl,18
KIT/421/push_recovery_front01.pkl,19
KIT/421/push_recovery_front01.pkl,20
KIT/421/push_recovery_front01.pkl,21
KIT/421/push_recovery_front01.pkl,22
KIT/421/push_recovery_front01.pkl,23
KIT/421/push_recovery_front01.pkl,24
KIT/421/push_recovery_front01.pkl,25
KIT/421/push_recovery_front01.pkl,26
KIT/421/push_recovery_front01.pkl,27
KIT/421/push_recovery_front01.pkl,28
KIT/421/push_recovery_front01.pkl,29
KIT/421/push_recovery_front01.pkl,30
KIT/421/push_recovery_front01.pkl,31
KIT/421/push_recovery_front01.pkl,32
KIT/421/push_recovery_front01.pkl,33
KIT/421/push_recovery_front01.pkl,34
KIT/421/push_recovery_front01.pkl,35
KIT/421/push_recovery_front01.pkl,36
KIT/421/push_recovery_front01.pkl,37
KIT/421/push_recovery_front01.pkl,38
KIT/421/push_recovery_front01.pkl,39
KIT/421/push_recovery_front01.pkl,40
KIT/421/push_recovery_front01.pkl,41
KIT/421/push_recovery_front01.pkl,97
KIT/421/push_recovery_front01.pkl,98
KIT/421/push_recovery_front01.pkl,99
KIT/421/push_recovery_front01.pkl,100
KIT/421/push_recovery_front01.pkl,101
KIT/421/push_recovery_front01.pkl,102
KIT/421/push_recovery_front01.pkl,103
KIT/421/push_recovery_front01.pkl,104
KIT/421/push_recovery_front01.pkl,105
KIT/421/push_recovery_front01.pkl,106
KIT/421/push_recovery_front01.pkl,107
KIT/421/push_recovery_front01.pkl,108
KIT/421/push_recovery_front01.pkl,109
KIT/421/push_recovery_front01.pkl,110
KIT/421/push_recovery_front01.pkl,111
KIT/421/push_recovery_front01.pkl,112
KIT/421/push_recovery_front01.pkl,113
KIT/421/push_recovery_front01.pkl,114
KIT/421/push_recovery_front01.pkl,115
KIT/421/push_recovery_front01.pkl,116
KIT/421/push_recovery_front01.pkl,117
KIT/421/push_recovery_front01.pkl,118
KIT/421/push_recovery_front01.pkl,119
KIT/421/push_recovery_front01.pkl,120
KIT/421/push_recovery_front01.pkl,121
KIT/421/push_recovery_front01.pkl,122
KIT/421/push_recovery_front01.pkl,123
KIT/421/push_recovery_front01.pkl,124
KIT/421/push_recovery_front01.pkl,125
KIT/421/push_recovery_front01.pkl,126
KIT/421/push_recovery_front01.pkl,127
KIT/421/push_recovery_front01.pkl,128
KIT/421/push_recovery_front01.pkl,129
KIT/421/push_recovery_front01.pkl,130
KIT/421/push_recovery_front01.pkl,131
KIT/421/push_recovery_front01.pkl,132
KIT/421/push_recovery_front01.pkl,133
KIT/421/push_recovery_front01.pkl,134
KIT/421/push_recovery_front01.pkl,135
KIT/421/push_recovery_front01.pkl,136
KIT/421/push_recovery_front01.pkl,137
KIT/421/push_recovery_front01.pkl,138
KIT/421/push_recovery_front01.pkl,139
KIT/421/push_recovery_front01.pkl,140
KIT/421/push_recovery_front01.pkl,141
KIT/421/push_recovery_front01.pkl,142
KIT/421/push_recovery_front01.pkl,143
KIT/421/push_recovery_front03.pkl,16
KIT/421/push_recovery_front03.pkl,17
KIT/421/push_recovery_front03.pkl,18
KIT/421/push_recovery_front03.pkl,19
KIT/421/push_recovery_front03.pkl,20
KIT/421/push_recovery_front03.pkl,21
KIT/421/push_recovery_front03.pkl,22
KIT/421/push_recovery_front03.pkl,23
KIT/421/push_recovery_front03.pkl,24
KIT/421/push_recovery_front03.pkl,25
KIT/421/push_recovery_front03.pkl,26
KIT/421/push_recovery_front03.pkl,27
KIT/421/push_recovery_front03.pkl,28
KIT/421/push_recovery_front03.pkl,29
KIT/421/push_recovery_front03.pkl,30
KIT/421/push_recovery_front03.pkl,31
KIT/421/push_recovery_front03.pkl,74
KIT/421/push_recovery_front03.pkl,75
KIT/421/push_recovery_front03.pkl,76
KIT/421/push_recovery_front03.pkl,77
KIT/421/push_recovery_front03.pkl,78
KIT/421/push_recovery_front03.pkl,79
KIT/421/push_recovery_front03.pkl,80
KIT/421/push_recovery_front03.pkl,81
KIT/421/push_recovery_front03.pkl,82
KIT/421/push_recovery_front03.pkl,83
KIT/421/push_recovery_front03.pkl,84
KIT/421/push_recovery_front03.pkl,85
KIT/421/push_recovery_front03.pkl,86
KIT/421/push_recovery_front03.pkl,87
KIT/421/push_recovery_front03.pkl,88
KIT/421/push_recovery_front03.pkl,89
KIT/421/push_recovery_front03.pkl,90
KIT/421/push_recovery_front03.pkl,91
KIT/421/push_recovery_front03.pkl,92
KIT/421/push_recovery_front03.pkl,93
KIT/421/push_recovery_front03.pkl,94
KIT/421/push_recovery_front03.pkl,95
KIT/421/push_recovery_front03.pkl,96
KIT/421/push_recovery_front03.pkl,97
KIT/421/push_recovery_front03.pkl,98
KIT/421/push_recovery_front03.pkl,99
KIT/421/push_recovery_front03.pkl,100
KIT/421/push_recovery_front03.pkl,101
KIT/421/push_recovery_front03.pkl,102
KIT/421/push_recovery_front03.pkl,103
KIT/421/push_recovery_front03.pkl,104
KIT/421/push_recovery_front03.pkl,105
KIT/421/push_recovery_front03.pkl,106
KIT/421/push_recovery_front03.pkl,107
KIT/421/push_recovery_front03.pkl,108
KIT/421/push_recovery_front03.pkl,109
KIT/421/push_recovery_right06.pkl,15
KIT/421/push_recovery_right06.pkl,16
KIT/421/push_recovery_right06.pkl,17
KIT/421/push_recovery_right06.pkl,18
KIT/421/push_recovery_right06.pkl,19
KIT/421/push_recovery_right06.pkl,20
KIT/421/push_recovery_right06.pkl,21
KIT/421/push_recovery_right06.pkl,22
KIT/421/push_recovery_right06.pkl,23
KIT/421/push_recovery_right06.pkl,24
KIT/421/push_recovery_right06.pkl,25
KIT/421/push_recovery_right06.pkl,26
KIT/421/push_recovery_right06.pkl,27
KIT/421/push_recovery_right06.pkl,28
KIT/421/push_recovery_right06.pkl,29
KIT/421/push_recovery_right06.pkl,30
KIT/421/push_recovery_right06.pkl,31
KIT/421/push_recovery_right06.pkl,32
KIT/421/push_recovery_right06.pkl,33
KIT/421/push_recovery_right06.pkl,34
KIT/421/push_recovery_right06.pkl,35
KIT/421/push_recovery_right06.pkl,36
KIT/423/go_over_beam01.pkl,32
KIT/423/go_over_beam01.pkl,33
KIT/423/go_over_beam01.pkl,34
KIT/423/go_over_beam01.pkl,35
KIT/423/go_over_beam01.pkl,36
KIT/423/go_over_beam01.pkl,37
KIT/423/go_over_beam01.pkl,38
KIT/423/go_over_beam01.pkl,39
KIT/423/go_over_beam01.pkl,40
KIT/423/go_over_beam01.pkl,41
KIT/423/go_over_beam01.pkl,42
KIT/423/go_over_beam01.pkl,43
KIT/423/go_over_beam01.pkl,44
KIT/423/go_over_beam01.pkl,45
KIT/423/go_over_beam01.pkl,46
KIT/423/go_over_beam01.pkl,47
KIT/423/go_over_beam01.pkl,48
KIT/423/go_over_beam01.pkl,49
KIT/423/go_over_beam01.pkl,50
KIT/423/go_over_beam01.pkl,51
KIT/423/go_over_beam01.pkl,52
KIT/423/go_over_beam01.pkl,53
KIT/423/go_over_beam01.pkl,54
KIT/423/go_over_beam01.pkl,55
KIT/423/go_over_beam01.pkl,56
KIT/423/go_over_beam01.pkl,57
KIT/423/go_over_beam01.pkl,58
KIT/423/go_over_beam01.pkl,59
KIT/423/go_over_beam01.pkl,60
KIT/423/go_over_beam01.pkl,61
KIT/423/go_over_beam01.pkl,62
KIT/423/go_over_beam01.pkl,63
KIT/423/go_over_beam01.pkl,64
KIT/423/go_over_beam01.pkl,65
KIT/423/go_over_beam01.pkl,66
KIT/423/go_over_beam01.pkl,67
KIT/423/go_over_beam01.pkl,68
KIT/423/go_over_beam01.pkl,69
KIT/423/go_over_beam01.pkl,70
KIT/423/go_over_beam01.pkl,71
KIT/423/go_over_beam01.pkl,72
KIT/423/go_over_beam01.pkl,73
KIT/423/go_over_beam01.pkl,74
KIT/423/go_over_beam01.pkl,75
KIT/423/go_over_beam01.pkl,76
KIT/423/go_over_beam01.pkl,77
KIT/423/go_over_beam01.pkl,78
KIT/423/go_over_beam01.pkl,79
KIT/423/go_over_beam01.pkl,80
KIT/423/go_over_beam01.pkl,81
KIT/423/go_over_beam01.pkl,82
KIT/423/go_over_beam01.pkl,83
KIT/423/go_over_beam01.pkl,84
KIT/423/go_over_beam01.pkl,85
KIT/423/go_over_beam01.pkl,86
KIT/423/go_over_beam01.pkl,87
KIT/423/go_over_beam01.pkl,88
KIT/423/go_over_beam01.pkl,89
KIT/423/go_over_beam01.pkl,90
KIT/423/go_over_beam01.pkl,91
KIT/423/go_over_beam01.pkl,92
KIT/423/go_over_beam01.pkl,93
KIT/423/go_over_beam01.pkl,94
KIT/423/go_over_beam01.pkl,95
KIT/423/go_over_beam01.pkl,96
KIT/423/go_over_beam01.pkl,97
KIT/423/go_over_beam01.pkl,98
KIT/423/go_over_beam01.pkl,99
KIT/423/go_over_beam01.pkl,100
KIT/423/go_over_beam01.pkl,101
KIT/423/go_over_beam01.pkl,102
KIT/423/go_over_beam01.pkl,103
KIT/423/go_over_beam01.pkl,104
KIT/423/go_over_beam01.pkl,105
KIT/423/go_over_beam01.pkl,106
KIT/423/go_over_beam01.pkl,107
KIT/424/bend_right01.pkl,35
KIT/424/bend_right01.pkl,36
KIT/424/bend_right01.pkl,37
KIT/424/bend_right01.pkl,38
KIT/424/bend_right01.pkl,39
KIT/424/bend_right01.pkl,40
KIT/424/bend_right01.pkl,71
KIT/424/bend_right01.pkl,72
KIT/424/bend_right01.pkl,73
KIT/424/bend_right01.pkl,74
KIT/424/bend_right01.pkl,75
KIT/424/bend_right01.pkl,76
KIT/424/bend_right01.pkl,77
KIT/424/bend_right01.pkl,78
KIT/424/bend_right01.pkl,79
KIT/424/bend_right01.pkl,80
KIT/424/bend_right01.pkl,81
KIT/424/step_over_gap10.pkl,16
KIT/424/step_over_gap10.pkl,17
KIT/424/step_over_gap10.pkl,18
KIT/424/step_over_gap10.pkl,19
KIT/424/step_over_gap10.pkl,20
KIT/424/step_over_gap10.pkl,21
KIT/424/step_over_gap10.pkl,22
KIT/424/step_over_gap10.pkl,23
KIT/424/step_over_gap10.pkl,24
KIT/424/step_over_gap10.pkl,25
KIT/424/step_over_gap10.pkl,26
KIT/424/step_over_gap10.pkl,27
KIT/424/step_over_gap10.pkl,28
KIT/424/step_over_gap10.pkl,29
KIT/424/step_over_gap10.pkl,30
KIT/424/step_over_gap10.pkl,31
KIT/424/step_over_gap10.pkl,32
KIT/424/step_over_gap10.pkl,33
KIT/424/step_over_gap10.pkl,34
KIT/424/step_over_gap10.pkl,35
KIT/424/step_over_gap10.pkl,36
KIT/424/step_over_gap10.pkl,37
KIT/424/step_over_gap10.pkl,38
KIT/424/step_over_gap10.pkl,39
KIT/424/step_over_gap10.pkl,40
KIT/424/step_over_gap10.pkl,41
KIT/424/step_over_gap10.pkl,42
KIT/424/step_over_gap10.pkl,43
KIT/424/step_over_gap10.pkl,44
KIT/424/step_over_gap10.pkl,45
KIT/424/step_over_gap10.pkl,46
KIT/424/step_over_gap10.pkl,47
KIT/424/step_over_gap10.pkl,48
KIT/424/step_over_gap10.pkl,49
KIT/424/step_over_gap10.pkl,50
KIT/424/step_over_gap10.pkl,51
KIT/424/step_over_gap10.pkl,52
KIT/424/step_over_gap10.pkl,53
KIT/424/step_over_gap10.pkl,54
KIT/424/step_over_gap10.pkl,55
KIT/424/step_over_gap10.pkl,56
KIT/424/step_over_gap10.pkl,57
KIT/424/step_over_gap10.pkl,58
KIT/424/step_over_gap10.pkl,59
KIT/424/step_over_gap10.pkl,60
KIT/424/step_over_gap10.pkl,61
KIT/424/step_over_gap10.pkl,62
KIT/424/step_over_gap10.pkl,63
KIT/424/step_over_gap10.pkl,64
KIT/424/step_over_gap10.pkl,65
KIT/424/step_over_gap10.pkl,66
KIT/424/step_over_gap10.pkl,67
KIT/424/step_over_gap10.pkl,68
KIT/424/step_over_gap10.pkl,69
KIT/424/step_over_gap10.pkl,70
KIT/424/step_over_gap10.pkl,71
KIT/424/step_over_gap10.pkl,72
KIT/424/turn_left02.pkl,0
KIT/424/turn_left02.pkl,1
KIT/424/turn_left02.pkl,2
KIT/424/turn_left02.pkl,3
KIT/424/turn_left02.pkl,4
KIT/424/turn_left02.pkl,5
KIT/424/turn_left02.pkl,6
KIT/424/turn_left02.pkl,7
KIT/424/turn_left02.pkl,8
KIT/424/turn_left02.pkl,9
KIT/424/turn_left02.pkl,10
KIT/424/turn_left02.pkl,11
KIT/424/turn_left02.pkl,12
KIT/424/turn_left02.pkl,13
KIT/424/turn_left02.pkl,14
KIT/424/turn_left02.pkl,15
KIT/424/turn_left02.pkl,16
KIT/424/turn_left02.pkl,50
KIT/424/turn_left02.pkl,51
KIT/424/turn_left02.pkl,52
KIT/424/turn_left02.pkl,53
KIT/424/turn_left02.pkl,54
KIT/424/turn_left02.pkl,55
KIT/424/turn_left02.pkl,56
KIT/424/turn_left02.pkl,57
KIT/424/turn_left02.pkl,58
KIT/424/turn_left02.pkl,59
KIT/424/turn_left02.pkl,60
KIT/424/turn_left02.pkl,61
KIT/424/turn_left02.pkl,62
KIT/424/turn_left02.pkl,63
KIT/424/turn_left02.pkl,64
KIT/424/turn_left05.pkl,34
KIT/424/turn_left05.pkl,35
KIT/424/turn_left05.pkl,36
KIT/424/turn_left05.pkl,37
KIT/424/turn_left05.pkl,38
KIT/424/turn_left05.pkl,39
KIT/424/turn_left05.pkl,40
KIT/424/turn_left05.pkl,41
KIT/424/turn_left05.pkl,85
KIT/424/turn_left05.pkl,86
KIT/424/turn_left05.pkl,87
KIT/424/turn_left05.pkl,88
KIT/424/turn_left05.pkl,89
KIT/424/turn_left05.pkl,90
KIT/424/turn_left05.pkl,91
KIT/424/turn_left05.pkl,92
KIT/424/turn_left05.pkl,93
KIT/424/turn_left05.pkl,94
KIT/424/turn_left05.pkl,95
KIT/424/turn_left05.pkl,96
KIT/424/turn_left05.pkl,97
KIT/424/turn_left05.pkl,98
KIT/424/turn_left05.pkl,99
KIT/424/turn_left05.pkl,100
KIT/424/turn_left05.pkl,101
KIT/424/turn_left05.pkl,102
KIT/424/turn_left05.pkl,103
KIT/424/turn_left05.pkl,104
KIT/424/turn_left05.pkl,105
KIT/424/turn_right10.pkl,66
KIT/424/turn_right10.pkl,67
KIT/424/turn_right10.pkl,68
KIT/424/turn_right10.pkl,69
KIT/424/turn_right10.pkl,70
KIT/424/turn_right10.pkl,71
KIT/424/turn_right10.pkl,72
KIT/425/bend_right07.pkl,56
KIT/425/bend_right07.pkl,57
KIT/425/bend_right07.pkl,58
KIT/425/bend_right07.pkl,59
KIT/425/bend_right07.pkl,60
KIT/425/bend_right07.pkl,61
KIT/425/bend_right07.pkl,62
KIT/425/bend_right07.pkl,63
KIT/425/turn_right03.pkl,29
KIT/425/turn_right03.pkl,30
KIT/425/turn_right03.pkl,31
KIT/425/turn_right03.pkl,32
KIT/425/turn_right03.pkl,33
KIT/425/turn_right03.pkl,34
KIT/425/turn_right03.pkl,35
KIT/425/turn_right03.pkl,36
KIT/425/turn_right03.pkl,72
KIT/425/turn_right03.pkl,73
KIT/425/turn_right03.pkl,74
KIT/425/turn_right03.pkl,75
KIT/425/turn_right03.pkl,76
KIT/425/turn_right03.pkl,77
KIT/425/turn_right03.pkl,78
KIT/425/turn_right03.pkl,79
KIT/425/turn_right03.pkl,80
KIT/425/turn_right03.pkl,81
KIT/425/turn_right03.pkl,82
KIT/425/turn_right03.pkl,83
KIT/425/turn_right03.pkl,84
KIT/425/turn_right03.pkl,85
KIT/425/turn_right03.pkl,86
KIT/425/turn_right03.pkl,87
KIT/425/turn_right07.pkl,39
KIT/425/turn_right07.pkl,40
KIT/425/turn_right07.pkl,41
KIT/425/turn_right07.pkl,42
KIT/425/turn_right07.pkl,43
KIT/425/turn_right07.pkl,44
KIT/425/turn_right07.pkl,45
KIT/425/turn_right07.pkl,46
KIT/425/turn_right07.pkl,79
KIT/425/turn_right07.pkl,80
KIT/425/turn_right07.pkl,81
KIT/425/turn_right07.pkl,82
KIT/425/turn_right07.pkl,83
KIT/425/turn_right07.pkl,84
KIT/425/turn_right07.pkl,85
KIT/425/turn_right07.pkl,86
KIT/425/turn_right07.pkl,87
KIT/425/turn_right07.pkl,88
KIT/425/turn_right07.pkl,89
KIT/425/turn_right07.pkl,90
KIT/425/turn_right07.pkl,91
KIT/425/turn_right07.pkl,92
KIT/425/turn_right07.pkl,93
KIT/425/walking_05.pkl,26
KIT/425/walking_05.pkl,27
KIT/425/walking_05.pkl,28
KIT/425/walking_05.pkl,29
KIT/425/walking_05.pkl,30
KIT/425/walking_05.pkl,31
KIT/425/walking_05.pkl,32
KIT/425/walking_05.pkl,33
KIT/425/walking_05.pkl,34
KIT/425/walking_05.pkl,35
KIT/425/walking_05.pkl,36
KIT/425/walking_05.pkl,37
KIT/425/walking_05.pkl,38
KIT/425/walking_05.pkl,39
KIT/425/walking_05.pkl,40
KIT/425/walking_05.pkl,41
KIT/425/walking_05.pkl,42
KIT/425/walking_05.pkl,43
KIT/425/walking_05.pkl,44
KIT/425/walking_05.pkl,45
KIT/425/walking_05.pkl,46
KIT/425/walking_05.pkl,47
KIT/425/walking_05.pkl,48
KIT/425/walking_05.pkl,49
KIT/425/walking_05.pkl,50
KIT/425/walking_05.pkl,51
KIT/425/walking_05.pkl,52
KIT/425/walking_05.pkl,53
KIT/425/walking_05.pkl,54
KIT/425/walking_05.pkl,55
KIT/425/walking_05.pkl,56
KIT/425/walking_05.pkl,57
KIT/425/walking_05.pkl,58
KIT/425/walking_05.pkl,59
KIT/425/walking_05.pkl,60
KIT/425/walking_05.pkl,61
KIT/425/walking_05.pkl,62
KIT/425/walking_05.pkl,63
KIT/425/walking_05.pkl,64
KIT/425/walking_05.pkl,65
KIT/425/walking_05.pkl,66
KIT/425/walking_05.pkl,67
KIT/425/walking_05.pkl,68
KIT/425/walking_05.pkl,69
KIT/425/walking_06.pkl,29
KIT/425/walking_06.pkl,30
KIT/425/walking_06.pkl,31
KIT/425/walking_06.pkl,32
KIT/425/walking_06.pkl,33
KIT/425/walking_06.pkl,34
KIT/425/walking_06.pkl,35
KIT/425/walking_06.pkl,36
KIT/425/walking_06.pkl,37
KIT/425/walking_06.pkl,38
KIT/425/walking_06.pkl,39
KIT/425/walking_06.pkl,40
KIT/425/walking_06.pkl,41
KIT/425/walking_06.pkl,42
KIT/425/walking_06.pkl,43
KIT/425/walking_06.pkl,44
KIT/425/walking_06.pkl,45
KIT/425/walking_06.pkl,46
KIT/425/walking_06.pkl,47
KIT/425/walking_06.pkl,48
KIT/425/walking_06.pkl,49
KIT/425/walking_06.pkl,50
KIT/425/walking_06.pkl,51
KIT/425/walking_06.pkl,52
KIT/425/walking_06.pkl,53
KIT/425/walking_06.pkl,54
KIT/425/walking_06.pkl,55
KIT/425/walking_06.pkl,56
KIT/425/walking_06.pkl,57
KIT/425/walking_06.pkl,58
KIT/425/walking_06.pkl,59
KIT/425/walking_06.pkl,60
KIT/425/walking_fast01.pkl,19
KIT/425/walking_fast01.pkl,20
KIT/425/walking_fast01.pkl,21
KIT/425/walking_fast01.pkl,22
KIT/425/walking_fast01.pkl,23
KIT/425/walking_fast01.pkl,24
KIT/425/walking_fast01.pkl,25
KIT/425/walking_fast01.pkl,26
KIT/425/walking_fast01.pkl,27
KIT/425/walking_fast01.pkl,28
KIT/425/walking_fast01.pkl,29
KIT/425/walking_fast01.pkl,30
KIT/425/walking_fast01.pkl,31
KIT/425/walking_fast01.pkl,32
KIT/425/walking_fast01.pkl,33
KIT/425/walking_fast01.pkl,34
KIT/425/walking_fast01.pkl,35
KIT/425/walking_fast01.pkl,36
KIT/425/walking_fast04.pkl,19
KIT/425/walking_fast04.pkl,20
KIT/425/walking_fast04.pkl,21
KIT/425/walking_fast04.pkl,22
KIT/425/walking_fast04.pkl,23
KIT/425/walking_fast04.pkl,24
KIT/425/walking_fast04.pkl,25
KIT/425/walking_fast04.pkl,26
KIT/425/walking_fast04.pkl,27
KIT/425/walking_fast04.pkl,28
KIT/425/walking_fast04.pkl,29
KIT/425/walking_fast04.pkl,30
KIT/425/walking_fast04.pkl,31
KIT/425/walking_fast04.pkl,32
KIT/425/walking_fast04.pkl,33
KIT/425/walking_fast04.pkl,34
KIT/425/walking_fast04.pkl,35
KIT/425/walking_fast04.pkl,36
KIT/425/walking_fast04.pkl,37
KIT/425/walking_fast04.pkl,38
KIT/425/walking_fast04.pkl,39
KIT/425/walking_fast04.pkl,40
KIT/425/walking_fast04.pkl,41
KIT/425/walking_fast04.pkl,42
KIT/425/walking_fast04.pkl,43
KIT/425/walking_fast04.pkl,44
KIT/425/walking_fast04.pkl,45
KIT/425/walking_fast04.pkl,46
KIT/425/walking_fast04.pkl,47
KIT/425/walking_fast04.pkl,48
KIT/425/walking_fast04.pkl,49
KIT/425/walking_fast04.pkl,50
KIT/425/walking_fast04.pkl,51
KIT/425/walking_fast04.pkl,52
KIT/425/walking_fast04.pkl,53
KIT/425/walking_medium02.pkl,0
KIT/425/walking_medium02.pkl,1
KIT/425/walking_medium02.pkl,2
KIT/425/walking_medium02.pkl,3
KIT/425/walking_medium02.pkl,4
KIT/425/walking_medium02.pkl,5
KIT/425/walking_medium02.pkl,6
KIT/425/walking_medium02.pkl,7
KIT/425/walking_medium02.pkl,8
KIT/425/walking_medium02.pkl,9
KIT/425/walking_medium02.pkl,10
KIT/425/walking_medium02.pkl,11
KIT/425/walking_medium02.pkl,12
KIT/425/walking_medium02.pkl,13
KIT/425/walking_medium02.pkl,14
KIT/425/walking_medium02.pkl,15
KIT/425/walking_medium02.pkl,16
KIT/425/walking_medium02.pkl,17
KIT/425/walking_medium02.pkl,18
KIT/425/walking_medium02.pkl,19
KIT/425/walking_medium02.pkl,20
KIT/425/walking_medium02.pkl,21
KIT/425/walking_medium02.pkl,22
KIT/425/walking_medium02.pkl,23
KIT/425/walking_medium02.pkl,24
KIT/425/walking_medium02.pkl,25
KIT/425/walking_medium02.pkl,26
KIT/425/walking_medium02.pkl,27
KIT/425/walking_medium02.pkl,28
KIT/425/walking_medium02.pkl,29
KIT/425/walking_medium02.pkl,30
KIT/425/walking_medium02.pkl,31
KIT/425/walking_medium02.pkl,32
KIT/425/walking_medium02.pkl,33
KIT/425/walking_medium02.pkl,34
KIT/425/walking_medium02.pkl,35
KIT/425/walking_medium02.pkl,36
KIT/425/walking_medium02.pkl,37
KIT/425/walking_medium02.pkl,38
KIT/425/walking_medium02.pkl,39
KIT/425/walking_medium02.pkl,40
KIT/425/walking_medium02.pkl,41
KIT/425/walking_medium02.pkl,42
KIT/425/walking_medium02.pkl,43
KIT/425/walking_medium02.pkl,44
KIT/425/walking_medium02.pkl,45
KIT/425/walking_medium02.pkl,46
KIT/425/walking_medium02.pkl,47
KIT/425/walking_medium02.pkl,48
KIT/425/walking_medium02.pkl,49
KIT/425/walking_medium02.pkl,50
KIT/425/walking_medium02.pkl,51
KIT/425/walking_medium02.pkl,52
KIT/425/walking_medium02.pkl,53
KIT/425/walking_medium02.pkl,54
KIT/425/walking_medium02.pkl,55
KIT/425/walking_medium02.pkl,56
KIT/425/walking_medium02.pkl,57
KIT/425/walking_medium02.pkl,58
KIT/425/walking_medium02.pkl,59
KIT/425/walking_medium02.pkl,60
KIT/425/walking_medium02.pkl,61
KIT/425/walking_medium02.pkl,62
KIT/425/walking_medium02.pkl,63
KIT/425/walking_slow01.pkl,10
KIT/425/walking_slow01.pkl,11
KIT/425/walking_slow01.pkl,12
KIT/425/walking_slow01.pkl,13
KIT/425/walking_slow01.pkl,14
KIT/425/walking_slow01.pkl,15
KIT/425/walking_slow01.pkl,16
KIT/425/walking_slow01.pkl,17
KIT/425/walking_slow01.pkl,18
KIT/425/walking_slow01.pkl,19
KIT/425/walking_slow01.pkl,20
KIT/425/walking_slow01.pkl,21
KIT/425/walking_slow01.pkl,22
KIT/425/walking_slow01.pkl,23
KIT/425/walking_slow01.pkl,24
KIT/425/walking_slow01.pkl,25
KIT/425/walking_slow01.pkl,26
KIT/425/walking_slow01.pkl,27
KIT/425/walking_slow01.pkl,28
KIT/425/walking_slow01.pkl,29
KIT/425/walking_slow01.pkl,30
KIT/425/walking_slow01.pkl,31
KIT/425/walking_slow01.pkl,32
KIT/425/walking_slow01.pkl,33
KIT/425/walking_slow01.pkl,34
KIT/425/walking_slow01.pkl,35
KIT/425/walking_slow01.pkl,36
KIT/425/walking_slow01.pkl,37
KIT/425/walking_slow01.pkl,38
KIT/425/walking_slow01.pkl,39
KIT/425/walking_slow01.pkl,40
KIT/425/walking_slow01.pkl,41
KIT/425/walking_slow01.pkl,42
KIT/425/walking_slow01.pkl,43
KIT/425/walking_slow01.pkl,44
KIT/425/walking_slow01.pkl,45
KIT/425/walking_slow01.pkl,46
KIT/425/walking_slow01.pkl,47
KIT/425/walking_slow01.pkl,48
KIT/425/walking_slow01.pkl,49
KIT/425/walking_slow01.pkl,50
KIT/425/walking_slow01.pkl,51
KIT/425/walking_slow01.pkl,52
KIT/425/walking_slow01.pkl,53
KIT/425/walking_slow01.pkl,54
KIT/425/walking_slow01.pkl,55
KIT/425/walking_slow01.pkl,56
KIT/425/walking_slow01.pkl,57
KIT/425/walking_slow01.pkl,58
KIT/425/walking_slow01.pkl,59
KIT/425/walking_slow01.pkl,60
KIT/425/walking_slow01.pkl,61
KIT/425/walking_slow01.pkl,62
KIT/425/walking_slow01.pkl,63
KIT/425/walking_slow01.pkl,64
KIT/425/walking_slow01.pkl,65
KIT/425/walking_slow01.pkl,66
KIT/425/walking_slow01.pkl,67
KIT/425/walking_slow01.pkl,68
KIT/425/walking_slow01.pkl,69
KIT/425/walking_slow01.pkl,70
KIT/425/walking_slow01.pkl,71
KIT/425/walking_slow01.pkl,72
KIT/425/walking_slow01.pkl,73
KIT/425/walking_slow01.pkl,74
KIT/425/walking_slow01.pkl,75
KIT/425/walking_slow01.pkl,76
KIT/425/walking_slow01.pkl,77
KIT/425/walking_slow01.pkl,78
KIT/425/walking_slow01.pkl,79
KIT/425/walking_slow01.pkl,80
KIT/425/walking_slow01.pkl,81
KIT/425/walking_slow01.pkl,82
KIT/425/walking_slow01.pkl,83
KIT/425/walking_slow01.pkl,84
KIT/425/walking_slow01.pkl,85
KIT/425/walking_slow01.pkl,86
KIT/425/walking_slow01.pkl,87
KIT/442/HinUndSchuhbinden02.pkl,19
KIT/442/HinUndSchuhbinden02.pkl,20
KIT/442/HinUndSchuhbinden02.pkl,21
KIT/442/HinUndSchuhbinden02.pkl,22
KIT/442/HinUndSchuhbinden02.pkl,23
KIT/442/HinUndSchuhbinden02.pkl,24
KIT/442/HinUndSchuhbinden02.pkl,25
KIT/442/HinUndSchuhbinden02.pkl,26
KIT/442/HinUndSchuhbinden02.pkl,27
KIT/442/HinUndSchuhbinden02.pkl,28
KIT/442/HinUndSchuhbinden02.pkl,29
KIT/513/turn_left05.pkl,34
KIT/513/turn_left05.pkl,35
KIT/513/turn_left05.pkl,36
KIT/513/turn_left05.pkl,37
KIT/513/turn_left05.pkl,38
KIT/513/turn_left05.pkl,39
KIT/513/turn_left05.pkl,40
KIT/513/turn_left05.pkl,41
KIT/513/turn_left05.pkl,42
KIT/513/turn_left05.pkl,43
KIT/513/turn_left05.pkl,44
KIT/513/turn_left05.pkl,45
KIT/513/turn_left05.pkl,46
KIT/513/turn_left05.pkl,47
KIT/513/turn_left05.pkl,48
KIT/513/turn_left05.pkl,82
KIT/513/turn_left05.pkl,83
KIT/513/turn_left05.pkl,84
KIT/513/turn_left05.pkl,85
KIT/513/turn_left05.pkl,86
KIT/513/turn_left05.pkl,87
KIT/513/turn_left05.pkl,88
KIT/513/turn_left05.pkl,89
KIT/513/turn_left05.pkl,90
KIT/513/turn_left05.pkl,91
KIT/513/turn_left05.pkl,92
KIT/513/turn_left05.pkl,93
KIT/513/turn_left05.pkl,94
KIT/513/turn_left05.pkl,95
KIT/513/turn_left05.pkl,96
KIT/513/turn_left05.pkl,97
KIT/513/turn_left05.pkl,98
KIT/513/turn_left05.pkl,99
KIT/513/turn_left05.pkl,100
KIT/513/turn_left05.pkl,101
KIT/513/turn_left05.pkl,102
KIT/513/turn_left05.pkl,103
KIT/513/turn_left05.pkl,104
KIT/513/turn_left05.pkl,105
KIT/513/turn_left05.pkl,106
KIT/513/turn_left05.pkl,107
KIT/513/turn_left05.pkl,108
KIT/513/turn_left05.pkl,109
KIT/513/turn_left05.pkl,110
KIT/513/turn_left05.pkl,111
KIT/513/turn_left05.pkl,112
KIT/513/turn_left05.pkl,113
KIT/513/turn_left05.pkl,114
KIT/513/turn_left08.pkl,40
KIT/513/turn_left08.pkl,41
KIT/513/turn_left08.pkl,42
KIT/513/turn_left08.pkl,73
KIT/513/turn_left08.pkl,74
KIT/513/turn_left08.pkl,75
KIT/513/turn_left08.pkl,76
KIT/513/turn_left08.pkl,77
KIT/513/turn_left08.pkl,78
KIT/513/turn_left08.pkl,79
KIT/513/turn_left08.pkl,80
KIT/513/turn_left08.pkl,81
KIT/513/turn_left08.pkl,82
KIT/513/turn_left08.pkl,83
KIT/513/turn_left08.pkl,84
KIT/513/turn_left08.pkl,85
KIT/513/turn_left08.pkl,86
KIT/513/turn_left08.pkl,87
KIT/513/turn_right02.pkl,16
KIT/513/turn_right02.pkl,17
KIT/513/turn_right02.pkl,18
KIT/513/turn_right02.pkl,19
KIT/513/turn_right02.pkl,20
KIT/513/turn_right02.pkl,21
KIT/513/turn_right02.pkl,22
KIT/513/turn_right02.pkl,23
KIT/513/turn_right02.pkl,24
KIT/513/turn_right02.pkl,25
KIT/513/turn_right02.pkl,26
KIT/513/turn_right02.pkl,27
KIT/513/turn_right02.pkl,28
KIT/513/turn_right02.pkl,59
KIT/513/turn_right02.pkl,60
KIT/513/turn_right02.pkl,61
KIT/513/turn_right02.pkl,62
KIT/513/turn_right02.pkl,63
KIT/513/turn_right02.pkl,64
KIT/513/turn_right02.pkl,65
KIT/513/turn_right02.pkl,66
KIT/513/turn_right02.pkl,67
KIT/513/turn_right02.pkl,68
KIT/513/turn_right02.pkl,69
KIT/513/turn_right02.pkl,70
KIT/513/turn_right02.pkl,71
KIT/513/turn_right02.pkl,72
KIT/513/turn_right02.pkl,73
KIT/513/turn_right02.pkl,74
KIT/513/turn_right02.pkl,75
KIT/513/turn_right02.pkl,76
KIT/513/turn_right02.pkl,77
KIT/513/turn_right02.pkl,78
KIT/513/turn_right02.pkl,79
KIT/513/turn_right02.pkl,80
KIT/513/turn_right02.pkl,81
KIT/513/turn_right02.pkl,82
KIT/513/turn_right04.pkl,30
KIT/513/turn_right04.pkl,31
KIT/513/turn_right04.pkl,32
KIT/513/turn_right04.pkl,33
KIT/513/turn_right04.pkl,34
KIT/513/turn_right04.pkl,35
KIT/513/turn_right04.pkl,36
KIT/513/turn_right04.pkl,37
KIT/513/turn_right04.pkl,38
KIT/513/turn_right04.pkl,39
KIT/513/turn_right04.pkl,40
KIT/513/turn_right04.pkl,41
KIT/513/turn_right04.pkl,79
KIT/513/turn_right04.pkl,80
KIT/513/turn_right04.pkl,81
KIT/513/turn_right04.pkl,82
KIT/513/turn_right04.pkl,83
KIT/513/turn_right04.pkl,84
KIT/513/turn_right04.pkl,85
KIT/513/turn_right04.pkl,86
KIT/513/turn_right04.pkl,87
KIT/513/turn_right04.pkl,88
KIT/513/turn_right04.pkl,89
KIT/513/turn_right04.pkl,90
KIT/513/turn_right04.pkl,91
KIT/513/turn_right04.pkl,92
KIT/513/turn_right04.pkl,93
KIT/513/turn_right04.pkl,94
KIT/513/turn_right04.pkl,95
KIT/513/turn_right04.pkl,96
KIT/513/turn_right04.pkl,97
KIT/513/turn_right04.pkl,98
KIT/513/turn_right04.pkl,99
KIT/513/turn_right04.pkl,100
KIT/513/turn_right04.pkl,101
KIT/513/turn_right04.pkl,102
KIT/513/turn_right04.pkl,103
KIT/513/turn_right06.pkl,48
KIT/513/turn_right06.pkl,49
KIT/513/turn_right06.pkl,50
KIT/513/turn_right06.pkl,51
KIT/513/turn_right06.pkl,52
KIT/513/turn_right06.pkl,53
KIT/513/turn_right06.pkl,54
KIT/513/turn_right06.pkl,55
KIT/513/turn_right06.pkl,56
KIT/513/turn_right06.pkl,57
KIT/513/turn_right06.pkl,58
KIT/513/turn_right06.pkl,59
KIT/513/turn_right06.pkl,60
KIT/513/turn_right06.pkl,61
KIT/513/turn_right06.pkl,62
KIT/513/turn_right06.pkl,63
KIT/513/turn_right06.pkl,64
KIT/551/mixing_bowl_big_and_sponge_big06.pkl,0
KIT/551/mixing_bowl_big_and_sponge_big06.pkl,1
KIT/551/mixing_bowl_big_and_sponge_big06.pkl,2
KIT/551/mixing_bowl_big_and_sponge_big06.pkl,3
KIT/551/mixing_bowl_big_and_sponge_big06.pkl,4
KIT/551/mixing_bowl_big_and_sponge_big06.pkl,5
KIT/551/mixing_bowl_big_and_sponge_big06.pkl,6
KIT/551/mixing_bowl_big_and_sponge_big06.pkl,7
KIT/551/mixing_bowl_big_and_sponge_big06.pkl,8
KIT/551/mixing_bowl_big_and_sponge_big06.pkl,9
KIT/551/mixing_small_with_egg_whisk01.pkl,26
KIT/551/mixing_small_with_egg_whisk01.pkl,27
KIT/551/mixing_small_with_egg_whisk01.pkl,28
KIT/551/mixing_small_with_egg_whisk01.pkl,29
KIT/551/mixing_small_with_egg_whisk01.pkl,30
KIT/551/mixing_small_with_egg_whisk01.pkl,31
KIT/551/mixing_small_with_egg_whisk01.pkl,32
KIT/551/mixing_small_with_egg_whisk01.pkl,33
KIT/551/mixing_small_with_egg_whisk01.pkl,34
KIT/551/sponge_big02.pkl,8
KIT/551/sponge_big02.pkl,9
KIT/551/sponge_big02.pkl,10
KIT/551/sponge_big02.pkl,11
KIT/551/sponge_big02.pkl,12
KIT/551/sponge_big02.pkl,13
KIT/551/sponge_big02.pkl,14
KIT/551/sponge_big02.pkl,15
KIT/551/sponge_big02.pkl,16
KIT/551/sponge_big02.pkl,17
KIT/551/sponge_big02.pkl,18
KIT/551/sponge_big02.pkl,19
KIT/551/sponge_big02.pkl,20
KIT/551/sponge_big02.pkl,21
KIT/551/sponge_big02.pkl,22
KIT/551/sponge_big02.pkl,23
KIT/551/sponge_big02.pkl,24
KIT/551/sponge_big_and_mixing_bowl_big03.pkl,29
KIT/551/sponge_big_and_mixing_bowl_big03.pkl,30
KIT/575/MarcusS_AdrianM12.pkl,78
KIT/575/MarcusS_AdrianM12.pkl,79
KIT/575/MarcusS_AdrianM12.pkl,80
KIT/575/MarcusS_AdrianM12.pkl,81
KIT/575/MarcusS_AdrianM12.pkl,82
KIT/575/MarcusS_AdrianM12.pkl,83
KIT/575/MarcusS_AdrianM12.pkl,84
KIT/575/MarcusS_AdrianM12.pkl,85
KIT/575/MarcusS_AdrianM12.pkl,86
KIT/575/MarcusS_AdrianM12.pkl,87
KIT/575/MarcusS_AdrianM12.pkl,88
KIT/575/MarcusS_AdrianM12.pkl,89
KIT/575/MarcusS_AdrianM12.pkl,90
KIT/575/MarcusS_AdrianM12.pkl,91
KIT/575/MarcusS_AdrianM12.pkl,92
KIT/575/MarcusS_AdrianM12.pkl,93
KIT/575/MarcusS_AdrianM12.pkl,94
KIT/575/MarcusS_AdrianM12.pkl,95
KIT/575/MarcusS_AdrianM12.pkl,96
KIT/575/MarcusS_AdrianM12.pkl,97
KIT/575/MarcusS_AdrianM12.pkl,98
KIT/575/MarcusS_AdrianM12.pkl,99
KIT/575/MarcusS_AdrianM12.pkl,100
KIT/575/MarcusS_AdrianM12.pkl,101
KIT/575/MarcusS_AdrianM12.pkl,102
KIT/575/MarcusS_AdrianM12.pkl,103
KIT/575/MarcusS_AdrianM12.pkl,104
KIT/575/MarcusS_AdrianM12.pkl,105
KIT/575/MarcusS_AdrianM12.pkl,106
KIT/575/MarcusS_AdrianM12.pkl,107
KIT/575/MarcusS_AdrianM12.pkl,108
KIT/575/MarcusS_AdrianM12.pkl,109
KIT/575/MarcusS_AdrianM12.pkl,110
KIT/575/MarcusS_AdrianM12.pkl,111
KIT/575/MarcusS_AdrianM12.pkl,112
KIT/575/MarcusS_AdrianM12.pkl,113
KIT/575/MarcusS_AdrianM12.pkl,114
KIT/575/MarcusS_AdrianM12.pkl,115
KIT/575/MarcusS_AdrianM12.pkl,116
KIT/575/MarcusS_AdrianM12.pkl,117
KIT/575/MarcusS_AdrianM12.pkl,118
KIT/575/MarcusS_AdrianM12.pkl,119
KIT/575/MarcusS_AdrianM12.pkl,120
KIT/575/MarcusS_AdrianM12.pkl,121
KIT/575/MarcusS_AdrianM12.pkl,122
KIT/575/MarcusS_AdrianM12.pkl,123
KIT/575/MarcusS_AdrianM12.pkl,124
KIT/575/MarcusS_AdrianM12.pkl,125
KIT/575/MarcusS_AdrianM12.pkl,126
KIT/575/MarcusS_AdrianM12.pkl,127
KIT/575/MarcusS_AdrianM12.pkl,128
KIT/575/MarcusS_AdrianM12.pkl,129
KIT/675/Experiment3a_06.pkl,25
KIT/675/Experiment3a_06.pkl,26
KIT/675/Experiment3a_06.pkl,27
KIT/675/Experiment3a_06.pkl,28
KIT/675/Experiment3a_06.pkl,29
KIT/675/Experiment3a_06.pkl,30
KIT/675/Experiment3a_06.pkl,31
KIT/675/Experiment3a_06.pkl,32
KIT/675/Experiment3a_06.pkl,33
KIT/675/Experiment3a_06.pkl,34
KIT/675/Experiment3a_06.pkl,35
KIT/675/Experiment3a_06.pkl,36
KIT/675/Experiment3a_06.pkl,37
KIT/675/Experiment3a_06.pkl,38
KIT/675/Experiment3a_06.pkl,39
KIT/675/Experiment3a_06.pkl,40
KIT/675/Experiment3a_06.pkl,41
KIT/675/Experiment3a_06.pkl,42
KIT/675/Experiment3a_06.pkl,43
KIT/675/Experiment3a_06.pkl,44
KIT/675/Experiment4a_03.pkl,19
KIT/675/Experiment4a_03.pkl,20
KIT/675/Experiment4a_03.pkl,21
KIT/675/Experiment4a_03.pkl,22
KIT/675/Experiment4a_03.pkl,23
KIT/675/Experiment4a_03.pkl,24
KIT/675/Experiment4a_03.pkl,25
KIT/675/Experiment4a_03.pkl,26
KIT/675/Experiment4a_03.pkl,27
KIT/675/Experiment4a_03.pkl,28
KIT/675/Experiment4a_03.pkl,29
KIT/675/Experiment4a_03.pkl,30
KIT/675/Experiment4a_03.pkl,31
KIT/675/Experiment4a_03.pkl,32
KIT/675/double_pour_and_mixing12.pkl,8
KIT/675/double_pour_and_mixing12.pkl,9
KIT/675/double_pour_and_mixing12.pkl,10
KIT/675/double_pour_and_mixing12.pkl,11
KIT/675/double_pour_and_mixing12.pkl,12
KIT/675/double_pour_and_mixing12.pkl,13
KIT/675/double_pour_and_mixing12.pkl,14
KIT/675/double_pour_and_mixing12.pkl,15
KIT/675/double_pour_and_mixing12.pkl,16
KIT/675/double_pour_and_mixing12.pkl,17
KIT/675/double_pour_and_mixing12.pkl,18
KIT/675/double_pour_and_mixing12.pkl,19
KIT/675/double_pour_and_mixing12.pkl,20
KIT/675/double_pour_and_mixing12.pkl,21
KIT/675/double_pour_and_mixing12.pkl,22
KIT/675/double_pour_and_mixing12.pkl,23
KIT/675/double_pour_and_mixing12.pkl,24
KIT/675/double_pour_and_mixing12.pkl,25
KIT/675/double_pour_and_mixing12.pkl,26
KIT/675/double_pour_and_mixing12.pkl,27
KIT/675/double_pour_and_mixing12.pkl,28
KIT/675/double_pour_and_mixing12.pkl,29
KIT/675/double_pour_and_mixing12.pkl,30
KIT/675/double_pour_and_mixing12.pkl,31
KIT/675/double_pour_and_mixing12.pkl,32
KIT/675/double_pour_and_mixing12.pkl,33
KIT/9/bend_right04.pkl,9
KIT/9/bend_right04.pkl,10
KIT/9/bend_right04.pkl,11
KIT/9/bend_right04.pkl,12
KIT/9/bend_right04.pkl,13
KIT/9/bend_right04.pkl,14
KIT/9/bend_right04.pkl,15
KIT/9/bend_right04.pkl,16
KIT/9/bend_right04.pkl,17
KIT/9/bend_right04.pkl,18
KIT/9/bend_right04.pkl,19
KIT/9/bend_right04.pkl,20
KIT/9/bend_right04.pkl,21
KIT/9/bend_right04.pkl,22
KIT/9/bend_right04.pkl,23
KIT/9/bend_right04.pkl,24
KIT/9/bend_right04.pkl,25
KIT/9/bend_right04.pkl,26
KIT/9/bend_right04.pkl,27
KIT/9/bend_right04.pkl,28
KIT/9/bend_right04.pkl,29
KIT/9/bend_right04.pkl,30
KIT/9/bend_right04.pkl,31
KIT/9/bend_right04.pkl,32
KIT/9/bend_right04.pkl,33
KIT/9/bend_right04.pkl,34
KIT/9/bend_right04.pkl,35
KIT/9/bend_right04.pkl,36
KIT/9/bend_right04.pkl,37
KIT/9/bend_right04.pkl,38
KIT/9/bend_right04.pkl,39
KIT/9/bend_right04.pkl,40
KIT/9/bend_right04.pkl,41
KIT/9/bend_right04.pkl,42
KIT/9/bend_right04.pkl,43
KIT/9/bend_right04.pkl,44
KIT/9/bend_right04.pkl,45
KIT/9/bend_right04.pkl,46
KIT/9/bend_right04.pkl,47
KIT/9/bend_right04.pkl,48
KIT/9/bend_right04.pkl,49
KIT/9/bend_right04.pkl,50
KIT/9/bend_right04.pkl,51
KIT/9/bend_right04.pkl,52
KIT/9/bend_right04.pkl,53
KIT/9/bend_right04.pkl,54
KIT/9/bend_right04.pkl,55
KIT/9/bend_right04.pkl,56
KIT/9/turn_left02.pkl,12
KIT/9/turn_left02.pkl,13
KIT/9/turn_left02.pkl,14
KIT/9/turn_left02.pkl,15
KIT/9/turn_left02.pkl,16
KIT/9/turn_left02.pkl,17
KIT/9/turn_left02.pkl,18
KIT/9/turn_left02.pkl,19
KIT/9/turn_left02.pkl,20
KIT/9/turn_left02.pkl,21
KIT/9/turn_left02.pkl,22
KIT/9/turn_left02.pkl,23
KIT/9/turn_left02.pkl,24
KIT/9/turn_left02.pkl,25
KIT/9/turn_left02.pkl,26
KIT/9/turn_left02.pkl,71
KIT/9/turn_left02.pkl,72
KIT/9/turn_left02.pkl,73
KIT/9/turn_left02.pkl,74
KIT/9/turn_left02.pkl,75
KIT/9/turn_left02.pkl,76
KIT/9/turn_left02.pkl,77
KIT/9/turn_left02.pkl,78
KIT/9/turn_left02.pkl,79
KIT/9/turn_left08.pkl,20
KIT/9/turn_left08.pkl,21
KIT/9/turn_left08.pkl,22
KIT/9/turn_left08.pkl,23
KIT/9/turn_left08.pkl,24
KIT/9/turn_left08.pkl,25
KIT/9/turn_left08.pkl,26
KIT/9/turn_left08.pkl,27
KIT/9/turn_left08.pkl,28
KIT/9/turn_left08.pkl,29
KIT/9/turn_left08.pkl,30
KIT/9/turn_left08.pkl,31
KIT/9/turn_left08.pkl,32
KIT/9/turn_left08.pkl,33
KIT/9/turn_left08.pkl,34
KIT/9/turn_left08.pkl,35
KIT/9/turn_left08.pkl,36
KIT/9/turn_left08.pkl,37
KIT/9/turn_left08.pkl,38
KIT/9/turn_left08.pkl,39
KIT/9/turn_left08.pkl,40
KIT/9/turn_left08.pkl,76
KIT/9/turn_left08.pkl,77
KIT/9/turn_left08.pkl,78
KIT/9/turn_left08.pkl,79
KIT/9/turn_left08.pkl,80
KIT/9/turn_left08.pkl,81
KIT/9/turn_left08.pkl,82
KIT/9/turn_left08.pkl,83
KIT/9/turn_left08.pkl,84
KIT/9/turn_left08.pkl,85
KIT/9/turn_left08.pkl,86
KIT/9/turn_left08.pkl,87
KIT/9/turn_left08.pkl,88
KIT/9/turn_left08.pkl,89
KIT/9/turn_left08.pkl,90
MPI_HDM05/bk/HDM_bk_01-01_02_120.pkl,140
MPI_HDM05/bk/HDM_bk_01-01_02_120.pkl,141
MPI_HDM05/bk/HDM_bk_01-01_02_120.pkl,142
MPI_HDM05/bk/HDM_bk_01-01_02_120.pkl,143
MPI_HDM05/bk/HDM_bk_01-01_02_120.pkl,144
MPI_HDM05/bk/HDM_bk_01-01_02_120.pkl,145
MPI_HDM05/bk/HDM_bk_01-01_02_120.pkl,146
MPI_HDM05/bk/HDM_bk_01-01_02_120.pkl,147
MPI_HDM05/bk/HDM_bk_01-01_02_120.pkl,148
MPI_HDM05/bk/HDM_bk_01-01_02_120.pkl,149
MPI_HDM05/bk/HDM_bk_01-01_02_120.pkl,150
MPI_HDM05/bk/HDM_bk_01-01_02_120.pkl,151
MPI_HDM05/bk/HDM_bk_01-01_02_120.pkl,152
MPI_HDM05/bk/HDM_bk_01-01_02_120.pkl,153
MPI_HDM05/bk/HDM_bk_01-01_02_120.pkl,154
MPI_HDM05/bk/HDM_bk_01-01_02_120.pkl,155
MPI_HDM05/bk/HDM_bk_01-01_02_120.pkl,156
MPI_HDM05/bk/HDM_bk_01-01_02_120.pkl,157
MPI_HDM05/bk/HDM_bk_01-01_02_120.pkl,158
MPI_HDM05/bk/HDM_bk_01-01_02_120.pkl,159
MPI_HDM05/bk/HDM_bk_01-01_02_120.pkl,160
MPI_HDM05/bk/HDM_bk_01-01_02_120.pkl,161
MPI_HDM05/bk/HDM_bk_01-01_02_120.pkl,162
MPI_HDM05/bk/HDM_bk_01-01_02_120.pkl,163
MPI_HDM05/bk/HDM_bk_01-01_02_120.pkl,164
MPI_HDM05/bk/HDM_bk_01-01_02_120.pkl,165
MPI_HDM05/bk/HDM_bk_01-01_02_120.pkl,166
MPI_HDM05/bk/HDM_bk_01-01_02_120.pkl,167
MPI_HDM05/bk/HDM_bk_01-01_02_120.pkl,168
MPI_HDM05/bk/HDM_bk_01-01_02_120.pkl,169
MPI_HDM05/bk/HDM_bk_01-01_02_120.pkl,170
MPI_HDM05/bk/HDM_bk_01-01_02_120.pkl,171
MPI_HDM05/bk/HDM_bk_01-01_02_120.pkl,172
MPI_HDM05/bk/HDM_bk_01-01_02_120.pkl,173
MPI_HDM05/bk/HDM_bk_01-01_02_120.pkl,174
MPI_HDM05/bk/HDM_bk_01-01_02_120.pkl,175
MPI_HDM05/bk/HDM_bk_01-01_02_120.pkl,176
MPI_HDM05/bk/HDM_bk_01-01_02_120.pkl,177
MPI_HDM05/bk/HDM_bk_01-01_02_120.pkl,178
MPI_HDM05/bk/HDM_bk_01-01_02_120.pkl,179
MPI_HDM05/bk/HDM_bk_01-01_02_120.pkl,180
MPI_HDM05/bk/HDM_bk_01-01_02_120.pkl,181
MPI_HDM05/bk/HDM_bk_01-01_02_120.pkl,182
MPI_HDM05/bk/HDM_bk_01-01_02_120.pkl,183
MPI_HDM05/bk/HDM_bk_01-01_02_120.pkl,184
MPI_HDM05/bk/HDM_bk_01-01_02_120.pkl,185
MPI_HDM05/bk/HDM_bk_01-01_02_120.pkl,186
MPI_HDM05/bk/HDM_bk_01-01_02_120.pkl,187
MPI_HDM05/bk/HDM_bk_01-01_02_120.pkl,188
MPI_HDM05/bk/HDM_bk_01-01_02_120.pkl,189
MPI_HDM05/bk/HDM_bk_01-01_02_120.pkl,190
MPI_HDM05/bk/HDM_bk_01-01_02_120.pkl,191
MPI_HDM05/bk/HDM_bk_01-01_02_120.pkl,192
MPI_HDM05/bk/HDM_bk_01-01_02_120.pkl,193
MPI_HDM05/bk/HDM_bk_01-01_02_120.pkl,194
MPI_HDM05/bk/HDM_bk_01-01_02_120.pkl,195
MPI_HDM05/bk/HDM_bk_01-01_02_120.pkl,196
MPI_HDM05/bk/HDM_bk_01-01_02_120.pkl,197
MPI_HDM05/bk/HDM_bk_01-01_02_120.pkl,198
MPI_HDM05/bk/HDM_bk_01-01_02_120.pkl,199
MPI_HDM05/bk/HDM_bk_01-01_02_120.pkl,200
MPI_HDM05/bk/HDM_bk_01-01_02_120.pkl,201
MPI_HDM05/bk/HDM_bk_01-01_02_120.pkl,202
MPI_HDM05/bk/HDM_bk_01-01_02_120.pkl,203
MPI_HDM05/bk/HDM_bk_01-01_02_120.pkl,204
MPI_HDM05/bk/HDM_bk_01-01_02_120.pkl,205
MPI_HDM05/bk/HDM_bk_01-01_02_120.pkl,206
MPI_HDM05/bk/HDM_bk_01-01_02_120.pkl,207
MPI_HDM05/bk/HDM_bk_01-01_02_120.pkl,208
MPI_HDM05/bk/HDM_bk_01-01_02_120.pkl,209
MPI_HDM05/bk/HDM_bk_01-01_02_120.pkl,210
MPI_HDM05/bk/HDM_bk_01-01_02_120.pkl,211
MPI_HDM05/bk/HDM_bk_01-01_02_120.pkl,212
MPI_HDM05/bk/HDM_bk_01-01_02_120.pkl,213
MPI_HDM05/bk/HDM_bk_01-01_02_120.pkl,214
MPI_HDM05/bk/HDM_bk_01-01_02_120.pkl,215
MPI_HDM05/bk/HDM_bk_01-01_02_120.pkl,216
MPI_HDM05/bk/HDM_bk_01-01_02_120.pkl,217
MPI_HDM05/bk/HDM_bk_01-01_02_120.pkl,218
MPI_HDM05/bk/HDM_bk_01-01_02_120.pkl,219
MPI_HDM05/bk/HDM_bk_01-01_02_120.pkl,220
MPI_HDM05/bk/HDM_bk_01-01_02_120.pkl,221
MPI_HDM05/bk/HDM_bk_01-01_02_120.pkl,222
MPI_HDM05/bk/HDM_bk_01-01_02_120.pkl,223
MPI_HDM05/bk/HDM_bk_01-01_02_120.pkl,224
MPI_HDM05/bk/HDM_bk_01-01_03_120.pkl,143
MPI_HDM05/bk/HDM_bk_01-01_03_120.pkl,144
MPI_HDM05/bk/HDM_bk_01-01_03_120.pkl,145
MPI_HDM05/bk/HDM_bk_01-01_03_120.pkl,146
MPI_HDM05/bk/HDM_bk_01-01_03_120.pkl,147
MPI_HDM05/bk/HDM_bk_01-01_03_120.pkl,148
MPI_HDM05/bk/HDM_bk_01-01_03_120.pkl,149
MPI_HDM05/bk/HDM_bk_01-01_03_120.pkl,150
MPI_HDM05/bk/HDM_bk_01-01_03_120.pkl,151
MPI_HDM05/bk/HDM_bk_01-01_03_120.pkl,152
MPI_HDM05/bk/HDM_bk_01-01_03_120.pkl,153
MPI_HDM05/bk/HDM_bk_01-01_03_120.pkl,154
MPI_HDM05/bk/HDM_bk_01-01_03_120.pkl,155
MPI_HDM05/bk/HDM_bk_01-01_03_120.pkl,156
MPI_HDM05/bk/HDM_bk_01-01_03_120.pkl,157
MPI_HDM05/bk/HDM_bk_01-01_03_120.pkl,158
MPI_HDM05/bk/HDM_bk_01-01_03_120.pkl,159
MPI_HDM05/bk/HDM_bk_01-01_03_120.pkl,160
MPI_HDM05/bk/HDM_bk_01-01_03_120.pkl,161
MPI_HDM05/bk/HDM_bk_01-01_03_120.pkl,162
MPI_HDM05/bk/HDM_bk_01-01_03_120.pkl,163
MPI_HDM05/bk/HDM_bk_01-01_03_120.pkl,164
MPI_HDM05/bk/HDM_bk_01-01_03_120.pkl,165
MPI_HDM05/bk/HDM_bk_01-01_03_120.pkl,166
MPI_HDM05/bk/HDM_bk_01-01_03_120.pkl,167
MPI_HDM05/bk/HDM_bk_01-01_03_120.pkl,168
MPI_HDM05/bk/HDM_bk_01-01_03_120.pkl,169
MPI_HDM05/bk/HDM_bk_01-01_03_120.pkl,170
MPI_HDM05/bk/HDM_bk_01-01_03_120.pkl,171
MPI_HDM05/bk/HDM_bk_01-01_03_120.pkl,172
MPI_HDM05/bk/HDM_bk_01-01_03_120.pkl,173
MPI_HDM05/bk/HDM_bk_01-01_03_120.pkl,174
MPI_HDM05/bk/HDM_bk_01-01_03_120.pkl,175
MPI_HDM05/bk/HDM_bk_01-01_03_120.pkl,176
MPI_HDM05/bk/HDM_bk_01-01_03_120.pkl,177
MPI_HDM05/bk/HDM_bk_01-01_03_120.pkl,178
MPI_HDM05/bk/HDM_bk_01-01_03_120.pkl,179
MPI_HDM05/bk/HDM_bk_01-01_03_120.pkl,180
MPI_HDM05/bk/HDM_bk_01-01_03_120.pkl,181
MPI_HDM05/bk/HDM_bk_01-01_03_120.pkl,182
MPI_HDM05/bk/HDM_bk_01-01_03_120.pkl,183
MPI_HDM05/bk/HDM_bk_01-01_03_120.pkl,184
MPI_HDM05/bk/HDM_bk_01-01_03_120.pkl,185
MPI_HDM05/bk/HDM_bk_01-01_03_120.pkl,186
MPI_HDM05/bk/HDM_bk_01-01_03_120.pkl,187
MPI_HDM05/bk/HDM_bk_01-01_03_120.pkl,188
MPI_HDM05/bk/HDM_bk_01-01_03_120.pkl,189
MPI_HDM05/bk/HDM_bk_01-01_03_120.pkl,190
MPI_HDM05/bk/HDM_bk_01-01_03_120.pkl,191
MPI_HDM05/bk/HDM_bk_01-01_03_120.pkl,192
MPI_HDM05/bk/HDM_bk_01-01_03_120.pkl,193
MPI_HDM05/bk/HDM_bk_01-01_03_120.pkl,194
MPI_HDM05/bk/HDM_bk_01-01_03_120.pkl,195
MPI_HDM05/bk/HDM_bk_01-01_03_120.pkl,196
MPI_HDM05/bk/HDM_bk_01-01_03_120.pkl,197
MPI_HDM05/bk/HDM_bk_01-01_03_120.pkl,198
MPI_HDM05/bk/HDM_bk_01-01_03_120.pkl,199
MPI_HDM05/bk/HDM_bk_01-01_03_120.pkl,200
MPI_HDM05/bk/HDM_bk_01-01_03_120.pkl,201
MPI_HDM05/bk/HDM_bk_01-01_03_120.pkl,202
MPI_HDM05/bk/HDM_bk_01-01_03_120.pkl,203
MPI_HDM05/bk/HDM_bk_01-01_03_120.pkl,204
MPI_HDM05/bk/HDM_bk_01-01_03_120.pkl,205
MPI_HDM05/bk/HDM_bk_01-01_03_120.pkl,206
MPI_HDM05/bk/HDM_bk_01-01_03_120.pkl,207
MPI_HDM05/bk/HDM_bk_01-01_03_120.pkl,208
MPI_HDM05/bk/HDM_bk_01-01_03_120.pkl,209
MPI_HDM05/bk/HDM_bk_01-01_03_120.pkl,210
MPI_HDM05/bk/HDM_bk_01-01_03_120.pkl,211
MPI_HDM05/bk/HDM_bk_01-01_03_120.pkl,212
MPI_HDM05/bk/HDM_bk_01-01_03_120.pkl,213
MPI_HDM05/bk/HDM_bk_01-01_03_120.pkl,214
MPI_HDM05/bk/HDM_bk_01-01_03_120.pkl,215
MPI_HDM05/bk/HDM_bk_01-01_03_120.pkl,216
MPI_HDM05/bk/HDM_bk_01-01_03_120.pkl,217
MPI_HDM05/bk/HDM_bk_01-01_03_120.pkl,218
MPI_HDM05/bk/HDM_bk_01-01_03_120.pkl,219
MPI_HDM05/bk/HDM_bk_01-01_03_120.pkl,220
MPI_HDM05/bk/HDM_bk_01-01_03_120.pkl,221
MPI_HDM05/bk/HDM_bk_01-01_03_120.pkl,222
MPI_HDM05/bk/HDM_bk_01-01_03_120.pkl,223
MPI_HDM05/bk/HDM_bk_01-01_03_120.pkl,224
MPI_HDM05/bk/HDM_bk_01-01_03_120.pkl,225
MPI_HDM05/bk/HDM_bk_01-01_03_120.pkl,226
MPI_HDM05/bk/HDM_bk_01-01_03_120.pkl,227
MPI_HDM05/bk/HDM_bk_01-01_03_120.pkl,228
MPI_HDM05/bk/HDM_bk_01-01_03_120.pkl,229
MPI_HDM05/bk/HDM_bk_01-01_03_120.pkl,230
MPI_HDM05/bk/HDM_bk_01-01_03_120.pkl,231
MPI_HDM05/bk/HDM_bk_01-01_03_120.pkl,232
MPI_HDM05/bk/HDM_bk_01-03_03_120.pkl,131
MPI_HDM05/bk/HDM_bk_01-03_03_120.pkl,132
MPI_HDM05/bk/HDM_bk_01-03_03_120.pkl,133
MPI_HDM05/bk/HDM_bk_01-03_03_120.pkl,134
MPI_HDM05/bk/HDM_bk_01-03_03_120.pkl,135
MPI_HDM05/bk/HDM_bk_01-03_03_120.pkl,136
MPI_HDM05/bk/HDM_bk_01-03_03_120.pkl,137
MPI_HDM05/bk/HDM_bk_01-03_03_120.pkl,138
MPI_HDM05/bk/HDM_bk_01-03_03_120.pkl,139
MPI_HDM05/bk/HDM_bk_01-03_03_120.pkl,140
MPI_HDM05/bk/HDM_bk_01-03_03_120.pkl,141
MPI_HDM05/bk/HDM_bk_01-03_03_120.pkl,142
MPI_HDM05/bk/HDM_bk_01-03_03_120.pkl,143
MPI_HDM05/bk/HDM_bk_01-03_03_120.pkl,144
MPI_HDM05/bk/HDM_bk_01-03_03_120.pkl,145
MPI_HDM05/bk/HDM_bk_01-03_03_120.pkl,146
MPI_HDM05/bk/HDM_bk_01-03_03_120.pkl,147
MPI_HDM05/bk/HDM_bk_01-03_03_120.pkl,148
MPI_HDM05/bk/HDM_bk_01-03_03_120.pkl,149
MPI_HDM05/bk/HDM_bk_01-03_03_120.pkl,150
MPI_HDM05/bk/HDM_bk_01-03_03_120.pkl,151
MPI_HDM05/bk/HDM_bk_01-03_03_120.pkl,152
MPI_HDM05/bk/HDM_bk_01-03_03_120.pkl,153
MPI_HDM05/bk/HDM_bk_01-03_03_120.pkl,154
MPI_HDM05/bk/HDM_bk_01-03_03_120.pkl,155
MPI_HDM05/bk/HDM_bk_01-03_03_120.pkl,156
MPI_HDM05/bk/HDM_bk_01-03_03_120.pkl,157
MPI_HDM05/bk/HDM_bk_01-03_03_120.pkl,158
MPI_HDM05/bk/HDM_bk_01-03_03_120.pkl,159
MPI_HDM05/bk/HDM_bk_01-03_03_120.pkl,160
MPI_HDM05/bk/HDM_bk_01-03_03_120.pkl,161
MPI_HDM05/bk/HDM_bk_01-03_03_120.pkl,162
MPI_HDM05/bk/HDM_bk_01-03_03_120.pkl,163
MPI_HDM05/bk/HDM_bk_01-03_03_120.pkl,164
MPI_HDM05/bk/HDM_bk_01-03_03_120.pkl,165
MPI_HDM05/bk/HDM_bk_01-03_03_120.pkl,166
MPI_HDM05/bk/HDM_bk_01-03_03_120.pkl,167
MPI_HDM05/bk/HDM_bk_01-03_03_120.pkl,168
MPI_HDM05/bk/HDM_bk_01-03_03_120.pkl,169
MPI_HDM05/bk/HDM_bk_01-03_03_120.pkl,170
MPI_HDM05/bk/HDM_bk_01-03_03_120.pkl,171
MPI_HDM05/bk/HDM_bk_01-03_03_120.pkl,172
MPI_HDM05/bk/HDM_bk_01-03_03_120.pkl,173
MPI_HDM05/bk/HDM_bk_01-03_03_120.pkl,174
MPI_HDM05/bk/HDM_bk_01-03_03_120.pkl,175
MPI_HDM05/bk/HDM_bk_01-03_03_120.pkl,176
MPI_HDM05/bk/HDM_bk_01-03_03_120.pkl,177
MPI_HDM05/bk/HDM_bk_01-03_03_120.pkl,178
MPI_HDM05/bk/HDM_bk_01-03_03_120.pkl,179
MPI_HDM05/bk/HDM_bk_01-03_03_120.pkl,180
MPI_HDM05/bk/HDM_bk_01-03_03_120.pkl,181
MPI_HDM05/bk/HDM_bk_01-03_03_120.pkl,182
MPI_HDM05/bk/HDM_bk_01-03_03_120.pkl,183
MPI_HDM05/bk/HDM_bk_01-03_03_120.pkl,184
MPI_HDM05/bk/HDM_bk_01-03_03_120.pkl,185
MPI_HDM05/bk/HDM_bk_01-03_03_120.pkl,186
MPI_HDM05/bk/HDM_bk_01-03_03_120.pkl,187
MPI_HDM05/bk/HDM_bk_01-03_03_120.pkl,188
MPI_HDM05/bk/HDM_bk_01-03_03_120.pkl,189
MPI_HDM05/bk/HDM_bk_01-03_03_120.pkl,190
MPI_HDM05/bk/HDM_bk_01-03_03_120.pkl,191
MPI_HDM05/bk/HDM_bk_01-03_03_120.pkl,192
MPI_HDM05/bk/HDM_bk_01-03_03_120.pkl,193
MPI_HDM05/bk/HDM_bk_01-03_03_120.pkl,194
MPI_HDM05/bk/HDM_bk_01-03_03_120.pkl,195
MPI_HDM05/bk/HDM_bk_01-03_03_120.pkl,196
MPI_HDM05/bk/HDM_bk_01-03_03_120.pkl,197
MPI_HDM05/bk/HDM_bk_01-03_03_120.pkl,198
MPI_HDM05/bk/HDM_bk_01-03_03_120.pkl,199
MPI_HDM05/bk/HDM_bk_01-03_03_120.pkl,200
MPI_HDM05/bk/HDM_bk_01-03_03_120.pkl,201
MPI_HDM05/bk/HDM_bk_01-03_03_120.pkl,202
MPI_HDM05/bk/HDM_bk_01-03_03_120.pkl,203
MPI_HDM05/bk/HDM_bk_01-03_03_120.pkl,204
MPI_HDM05/bk/HDM_bk_01-03_03_120.pkl,205
MPI_HDM05/bk/HDM_bk_01-03_03_120.pkl,206
MPI_HDM05/bk/HDM_bk_01-03_03_120.pkl,207
MPI_HDM05/bk/HDM_bk_01-03_03_120.pkl,273
MPI_HDM05/bk/HDM_bk_01-03_03_120.pkl,274
MPI_HDM05/bk/HDM_bk_01-03_03_120.pkl,275
MPI_HDM05/bk/HDM_bk_01-03_03_120.pkl,276
MPI_HDM05/bk/HDM_bk_01-03_03_120.pkl,277
MPI_HDM05/bk/HDM_bk_01-03_03_120.pkl,278
MPI_HDM05/bk/HDM_bk_01-03_03_120.pkl,279
MPI_HDM05/bk/HDM_bk_01-03_03_120.pkl,280
MPI_HDM05/bk/HDM_bk_01-03_03_120.pkl,281
MPI_HDM05/bk/HDM_bk_01-03_03_120.pkl,282
MPI_HDM05/bk/HDM_bk_01-03_03_120.pkl,283
MPI_HDM05/bk/HDM_bk_01-03_03_120.pkl,284
MPI_HDM05/bk/HDM_bk_01-03_03_120.pkl,285
MPI_HDM05/bk/HDM_bk_01-03_03_120.pkl,286
MPI_HDM05/bk/HDM_bk_01-03_03_120.pkl,287
MPI_HDM05/bk/HDM_bk_01-03_03_120.pkl,288
MPI_HDM05/bk/HDM_bk_01-03_03_120.pkl,289
MPI_HDM05/bk/HDM_bk_01-03_03_120.pkl,290
MPI_HDM05/bk/HDM_bk_01-03_03_120.pkl,291
MPI_HDM05/bk/HDM_bk_01-03_03_120.pkl,292
MPI_HDM05/bk/HDM_bk_01-03_03_120.pkl,293
MPI_HDM05/bk/HDM_bk_01-03_03_120.pkl,294
MPI_HDM05/bk/HDM_bk_01-03_03_120.pkl,295
MPI_HDM05/bk/HDM_bk_01-03_03_120.pkl,296
MPI_HDM05/bk/HDM_bk_01-03_03_120.pkl,297
MPI_HDM05/bk/HDM_bk_01-03_03_120.pkl,298
MPI_HDM05/bk/HDM_bk_01-03_03_120.pkl,299
MPI_HDM05/bk/HDM_bk_01-03_03_120.pkl,300
MPI_HDM05/bk/HDM_bk_01-03_03_120.pkl,301
MPI_HDM05/bk/HDM_bk_01-03_03_120.pkl,302
MPI_HDM05/bk/HDM_bk_01-03_03_120.pkl,303
MPI_HDM05/bk/HDM_bk_01-03_03_120.pkl,304
MPI_HDM05/bk/HDM_bk_01-03_03_120.pkl,305
MPI_HDM05/bk/HDM_bk_01-03_03_120.pkl,306
MPI_HDM05/bk/HDM_bk_01-03_03_120.pkl,307
MPI_HDM05/bk/HDM_bk_01-03_03_120.pkl,308
MPI_HDM05/bk/HDM_bk_01-03_03_120.pkl,309
MPI_HDM05/bk/HDM_bk_01-03_03_120.pkl,310
MPI_HDM05/bk/HDM_bk_01-03_03_120.pkl,311
MPI_HDM05/bk/HDM_bk_01-03_03_120.pkl,312
MPI_HDM05/bk/HDM_bk_01-03_03_120.pkl,313
MPI_HDM05/bk/HDM_bk_01-03_03_120.pkl,314
MPI_HDM05/bk/HDM_bk_01-03_03_120.pkl,315
MPI_HDM05/bk/HDM_bk_01-03_03_120.pkl,316
MPI_HDM05/bk/HDM_bk_01-03_03_120.pkl,317
MPI_HDM05/bk/HDM_bk_01-03_03_120.pkl,318
MPI_HDM05/bk/HDM_bk_01-03_03_120.pkl,319
MPI_HDM05/bk/HDM_bk_01-03_03_120.pkl,320
MPI_HDM05/bk/HDM_bk_01-03_03_120.pkl,321
MPI_HDM05/bk/HDM_bk_01-03_03_120.pkl,322
MPI_HDM05/bk/HDM_bk_01-03_03_120.pkl,323
MPI_HDM05/bk/HDM_bk_01-03_03_120.pkl,324
MPI_HDM05/bk/HDM_bk_01-03_03_120.pkl,325
MPI_HDM05/bk/HDM_bk_01-03_03_120.pkl,326
MPI_HDM05/bk/HDM_bk_01-03_03_120.pkl,327
MPI_HDM05/bk/HDM_bk_01-03_03_120.pkl,328
MPI_HDM05/bk/HDM_bk_01-03_03_120.pkl,329
MPI_HDM05/bk/HDM_bk_01-03_03_120.pkl,330
MPI_HDM05/bk/HDM_bk_01-03_03_120.pkl,331
MPI_HDM05/bk/HDM_bk_01-03_03_120.pkl,332
MPI_HDM05/bk/HDM_bk_01-03_03_120.pkl,333
MPI_HDM05/bk/HDM_bk_01-03_03_120.pkl,334
MPI_HDM05/bk/HDM_bk_01-03_03_120.pkl,335
MPI_HDM05/bk/HDM_bk_01-03_03_120.pkl,336
MPI_HDM05/bk/HDM_bk_01-03_03_120.pkl,337
MPI_HDM05/bk/HDM_bk_01-03_03_120.pkl,338
MPI_HDM05/bk/HDM_bk_01-03_03_120.pkl,339
MPI_HDM05/bk/HDM_bk_01-03_03_120.pkl,340
MPI_HDM05/bk/HDM_bk_01-03_03_120.pkl,341
MPI_HDM05/bk/HDM_bk_01-03_03_120.pkl,342
MPI_HDM05/bk/HDM_bk_01-03_03_120.pkl,343
MPI_HDM05/bk/HDM_bk_01-03_03_120.pkl,344
MPI_HDM05/bk/HDM_bk_01-03_03_120.pkl,345
MPI_HDM05/bk/HDM_bk_01-03_03_120.pkl,346
MPI_HDM05/bk/HDM_bk_01-03_03_120.pkl,347
MPI_HDM05/bk/HDM_bk_01-03_03_120.pkl,348
MPI_HDM05/bk/HDM_bk_01-03_03_120.pkl,349
MPI_HDM05/bk/HDM_bk_01-03_03_120.pkl,350
MPI_HDM05/bk/HDM_bk_01-03_03_120.pkl,351
MPI_HDM05/bk/HDM_bk_01-03_03_120.pkl,352
MPI_HDM05/bk/HDM_bk_01-03_03_120.pkl,353
MPI_HDM05/bk/HDM_bk_01-03_03_120.pkl,354
MPI_HDM05/bk/HDM_bk_01-03_03_120.pkl,355
MPI_HDM05/bk/HDM_bk_01-03_03_120.pkl,356
MPI_HDM05/bk/HDM_bk_01-03_03_120.pkl,397
MPI_HDM05/bk/HDM_bk_01-03_03_120.pkl,398
MPI_HDM05/bk/HDM_bk_01-03_03_120.pkl,399
MPI_HDM05/bk/HDM_bk_01-03_03_120.pkl,400
MPI_HDM05/bk/HDM_bk_01-03_03_120.pkl,401
MPI_HDM05/bk/HDM_bk_01-03_03_120.pkl,402
MPI_HDM05/bk/HDM_bk_01-03_03_120.pkl,403
MPI_HDM05/bk/HDM_bk_01-03_03_120.pkl,404
MPI_HDM05/bk/HDM_bk_01-03_03_120.pkl,405
MPI_HDM05/bk/HDM_bk_01-03_03_120.pkl,406
MPI_HDM05/bk/HDM_bk_01-03_03_120.pkl,407
MPI_HDM05/bk/HDM_bk_01-03_03_120.pkl,408
MPI_HDM05/bk/HDM_bk_01-03_03_120.pkl,409
MPI_HDM05/bk/HDM_bk_01-03_03_120.pkl,410
MPI_HDM05/bk/HDM_bk_01-03_03_120.pkl,411
MPI_HDM05/bk/HDM_bk_01-03_03_120.pkl,412
MPI_HDM05/bk/HDM_bk_01-03_03_120.pkl,413
MPI_HDM05/bk/HDM_bk_01-03_03_120.pkl,414
MPI_HDM05/bk/HDM_bk_01-03_03_120.pkl,415
MPI_HDM05/bk/HDM_bk_01-03_03_120.pkl,416
MPI_HDM05/bk/HDM_bk_01-03_03_120.pkl,928
MPI_HDM05/bk/HDM_bk_01-03_03_120.pkl,929
MPI_HDM05/bk/HDM_bk_01-03_03_120.pkl,930
MPI_HDM05/bk/HDM_bk_01-03_03_120.pkl,931
MPI_HDM05/bk/HDM_bk_01-03_03_120.pkl,932
MPI_HDM05/bk/HDM_bk_01-03_03_120.pkl,933
MPI_HDM05/bk/HDM_bk_01-03_03_120.pkl,934
MPI_HDM05/bk/HDM_bk_01-03_03_120.pkl,935
MPI_HDM05/bk/HDM_bk_01-03_03_120.pkl,936
MPI_HDM05/bk/HDM_bk_01-03_03_120.pkl,937
MPI_HDM05/bk/HDM_bk_01-03_03_120.pkl,938
MPI_HDM05/bk/HDM_bk_01-03_03_120.pkl,939
MPI_HDM05/bk/HDM_bk_01-03_03_120.pkl,940
MPI_HDM05/bk/HDM_bk_01-03_03_120.pkl,941
MPI_HDM05/bk/HDM_bk_01-03_03_120.pkl,942
MPI_HDM05/bk/HDM_bk_01-03_03_120.pkl,943
MPI_HDM05/bk/HDM_bk_01-03_03_120.pkl,944
MPI_HDM05/bk/HDM_bk_01-03_03_120.pkl,945
MPI_HDM05/bk/HDM_bk_01-03_03_120.pkl,946
MPI_HDM05/bk/HDM_bk_01-03_03_120.pkl,947
MPI_HDM05/bk/HDM_bk_01-03_03_120.pkl,948
MPI_HDM05/bk/HDM_bk_01-03_03_120.pkl,949
MPI_HDM05/bk/HDM_bk_01-03_03_120.pkl,950
MPI_HDM05/bk/HDM_bk_01-03_03_120.pkl,951
MPI_HDM05/bk/HDM_bk_01-03_03_120.pkl,952
MPI_HDM05/bk/HDM_bk_01-03_03_120.pkl,953
MPI_HDM05/bk/HDM_bk_01-03_03_120.pkl,954
MPI_HDM05/bk/HDM_bk_01-03_03_120.pkl,955
MPI_HDM05/bk/HDM_bk_01-03_03_120.pkl,956
MPI_HDM05/bk/HDM_bk_01-03_03_120.pkl,957
MPI_HDM05/bk/HDM_bk_01-03_03_120.pkl,958
MPI_HDM05/bk/HDM_bk_01-03_03_120.pkl,959
MPI_HDM05/bk/HDM_bk_01-03_03_120.pkl,960
MPI_HDM05/bk/HDM_bk_01-03_03_120.pkl,961
MPI_HDM05/bk/HDM_bk_01-03_03_120.pkl,962
MPI_HDM05/bk/HDM_bk_02-02_01_120.pkl,114
MPI_HDM05/bk/HDM_bk_02-02_01_120.pkl,115
MPI_HDM05/bk/HDM_bk_02-02_01_120.pkl,116
MPI_HDM05/bk/HDM_bk_02-02_01_120.pkl,117
MPI_HDM05/bk/HDM_bk_02-02_01_120.pkl,118
MPI_HDM05/bk/HDM_bk_02-02_01_120.pkl,119
MPI_HDM05/bk/HDM_bk_02-02_01_120.pkl,120
MPI_HDM05/bk/HDM_bk_02-02_01_120.pkl,121
MPI_HDM05/bk/HDM_bk_02-02_01_120.pkl,122
MPI_HDM05/bk/HDM_bk_02-02_01_120.pkl,123
MPI_HDM05/bk/HDM_bk_02-02_01_120.pkl,124
MPI_HDM05/bk/HDM_bk_02-02_01_120.pkl,125
MPI_HDM05/bk/HDM_bk_02-02_01_120.pkl,126
MPI_HDM05/bk/HDM_bk_02-02_01_120.pkl,127
MPI_HDM05/bk/HDM_bk_02-02_01_120.pkl,128
MPI_HDM05/bk/HDM_bk_02-02_01_120.pkl,129
MPI_HDM05/bk/HDM_bk_02-02_01_120.pkl,130
MPI_HDM05/bk/HDM_bk_02-02_01_120.pkl,131
MPI_HDM05/bk/HDM_bk_02-02_01_120.pkl,132
MPI_HDM05/bk/HDM_bk_02-02_01_120.pkl,133
MPI_HDM05/bk/HDM_bk_02-02_01_120.pkl,134
MPI_HDM05/bk/HDM_bk_02-02_01_120.pkl,135
MPI_HDM05/bk/HDM_bk_02-02_01_120.pkl,136
MPI_HDM05/bk/HDM_bk_02-02_01_120.pkl,137
MPI_HDM05/bk/HDM_bk_02-02_01_120.pkl,138
MPI_HDM05/bk/HDM_bk_02-02_01_120.pkl,139
MPI_HDM05/bk/HDM_bk_02-02_01_120.pkl,140
MPI_HDM05/bk/HDM_bk_02-02_01_120.pkl,141
MPI_HDM05/bk/HDM_bk_02-02_01_120.pkl,142
MPI_HDM05/bk/HDM_bk_02-02_01_120.pkl,143
MPI_HDM05/bk/HDM_bk_02-02_01_120.pkl,144
MPI_HDM05/bk/HDM_bk_02-02_01_120.pkl,145
MPI_HDM05/bk/HDM_bk_02-02_01_120.pkl,146
MPI_HDM05/bk/HDM_bk_02-02_01_120.pkl,147
MPI_HDM05/bk/HDM_bk_02-02_01_120.pkl,148
MPI_HDM05/bk/HDM_bk_02-02_01_120.pkl,149
MPI_HDM05/bk/HDM_bk_02-02_01_120.pkl,150
MPI_HDM05/bk/HDM_bk_02-02_01_120.pkl,151
MPI_HDM05/bk/HDM_bk_02-02_01_120.pkl,152
MPI_HDM05/bk/HDM_bk_02-02_01_120.pkl,153
MPI_HDM05/bk/HDM_bk_02-02_01_120.pkl,154
MPI_HDM05/bk/HDM_bk_02-02_01_120.pkl,155
MPI_HDM05/bk/HDM_bk_02-02_01_120.pkl,156
MPI_HDM05/bk/HDM_bk_02-02_01_120.pkl,157
MPI_HDM05/bk/HDM_bk_02-02_01_120.pkl,158
MPI_HDM05/bk/HDM_bk_02-02_01_120.pkl,159
MPI_HDM05/bk/HDM_bk_02-02_01_120.pkl,160
MPI_HDM05/bk/HDM_bk_02-02_01_120.pkl,161
MPI_HDM05/bk/HDM_bk_02-02_01_120.pkl,162
MPI_HDM05/bk/HDM_bk_02-02_01_120.pkl,163
MPI_HDM05/bk/HDM_bk_02-02_01_120.pkl,164
MPI_HDM05/bk/HDM_bk_02-02_01_120.pkl,242
MPI_HDM05/bk/HDM_bk_02-02_01_120.pkl,243
MPI_HDM05/bk/HDM_bk_02-02_01_120.pkl,244
MPI_HDM05/bk/HDM_bk_02-02_01_120.pkl,245
MPI_HDM05/bk/HDM_bk_02-02_01_120.pkl,246
MPI_HDM05/bk/HDM_bk_02-02_01_120.pkl,247
MPI_HDM05/bk/HDM_bk_02-02_01_120.pkl,248
MPI_HDM05/bk/HDM_bk_02-02_01_120.pkl,249
MPI_HDM05/bk/HDM_bk_02-02_01_120.pkl,250
MPI_HDM05/bk/HDM_bk_02-02_01_120.pkl,251
MPI_HDM05/bk/HDM_bk_02-02_01_120.pkl,252
MPI_HDM05/bk/HDM_bk_02-02_01_120.pkl,253
MPI_HDM05/bk/HDM_bk_02-02_01_120.pkl,254
MPI_HDM05/bk/HDM_bk_02-02_01_120.pkl,255
MPI_HDM05/bk/HDM_bk_02-02_01_120.pkl,256
MPI_HDM05/bk/HDM_bk_02-02_01_120.pkl,257
MPI_HDM05/bk/HDM_bk_02-02_01_120.pkl,258
MPI_HDM05/bk/HDM_bk_02-02_01_120.pkl,259
MPI_HDM05/bk/HDM_bk_02-02_01_120.pkl,260
MPI_HDM05/bk/HDM_bk_02-02_01_120.pkl,261
MPI_HDM05/bk/HDM_bk_02-02_01_120.pkl,262
MPI_HDM05/bk/HDM_bk_02-02_01_120.pkl,263
MPI_HDM05/bk/HDM_bk_02-02_01_120.pkl,264
MPI_HDM05/bk/HDM_bk_02-02_01_120.pkl,265
MPI_HDM05/bk/HDM_bk_02-02_01_120.pkl,266
MPI_HDM05/bk/HDM_bk_02-02_01_120.pkl,267
MPI_HDM05/bk/HDM_bk_02-02_01_120.pkl,268
MPI_HDM05/bk/HDM_bk_02-02_01_120.pkl,269
MPI_HDM05/bk/HDM_bk_02-02_01_120.pkl,270
MPI_HDM05/bk/HDM_bk_02-02_01_120.pkl,271
MPI_HDM05/bk/HDM_bk_02-02_01_120.pkl,272
MPI_HDM05/bk/HDM_bk_02-02_01_120.pkl,273
MPI_HDM05/bk/HDM_bk_02-02_01_120.pkl,274
MPI_HDM05/bk/HDM_bk_02-02_01_120.pkl,275
MPI_HDM05/bk/HDM_bk_02-02_01_120.pkl,276
MPI_HDM05/bk/HDM_bk_02-02_01_120.pkl,277
MPI_HDM05/bk/HDM_bk_02-02_01_120.pkl,278
MPI_HDM05/bk/HDM_bk_02-02_01_120.pkl,279
MPI_HDM05/bk/HDM_bk_02-02_01_120.pkl,280
MPI_HDM05/bk/HDM_bk_02-02_01_120.pkl,281
MPI_HDM05/bk/HDM_bk_02-02_01_120.pkl,282
MPI_HDM05/bk/HDM_bk_02-02_01_120.pkl,283
MPI_HDM05/bk/HDM_bk_02-02_01_120.pkl,284
MPI_HDM05/bk/HDM_bk_02-02_01_120.pkl,285
MPI_HDM05/bk/HDM_bk_02-02_01_120.pkl,286
MPI_HDM05/bk/HDM_bk_02-02_01_120.pkl,287
MPI_HDM05/bk/HDM_bk_02-02_01_120.pkl,288
MPI_HDM05/bk/HDM_bk_02-02_01_120.pkl,289
MPI_HDM05/bk/HDM_bk_02-02_01_120.pkl,339
MPI_HDM05/bk/HDM_bk_02-02_01_120.pkl,340
MPI_HDM05/bk/HDM_bk_02-02_01_120.pkl,341
MPI_HDM05/bk/HDM_bk_02-02_01_120.pkl,342
MPI_HDM05/bk/HDM_bk_02-02_01_120.pkl,343
MPI_HDM05/bk/HDM_bk_02-02_01_120.pkl,344
MPI_HDM05/bk/HDM_bk_02-02_01_120.pkl,345
MPI_HDM05/bk/HDM_bk_02-02_01_120.pkl,346
MPI_HDM05/bk/HDM_bk_02-02_01_120.pkl,347
MPI_HDM05/bk/HDM_bk_02-02_01_120.pkl,348
MPI_HDM05/bk/HDM_bk_02-02_01_120.pkl,349
MPI_HDM05/bk/HDM_bk_02-02_01_120.pkl,350
MPI_HDM05/bk/HDM_bk_02-02_01_120.pkl,351
MPI_HDM05/bk/HDM_bk_02-02_01_120.pkl,352
MPI_HDM05/bk/HDM_bk_02-02_01_120.pkl,353
MPI_HDM05/bk/HDM_bk_02-02_01_120.pkl,354
MPI_HDM05/bk/HDM_bk_02-02_01_120.pkl,355
MPI_HDM05/bk/HDM_bk_02-02_01_120.pkl,356
MPI_HDM05/bk/HDM_bk_02-02_01_120.pkl,357
MPI_HDM05/bk/HDM_bk_02-02_01_120.pkl,358
MPI_HDM05/bk/HDM_bk_02-02_01_120.pkl,359
MPI_HDM05/bk/HDM_bk_02-02_01_120.pkl,360
MPI_HDM05/bk/HDM_bk_02-02_01_120.pkl,361
MPI_HDM05/bk/HDM_bk_02-02_01_120.pkl,362
MPI_HDM05/bk/HDM_bk_02-02_01_120.pkl,363
MPI_HDM05/bk/HDM_bk_02-02_01_120.pkl,364
MPI_HDM05/bk/HDM_bk_02-02_01_120.pkl,365
MPI_HDM05/bk/HDM_bk_02-02_01_120.pkl,366
MPI_HDM05/bk/HDM_bk_02-02_01_120.pkl,367
MPI_HDM05/bk/HDM_bk_02-02_01_120.pkl,368
MPI_HDM05/bk/HDM_bk_02-02_01_120.pkl,369
MPI_HDM05/bk/HDM_bk_02-02_01_120.pkl,370
MPI_HDM05/bk/HDM_bk_02-02_01_120.pkl,371
MPI_HDM05/bk/HDM_bk_02-02_01_120.pkl,372
MPI_HDM05/bk/HDM_bk_02-02_01_120.pkl,373
MPI_HDM05/bk/HDM_bk_02-02_01_120.pkl,374
MPI_HDM05/bk/HDM_bk_02-02_01_120.pkl,375
MPI_HDM05/bk/HDM_bk_02-02_01_120.pkl,376
MPI_HDM05/bk/HDM_bk_02-02_01_120.pkl,377
MPI_HDM05/bk/HDM_bk_02-02_01_120.pkl,378
MPI_HDM05/bk/HDM_bk_02-02_01_120.pkl,379
MPI_HDM05/bk/HDM_bk_02-02_01_120.pkl,380
MPI_HDM05/bk/HDM_bk_02-02_01_120.pkl,381
MPI_HDM05/bk/HDM_bk_02-02_01_120.pkl,382
MPI_HDM05/bk/HDM_bk_02-02_01_120.pkl,383
MPI_HDM05/bk/HDM_bk_02-02_01_120.pkl,384
MPI_HDM05/bk/HDM_bk_02-02_01_120.pkl,385
MPI_HDM05/bk/HDM_bk_02-02_01_120.pkl,471
MPI_HDM05/bk/HDM_bk_02-02_01_120.pkl,472
MPI_HDM05/bk/HDM_bk_02-02_01_120.pkl,473
MPI_HDM05/bk/HDM_bk_02-02_01_120.pkl,474
MPI_HDM05/bk/HDM_bk_02-02_01_120.pkl,475
MPI_HDM05/bk/HDM_bk_02-02_01_120.pkl,476
MPI_HDM05/bk/HDM_bk_02-02_01_120.pkl,477
MPI_HDM05/bk/HDM_bk_02-02_01_120.pkl,478
MPI_HDM05/bk/HDM_bk_02-02_01_120.pkl,479
MPI_HDM05/bk/HDM_bk_02-02_01_120.pkl,480
MPI_HDM05/bk/HDM_bk_02-02_01_120.pkl,481
MPI_HDM05/bk/HDM_bk_02-02_01_120.pkl,482
MPI_HDM05/bk/HDM_bk_02-02_01_120.pkl,483
MPI_HDM05/bk/HDM_bk_02-02_01_120.pkl,484
MPI_HDM05/bk/HDM_bk_02-02_01_120.pkl,485
MPI_HDM05/bk/HDM_bk_02-02_01_120.pkl,486
MPI_HDM05/bk/HDM_bk_02-02_01_120.pkl,487
MPI_HDM05/bk/HDM_bk_02-02_01_120.pkl,488
MPI_HDM05/bk/HDM_bk_02-02_01_120.pkl,489
MPI_HDM05/bk/HDM_bk_02-02_01_120.pkl,490
MPI_HDM05/bk/HDM_bk_02-02_01_120.pkl,491
MPI_HDM05/bk/HDM_bk_02-02_01_120.pkl,492
MPI_HDM05/bk/HDM_bk_02-02_01_120.pkl,493
MPI_HDM05/bk/HDM_bk_02-02_01_120.pkl,494
MPI_HDM05/bk/HDM_bk_02-02_01_120.pkl,495
MPI_HDM05/bk/HDM_bk_02-02_01_120.pkl,496
MPI_HDM05/bk/HDM_bk_02-02_01_120.pkl,497
MPI_HDM05/bk/HDM_bk_02-02_01_120.pkl,498
MPI_HDM05/bk/HDM_bk_02-02_01_120.pkl,499
MPI_HDM05/bk/HDM_bk_02-02_01_120.pkl,500
MPI_HDM05/bk/HDM_bk_02-02_01_120.pkl,501
MPI_HDM05/bk/HDM_bk_02-02_01_120.pkl,502
MPI_HDM05/bk/HDM_bk_02-02_01_120.pkl,503
MPI_HDM05/bk/HDM_bk_02-02_01_120.pkl,504
MPI_HDM05/bk/HDM_bk_02-02_01_120.pkl,505
MPI_HDM05/bk/HDM_bk_02-02_01_120.pkl,550
MPI_HDM05/bk/HDM_bk_02-02_01_120.pkl,551
MPI_HDM05/bk/HDM_bk_02-02_01_120.pkl,552
MPI_HDM05/bk/HDM_bk_02-02_01_120.pkl,553
MPI_HDM05/bk/HDM_bk_02-02_01_120.pkl,554
MPI_HDM05/bk/HDM_bk_02-02_01_120.pkl,555
MPI_HDM05/bk/HDM_bk_02-02_01_120.pkl,556
MPI_HDM05/bk/HDM_bk_02-02_01_120.pkl,557
MPI_HDM05/bk/HDM_bk_02-02_01_120.pkl,558
MPI_HDM05/bk/HDM_bk_02-02_01_120.pkl,559
MPI_HDM05/bk/HDM_bk_02-02_01_120.pkl,560
MPI_HDM05/bk/HDM_bk_02-02_01_120.pkl,561
MPI_HDM05/bk/HDM_bk_02-02_01_120.pkl,562
MPI_HDM05/bk/HDM_bk_02-02_01_120.pkl,563
MPI_HDM05/bk/HDM_bk_02-02_01_120.pkl,564
MPI_HDM05/bk/HDM_bk_02-02_01_120.pkl,565
MPI_HDM05/bk/HDM_bk_02-02_01_120.pkl,566
MPI_HDM05/bk/HDM_bk_02-02_01_120.pkl,567
MPI_HDM05/bk/HDM_bk_02-02_01_120.pkl,568
MPI_HDM05/bk/HDM_bk_02-02_01_120.pkl,569
MPI_HDM05/bk/HDM_bk_02-02_01_120.pkl,570
MPI_HDM05/bk/HDM_bk_02-02_01_120.pkl,571
MPI_HDM05/bk/HDM_bk_02-02_01_120.pkl,572
MPI_HDM05/bk/HDM_bk_02-02_01_120.pkl,573
MPI_HDM05/bk/HDM_bk_02-02_01_120.pkl,574
MPI_HDM05/bk/HDM_bk_02-02_01_120.pkl,575
MPI_HDM05/bk/HDM_bk_02-02_01_120.pkl,576
MPI_HDM05/bk/HDM_bk_02-02_01_120.pkl,577
MPI_HDM05/bk/HDM_bk_02-02_01_120.pkl,578
MPI_HDM05/bk/HDM_bk_02-02_01_120.pkl,579
MPI_HDM05/bk/HDM_bk_02-02_01_120.pkl,580
MPI_HDM05/bk/HDM_bk_02-02_01_120.pkl,581
MPI_HDM05/bk/HDM_bk_02-02_01_120.pkl,582
MPI_HDM05/bk/HDM_bk_02-02_01_120.pkl,583
MPI_HDM05/bk/HDM_bk_02-02_01_120.pkl,584
MPI_HDM05/bk/HDM_bk_02-02_01_120.pkl,585
MPI_HDM05/bk/HDM_bk_02-02_01_120.pkl,586
MPI_HDM05/bk/HDM_bk_02-02_01_120.pkl,587
MPI_HDM05/bk/HDM_bk_02-02_01_120.pkl,588
MPI_HDM05/bk/HDM_bk_02-02_01_120.pkl,589
MPI_HDM05/bk/HDM_bk_02-02_01_120.pkl,590
MPI_HDM05/bk/HDM_bk_02-02_01_120.pkl,668
MPI_HDM05/bk/HDM_bk_02-02_01_120.pkl,669
MPI_HDM05/bk/HDM_bk_02-02_01_120.pkl,670
MPI_HDM05/bk/HDM_bk_02-02_01_120.pkl,671
MPI_HDM05/bk/HDM_bk_02-02_01_120.pkl,672
MPI_HDM05/bk/HDM_bk_02-02_01_120.pkl,673
MPI_HDM05/bk/HDM_bk_02-02_01_120.pkl,674
MPI_HDM05/bk/HDM_bk_02-02_01_120.pkl,675
MPI_HDM05/bk/HDM_bk_02-02_01_120.pkl,676
MPI_HDM05/bk/HDM_bk_02-02_01_120.pkl,677
MPI_HDM05/bk/HDM_bk_02-02_01_120.pkl,678
MPI_HDM05/bk/HDM_bk_02-02_01_120.pkl,679
MPI_HDM05/bk/HDM_bk_02-02_01_120.pkl,680
MPI_HDM05/bk/HDM_bk_02-02_01_120.pkl,681
MPI_HDM05/bk/HDM_bk_02-02_01_120.pkl,682
MPI_HDM05/bk/HDM_bk_02-02_01_120.pkl,683
MPI_HDM05/bk/HDM_bk_02-02_01_120.pkl,684
MPI_HDM05/bk/HDM_bk_02-02_01_120.pkl,685
MPI_HDM05/bk/HDM_bk_02-02_01_120.pkl,686
MPI_HDM05/bk/HDM_bk_02-02_01_120.pkl,687
MPI_HDM05/bk/HDM_bk_02-02_01_120.pkl,688
MPI_HDM05/bk/HDM_bk_02-02_01_120.pkl,689
MPI_HDM05/bk/HDM_bk_02-02_01_120.pkl,690
MPI_HDM05/bk/HDM_bk_02-02_01_120.pkl,691
MPI_HDM05/bk/HDM_bk_02-02_01_120.pkl,692
MPI_HDM05/bk/HDM_bk_02-02_01_120.pkl,693
MPI_HDM05/bk/HDM_bk_02-02_01_120.pkl,694
MPI_HDM05/bk/HDM_bk_02-02_01_120.pkl,695
MPI_HDM05/bk/HDM_bk_02-02_01_120.pkl,696
MPI_HDM05/bk/HDM_bk_02-02_01_120.pkl,697
MPI_HDM05/bk/HDM_bk_02-02_01_120.pkl,698
MPI_HDM05/bk/HDM_bk_02-02_01_120.pkl,699
MPI_HDM05/bk/HDM_bk_02-02_01_120.pkl,700
MPI_HDM05/bk/HDM_bk_02-02_01_120.pkl,701
MPI_HDM05/bk/HDM_bk_02-02_01_120.pkl,702
MPI_HDM05/bk/HDM_bk_02-02_01_120.pkl,737
MPI_HDM05/bk/HDM_bk_02-02_01_120.pkl,738
MPI_HDM05/bk/HDM_bk_02-02_01_120.pkl,739
MPI_HDM05/bk/HDM_bk_02-02_01_120.pkl,740
MPI_HDM05/bk/HDM_bk_02-02_01_120.pkl,741
MPI_HDM05/bk/HDM_bk_02-02_01_120.pkl,742
MPI_HDM05/bk/HDM_bk_02-02_01_120.pkl,743
MPI_HDM05/bk/HDM_bk_02-02_01_120.pkl,744
MPI_HDM05/bk/HDM_bk_02-02_01_120.pkl,745
MPI_HDM05/bk/HDM_bk_02-02_01_120.pkl,746
MPI_HDM05/bk/HDM_bk_02-02_01_120.pkl,747
MPI_HDM05/bk/HDM_bk_02-02_01_120.pkl,748
MPI_HDM05/bk/HDM_bk_02-02_01_120.pkl,749
MPI_HDM05/bk/HDM_bk_02-02_01_120.pkl,750
MPI_HDM05/bk/HDM_bk_02-02_01_120.pkl,751
MPI_HDM05/bk/HDM_bk_02-02_01_120.pkl,752
MPI_HDM05/bk/HDM_bk_02-02_01_120.pkl,753
MPI_HDM05/bk/HDM_bk_02-02_01_120.pkl,754
MPI_HDM05/bk/HDM_bk_02-02_01_120.pkl,755
MPI_HDM05/bk/HDM_bk_02-02_01_120.pkl,756
MPI_HDM05/bk/HDM_bk_02-02_01_120.pkl,757
MPI_HDM05/bk/HDM_bk_02-02_01_120.pkl,758
MPI_HDM05/bk/HDM_bk_02-02_01_120.pkl,759
MPI_HDM05/bk/HDM_bk_02-02_01_120.pkl,760
MPI_HDM05/bk/HDM_bk_02-02_01_120.pkl,761
MPI_HDM05/bk/HDM_bk_02-02_01_120.pkl,762
MPI_HDM05/bk/HDM_bk_02-02_01_120.pkl,763
MPI_HDM05/bk/HDM_bk_02-02_01_120.pkl,764
MPI_HDM05/bk/HDM_bk_02-02_01_120.pkl,765
MPI_HDM05/bk/HDM_bk_02-02_01_120.pkl,766
MPI_HDM05/bk/HDM_bk_02-02_01_120.pkl,767
MPI_HDM05/bk/HDM_bk_02-02_01_120.pkl,768
MPI_HDM05/bk/HDM_bk_02-02_01_120.pkl,769
MPI_HDM05/bk/HDM_bk_02-02_01_120.pkl,770
MPI_HDM05/bk/HDM_bk_02-02_01_120.pkl,771
MPI_HDM05/bk/HDM_bk_02-02_01_120.pkl,772
MPI_HDM05/bk/HDM_bk_02-02_01_120.pkl,773
MPI_HDM05/bk/HDM_bk_02-02_01_120.pkl,774
MPI_HDM05/bk/HDM_bk_02-02_01_120.pkl,775
MPI_HDM05/bk/HDM_bk_02-02_01_120.pkl,776
MPI_HDM05/bk/HDM_bk_02-02_01_120.pkl,777
MPI_HDM05/bk/HDM_bk_02-02_01_120.pkl,778
MPI_HDM05/bk/HDM_bk_02-02_01_120.pkl,779
MPI_HDM05/bk/HDM_bk_02-02_01_120.pkl,780
MPI_HDM05/bk/HDM_bk_02-02_01_120.pkl,873
MPI_HDM05/bk/HDM_bk_02-02_01_120.pkl,874
MPI_HDM05/bk/HDM_bk_02-02_01_120.pkl,875
MPI_HDM05/bk/HDM_bk_02-02_01_120.pkl,876
MPI_HDM05/bk/HDM_bk_02-02_01_120.pkl,877
MPI_HDM05/bk/HDM_bk_02-02_01_120.pkl,878
MPI_HDM05/bk/HDM_bk_02-02_01_120.pkl,879
MPI_HDM05/bk/HDM_bk_02-02_01_120.pkl,880
MPI_HDM05/bk/HDM_bk_02-02_01_120.pkl,881
MPI_HDM05/bk/HDM_bk_02-02_01_120.pkl,882
MPI_HDM05/bk/HDM_bk_02-02_01_120.pkl,883
MPI_HDM05/bk/HDM_bk_02-02_01_120.pkl,884
MPI_HDM05/bk/HDM_bk_02-02_01_120.pkl,885
MPI_HDM05/bk/HDM_bk_02-02_01_120.pkl,886
MPI_HDM05/bk/HDM_bk_02-02_01_120.pkl,887
MPI_HDM05/bk/HDM_bk_02-02_01_120.pkl,888
MPI_HDM05/bk/HDM_bk_02-02_01_120.pkl,889
MPI_HDM05/bk/HDM_bk_02-02_01_120.pkl,890
MPI_HDM05/bk/HDM_bk_02-02_01_120.pkl,891
MPI_HDM05/bk/HDM_bk_02-02_01_120.pkl,892
MPI_HDM05/bk/HDM_bk_02-02_01_120.pkl,893
MPI_HDM05/bk/HDM_bk_02-02_01_120.pkl,894
MPI_HDM05/bk/HDM_bk_02-02_01_120.pkl,895
MPI_HDM05/bk/HDM_bk_02-02_01_120.pkl,896
MPI_HDM05/bk/HDM_bk_02-02_01_120.pkl,897
MPI_HDM05/bk/HDM_bk_02-02_01_120.pkl,898
MPI_HDM05/bk/HDM_bk_02-02_01_120.pkl,899
MPI_HDM05/bk/HDM_bk_02-02_01_120.pkl,900
MPI_HDM05/bk/HDM_bk_02-02_01_120.pkl,901
MPI_HDM05/bk/HDM_bk_02-02_01_120.pkl,902
MPI_HDM05/bk/HDM_bk_02-02_01_120.pkl,903
MPI_HDM05/bk/HDM_bk_02-02_01_120.pkl,904
MPI_HDM05/bk/HDM_bk_02-02_01_120.pkl,905
MPI_HDM05/bk/HDM_bk_02-02_01_120.pkl,906
MPI_HDM05/bk/HDM_bk_02-02_01_120.pkl,907
MPI_HDM05/bk/HDM_bk_02-02_01_120.pkl,908
MPI_HDM05/bk/HDM_bk_02-02_01_120.pkl,909
MPI_HDM05/bk/HDM_bk_02-02_01_120.pkl,910
MPI_HDM05/bk/HDM_bk_02-02_01_120.pkl,911
MPI_HDM05/bk/HDM_bk_02-02_01_120.pkl,948
MPI_HDM05/bk/HDM_bk_02-02_01_120.pkl,949
MPI_HDM05/bk/HDM_bk_02-02_01_120.pkl,950
MPI_HDM05/bk/HDM_bk_02-02_01_120.pkl,951
MPI_HDM05/bk/HDM_bk_02-02_01_120.pkl,952
MPI_HDM05/bk/HDM_bk_02-02_01_120.pkl,953
MPI_HDM05/bk/HDM_bk_02-02_01_120.pkl,954
MPI_HDM05/bk/HDM_bk_02-02_01_120.pkl,955
MPI_HDM05/bk/HDM_bk_02-02_01_120.pkl,956
MPI_HDM05/bk/HDM_bk_02-02_01_120.pkl,957
MPI_HDM05/bk/HDM_bk_02-02_01_120.pkl,958
MPI_HDM05/bk/HDM_bk_02-02_01_120.pkl,959
MPI_HDM05/bk/HDM_bk_02-02_01_120.pkl,960
MPI_HDM05/bk/HDM_bk_02-02_01_120.pkl,961
MPI_HDM05/bk/HDM_bk_02-02_01_120.pkl,962
MPI_HDM05/bk/HDM_bk_02-02_01_120.pkl,963
MPI_HDM05/bk/HDM_bk_02-02_01_120.pkl,964
MPI_HDM05/bk/HDM_bk_02-02_01_120.pkl,965
MPI_HDM05/bk/HDM_bk_02-02_01_120.pkl,966
MPI_HDM05/bk/HDM_bk_02-02_01_120.pkl,967
MPI_HDM05/bk/HDM_bk_02-02_01_120.pkl,968
MPI_HDM05/bk/HDM_bk_02-02_01_120.pkl,969
MPI_HDM05/bk/HDM_bk_02-02_01_120.pkl,970
MPI_HDM05/bk/HDM_bk_02-02_01_120.pkl,971
MPI_HDM05/bk/HDM_bk_02-02_01_120.pkl,972
MPI_HDM05/bk/HDM_bk_02-02_01_120.pkl,973
MPI_HDM05/bk/HDM_bk_02-02_01_120.pkl,974
MPI_HDM05/bk/HDM_bk_02-02_01_120.pkl,975
MPI_HDM05/bk/HDM_bk_02-02_01_120.pkl,976
MPI_HDM05/bk/HDM_bk_02-02_01_120.pkl,977
MPI_HDM05/bk/HDM_bk_02-02_01_120.pkl,978
MPI_HDM05/bk/HDM_bk_02-02_01_120.pkl,979
MPI_HDM05/bk/HDM_bk_02-02_01_120.pkl,980
MPI_HDM05/bk/HDM_bk_02-02_01_120.pkl,981
MPI_HDM05/bk/HDM_bk_02-02_01_120.pkl,982
MPI_HDM05/bk/HDM_bk_02-02_01_120.pkl,983
MPI_HDM05/bk/HDM_bk_02-02_01_120.pkl,984
MPI_HDM05/bk/HDM_bk_02-02_01_120.pkl,985
MPI_HDM05/bk/HDM_bk_02-02_01_120.pkl,986
MPI_HDM05/bk/HDM_bk_02-02_01_120.pkl,987
MPI_HDM05/bk/HDM_bk_02-02_01_120.pkl,1069
MPI_HDM05/bk/HDM_bk_02-02_01_120.pkl,1070
MPI_HDM05/bk/HDM_bk_02-02_01_120.pkl,1071
MPI_HDM05/bk/HDM_bk_02-02_01_120.pkl,1072
MPI_HDM05/bk/HDM_bk_02-02_01_120.pkl,1073
MPI_HDM05/bk/HDM_bk_02-02_01_120.pkl,1074
MPI_HDM05/bk/HDM_bk_02-02_01_120.pkl,1075
MPI_HDM05/bk/HDM_bk_02-02_01_120.pkl,1076
MPI_HDM05/bk/HDM_bk_02-02_01_120.pkl,1077
MPI_HDM05/bk/HDM_bk_02-02_01_120.pkl,1078
MPI_HDM05/bk/HDM_bk_02-02_01_120.pkl,1079
MPI_HDM05/bk/HDM_bk_02-02_01_120.pkl,1080
MPI_HDM05/bk/HDM_bk_02-02_01_120.pkl,1081
MPI_HDM05/bk/HDM_bk_02-02_01_120.pkl,1082
MPI_HDM05/bk/HDM_bk_02-02_01_120.pkl,1083
MPI_HDM05/bk/HDM_bk_02-02_01_120.pkl,1084
MPI_HDM05/bk/HDM_bk_02-02_01_120.pkl,1085
MPI_HDM05/bk/HDM_bk_02-02_01_120.pkl,1086
MPI_HDM05/bk/HDM_bk_02-02_01_120.pkl,1087
MPI_HDM05/bk/HDM_bk_02-02_01_120.pkl,1088
MPI_HDM05/bk/HDM_bk_02-02_01_120.pkl,1089
MPI_HDM05/bk/HDM_bk_02-02_01_120.pkl,1090
MPI_HDM05/bk/HDM_bk_02-02_01_120.pkl,1091
MPI_HDM05/bk/HDM_bk_02-02_01_120.pkl,1092
MPI_HDM05/bk/HDM_bk_02-02_01_120.pkl,1093
MPI_HDM05/bk/HDM_bk_02-02_01_120.pkl,1094
MPI_HDM05/bk/HDM_bk_02-02_01_120.pkl,1095
MPI_HDM05/bk/HDM_bk_02-02_01_120.pkl,1096
MPI_HDM05/bk/HDM_bk_02-02_01_120.pkl,1097
MPI_HDM05/bk/HDM_bk_02-02_01_120.pkl,1098
MPI_HDM05/bk/HDM_bk_02-02_01_120.pkl,1099
MPI_HDM05/bk/HDM_bk_02-02_01_120.pkl,1100
MPI_HDM05/bk/HDM_bk_02-02_01_120.pkl,1101
MPI_HDM05/bk/HDM_bk_02-02_01_120.pkl,1102
MPI_HDM05/bk/HDM_bk_02-02_01_120.pkl,1103
MPI_HDM05/bk/HDM_bk_02-02_01_120.pkl,1104
MPI_HDM05/bk/HDM_bk_02-02_01_120.pkl,1105
MPI_HDM05/bk/HDM_bk_02-02_01_120.pkl,1106
MPI_HDM05/bk/HDM_bk_02-02_01_120.pkl,1107
MPI_HDM05/bk/HDM_bk_02-02_01_120.pkl,1108
MPI_HDM05/bk/HDM_bk_02-02_01_120.pkl,1109
MPI_HDM05/bk/HDM_bk_02-02_01_120.pkl,1110
MPI_HDM05/bk/HDM_bk_02-02_01_120.pkl,1111
MPI_HDM05/bk/HDM_bk_02-02_01_120.pkl,1112
MPI_HDM05/bk/HDM_bk_02-02_01_120.pkl,1113
MPI_HDM05/bk/HDM_bk_02-02_01_120.pkl,1156
MPI_HDM05/bk/HDM_bk_02-02_01_120.pkl,1157
MPI_HDM05/bk/HDM_bk_02-02_01_120.pkl,1158
MPI_HDM05/bk/HDM_bk_02-02_01_120.pkl,1159
MPI_HDM05/bk/HDM_bk_02-02_01_120.pkl,1160
MPI_HDM05/bk/HDM_bk_02-02_01_120.pkl,1161
MPI_HDM05/bk/HDM_bk_02-02_01_120.pkl,1162
MPI_HDM05/bk/HDM_bk_02-02_01_120.pkl,1163
MPI_HDM05/bk/HDM_bk_02-02_01_120.pkl,1164
MPI_HDM05/bk/HDM_bk_02-02_01_120.pkl,1165
MPI_HDM05/bk/HDM_bk_02-02_01_120.pkl,1166
MPI_HDM05/bk/HDM_bk_02-02_01_120.pkl,1167
MPI_HDM05/bk/HDM_bk_02-02_01_120.pkl,1168
MPI_HDM05/bk/HDM_bk_02-02_01_120.pkl,1169
MPI_HDM05/bk/HDM_bk_02-02_01_120.pkl,1170
MPI_HDM05/bk/HDM_bk_02-02_01_120.pkl,1171
MPI_HDM05/bk/HDM_bk_02-02_01_120.pkl,1172
MPI_HDM05/bk/HDM_bk_02-02_01_120.pkl,1173
MPI_HDM05/bk/HDM_bk_02-02_01_120.pkl,1174
MPI_HDM05/bk/HDM_bk_02-02_01_120.pkl,1175
MPI_HDM05/bk/HDM_bk_02-02_01_120.pkl,1176
MPI_HDM05/bk/HDM_bk_02-02_01_120.pkl,1177
MPI_HDM05/bk/HDM_bk_02-02_01_120.pkl,1178
MPI_HDM05/bk/HDM_bk_02-02_01_120.pkl,1179
MPI_HDM05/bk/HDM_bk_02-02_01_120.pkl,1180
MPI_HDM05/bk/HDM_bk_02-02_01_120.pkl,1181
MPI_HDM05/bk/HDM_bk_02-02_01_120.pkl,1182
MPI_HDM05/bk/HDM_bk_02-02_01_120.pkl,1183
MPI_HDM05/bk/HDM_bk_02-02_01_120.pkl,1184
MPI_HDM05/bk/HDM_bk_02-02_01_120.pkl,1185
MPI_HDM05/bk/HDM_bk_02-02_01_120.pkl,1186
MPI_HDM05/bk/HDM_bk_02-02_01_120.pkl,1187
MPI_HDM05/bk/HDM_bk_02-02_01_120.pkl,1188
MPI_HDM05/bk/HDM_bk_02-02_01_120.pkl,1189
MPI_HDM05/bk/HDM_bk_02-02_01_120.pkl,1190
MPI_HDM05/bk/HDM_bk_02-02_01_120.pkl,1191
MPI_HDM05/bk/HDM_bk_02-02_01_120.pkl,1192
MPI_HDM05/bk/HDM_bk_02-02_01_120.pkl,1193
MPI_HDM05/bk/HDM_bk_02-02_01_120.pkl,1194
MPI_HDM05/bk/HDM_bk_02-02_01_120.pkl,1195
MPI_HDM05/bk/HDM_bk_02-02_01_120.pkl,1196
MPI_HDM05/bk/HDM_bk_02-02_01_120.pkl,1197
MPI_HDM05/bk/HDM_bk_02-02_01_120.pkl,1198
MPI_HDM05/bk/HDM_bk_02-02_01_120.pkl,1199
MPI_HDM05/bk/HDM_bk_02-02_01_120.pkl,1200
MPI_HDM05/dg/HDM_dg_01-01_03_120.pkl,1455
MPI_HDM05/dg/HDM_dg_01-01_03_120.pkl,1456
MPI_HDM05/dg/HDM_dg_01-01_03_120.pkl,1457
MPI_HDM05/dg/HDM_dg_01-01_03_120.pkl,1458
MPI_HDM05/dg/HDM_dg_01-01_03_120.pkl,1459
MPI_HDM05/dg/HDM_dg_01-01_03_120.pkl,1460
MPI_HDM05/dg/HDM_dg_01-01_03_120.pkl,1461
MPI_HDM05/dg/HDM_dg_01-01_03_120.pkl,1462
MPI_HDM05/dg/HDM_dg_01-01_03_120.pkl,1463
MPI_HDM05/dg/HDM_dg_01-01_03_120.pkl,1464
MPI_HDM05/dg/HDM_dg_01-01_03_120.pkl,1465
MPI_HDM05/dg/HDM_dg_01-01_03_120.pkl,1466
MPI_HDM05/dg/HDM_dg_01-01_03_120.pkl,1467
MPI_HDM05/dg/HDM_dg_01-01_03_120.pkl,1468
MPI_HDM05/dg/HDM_dg_01-01_03_120.pkl,1469
MPI_HDM05/dg/HDM_dg_01-01_03_120.pkl,1470
MPI_HDM05/dg/HDM_dg_01-01_03_120.pkl,1471
MPI_HDM05/dg/HDM_dg_01-01_03_120.pkl,1472
MPI_HDM05/dg/HDM_dg_01-01_03_120.pkl,1473
MPI_HDM05/dg/HDM_dg_01-01_03_120.pkl,1474
MPI_HDM05/dg/HDM_dg_01-01_03_120.pkl,1475
MPI_HDM05/dg/HDM_dg_01-01_03_120.pkl,1476
MPI_HDM05/dg/HDM_dg_01-01_03_120.pkl,1477
MPI_HDM05/dg/HDM_dg_01-01_03_120.pkl,1478
MPI_HDM05/dg/HDM_dg_01-01_03_120.pkl,1479
MPI_HDM05/dg/HDM_dg_01-01_03_120.pkl,1480
MPI_HDM05/dg/HDM_dg_01-01_03_120.pkl,1481
MPI_HDM05/dg/HDM_dg_01-01_03_120.pkl,1482
MPI_HDM05/dg/HDM_dg_02-02_04_120.pkl,83
MPI_HDM05/dg/HDM_dg_02-02_04_120.pkl,84
MPI_HDM05/dg/HDM_dg_02-02_04_120.pkl,85
MPI_HDM05/dg/HDM_dg_02-02_04_120.pkl,86
MPI_HDM05/dg/HDM_dg_02-02_04_120.pkl,87
MPI_HDM05/dg/HDM_dg_02-02_04_120.pkl,88
MPI_HDM05/dg/HDM_dg_02-02_04_120.pkl,89
MPI_HDM05/dg/HDM_dg_02-02_04_120.pkl,90
MPI_HDM05/dg/HDM_dg_02-02_04_120.pkl,91
MPI_HDM05/dg/HDM_dg_02-02_04_120.pkl,92
MPI_HDM05/dg/HDM_dg_02-02_04_120.pkl,93
MPI_HDM05/dg/HDM_dg_02-02_04_120.pkl,94
MPI_HDM05/dg/HDM_dg_02-02_04_120.pkl,95
MPI_HDM05/dg/HDM_dg_02-02_04_120.pkl,96
MPI_HDM05/dg/HDM_dg_02-02_04_120.pkl,97
MPI_HDM05/dg/HDM_dg_02-02_04_120.pkl,98
MPI_HDM05/dg/HDM_dg_02-02_04_120.pkl,99
MPI_HDM05/dg/HDM_dg_02-02_04_120.pkl,100
MPI_HDM05/dg/HDM_dg_02-02_04_120.pkl,101
MPI_HDM05/dg/HDM_dg_02-02_04_120.pkl,102
MPI_HDM05/dg/HDM_dg_02-02_04_120.pkl,103
MPI_HDM05/dg/HDM_dg_02-02_04_120.pkl,104
MPI_HDM05/dg/HDM_dg_02-02_04_120.pkl,105
MPI_HDM05/dg/HDM_dg_02-02_04_120.pkl,106
MPI_HDM05/dg/HDM_dg_02-02_04_120.pkl,107
MPI_HDM05/dg/HDM_dg_02-02_04_120.pkl,108
MPI_HDM05/dg/HDM_dg_02-02_04_120.pkl,109
MPI_HDM05/dg/HDM_dg_02-02_04_120.pkl,110
MPI_HDM05/dg/HDM_dg_02-02_04_120.pkl,111
MPI_HDM05/dg/HDM_dg_02-02_04_120.pkl,112
MPI_HDM05/dg/HDM_dg_02-02_04_120.pkl,113
MPI_HDM05/dg/HDM_dg_02-02_04_120.pkl,114
MPI_HDM05/dg/HDM_dg_02-02_04_120.pkl,115
MPI_HDM05/dg/HDM_dg_02-02_04_120.pkl,116
MPI_HDM05/dg/HDM_dg_02-02_04_120.pkl,117
MPI_HDM05/dg/HDM_dg_02-02_04_120.pkl,118
MPI_HDM05/dg/HDM_dg_02-02_04_120.pkl,119
MPI_HDM05/dg/HDM_dg_02-02_04_120.pkl,120
MPI_HDM05/dg/HDM_dg_02-02_04_120.pkl,121
MPI_HDM05/dg/HDM_dg_02-02_04_120.pkl,122
MPI_HDM05/dg/HDM_dg_02-02_04_120.pkl,123
MPI_HDM05/dg/HDM_dg_02-02_04_120.pkl,124
MPI_HDM05/dg/HDM_dg_02-02_04_120.pkl,125
MPI_HDM05/dg/HDM_dg_02-02_04_120.pkl,205
MPI_HDM05/dg/HDM_dg_02-02_04_120.pkl,206
MPI_HDM05/dg/HDM_dg_02-02_04_120.pkl,207
MPI_HDM05/dg/HDM_dg_02-02_04_120.pkl,208
MPI_HDM05/dg/HDM_dg_02-02_04_120.pkl,209
MPI_HDM05/dg/HDM_dg_02-02_04_120.pkl,210
MPI_HDM05/dg/HDM_dg_02-02_04_120.pkl,211
MPI_HDM05/dg/HDM_dg_02-02_04_120.pkl,212
MPI_HDM05/dg/HDM_dg_02-02_04_120.pkl,213
MPI_HDM05/dg/HDM_dg_02-02_04_120.pkl,214
MPI_HDM05/dg/HDM_dg_02-02_04_120.pkl,253
MPI_HDM05/dg/HDM_dg_02-02_04_120.pkl,254
MPI_HDM05/dg/HDM_dg_02-02_04_120.pkl,255
MPI_HDM05/dg/HDM_dg_02-02_04_120.pkl,256
MPI_HDM05/dg/HDM_dg_02-02_04_120.pkl,257
MPI_HDM05/dg/HDM_dg_02-02_04_120.pkl,258
MPI_HDM05/dg/HDM_dg_02-02_04_120.pkl,259
MPI_HDM05/dg/HDM_dg_02-02_04_120.pkl,260
MPI_HDM05/dg/HDM_dg_02-02_04_120.pkl,261
MPI_HDM05/dg/HDM_dg_02-02_04_120.pkl,262
MPI_HDM05/dg/HDM_dg_02-02_04_120.pkl,263
MPI_HDM05/dg/HDM_dg_02-02_04_120.pkl,264
MPI_HDM05/dg/HDM_dg_02-02_04_120.pkl,265
MPI_HDM05/dg/HDM_dg_02-02_04_120.pkl,266
MPI_HDM05/dg/HDM_dg_02-02_04_120.pkl,267
MPI_HDM05/dg/HDM_dg_02-02_04_120.pkl,268
MPI_HDM05/dg/HDM_dg_02-02_04_120.pkl,269
MPI_HDM05/dg/HDM_dg_02-02_04_120.pkl,270
MPI_HDM05/dg/HDM_dg_02-02_04_120.pkl,271
MPI_HDM05/dg/HDM_dg_02-02_04_120.pkl,272
MPI_HDM05/dg/HDM_dg_02-02_04_120.pkl,273
MPI_HDM05/dg/HDM_dg_02-02_04_120.pkl,274
MPI_HDM05/dg/HDM_dg_02-02_04_120.pkl,275
MPI_HDM05/dg/HDM_dg_02-02_04_120.pkl,276
MPI_HDM05/dg/HDM_dg_02-02_04_120.pkl,277
MPI_HDM05/dg/HDM_dg_02-02_04_120.pkl,278
MPI_HDM05/dg/HDM_dg_02-02_04_120.pkl,279
MPI_HDM05/dg/HDM_dg_02-02_04_120.pkl,280
MPI_HDM05/dg/HDM_dg_02-02_04_120.pkl,281
MPI_HDM05/dg/HDM_dg_02-02_04_120.pkl,282
MPI_HDM05/dg/HDM_dg_02-02_04_120.pkl,283
MPI_HDM05/dg/HDM_dg_02-02_04_120.pkl,284
MPI_HDM05/dg/HDM_dg_02-02_04_120.pkl,285
MPI_HDM05/dg/HDM_dg_02-02_04_120.pkl,286
MPI_HDM05/dg/HDM_dg_02-02_04_120.pkl,287
MPI_HDM05/dg/HDM_dg_02-02_04_120.pkl,288
MPI_HDM05/dg/HDM_dg_02-02_04_120.pkl,367
MPI_HDM05/dg/HDM_dg_02-02_04_120.pkl,368
MPI_HDM05/dg/HDM_dg_02-02_04_120.pkl,369
MPI_HDM05/dg/HDM_dg_02-02_04_120.pkl,370
MPI_HDM05/dg/HDM_dg_02-02_04_120.pkl,371
MPI_HDM05/dg/HDM_dg_02-02_04_120.pkl,372
MPI_HDM05/dg/HDM_dg_02-02_04_120.pkl,373
MPI_HDM05/dg/HDM_dg_02-02_04_120.pkl,374
MPI_HDM05/dg/HDM_dg_02-02_04_120.pkl,375
MPI_HDM05/dg/HDM_dg_02-02_04_120.pkl,376
MPI_HDM05/dg/HDM_dg_02-02_04_120.pkl,377
MPI_HDM05/dg/HDM_dg_02-02_04_120.pkl,414
MPI_HDM05/dg/HDM_dg_02-02_04_120.pkl,415
MPI_HDM05/dg/HDM_dg_02-02_04_120.pkl,416
MPI_HDM05/dg/HDM_dg_02-02_04_120.pkl,417
MPI_HDM05/dg/HDM_dg_02-02_04_120.pkl,418
MPI_HDM05/dg/HDM_dg_02-02_04_120.pkl,419
MPI_HDM05/dg/HDM_dg_02-02_04_120.pkl,420
MPI_HDM05/dg/HDM_dg_02-02_04_120.pkl,421
MPI_HDM05/dg/HDM_dg_02-02_04_120.pkl,422
MPI_HDM05/dg/HDM_dg_02-02_04_120.pkl,423
MPI_HDM05/dg/HDM_dg_02-02_04_120.pkl,424
MPI_HDM05/dg/HDM_dg_02-02_04_120.pkl,425
MPI_HDM05/dg/HDM_dg_02-02_04_120.pkl,426
MPI_HDM05/dg/HDM_dg_02-02_04_120.pkl,427
MPI_HDM05/dg/HDM_dg_02-02_04_120.pkl,428
MPI_HDM05/dg/HDM_dg_02-02_04_120.pkl,429
MPI_HDM05/dg/HDM_dg_02-02_04_120.pkl,430
MPI_HDM05/dg/HDM_dg_02-02_04_120.pkl,431
MPI_HDM05/dg/HDM_dg_02-02_04_120.pkl,432
MPI_HDM05/dg/HDM_dg_02-02_04_120.pkl,433
MPI_HDM05/dg/HDM_dg_02-02_04_120.pkl,434
MPI_HDM05/dg/HDM_dg_02-02_04_120.pkl,435
MPI_HDM05/dg/HDM_dg_02-02_04_120.pkl,436
MPI_HDM05/dg/HDM_dg_02-02_04_120.pkl,437
MPI_HDM05/dg/HDM_dg_02-02_04_120.pkl,438
MPI_HDM05/dg/HDM_dg_02-02_04_120.pkl,439
MPI_HDM05/dg/HDM_dg_02-02_04_120.pkl,440
MPI_HDM05/dg/HDM_dg_02-02_04_120.pkl,441
MPI_HDM05/dg/HDM_dg_02-02_04_120.pkl,442
MPI_HDM05/dg/HDM_dg_02-02_04_120.pkl,443
MPI_HDM05/dg/HDM_dg_02-02_04_120.pkl,444
MPI_HDM05/dg/HDM_dg_02-02_04_120.pkl,445
MPI_HDM05/dg/HDM_dg_02-02_04_120.pkl,519
MPI_HDM05/dg/HDM_dg_02-02_04_120.pkl,520
MPI_HDM05/dg/HDM_dg_02-02_04_120.pkl,521
MPI_HDM05/dg/HDM_dg_02-02_04_120.pkl,522
MPI_HDM05/dg/HDM_dg_02-02_04_120.pkl,523
MPI_HDM05/dg/HDM_dg_02-02_04_120.pkl,524
MPI_HDM05/dg/HDM_dg_02-02_04_120.pkl,525
MPI_HDM05/dg/HDM_dg_02-02_04_120.pkl,526
MPI_HDM05/dg/HDM_dg_02-02_04_120.pkl,527
MPI_HDM05/dg/HDM_dg_02-02_04_120.pkl,528
MPI_HDM05/dg/HDM_dg_02-02_04_120.pkl,529
MPI_HDM05/dg/HDM_dg_02-02_04_120.pkl,563
MPI_HDM05/dg/HDM_dg_02-02_04_120.pkl,564
MPI_HDM05/dg/HDM_dg_02-02_04_120.pkl,565
MPI_HDM05/dg/HDM_dg_02-02_04_120.pkl,566
MPI_HDM05/dg/HDM_dg_02-02_04_120.pkl,567
MPI_HDM05/dg/HDM_dg_02-02_04_120.pkl,568
MPI_HDM05/dg/HDM_dg_02-02_04_120.pkl,569
MPI_HDM05/dg/HDM_dg_02-02_04_120.pkl,570
MPI_HDM05/dg/HDM_dg_02-02_04_120.pkl,571
MPI_HDM05/dg/HDM_dg_02-02_04_120.pkl,572
MPI_HDM05/dg/HDM_dg_02-02_04_120.pkl,573
MPI_HDM05/dg/HDM_dg_02-02_04_120.pkl,574
MPI_HDM05/dg/HDM_dg_02-02_04_120.pkl,575
MPI_HDM05/dg/HDM_dg_02-02_04_120.pkl,576
MPI_HDM05/dg/HDM_dg_02-02_04_120.pkl,577
MPI_HDM05/dg/HDM_dg_02-02_04_120.pkl,578
MPI_HDM05/dg/HDM_dg_02-02_04_120.pkl,579
MPI_HDM05/dg/HDM_dg_02-02_04_120.pkl,580
MPI_HDM05/dg/HDM_dg_02-02_04_120.pkl,581
MPI_HDM05/dg/HDM_dg_02-02_04_120.pkl,582
MPI_HDM05/dg/HDM_dg_02-02_04_120.pkl,583
MPI_HDM05/dg/HDM_dg_02-02_04_120.pkl,584
MPI_HDM05/dg/HDM_dg_02-02_04_120.pkl,585
MPI_HDM05/dg/HDM_dg_02-02_04_120.pkl,586
MPI_HDM05/dg/HDM_dg_02-02_04_120.pkl,587
MPI_HDM05/dg/HDM_dg_02-02_04_120.pkl,588
MPI_HDM05/dg/HDM_dg_02-02_04_120.pkl,589
MPI_HDM05/dg/HDM_dg_02-02_04_120.pkl,590
MPI_HDM05/dg/HDM_dg_02-02_04_120.pkl,591
MPI_HDM05/dg/HDM_dg_02-02_04_120.pkl,592
MPI_HDM05/dg/HDM_dg_02-02_04_120.pkl,593
MPI_HDM05/dg/HDM_dg_02-02_04_120.pkl,594
MPI_HDM05/dg/HDM_dg_02-02_04_120.pkl,595
MPI_HDM05/dg/HDM_dg_02-02_04_120.pkl,596
MPI_HDM05/dg/HDM_dg_02-02_04_120.pkl,597
MPI_HDM05/dg/HDM_dg_02-02_04_120.pkl,598
MPI_HDM05/dg/HDM_dg_02-02_04_120.pkl,599
MPI_HDM05/dg/HDM_dg_02-02_04_120.pkl,600
MPI_HDM05/dg/HDM_dg_02-02_04_120.pkl,601
MPI_HDM05/dg/HDM_dg_02-02_04_120.pkl,602
MPI_HDM05/dg/HDM_dg_02-02_04_120.pkl,678
MPI_HDM05/dg/HDM_dg_02-02_04_120.pkl,679
MPI_HDM05/dg/HDM_dg_02-02_04_120.pkl,680
MPI_HDM05/dg/HDM_dg_02-02_04_120.pkl,681
MPI_HDM05/dg/HDM_dg_02-02_04_120.pkl,682
MPI_HDM05/dg/HDM_dg_02-02_04_120.pkl,683
MPI_HDM05/dg/HDM_dg_02-02_04_120.pkl,684
MPI_HDM05/dg/HDM_dg_02-02_04_120.pkl,685
MPI_HDM05/dg/HDM_dg_02-02_04_120.pkl,686
MPI_HDM05/dg/HDM_dg_02-02_04_120.pkl,687
MPI_HDM05/dg/HDM_dg_02-02_04_120.pkl,688
MPI_HDM05/dg/HDM_dg_02-02_04_120.pkl,689
MPI_HDM05/dg/HDM_dg_02-02_04_120.pkl,690
MPI_HDM05/dg/HDM_dg_02-02_04_120.pkl,691
MPI_HDM05/dg/HDM_dg_02-02_04_120.pkl,692
MPI_HDM05/dg/HDM_dg_02-02_04_120.pkl,693
MPI_HDM05/dg/HDM_dg_02-02_04_120.pkl,694
MPI_HDM05/dg/HDM_dg_02-02_04_120.pkl,695
MPI_HDM05/dg/HDM_dg_02-02_04_120.pkl,740
MPI_HDM05/dg/HDM_dg_02-02_04_120.pkl,741
MPI_HDM05/dg/HDM_dg_02-02_04_120.pkl,742
MPI_HDM05/dg/HDM_dg_02-02_04_120.pkl,743
MPI_HDM05/dg/HDM_dg_02-02_04_120.pkl,744
MPI_HDM05/dg/HDM_dg_02-02_04_120.pkl,745
MPI_HDM05/dg/HDM_dg_02-02_04_120.pkl,746
MPI_HDM05/dg/HDM_dg_02-02_04_120.pkl,747
MPI_HDM05/dg/HDM_dg_02-02_04_120.pkl,748
MPI_HDM05/dg/HDM_dg_02-02_04_120.pkl,749
MPI_HDM05/dg/HDM_dg_02-02_04_120.pkl,750
MPI_HDM05/dg/HDM_dg_02-02_04_120.pkl,751
MPI_HDM05/dg/HDM_dg_02-02_04_120.pkl,752
MPI_HDM05/dg/HDM_dg_02-02_04_120.pkl,753
MPI_HDM05/dg/HDM_dg_02-02_04_120.pkl,754
MPI_HDM05/dg/HDM_dg_02-02_04_120.pkl,755
MPI_HDM05/dg/HDM_dg_02-02_04_120.pkl,756
MPI_HDM05/dg/HDM_dg_02-02_04_120.pkl,757
MPI_HDM05/dg/HDM_dg_02-02_04_120.pkl,758
MPI_HDM05/dg/HDM_dg_02-02_04_120.pkl,759
MPI_HDM05/dg/HDM_dg_02-02_04_120.pkl,760
MPI_HDM05/dg/HDM_dg_02-02_04_120.pkl,761
MPI_HDM05/dg/HDM_dg_02-02_04_120.pkl,762
MPI_HDM05/dg/HDM_dg_02-02_04_120.pkl,763
MPI_HDM05/dg/HDM_dg_02-02_04_120.pkl,764
MPI_HDM05/dg/HDM_dg_02-02_04_120.pkl,765
MPI_HDM05/dg/HDM_dg_02-02_04_120.pkl,766
MPI_HDM05/dg/HDM_dg_02-02_04_120.pkl,767
MPI_HDM05/dg/HDM_dg_02-02_04_120.pkl,768
MPI_HDM05/dg/HDM_dg_02-02_04_120.pkl,769
MPI_HDM05/dg/HDM_dg_02-02_04_120.pkl,850
MPI_HDM05/dg/HDM_dg_02-02_04_120.pkl,851
MPI_HDM05/dg/HDM_dg_02-02_04_120.pkl,852
MPI_HDM05/dg/HDM_dg_02-02_04_120.pkl,853
MPI_HDM05/dg/HDM_dg_02-02_04_120.pkl,854
MPI_HDM05/dg/HDM_dg_02-02_04_120.pkl,855
MPI_HDM05/dg/HDM_dg_02-02_04_120.pkl,856
MPI_HDM05/dg/HDM_dg_02-02_04_120.pkl,857
MPI_HDM05/dg/HDM_dg_02-02_04_120.pkl,858
MPI_HDM05/dg/HDM_dg_02-02_04_120.pkl,859
MPI_HDM05/dg/HDM_dg_02-02_04_120.pkl,860
MPI_HDM05/dg/HDM_dg_02-02_04_120.pkl,861
MPI_HDM05/dg/HDM_dg_02-02_04_120.pkl,862
MPI_HDM05/dg/HDM_dg_02-02_04_120.pkl,863
MPI_HDM05/dg/HDM_dg_02-02_04_120.pkl,864
MPI_HDM05/dg/HDM_dg_02-02_04_120.pkl,911
MPI_HDM05/dg/HDM_dg_02-02_04_120.pkl,912
MPI_HDM05/dg/HDM_dg_02-02_04_120.pkl,913
MPI_HDM05/dg/HDM_dg_02-02_04_120.pkl,914
MPI_HDM05/dg/HDM_dg_02-02_04_120.pkl,915
MPI_HDM05/dg/HDM_dg_02-02_04_120.pkl,916
MPI_HDM05/dg/HDM_dg_02-02_04_120.pkl,917
MPI_HDM05/dg/HDM_dg_02-02_04_120.pkl,918
MPI_HDM05/dg/HDM_dg_02-02_04_120.pkl,919
MPI_HDM05/dg/HDM_dg_02-02_04_120.pkl,920
MPI_HDM05/dg/HDM_dg_02-02_04_120.pkl,921
MPI_HDM05/dg/HDM_dg_02-02_04_120.pkl,922
MPI_HDM05/dg/HDM_dg_02-02_04_120.pkl,923
MPI_HDM05/dg/HDM_dg_02-02_04_120.pkl,924
MPI_HDM05/dg/HDM_dg_02-02_04_120.pkl,925
MPI_HDM05/dg/HDM_dg_02-02_04_120.pkl,926
MPI_HDM05/dg/HDM_dg_02-02_04_120.pkl,927
MPI_HDM05/dg/HDM_dg_02-02_04_120.pkl,928
MPI_HDM05/dg/HDM_dg_02-02_04_120.pkl,929
MPI_HDM05/dg/HDM_dg_02-02_04_120.pkl,930
MPI_HDM05/dg/HDM_dg_02-02_04_120.pkl,931
MPI_HDM05/dg/HDM_dg_02-02_04_120.pkl,932
MPI_HDM05/dg/HDM_dg_02-02_04_120.pkl,933
MPI_HDM05/dg/HDM_dg_02-02_04_120.pkl,934
MPI_HDM05/dg/HDM_dg_02-02_04_120.pkl,935
MPI_HDM05/dg/HDM_dg_02-02_04_120.pkl,936
MPI_HDM05/dg/HDM_dg_02-02_04_120.pkl,937
MPI_HDM05/dg/HDM_dg_02-02_04_120.pkl,938
MPI_HDM05/dg/HDM_dg_02-02_04_120.pkl,939
MPI_HDM05/dg/HDM_dg_02-02_04_120.pkl,940
MPI_HDM05/dg/HDM_dg_02-02_04_120.pkl,941
MPI_HDM05/mm/HDM_mm_01-03_01_120.pkl,45
MPI_HDM05/mm/HDM_mm_01-03_01_120.pkl,46
MPI_HDM05/mm/HDM_mm_01-03_01_120.pkl,47
MPI_HDM05/mm/HDM_mm_01-03_01_120.pkl,48
MPI_HDM05/mm/HDM_mm_01-03_01_120.pkl,49
MPI_HDM05/mm/HDM_mm_01-03_01_120.pkl,50
MPI_HDM05/mm/HDM_mm_01-03_01_120.pkl,51
MPI_HDM05/mm/HDM_mm_01-03_01_120.pkl,52
MPI_HDM05/mm/HDM_mm_01-03_01_120.pkl,97
MPI_HDM05/mm/HDM_mm_01-03_01_120.pkl,98
MPI_HDM05/mm/HDM_mm_01-03_01_120.pkl,99
MPI_HDM05/mm/HDM_mm_01-03_01_120.pkl,100
MPI_HDM05/mm/HDM_mm_01-03_01_120.pkl,101
MPI_HDM05/mm/HDM_mm_01-03_01_120.pkl,102
MPI_HDM05/mm/HDM_mm_01-03_01_120.pkl,103
MPI_HDM05/mm/HDM_mm_01-03_01_120.pkl,104
MPI_HDM05/mm/HDM_mm_01-03_01_120.pkl,105
MPI_HDM05/mm/HDM_mm_01-03_01_120.pkl,106
MPI_HDM05/mm/HDM_mm_01-03_01_120.pkl,107
MPI_HDM05/mm/HDM_mm_01-03_01_120.pkl,108
MPI_HDM05/mm/HDM_mm_01-03_01_120.pkl,109
MPI_HDM05/mm/HDM_mm_01-03_01_120.pkl,110
MPI_HDM05/mm/HDM_mm_01-03_01_120.pkl,111
MPI_HDM05/mm/HDM_mm_01-03_01_120.pkl,112
MPI_HDM05/mm/HDM_mm_01-03_01_120.pkl,113
MPI_HDM05/mm/HDM_mm_01-03_01_120.pkl,114
MPI_HDM05/mm/HDM_mm_01-03_01_120.pkl,115
MPI_HDM05/mm/HDM_mm_01-03_01_120.pkl,116
MPI_HDM05/mm/HDM_mm_01-03_01_120.pkl,117
MPI_HDM05/mm/HDM_mm_01-03_01_120.pkl,118
MPI_HDM05/mm/HDM_mm_01-03_01_120.pkl,119
MPI_HDM05/mm/HDM_mm_01-03_01_120.pkl,120
MPI_HDM05/mm/HDM_mm_01-03_01_120.pkl,121
MPI_HDM05/mm/HDM_mm_01-03_01_120.pkl,122
MPI_HDM05/mm/HDM_mm_01-03_01_120.pkl,123
MPI_HDM05/mm/HDM_mm_01-03_01_120.pkl,124
MPI_HDM05/mm/HDM_mm_01-03_01_120.pkl,125
MPI_HDM05/mm/HDM_mm_01-03_01_120.pkl,126
MPI_HDM05/mm/HDM_mm_01-03_01_120.pkl,127
MPI_HDM05/mm/HDM_mm_01-03_01_120.pkl,128
MPI_HDM05/mm/HDM_mm_01-03_01_120.pkl,129
MPI_HDM05/mm/HDM_mm_01-03_01_120.pkl,130
MPI_HDM05/mm/HDM_mm_01-03_01_120.pkl,131
MPI_HDM05/mm/HDM_mm_01-03_01_120.pkl,132
MPI_HDM05/mm/HDM_mm_01-03_01_120.pkl,133
MPI_HDM05/mm/HDM_mm_01-03_01_120.pkl,134
MPI_HDM05/mm/HDM_mm_01-03_01_120.pkl,135
MPI_HDM05/mm/HDM_mm_01-03_01_120.pkl,136
MPI_HDM05/mm/HDM_mm_01-03_01_120.pkl,137
MPI_HDM05/mm/HDM_mm_01-03_01_120.pkl,138
MPI_HDM05/mm/HDM_mm_01-03_01_120.pkl,139
MPI_HDM05/mm/HDM_mm_01-03_01_120.pkl,140
MPI_HDM05/mm/HDM_mm_01-03_01_120.pkl,141
MPI_HDM05/mm/HDM_mm_01-03_01_120.pkl,142
MPI_HDM05/mm/HDM_mm_01-03_01_120.pkl,143
MPI_HDM05/mm/HDM_mm_01-03_01_120.pkl,144
MPI_HDM05/mm/HDM_mm_01-03_01_120.pkl,145
MPI_HDM05/mm/HDM_mm_01-03_01_120.pkl,146
MPI_HDM05/mm/HDM_mm_01-03_01_120.pkl,147
MPI_HDM05/mm/HDM_mm_01-03_01_120.pkl,148
MPI_HDM05/mm/HDM_mm_01-03_01_120.pkl,149
MPI_HDM05/mm/HDM_mm_01-03_01_120.pkl,150
MPI_HDM05/mm/HDM_mm_01-03_01_120.pkl,151
MPI_HDM05/mm/HDM_mm_01-03_01_120.pkl,152
MPI_HDM05/mm/HDM_mm_01-03_01_120.pkl,153
MPI_HDM05/mm/HDM_mm_01-03_01_120.pkl,154
MPI_HDM05/mm/HDM_mm_01-03_01_120.pkl,155
MPI_HDM05/mm/HDM_mm_01-03_01_120.pkl,156
MPI_HDM05/mm/HDM_mm_01-03_01_120.pkl,157
MPI_HDM05/mm/HDM_mm_01-03_01_120.pkl,158
MPI_HDM05/mm/HDM_mm_01-03_01_120.pkl,159
MPI_HDM05/mm/HDM_mm_01-03_01_120.pkl,160
MPI_HDM05/mm/HDM_mm_01-03_01_120.pkl,161
MPI_HDM05/mm/HDM_mm_01-03_01_120.pkl,162
MPI_HDM05/mm/HDM_mm_01-03_01_120.pkl,163
MPI_HDM05/mm/HDM_mm_01-03_01_120.pkl,164
MPI_HDM05/mm/HDM_mm_01-03_01_120.pkl,165
MPI_HDM05/mm/HDM_mm_01-03_01_120.pkl,166
MPI_HDM05/mm/HDM_mm_01-03_01_120.pkl,167
MPI_HDM05/mm/HDM_mm_01-03_01_120.pkl,168
MPI_HDM05/mm/HDM_mm_01-03_01_120.pkl,169
MPI_HDM05/mm/HDM_mm_01-03_01_120.pkl,170
MPI_HDM05/mm/HDM_mm_01-03_01_120.pkl,171
MPI_HDM05/mm/HDM_mm_01-03_01_120.pkl,172
MPI_HDM05/mm/HDM_mm_01-03_01_120.pkl,173
MPI_HDM05/mm/HDM_mm_01-03_01_120.pkl,174
MPI_HDM05/mm/HDM_mm_01-03_01_120.pkl,227
MPI_HDM05/mm/HDM_mm_01-03_01_120.pkl,228
MPI_HDM05/mm/HDM_mm_01-03_01_120.pkl,229
MPI_HDM05/mm/HDM_mm_01-03_01_120.pkl,230
MPI_HDM05/mm/HDM_mm_01-03_01_120.pkl,231
MPI_HDM05/mm/HDM_mm_01-03_01_120.pkl,232
MPI_HDM05/mm/HDM_mm_01-03_01_120.pkl,233
MPI_HDM05/mm/HDM_mm_01-03_01_120.pkl,234
MPI_HDM05/mm/HDM_mm_01-03_01_120.pkl,235
MPI_HDM05/mm/HDM_mm_01-03_01_120.pkl,236
MPI_HDM05/mm/HDM_mm_01-03_01_120.pkl,237
MPI_HDM05/mm/HDM_mm_01-03_01_120.pkl,238
MPI_HDM05/mm/HDM_mm_01-03_01_120.pkl,239
MPI_HDM05/mm/HDM_mm_01-03_01_120.pkl,295
MPI_HDM05/mm/HDM_mm_01-03_01_120.pkl,296
MPI_HDM05/mm/HDM_mm_01-03_01_120.pkl,297
MPI_HDM05/mm/HDM_mm_01-03_01_120.pkl,298
MPI_HDM05/mm/HDM_mm_01-03_01_120.pkl,299
MPI_HDM05/mm/HDM_mm_01-03_01_120.pkl,300
MPI_HDM05/mm/HDM_mm_01-03_01_120.pkl,301
MPI_HDM05/mm/HDM_mm_01-03_01_120.pkl,302
MPI_HDM05/mm/HDM_mm_01-03_01_120.pkl,303
MPI_HDM05/mm/HDM_mm_01-03_01_120.pkl,705
MPI_HDM05/mm/HDM_mm_01-03_01_120.pkl,706
MPI_HDM05/mm/HDM_mm_01-03_01_120.pkl,707
MPI_HDM05/mm/HDM_mm_01-03_01_120.pkl,708
MPI_HDM05/mm/HDM_mm_01-03_01_120.pkl,709
MPI_HDM05/mm/HDM_mm_01-03_01_120.pkl,710
MPI_HDM05/mm/HDM_mm_01-03_01_120.pkl,711
MPI_HDM05/mm/HDM_mm_01-03_01_120.pkl,712
MPI_HDM05/mm/HDM_mm_02-01_01_120.pkl,88
MPI_HDM05/mm/HDM_mm_02-01_01_120.pkl,89
MPI_HDM05/mm/HDM_mm_02-01_01_120.pkl,90
MPI_HDM05/mm/HDM_mm_02-01_01_120.pkl,91
MPI_HDM05/mm/HDM_mm_02-01_01_120.pkl,92
MPI_HDM05/mm/HDM_mm_02-01_01_120.pkl,93
MPI_HDM05/mm/HDM_mm_02-01_01_120.pkl,94
MPI_HDM05/mm/HDM_mm_02-01_01_120.pkl,95
MPI_HDM05/mm/HDM_mm_02-01_01_120.pkl,96
MPI_HDM05/mm/HDM_mm_02-01_01_120.pkl,97
MPI_HDM05/mm/HDM_mm_02-01_01_120.pkl,98
MPI_HDM05/mm/HDM_mm_02-01_01_120.pkl,99
MPI_HDM05/mm/HDM_mm_02-01_01_120.pkl,100
MPI_HDM05/mm/HDM_mm_02-01_01_120.pkl,101
MPI_HDM05/mm/HDM_mm_02-01_01_120.pkl,102
MPI_HDM05/mm/HDM_mm_02-01_01_120.pkl,103
MPI_HDM05/mm/HDM_mm_02-01_01_120.pkl,104
MPI_HDM05/mm/HDM_mm_02-01_01_120.pkl,105
MPI_HDM05/mm/HDM_mm_02-01_01_120.pkl,106
MPI_HDM05/mm/HDM_mm_02-01_01_120.pkl,107
MPI_HDM05/mm/HDM_mm_02-01_01_120.pkl,108
MPI_HDM05/mm/HDM_mm_02-01_01_120.pkl,109
MPI_HDM05/mm/HDM_mm_02-01_01_120.pkl,110
MPI_HDM05/mm/HDM_mm_02-01_01_120.pkl,111
MPI_HDM05/mm/HDM_mm_02-01_01_120.pkl,112
MPI_HDM05/mm/HDM_mm_02-01_01_120.pkl,113
MPI_HDM05/mm/HDM_mm_02-01_01_120.pkl,114
MPI_HDM05/mm/HDM_mm_02-01_01_120.pkl,115
MPI_HDM05/mm/HDM_mm_02-01_01_120.pkl,116
MPI_HDM05/mm/HDM_mm_02-01_01_120.pkl,117
MPI_HDM05/mm/HDM_mm_02-01_01_120.pkl,118
MPI_HDM05/mm/HDM_mm_02-01_01_120.pkl,119
MPI_HDM05/mm/HDM_mm_02-01_01_120.pkl,120
MPI_HDM05/mm/HDM_mm_02-01_01_120.pkl,121
MPI_HDM05/mm/HDM_mm_02-01_01_120.pkl,531
MPI_HDM05/mm/HDM_mm_02-01_01_120.pkl,532
MPI_HDM05/mm/HDM_mm_02-01_01_120.pkl,533
MPI_HDM05/mm/HDM_mm_02-01_01_120.pkl,534
MPI_HDM05/mm/HDM_mm_02-01_01_120.pkl,535
MPI_HDM05/mm/HDM_mm_02-01_01_120.pkl,536
MPI_HDM05/mm/HDM_mm_02-01_01_120.pkl,537
MPI_HDM05/mm/HDM_mm_02-01_01_120.pkl,538
MPI_HDM05/mm/HDM_mm_02-01_01_120.pkl,539
MPI_HDM05/mm/HDM_mm_02-01_01_120.pkl,540
MPI_HDM05/mm/HDM_mm_02-01_01_120.pkl,541
MPI_HDM05/mm/HDM_mm_02-01_01_120.pkl,542
MPI_HDM05/mm/HDM_mm_02-01_01_120.pkl,543
MPI_HDM05/mm/HDM_mm_02-01_01_120.pkl,544
MPI_HDM05/mm/HDM_mm_02-01_01_120.pkl,545
MPI_HDM05/mm/HDM_mm_02-01_01_120.pkl,546
MPI_HDM05/mm/HDM_mm_02-01_01_120.pkl,547
MPI_HDM05/mm/HDM_mm_02-01_01_120.pkl,548
MPI_HDM05/mm/HDM_mm_02-01_01_120.pkl,549
MPI_HDM05/mm/HDM_mm_02-01_01_120.pkl,550
MPI_HDM05/mm/HDM_mm_02-01_01_120.pkl,551
MPI_HDM05/mm/HDM_mm_02-01_01_120.pkl,552
MPI_HDM05/mm/HDM_mm_02-01_01_120.pkl,553
MPI_HDM05/mm/HDM_mm_02-01_01_120.pkl,554
MPI_HDM05/mm/HDM_mm_02-01_01_120.pkl,555
MPI_HDM05/mm/HDM_mm_02-01_01_120.pkl,556
MPI_HDM05/mm/HDM_mm_02-01_01_120.pkl,557
MPI_HDM05/mm/HDM_mm_02-01_01_120.pkl,558
MPI_HDM05/mm/HDM_mm_02-01_01_120.pkl,559
MPI_HDM05/mm/HDM_mm_02-01_01_120.pkl,560
MPI_HDM05/mm/HDM_mm_02-01_01_120.pkl,561
MPI_HDM05/mm/HDM_mm_02-01_01_120.pkl,562
MPI_HDM05/mm/HDM_mm_02-01_01_120.pkl,563
MPI_HDM05/mm/HDM_mm_02-01_01_120.pkl,564
MPI_HDM05/mm/HDM_mm_02-01_01_120.pkl,565
MPI_HDM05/mm/HDM_mm_02-01_01_120.pkl,566
MPI_HDM05/mm/HDM_mm_02-01_01_120.pkl,567
MPI_HDM05/mm/HDM_mm_02-01_01_120.pkl,568
MPI_HDM05/mm/HDM_mm_02-01_01_120.pkl,569
MPI_HDM05/mm/HDM_mm_02-01_01_120.pkl,570
MPI_HDM05/mm/HDM_mm_02-01_01_120.pkl,571
MPI_HDM05/mm/HDM_mm_02-01_01_120.pkl,572
MPI_HDM05/mm/HDM_mm_02-01_01_120.pkl,573
MPI_HDM05/mm/HDM_mm_02-01_01_120.pkl,574
MPI_HDM05/mm/HDM_mm_02-01_01_120.pkl,655
MPI_HDM05/mm/HDM_mm_02-01_01_120.pkl,656
MPI_HDM05/mm/HDM_mm_02-01_01_120.pkl,657
MPI_HDM05/mm/HDM_mm_02-01_01_120.pkl,658
MPI_HDM05/mm/HDM_mm_02-01_01_120.pkl,659
MPI_HDM05/mm/HDM_mm_02-01_01_120.pkl,660
MPI_HDM05/mm/HDM_mm_02-01_01_120.pkl,661
MPI_HDM05/mm/HDM_mm_02-01_01_120.pkl,662
MPI_HDM05/mm/HDM_mm_02-01_01_120.pkl,663
MPI_HDM05/mm/HDM_mm_02-01_01_120.pkl,664
MPI_HDM05/mm/HDM_mm_02-01_01_120.pkl,665
MPI_HDM05/mm/HDM_mm_02-02_01_120.pkl,98
MPI_HDM05/mm/HDM_mm_02-02_01_120.pkl,99
MPI_HDM05/mm/HDM_mm_02-02_01_120.pkl,100
MPI_HDM05/mm/HDM_mm_02-02_01_120.pkl,101
MPI_HDM05/mm/HDM_mm_02-02_01_120.pkl,102
MPI_HDM05/mm/HDM_mm_02-02_01_120.pkl,103
MPI_HDM05/mm/HDM_mm_02-02_01_120.pkl,104
MPI_HDM05/mm/HDM_mm_02-02_01_120.pkl,105
MPI_HDM05/mm/HDM_mm_02-02_01_120.pkl,106
MPI_HDM05/mm/HDM_mm_02-02_01_120.pkl,107
MPI_HDM05/mm/HDM_mm_02-02_01_120.pkl,108
MPI_HDM05/mm/HDM_mm_02-02_01_120.pkl,109
MPI_HDM05/mm/HDM_mm_02-02_01_120.pkl,110
MPI_HDM05/mm/HDM_mm_02-02_01_120.pkl,111
MPI_HDM05/mm/HDM_mm_02-02_01_120.pkl,112
MPI_HDM05/mm/HDM_mm_02-02_01_120.pkl,113
MPI_HDM05/mm/HDM_mm_02-02_01_120.pkl,114
MPI_HDM05/mm/HDM_mm_02-02_01_120.pkl,115
MPI_HDM05/mm/HDM_mm_02-02_01_120.pkl,116
MPI_HDM05/mm/HDM_mm_02-02_01_120.pkl,117
MPI_HDM05/mm/HDM_mm_02-02_01_120.pkl,118
MPI_HDM05/mm/HDM_mm_02-02_01_120.pkl,119
MPI_HDM05/mm/HDM_mm_02-02_01_120.pkl,120
MPI_HDM05/mm/HDM_mm_02-02_01_120.pkl,121
MPI_HDM05/mm/HDM_mm_02-02_01_120.pkl,122
MPI_HDM05/mm/HDM_mm_02-02_01_120.pkl,123
MPI_HDM05/mm/HDM_mm_02-02_01_120.pkl,124
MPI_HDM05/mm/HDM_mm_02-02_01_120.pkl,125
MPI_HDM05/mm/HDM_mm_02-02_01_120.pkl,126
MPI_HDM05/mm/HDM_mm_02-02_01_120.pkl,127
MPI_HDM05/mm/HDM_mm_02-02_01_120.pkl,204
MPI_HDM05/mm/HDM_mm_02-02_01_120.pkl,205
MPI_HDM05/mm/HDM_mm_02-02_01_120.pkl,206
MPI_HDM05/mm/HDM_mm_02-02_01_120.pkl,207
MPI_HDM05/mm/HDM_mm_02-02_01_120.pkl,208
MPI_HDM05/mm/HDM_mm_02-02_01_120.pkl,209
MPI_HDM05/mm/HDM_mm_02-02_01_120.pkl,210
MPI_HDM05/mm/HDM_mm_02-02_01_120.pkl,211
MPI_HDM05/mm/HDM_mm_02-02_01_120.pkl,212
MPI_HDM05/mm/HDM_mm_02-02_01_120.pkl,213
MPI_HDM05/mm/HDM_mm_02-02_01_120.pkl,214
MPI_HDM05/mm/HDM_mm_02-02_01_120.pkl,215
MPI_HDM05/mm/HDM_mm_02-02_01_120.pkl,216
MPI_HDM05/mm/HDM_mm_02-02_01_120.pkl,217
MPI_HDM05/mm/HDM_mm_02-02_01_120.pkl,218
MPI_HDM05/mm/HDM_mm_02-02_01_120.pkl,219
MPI_HDM05/mm/HDM_mm_02-02_01_120.pkl,220
MPI_HDM05/mm/HDM_mm_02-02_01_120.pkl,221
MPI_HDM05/mm/HDM_mm_02-02_01_120.pkl,222
MPI_HDM05/mm/HDM_mm_02-02_01_120.pkl,223
MPI_HDM05/mm/HDM_mm_02-02_01_120.pkl,224
MPI_HDM05/mm/HDM_mm_02-02_01_120.pkl,225
MPI_HDM05/mm/HDM_mm_02-02_01_120.pkl,226
MPI_HDM05/mm/HDM_mm_02-02_01_120.pkl,227
MPI_HDM05/mm/HDM_mm_02-02_01_120.pkl,228
MPI_HDM05/mm/HDM_mm_02-02_01_120.pkl,229
MPI_HDM05/mm/HDM_mm_02-02_01_120.pkl,230
MPI_HDM05/mm/HDM_mm_02-02_01_120.pkl,231
MPI_HDM05/mm/HDM_mm_02-02_01_120.pkl,232
MPI_HDM05/mm/HDM_mm_02-02_01_120.pkl,233
MPI_HDM05/mm/HDM_mm_02-02_01_120.pkl,234
MPI_HDM05/mm/HDM_mm_02-02_01_120.pkl,235
MPI_HDM05/mm/HDM_mm_02-02_01_120.pkl,236
MPI_HDM05/mm/HDM_mm_02-02_01_120.pkl,413
MPI_HDM05/mm/HDM_mm_02-02_01_120.pkl,414
MPI_HDM05/mm/HDM_mm_02-02_01_120.pkl,415
MPI_HDM05/mm/HDM_mm_02-02_01_120.pkl,416
MPI_HDM05/mm/HDM_mm_02-02_01_120.pkl,417
MPI_HDM05/mm/HDM_mm_02-02_01_120.pkl,418
MPI_HDM05/mm/HDM_mm_02-02_01_120.pkl,419
MPI_HDM05/mm/HDM_mm_02-02_01_120.pkl,420
MPI_HDM05/mm/HDM_mm_02-02_01_120.pkl,421
MPI_HDM05/mm/HDM_mm_02-02_01_120.pkl,422
MPI_HDM05/mm/HDM_mm_02-02_01_120.pkl,423
MPI_HDM05/mm/HDM_mm_02-02_01_120.pkl,424
MPI_HDM05/mm/HDM_mm_02-02_01_120.pkl,425
MPI_HDM05/mm/HDM_mm_02-02_01_120.pkl,426
MPI_HDM05/mm/HDM_mm_02-02_01_120.pkl,427
MPI_HDM05/mm/HDM_mm_02-02_01_120.pkl,428
MPI_HDM05/mm/HDM_mm_02-02_01_120.pkl,429
MPI_HDM05/mm/HDM_mm_02-02_01_120.pkl,430
MPI_HDM05/mm/HDM_mm_02-02_01_120.pkl,431
MPI_HDM05/mm/HDM_mm_02-02_01_120.pkl,432
MPI_HDM05/mm/HDM_mm_02-02_01_120.pkl,433
MPI_HDM05/mm/HDM_mm_02-02_01_120.pkl,434
MPI_HDM05/mm/HDM_mm_02-02_01_120.pkl,435
MPI_HDM05/mm/HDM_mm_02-02_01_120.pkl,436
MPI_HDM05/mm/HDM_mm_02-02_01_120.pkl,485
MPI_HDM05/mm/HDM_mm_02-02_01_120.pkl,486
MPI_HDM05/mm/HDM_mm_02-02_01_120.pkl,487
MPI_HDM05/mm/HDM_mm_02-02_01_120.pkl,488
MPI_HDM05/mm/HDM_mm_02-02_01_120.pkl,489
MPI_HDM05/mm/HDM_mm_02-02_01_120.pkl,490
MPI_HDM05/mm/HDM_mm_02-02_01_120.pkl,491
MPI_HDM05/mm/HDM_mm_02-02_01_120.pkl,492
MPI_HDM05/mm/HDM_mm_02-02_01_120.pkl,493
MPI_HDM05/mm/HDM_mm_02-02_01_120.pkl,494
MPI_HDM05/mm/HDM_mm_02-02_01_120.pkl,495
MPI_HDM05/mm/HDM_mm_02-02_01_120.pkl,496
MPI_HDM05/mm/HDM_mm_02-02_01_120.pkl,497
MPI_HDM05/mm/HDM_mm_02-02_01_120.pkl,498
MPI_HDM05/mm/HDM_mm_02-02_01_120.pkl,499
MPI_HDM05/mm/HDM_mm_02-02_01_120.pkl,500
MPI_HDM05/mm/HDM_mm_02-02_01_120.pkl,501
MPI_HDM05/mm/HDM_mm_02-02_01_120.pkl,502
MPI_HDM05/mm/HDM_mm_02-02_01_120.pkl,503
MPI_HDM05/mm/HDM_mm_02-02_01_120.pkl,504
MPI_HDM05/mm/HDM_mm_02-02_01_120.pkl,505
MPI_HDM05/mm/HDM_mm_02-02_01_120.pkl,506
MPI_HDM05/mm/HDM_mm_02-02_01_120.pkl,507
MPI_HDM05/mm/HDM_mm_02-02_01_120.pkl,508
MPI_HDM05/mm/HDM_mm_02-02_01_120.pkl,509
MPI_HDM05/mm/HDM_mm_02-02_01_120.pkl,510
MPI_HDM05/mm/HDM_mm_02-02_01_120.pkl,511
MPI_HDM05/mm/HDM_mm_02-02_01_120.pkl,512
MPI_HDM05/mm/HDM_mm_02-02_01_120.pkl,588
MPI_HDM05/mm/HDM_mm_02-02_01_120.pkl,589
MPI_HDM05/mm/HDM_mm_02-02_01_120.pkl,590
MPI_HDM05/mm/HDM_mm_02-02_01_120.pkl,591
MPI_HDM05/mm/HDM_mm_02-02_01_120.pkl,592
MPI_HDM05/mm/HDM_mm_02-02_01_120.pkl,593
MPI_HDM05/mm/HDM_mm_02-02_01_120.pkl,594
MPI_HDM05/mm/HDM_mm_02-02_01_120.pkl,595
MPI_HDM05/mm/HDM_mm_02-02_01_120.pkl,596
MPI_HDM05/mm/HDM_mm_02-02_01_120.pkl,597
MPI_HDM05/mm/HDM_mm_02-02_01_120.pkl,598
MPI_HDM05/mm/HDM_mm_02-02_01_120.pkl,599
MPI_HDM05/mm/HDM_mm_02-02_01_120.pkl,600
MPI_HDM05/mm/HDM_mm_02-02_01_120.pkl,601
MPI_HDM05/mm/HDM_mm_02-02_01_120.pkl,602
MPI_HDM05/mm/HDM_mm_02-02_01_120.pkl,603
MPI_HDM05/mm/HDM_mm_02-02_01_120.pkl,604
MPI_HDM05/mm/HDM_mm_02-02_01_120.pkl,605
MPI_HDM05/mm/HDM_mm_02-02_01_120.pkl,606
MPI_HDM05/mm/HDM_mm_02-02_01_120.pkl,607
MPI_HDM05/mm/HDM_mm_02-02_01_120.pkl,608
MPI_HDM05/mm/HDM_mm_02-02_01_120.pkl,609
MPI_HDM05/mm/HDM_mm_02-02_01_120.pkl,610
MPI_HDM05/mm/HDM_mm_02-02_01_120.pkl,611
MPI_HDM05/mm/HDM_mm_02-02_01_120.pkl,612
MPI_HDM05/mm/HDM_mm_02-02_01_120.pkl,757
MPI_HDM05/mm/HDM_mm_02-02_01_120.pkl,758
MPI_HDM05/mm/HDM_mm_02-02_01_120.pkl,759
MPI_HDM05/mm/HDM_mm_02-02_01_120.pkl,760
MPI_HDM05/mm/HDM_mm_02-02_01_120.pkl,761
MPI_HDM05/mm/HDM_mm_02-02_01_120.pkl,762
MPI_HDM05/mm/HDM_mm_02-02_01_120.pkl,763
MPI_HDM05/mm/HDM_mm_02-02_01_120.pkl,764
MPI_HDM05/mm/HDM_mm_02-02_01_120.pkl,765
MPI_HDM05/mm/HDM_mm_02-02_01_120.pkl,766
MPI_HDM05/mm/HDM_mm_02-02_01_120.pkl,767
MPI_HDM05/mm/HDM_mm_02-02_01_120.pkl,768
MPI_HDM05/mm/HDM_mm_02-02_01_120.pkl,769
MPI_HDM05/mm/HDM_mm_02-02_01_120.pkl,770
MPI_HDM05/mm/HDM_mm_02-02_01_120.pkl,771
MPI_HDM05/mm/HDM_mm_02-02_01_120.pkl,772
MPI_HDM05/mm/HDM_mm_02-02_01_120.pkl,773
MPI_HDM05/mm/HDM_mm_02-02_01_120.pkl,774
MPI_HDM05/mm/HDM_mm_02-02_01_120.pkl,775
MPI_HDM05/mm/HDM_mm_02-02_01_120.pkl,776
MPI_HDM05/mm/HDM_mm_02-02_01_120.pkl,777
MPI_HDM05/mm/HDM_mm_02-02_01_120.pkl,828
MPI_HDM05/mm/HDM_mm_02-02_01_120.pkl,829
MPI_HDM05/mm/HDM_mm_02-02_01_120.pkl,830
MPI_HDM05/mm/HDM_mm_02-02_01_120.pkl,831
MPI_HDM05/mm/HDM_mm_02-02_01_120.pkl,832
MPI_HDM05/mm/HDM_mm_02-02_01_120.pkl,833
MPI_HDM05/mm/HDM_mm_02-02_01_120.pkl,834
MPI_HDM05/mm/HDM_mm_02-02_01_120.pkl,835
MPI_HDM05/mm/HDM_mm_02-02_01_120.pkl,836
MPI_HDM05/mm/HDM_mm_02-02_01_120.pkl,837
MPI_HDM05/mm/HDM_mm_02-02_01_120.pkl,838
MPI_HDM05/mm/HDM_mm_02-02_01_120.pkl,839
MPI_HDM05/mm/HDM_mm_02-02_01_120.pkl,840
MPI_HDM05/mm/HDM_mm_02-02_01_120.pkl,841
MPI_HDM05/mm/HDM_mm_02-02_01_120.pkl,842
MPI_HDM05/mm/HDM_mm_02-02_01_120.pkl,843
MPI_HDM05/mm/HDM_mm_02-02_01_120.pkl,844
MPI_HDM05/mm/HDM_mm_02-02_01_120.pkl,845
MPI_HDM05/mm/HDM_mm_02-02_01_120.pkl,846
MPI_HDM05/mm/HDM_mm_02-02_01_120.pkl,847
MPI_HDM05/mm/HDM_mm_02-02_01_120.pkl,848
MPI_HDM05/mm/HDM_mm_02-02_01_120.pkl,849
MPI_HDM05/mm/HDM_mm_02-02_01_120.pkl,850
MPI_HDM05/mm/HDM_mm_02-02_01_120.pkl,851
MPI_HDM05/mm/HDM_mm_02-02_01_120.pkl,852
MPI_HDM05/mm/HDM_mm_02-02_01_120.pkl,853
MPI_HDM05/mm/HDM_mm_02-02_01_120.pkl,854
MPI_HDM05/mm/HDM_mm_02-02_01_120.pkl,855
MPI_HDM05/mm/HDM_mm_02-02_01_120.pkl,934
MPI_HDM05/mm/HDM_mm_02-02_01_120.pkl,935
MPI_HDM05/mm/HDM_mm_02-02_01_120.pkl,936
MPI_HDM05/mm/HDM_mm_02-02_01_120.pkl,937
MPI_HDM05/mm/HDM_mm_02-02_01_120.pkl,938
MPI_HDM05/mm/HDM_mm_02-02_01_120.pkl,939
MPI_HDM05/mm/HDM_mm_02-02_01_120.pkl,940
MPI_HDM05/mm/HDM_mm_02-02_01_120.pkl,941
MPI_HDM05/mm/HDM_mm_02-02_01_120.pkl,942
MPI_HDM05/mm/HDM_mm_02-02_01_120.pkl,943
MPI_HDM05/mm/HDM_mm_02-02_01_120.pkl,944
MPI_HDM05/mm/HDM_mm_02-02_01_120.pkl,945
MPI_HDM05/mm/HDM_mm_02-02_01_120.pkl,946
MPI_HDM05/mm/HDM_mm_02-02_01_120.pkl,947
MPI_HDM05/mm/HDM_mm_02-02_01_120.pkl,948
MPI_HDM05/mm/HDM_mm_02-02_01_120.pkl,949
MPI_HDM05/mm/HDM_mm_02-02_01_120.pkl,950
MPI_HDM05/mm/HDM_mm_02-02_01_120.pkl,951
MPI_HDM05/mm/HDM_mm_02-02_01_120.pkl,952
MPI_HDM05/mm/HDM_mm_02-02_01_120.pkl,953
MPI_HDM05/mm/HDM_mm_02-02_01_120.pkl,954
MPI_HDM05/mm/HDM_mm_02-02_01_120.pkl,955
MPI_HDM05/mm/HDM_mm_02-02_01_120.pkl,956
MPI_HDM05/mm/HDM_mm_02-02_01_120.pkl,957
MPI_HDM05/mm/HDM_mm_02-02_01_120.pkl,958
MPI_HDM05/mm/HDM_mm_02-02_01_120.pkl,959
MPI_HDM05/mm/HDM_mm_02-02_01_120.pkl,960
MPI_HDM05/mm/HDM_mm_02-02_01_120.pkl,1011
MPI_HDM05/mm/HDM_mm_02-02_01_120.pkl,1012
MPI_HDM05/mm/HDM_mm_02-02_01_120.pkl,1013
MPI_HDM05/mm/HDM_mm_02-02_01_120.pkl,1014
MPI_HDM05/mm/HDM_mm_02-02_01_120.pkl,1015
MPI_HDM05/mm/HDM_mm_02-02_01_120.pkl,1016
MPI_HDM05/mm/HDM_mm_02-02_01_120.pkl,1017
MPI_HDM05/mm/HDM_mm_02-02_01_120.pkl,1018
MPI_HDM05/mm/HDM_mm_02-02_01_120.pkl,1019
MPI_HDM05/mm/HDM_mm_02-02_01_120.pkl,1020
MPI_HDM05/mm/HDM_mm_02-02_01_120.pkl,1021
MPI_HDM05/mm/HDM_mm_02-02_01_120.pkl,1022
MPI_HDM05/mm/HDM_mm_02-02_01_120.pkl,1023
MPI_HDM05/mm/HDM_mm_02-02_01_120.pkl,1024
MPI_HDM05/mm/HDM_mm_02-02_01_120.pkl,1025
MPI_HDM05/mm/HDM_mm_02-02_01_120.pkl,1026
MPI_HDM05/mm/HDM_mm_02-02_01_120.pkl,1027
MPI_HDM05/mm/HDM_mm_02-02_01_120.pkl,1028
MPI_HDM05/mm/HDM_mm_02-02_01_120.pkl,1029
MPI_HDM05/mm/HDM_mm_02-02_01_120.pkl,1030
MPI_HDM05/mm/HDM_mm_02-02_01_120.pkl,1031
MPI_HDM05/mm/HDM_mm_02-02_01_120.pkl,1032
MPI_HDM05/mm/HDM_mm_02-02_01_120.pkl,1033
MPI_HDM05/mm/HDM_mm_02-02_01_120.pkl,1034
MPI_HDM05/mm/HDM_mm_02-02_01_120.pkl,1035
MPI_HDM05/mm/HDM_mm_02-02_01_120.pkl,1036
MPI_HDM05/mm/HDM_mm_02-02_01_120.pkl,1037
MPI_HDM05/mm/HDM_mm_02-02_01_120.pkl,1038
MPI_HDM05/tr/HDM_tr_01-01_02_120.pkl,63
MPI_HDM05/tr/HDM_tr_01-01_02_120.pkl,64
MPI_HDM05/tr/HDM_tr_01-01_02_120.pkl,65
MPI_HDM05/tr/HDM_tr_01-01_02_120.pkl,66
MPI_HDM05/tr/HDM_tr_01-01_02_120.pkl,67
MPI_HDM05/tr/HDM_tr_01-01_02_120.pkl,68
MPI_HDM05/tr/HDM_tr_01-01_02_120.pkl,69
MPI_HDM05/tr/HDM_tr_01-01_02_120.pkl,70
MPI_HDM05/tr/HDM_tr_01-01_02_120.pkl,71
MPI_HDM05/tr/HDM_tr_01-01_02_120.pkl,72
MPI_HDM05/tr/HDM_tr_01-01_02_120.pkl,73
MPI_HDM05/tr/HDM_tr_01-01_02_120.pkl,74
MPI_HDM05/tr/HDM_tr_01-01_02_120.pkl,75
MPI_HDM05/tr/HDM_tr_01-01_02_120.pkl,76
MPI_HDM05/tr/HDM_tr_01-01_02_120.pkl,77
MPI_HDM05/tr/HDM_tr_01-01_02_120.pkl,78
MPI_HDM05/tr/HDM_tr_01-01_02_120.pkl,79
MPI_HDM05/tr/HDM_tr_01-01_02_120.pkl,80
MPI_HDM05/tr/HDM_tr_01-01_02_120.pkl,81
MPI_HDM05/tr/HDM_tr_01-01_02_120.pkl,82
MPI_HDM05/tr/HDM_tr_01-01_02_120.pkl,83
MPI_HDM05/tr/HDM_tr_01-01_02_120.pkl,84
MPI_HDM05/tr/HDM_tr_01-01_02_120.pkl,85
MPI_HDM05/tr/HDM_tr_01-01_02_120.pkl,86
MPI_HDM05/tr/HDM_tr_01-01_02_120.pkl,87
MPI_HDM05/tr/HDM_tr_01-01_02_120.pkl,88
MPI_HDM05/tr/HDM_tr_01-04_01_120.pkl,106
MPI_HDM05/tr/HDM_tr_01-04_01_120.pkl,107
MPI_HDM05/tr/HDM_tr_01-04_01_120.pkl,108
MPI_HDM05/tr/HDM_tr_01-04_01_120.pkl,109
MPI_HDM05/tr/HDM_tr_01-04_01_120.pkl,110
MPI_HDM05/tr/HDM_tr_01-04_01_120.pkl,111
MPI_HDM05/tr/HDM_tr_01-04_01_120.pkl,112
MPI_HDM05/tr/HDM_tr_01-04_01_120.pkl,113
MPI_HDM05/tr/HDM_tr_01-04_01_120.pkl,114
MPI_HDM05/tr/HDM_tr_01-04_01_120.pkl,115
MPI_HDM05/tr/HDM_tr_01-04_01_120.pkl,116
MPI_HDM05/tr/HDM_tr_01-04_01_120.pkl,117
MPI_HDM05/tr/HDM_tr_01-04_01_120.pkl,118
MPI_HDM05/tr/HDM_tr_01-04_01_120.pkl,119
MPI_HDM05/tr/HDM_tr_01-04_01_120.pkl,120
MPI_HDM05/tr/HDM_tr_01-04_01_120.pkl,121
MPI_HDM05/tr/HDM_tr_01-04_01_120.pkl,122
MPI_HDM05/tr/HDM_tr_01-04_01_120.pkl,123
MPI_HDM05/tr/HDM_tr_01-04_01_120.pkl,124
MPI_HDM05/tr/HDM_tr_01-04_01_120.pkl,125
MPI_HDM05/tr/HDM_tr_01-04_01_120.pkl,126
MPI_HDM05/tr/HDM_tr_01-04_01_120.pkl,127
MPI_HDM05/tr/HDM_tr_01-04_01_120.pkl,128
MPI_HDM05/tr/HDM_tr_01-04_01_120.pkl,129
MPI_HDM05/tr/HDM_tr_01-04_01_120.pkl,130
MPI_HDM05/tr/HDM_tr_01-04_01_120.pkl,131
MPI_HDM05/tr/HDM_tr_01-04_01_120.pkl,132
MPI_HDM05/tr/HDM_tr_01-04_01_120.pkl,133
MPI_HDM05/tr/HDM_tr_01-04_01_120.pkl,134
MPI_HDM05/tr/HDM_tr_01-04_01_120.pkl,135
MPI_HDM05/tr/HDM_tr_01-04_01_120.pkl,136
MPI_HDM05/tr/HDM_tr_01-04_01_120.pkl,137
MPI_HDM05/tr/HDM_tr_01-04_01_120.pkl,138
MPI_HDM05/tr/HDM_tr_01-04_01_120.pkl,139
MPI_HDM05/tr/HDM_tr_01-04_01_120.pkl,140
MPI_HDM05/tr/HDM_tr_01-04_01_120.pkl,141
MPI_HDM05/tr/HDM_tr_01-04_01_120.pkl,142
MPI_HDM05/tr/HDM_tr_01-04_01_120.pkl,143
MPI_HDM05/tr/HDM_tr_01-04_01_120.pkl,144
MPI_HDM05/tr/HDM_tr_01-04_01_120.pkl,145
MPI_HDM05/tr/HDM_tr_01-04_01_120.pkl,146
MPI_HDM05/tr/HDM_tr_01-04_01_120.pkl,147
MPI_HDM05/tr/HDM_tr_01-04_01_120.pkl,148
MPI_HDM05/tr/HDM_tr_01-04_01_120.pkl,149
MPI_HDM05/tr/HDM_tr_01-04_01_120.pkl,150
MPI_HDM05/tr/HDM_tr_01-04_01_120.pkl,151
MPI_HDM05/tr/HDM_tr_01-04_01_120.pkl,152
MPI_HDM05/tr/HDM_tr_01-04_01_120.pkl,153
MPI_HDM05/tr/HDM_tr_01-04_01_120.pkl,154
MPI_HDM05/tr/HDM_tr_01-04_01_120.pkl,155
MPI_HDM05/tr/HDM_tr_01-04_01_120.pkl,156
MPI_HDM05/tr/HDM_tr_01-04_01_120.pkl,157
MPI_HDM05/tr/HDM_tr_01-04_01_120.pkl,158
MPI_HDM05/tr/HDM_tr_01-04_01_120.pkl,159
MPI_HDM05/tr/HDM_tr_01-04_01_120.pkl,160
MPI_HDM05/tr/HDM_tr_01-04_01_120.pkl,161
MPI_HDM05/tr/HDM_tr_01-04_01_120.pkl,162
MPI_HDM05/tr/HDM_tr_01-04_01_120.pkl,163
MPI_HDM05/tr/HDM_tr_01-04_01_120.pkl,164
MPI_HDM05/tr/HDM_tr_01-04_01_120.pkl,165
MPI_HDM05/tr/HDM_tr_01-04_01_120.pkl,166
MPI_HDM05/tr/HDM_tr_01-04_01_120.pkl,167
MPI_HDM05/tr/HDM_tr_01-04_01_120.pkl,168
MPI_HDM05/tr/HDM_tr_01-04_01_120.pkl,169
MPI_HDM05/tr/HDM_tr_01-04_01_120.pkl,170
MPI_HDM05/tr/HDM_tr_01-04_01_120.pkl,171
MPI_HDM05/tr/HDM_tr_01-04_01_120.pkl,172
MPI_HDM05/tr/HDM_tr_01-04_01_120.pkl,173
MPI_HDM05/tr/HDM_tr_01-04_01_120.pkl,174
MPI_HDM05/tr/HDM_tr_01-04_01_120.pkl,175
MPI_HDM05/tr/HDM_tr_01-04_01_120.pkl,866
MPI_HDM05/tr/HDM_tr_01-04_01_120.pkl,867
MPI_HDM05/tr/HDM_tr_01-04_01_120.pkl,868
MPI_HDM05/tr/HDM_tr_01-04_01_120.pkl,869
MPI_HDM05/tr/HDM_tr_01-04_01_120.pkl,870
MPI_HDM05/tr/HDM_tr_01-04_01_120.pkl,871
MPI_HDM05/tr/HDM_tr_01-04_01_120.pkl,872
MPI_HDM05/tr/HDM_tr_01-04_01_120.pkl,873
MPI_HDM05/tr/HDM_tr_01-04_01_120.pkl,874
MPI_HDM05/tr/HDM_tr_01-04_01_120.pkl,875
MPI_HDM05/tr/HDM_tr_01-04_01_120.pkl,876
MPI_HDM05/tr/HDM_tr_01-04_01_120.pkl,877
MPI_HDM05/tr/HDM_tr_01-04_01_120.pkl,878
MPI_HDM05/tr/HDM_tr_01-04_01_120.pkl,879
MPI_HDM05/tr/HDM_tr_01-04_01_120.pkl,880
MPI_HDM05/tr/HDM_tr_01-04_01_120.pkl,881
MPI_HDM05/tr/HDM_tr_01-04_01_120.pkl,882
MPI_HDM05/tr/HDM_tr_01-04_01_120.pkl,883
MPI_HDM05/tr/HDM_tr_01-04_01_120.pkl,884
MPI_HDM05/tr/HDM_tr_01-04_01_120.pkl,885
MPI_HDM05/tr/HDM_tr_01-04_01_120.pkl,886
MPI_HDM05/tr/HDM_tr_01-04_01_120.pkl,887
MPI_HDM05/tr/HDM_tr_01-04_01_120.pkl,888
MPI_HDM05/tr/HDM_tr_01-04_01_120.pkl,889
MPI_HDM05/tr/HDM_tr_01-04_01_120.pkl,890
MPI_HDM05/tr/HDM_tr_01-04_01_120.pkl,891
MPI_HDM05/tr/HDM_tr_01-04_01_120.pkl,892
MPI_HDM05/tr/HDM_tr_01-04_01_120.pkl,893
MPI_HDM05/tr/HDM_tr_01-04_01_120.pkl,894
MPI_HDM05/tr/HDM_tr_01-04_01_120.pkl,895
MPI_HDM05/tr/HDM_tr_01-04_01_120.pkl,896
MPI_HDM05/tr/HDM_tr_01-04_01_120.pkl,897
MPI_HDM05/tr/HDM_tr_01-04_01_120.pkl,898
MPI_HDM05/tr/HDM_tr_01-04_01_120.pkl,899
MPI_HDM05/tr/HDM_tr_01-04_01_120.pkl,900
MPI_HDM05/tr/HDM_tr_01-04_01_120.pkl,901
MPI_HDM05/tr/HDM_tr_01-04_01_120.pkl,902
MPI_HDM05/tr/HDM_tr_01-04_01_120.pkl,903
MPI_HDM05/tr/HDM_tr_01-04_01_120.pkl,904
MPI_HDM05/tr/HDM_tr_01-04_01_120.pkl,905
MPI_HDM05/tr/HDM_tr_01-04_01_120.pkl,906
MPI_HDM05/tr/HDM_tr_01-04_01_120.pkl,907
MPI_HDM05/tr/HDM_tr_01-04_01_120.pkl,908
MPI_HDM05/tr/HDM_tr_01-04_01_120.pkl,1140
MPI_HDM05/tr/HDM_tr_01-04_01_120.pkl,1141
MPI_HDM05/tr/HDM_tr_01-04_01_120.pkl,1142
MPI_HDM05/tr/HDM_tr_01-04_01_120.pkl,1143
MPI_HDM05/tr/HDM_tr_01-04_01_120.pkl,1144
MPI_HDM05/tr/HDM_tr_01-04_01_120.pkl,1145
MPI_HDM05/tr/HDM_tr_01-04_01_120.pkl,1146
MPI_HDM05/tr/HDM_tr_01-04_01_120.pkl,1147
MPI_HDM05/tr/HDM_tr_01-04_01_120.pkl,1148
MPI_HDM05/tr/HDM_tr_01-04_01_120.pkl,1149
MPI_HDM05/tr/HDM_tr_01-04_01_120.pkl,1150
MPI_HDM05/tr/HDM_tr_01-04_01_120.pkl,1151
MPI_HDM05/tr/HDM_tr_01-04_01_120.pkl,1152
MPI_HDM05/tr/HDM_tr_01-04_01_120.pkl,1153
MPI_HDM05/tr/HDM_tr_01-04_01_120.pkl,1154
MPI_HDM05/tr/HDM_tr_01-04_01_120.pkl,1155
MPI_HDM05/tr/HDM_tr_01-04_01_120.pkl,1156
MPI_HDM05/tr/HDM_tr_01-04_01_120.pkl,1157
MPI_HDM05/tr/HDM_tr_01-04_01_120.pkl,1158
MPI_HDM05/tr/HDM_tr_01-04_01_120.pkl,1159
MPI_HDM05/tr/HDM_tr_01-04_01_120.pkl,1160
MPI_HDM05/tr/HDM_tr_01-04_01_120.pkl,1161
MPI_HDM05/tr/HDM_tr_01-04_01_120.pkl,1162
MPI_HDM05/tr/HDM_tr_01-04_01_120.pkl,1163
MPI_HDM05/tr/HDM_tr_01-04_01_120.pkl,1164
MPI_HDM05/tr/HDM_tr_01-04_01_120.pkl,1165
MPI_HDM05/tr/HDM_tr_01-04_01_120.pkl,1166
MPI_HDM05/tr/HDM_tr_01-04_01_120.pkl,1167
MPI_HDM05/tr/HDM_tr_01-04_01_120.pkl,1168
MPI_HDM05/tr/HDM_tr_01-04_01_120.pkl,1169
MPI_HDM05/tr/HDM_tr_01-04_01_120.pkl,1170
MPI_HDM05/tr/HDM_tr_01-04_01_120.pkl,1171
MPI_HDM05/tr/HDM_tr_01-04_01_120.pkl,1172
MPI_HDM05/tr/HDM_tr_01-04_01_120.pkl,1173
MPI_HDM05/tr/HDM_tr_01-04_01_120.pkl,1174
MPI_HDM05/tr/HDM_tr_01-04_01_120.pkl,1175
MPI_HDM05/tr/HDM_tr_01-04_01_120.pkl,1176
MPI_HDM05/tr/HDM_tr_01-04_01_120.pkl,1177
MPI_HDM05/tr/HDM_tr_01-04_01_120.pkl,1178
MPI_HDM05/tr/HDM_tr_01-04_01_120.pkl,1179
MPI_HDM05/tr/HDM_tr_01-04_01_120.pkl,1180
MPI_HDM05/tr/HDM_tr_01-04_01_120.pkl,1181
MPI_HDM05/tr/HDM_tr_01-04_01_120.pkl,1182
MPI_HDM05/tr/HDM_tr_01-04_01_120.pkl,1183
MPI_HDM05/tr/HDM_tr_01-04_01_120.pkl,1184
MPI_HDM05/tr/HDM_tr_01-04_01_120.pkl,1185
MPI_HDM05/tr/HDM_tr_01-04_01_120.pkl,1186
MPI_HDM05/tr/HDM_tr_01-04_01_120.pkl,1187
MPI_HDM05/tr/HDM_tr_01-04_01_120.pkl,1188
MPI_HDM05/tr/HDM_tr_01-04_01_120.pkl,1189
MPI_HDM05/tr/HDM_tr_01-04_01_120.pkl,1190
MPI_HDM05/tr/HDM_tr_01-04_01_120.pkl,1191
MPI_HDM05/tr/HDM_tr_01-04_01_120.pkl,1192
MPI_HDM05/tr/HDM_tr_01-04_01_120.pkl,1193
MPI_HDM05/tr/HDM_tr_01-04_01_120.pkl,1194
MPI_HDM05/tr/HDM_tr_01-04_01_120.pkl,1195
MPI_HDM05/tr/HDM_tr_01-04_01_120.pkl,1196
MPI_HDM05/tr/HDM_tr_01-04_01_120.pkl,1197
MPI_HDM05/tr/HDM_tr_01-04_01_120.pkl,1198
MPI_HDM05/tr/HDM_tr_01-04_01_120.pkl,1199
MPI_HDM05/tr/HDM_tr_01-04_01_120.pkl,1200
MPI_HDM05/tr/HDM_tr_01-04_01_120.pkl,1201
MPI_HDM05/tr/HDM_tr_01-04_01_120.pkl,1202
MPI_HDM05/tr/HDM_tr_01-04_01_120.pkl,1203
MPI_HDM05/tr/HDM_tr_01-04_01_120.pkl,1204
MPI_HDM05/tr/HDM_tr_01-04_01_120.pkl,1205
MPI_HDM05/tr/HDM_tr_01-04_01_120.pkl,1206
MPI_HDM05/tr/HDM_tr_02-02_01_120.pkl,54
MPI_HDM05/tr/HDM_tr_02-02_01_120.pkl,55
MPI_HDM05/tr/HDM_tr_02-02_01_120.pkl,56
MPI_HDM05/tr/HDM_tr_02-02_01_120.pkl,57
MPI_HDM05/tr/HDM_tr_02-02_01_120.pkl,58
MPI_HDM05/tr/HDM_tr_02-02_01_120.pkl,59
MPI_HDM05/tr/HDM_tr_02-02_01_120.pkl,60
MPI_HDM05/tr/HDM_tr_02-02_01_120.pkl,213
MPI_HDM05/tr/HDM_tr_02-02_01_120.pkl,214
MPI_HDM05/tr/HDM_tr_02-02_01_120.pkl,215
MPI_HDM05/tr/HDM_tr_02-02_01_120.pkl,216
MPI_HDM05/tr/HDM_tr_02-02_01_120.pkl,217
MPI_HDM05/tr/HDM_tr_02-02_01_120.pkl,218
MPI_HDM05/tr/HDM_tr_02-02_01_120.pkl,219
MPI_HDM05/tr/HDM_tr_02-02_01_120.pkl,220
MPI_HDM05/tr/HDM_tr_02-02_01_120.pkl,221
MPI_HDM05/tr/HDM_tr_02-02_01_120.pkl,222
MPI_HDM05/tr/HDM_tr_02-02_01_120.pkl,223
MPI_HDM05/tr/HDM_tr_02-02_01_120.pkl,224
MPI_HDM05/tr/HDM_tr_02-02_01_120.pkl,225
MPI_HDM05/tr/HDM_tr_02-02_01_120.pkl,226
MPI_HDM05/tr/HDM_tr_02-02_01_120.pkl,227
MPI_HDM05/tr/HDM_tr_02-02_01_120.pkl,228
MPI_HDM05/tr/HDM_tr_02-02_01_120.pkl,229
MPI_HDM05/tr/HDM_tr_02-02_01_120.pkl,230
MPI_HDM05/tr/HDM_tr_02-02_01_120.pkl,231
MPI_HDM05/tr/HDM_tr_02-02_01_120.pkl,232
MPI_HDM05/tr/HDM_tr_02-02_01_120.pkl,400
MPI_HDM05/tr/HDM_tr_02-02_01_120.pkl,401
MPI_HDM05/tr/HDM_tr_02-02_01_120.pkl,402
MPI_HDM05/tr/HDM_tr_02-02_01_120.pkl,403
MPI_HDM05/tr/HDM_tr_02-02_01_120.pkl,404
MPI_HDM05/tr/HDM_tr_02-02_01_120.pkl,405
MPI_HDM05/tr/HDM_tr_02-02_01_120.pkl,406
MPI_HDM05/tr/HDM_tr_02-02_01_120.pkl,407
MPI_HDM05/tr/HDM_tr_02-02_01_120.pkl,408
MPI_HDM05/tr/HDM_tr_02-02_01_120.pkl,409
MPI_HDM05/tr/HDM_tr_02-02_01_120.pkl,410
MPI_HDM05/tr/HDM_tr_02-02_01_120.pkl,411
MPI_HDM05/tr/HDM_tr_02-02_01_120.pkl,412
MPI_HDM05/tr/HDM_tr_02-02_01_120.pkl,413
MPI_HDM05/tr/HDM_tr_02-02_01_120.pkl,414
MPI_HDM05/tr/HDM_tr_02-02_01_120.pkl,415
MPI_HDM05/tr/HDM_tr_02-02_01_120.pkl,416
MPI_HDM05/tr/HDM_tr_02-02_01_120.pkl,417
MPI_HDM05/tr/HDM_tr_02-02_01_120.pkl,418
MPI_HDM05/tr/HDM_tr_02-02_01_120.pkl,419
MPI_HDM05/tr/HDM_tr_02-02_01_120.pkl,420
MPI_HDM05/tr/HDM_tr_02-02_01_120.pkl,421
MPI_HDM05/tr/HDM_tr_02-02_01_120.pkl,422
MPI_HDM05/tr/HDM_tr_02-02_01_120.pkl,423
MPI_HDM05/tr/HDM_tr_02-02_01_120.pkl,424
MPI_HDM05/tr/HDM_tr_02-02_01_120.pkl,425
MPI_HDM05/tr/HDM_tr_02-02_01_120.pkl,426
MPI_HDM05/tr/HDM_tr_02-02_01_120.pkl,427
MPI_HDM05/tr/HDM_tr_02-02_01_120.pkl,557
MPI_HDM05/tr/HDM_tr_02-02_01_120.pkl,558
MPI_HDM05/tr/HDM_tr_02-02_01_120.pkl,559
MPI_HDM05/tr/HDM_tr_02-02_01_120.pkl,560
MPI_HDM05/tr/HDM_tr_02-02_01_120.pkl,561
MPI_HDM05/tr/HDM_tr_02-02_01_120.pkl,562
MPI_HDM05/tr/HDM_tr_02-02_01_120.pkl,563
MPI_HDM05/tr/HDM_tr_02-02_01_120.pkl,564
MPI_HDM05/tr/HDM_tr_02-02_01_120.pkl,565
MPI_HDM05/tr/HDM_tr_02-02_01_120.pkl,566
MPI_HDM05/tr/HDM_tr_02-02_01_120.pkl,567
MPI_HDM05/tr/HDM_tr_02-02_01_120.pkl,568
MPI_HDM05/tr/HDM_tr_02-02_01_120.pkl,569
MPI_HDM05/tr/HDM_tr_02-02_01_120.pkl,570
MPI_HDM05/tr/HDM_tr_02-02_01_120.pkl,571
MPI_HDM05/tr/HDM_tr_02-02_01_120.pkl,572
MPI_HDM05/tr/HDM_tr_02-02_01_120.pkl,573
MPI_HDM05/tr/HDM_tr_02-02_01_120.pkl,574
MPI_HDM05/tr/HDM_tr_02-02_01_120.pkl,575
MPI_HDM05/tr/HDM_tr_02-02_01_120.pkl,576
MPI_HDM05/tr/HDM_tr_02-02_01_120.pkl,577
MPI_HDM05/tr/HDM_tr_02-02_01_120.pkl,578
MPI_HDM05/tr/HDM_tr_02-02_01_120.pkl,579
MPI_HDM05/tr/HDM_tr_02-02_01_120.pkl,580
MPI_HDM05/tr/HDM_tr_02-02_01_120.pkl,581
MPI_HDM05/tr/HDM_tr_02-02_01_120.pkl,582
MPI_HDM05/tr/HDM_tr_02-02_01_120.pkl,583
MPI_HDM05/tr/HDM_tr_02-02_01_120.pkl,584
MPI_HDM05/tr/HDM_tr_02-02_01_120.pkl,735
MPI_HDM05/tr/HDM_tr_02-02_01_120.pkl,736
MPI_HDM05/tr/HDM_tr_02-02_01_120.pkl,737
MPI_HDM05/tr/HDM_tr_02-02_01_120.pkl,738
MPI_HDM05/tr/HDM_tr_02-02_01_120.pkl,739
MPI_HDM05/tr/HDM_tr_02-02_01_120.pkl,740
MPI_HDM05/tr/HDM_tr_02-02_01_120.pkl,741
MPI_HDM05/tr/HDM_tr_02-02_01_120.pkl,742
MPI_HDM05/tr/HDM_tr_02-02_01_120.pkl,743
MPI_HDM05/tr/HDM_tr_02-02_01_120.pkl,744
MPI_HDM05/tr/HDM_tr_02-02_01_120.pkl,745
MPI_HDM05/tr/HDM_tr_02-02_01_120.pkl,746
MPI_HDM05/tr/HDM_tr_02-02_01_120.pkl,747
MPI_HDM05/tr/HDM_tr_02-02_01_120.pkl,748
MPI_HDM05/tr/HDM_tr_02-02_01_120.pkl,749
MPI_HDM05/tr/HDM_tr_02-02_01_120.pkl,750
MPI_HDM05/tr/HDM_tr_02-02_01_120.pkl,751
MPI_HDM05/tr/HDM_tr_02-02_01_120.pkl,752
MPI_HDM05/tr/HDM_tr_02-02_01_120.pkl,753
MPI_HDM05/tr/HDM_tr_02-02_01_120.pkl,754
MPI_HDM05/tr/HDM_tr_02-02_01_120.pkl,755
MPI_HDM05/tr/HDM_tr_02-02_01_120.pkl,756
MPI_HDM05/tr/HDM_tr_02-02_01_120.pkl,757
MPI_HDM05/tr/HDM_tr_02-02_01_120.pkl,758
MPI_HDM05/tr/HDM_tr_02-02_01_120.pkl,759
MPI_HDM05/tr/HDM_tr_02-02_01_120.pkl,760
MPI_HDM05/tr/HDM_tr_02-02_01_120.pkl,761
MPI_HDM05/tr/HDM_tr_02-02_01_120.pkl,762
MPI_HDM05/tr/HDM_tr_02-02_01_120.pkl,763
MPI_HDM05/tr/HDM_tr_02-02_01_120.pkl,764
MPI_HDM05/tr/HDM_tr_02-02_01_120.pkl,922
MPI_HDM05/tr/HDM_tr_02-02_01_120.pkl,923
MPI_HDM05/tr/HDM_tr_02-02_01_120.pkl,924
MPI_HDM05/tr/HDM_tr_02-02_01_120.pkl,925
MPI_HDM05/tr/HDM_tr_02-02_01_120.pkl,926
MPI_HDM05/tr/HDM_tr_02-02_01_120.pkl,927
MPI_HDM05/tr/HDM_tr_02-02_01_120.pkl,928
MPI_HDM05/tr/HDM_tr_02-02_01_120.pkl,929
MPI_HDM05/tr/HDM_tr_02-02_01_120.pkl,930
MPI_HDM05/tr/HDM_tr_02-02_01_120.pkl,931
MPI_HDM05/tr/HDM_tr_02-02_01_120.pkl,932
MPI_HDM05/tr/HDM_tr_02-02_01_120.pkl,933
MPI_HDM05/tr/HDM_tr_02-02_01_120.pkl,934
MPI_HDM05/tr/HDM_tr_02-02_01_120.pkl,935
MPI_HDM05/tr/HDM_tr_02-02_01_120.pkl,936
MPI_HDM05/tr/HDM_tr_02-02_01_120.pkl,937
MPI_HDM05/tr/HDM_tr_02-02_01_120.pkl,938
MPI_HDM05/tr/HDM_tr_02-02_01_120.pkl,939
MPI_HDM05/tr/HDM_tr_02-02_01_120.pkl,940
MPI_HDM05/tr/HDM_tr_02-02_01_120.pkl,941
MPI_HDM05/tr/HDM_tr_02-02_01_120.pkl,942
MPI_HDM05/tr/HDM_tr_02-02_01_120.pkl,943
MPI_HDM05/tr/HDM_tr_02-02_01_120.pkl,944
MPI_HDM05/tr/HDM_tr_02-02_01_120.pkl,945
MPI_HDM05/tr/HDM_tr_02-02_01_120.pkl,946
MPI_HDM05/tr/HDM_tr_02-02_01_120.pkl,947
MPI_HDM05/tr/HDM_tr_02-02_01_120.pkl,948
MPI_HDM05/tr/HDM_tr_02-02_01_120.pkl,949
MPI_HDM05/tr/HDM_tr_02-02_01_120.pkl,950
MPI_HDM05/tr/HDM_tr_02-02_01_120.pkl,951
MPI_HDM05/tr/HDM_tr_02-02_01_120.pkl,952
MPI_HDM05/tr/HDM_tr_02-02_01_120.pkl,953
MPI_HDM05/tr/HDM_tr_02-02_01_120.pkl,954
MPI_HDM05/tr/HDM_tr_02-02_01_120.pkl,955
MPI_HDM05/tr/HDM_tr_02-02_01_120.pkl,956
MPI_HDM05/tr/HDM_tr_02-02_01_120.pkl,957
MPI_HDM05/tr/HDM_tr_02-02_01_120.pkl,958
MPI_HDM05/tr/HDM_tr_02-02_01_120.pkl,959
MPI_HDM05/tr/HDM_tr_02-02_01_120.pkl,986
MPI_HDM05/tr/HDM_tr_02-02_01_120.pkl,987
MPI_HDM05/tr/HDM_tr_02-02_01_120.pkl,988
MPI_HDM05/tr/HDM_tr_02-02_01_120.pkl,989
MPI_HDM05/tr/HDM_tr_02-02_01_120.pkl,990
MPI_HDM05/tr/HDM_tr_02-02_01_120.pkl,991
MPI_HDM05/tr/HDM_tr_02-02_01_120.pkl,992
MPI_HDM05/tr/HDM_tr_02-02_01_120.pkl,993
MPI_HDM05/tr/HDM_tr_02-02_01_120.pkl,994
MPI_HDM05/tr/HDM_tr_02-02_01_120.pkl,995
MPI_HDM05/tr/HDM_tr_02-02_01_120.pkl,996
MPI_HDM05/tr/HDM_tr_02-02_01_120.pkl,997
MPI_HDM05/tr/HDM_tr_02-02_01_120.pkl,998
MPI_HDM05/tr/HDM_tr_02-02_01_120.pkl,999
MPI_HDM05/tr/HDM_tr_02-02_01_120.pkl,1000
MPI_HDM05/tr/HDM_tr_02-02_01_120.pkl,1001
MPI_HDM05/tr/HDM_tr_02-02_01_120.pkl,1002
MPI_HDM05/tr/HDM_tr_02-02_01_120.pkl,1003
MPI_HDM05/tr/HDM_tr_02-02_01_120.pkl,1004
MPI_HDM05/tr/HDM_tr_02-02_01_120.pkl,1005
MPI_HDM05/tr/HDM_tr_02-02_01_120.pkl,1006
MPI_HDM05/tr/HDM_tr_02-02_01_120.pkl,1007
MPI_HDM05/tr/HDM_tr_02-02_01_120.pkl,1008
MPI_HDM05/tr/HDM_tr_02-02_01_120.pkl,1009
MPI_HDM05/tr/HDM_tr_02-02_01_120.pkl,1010
MPI_HDM05/tr/HDM_tr_02-02_01_120.pkl,1011
MPI_HDM05/tr/HDM_tr_02-02_01_120.pkl,1012
MPI_HDM05/tr/HDM_tr_02-02_01_120.pkl,1013
MPI_HDM05/tr/HDM_tr_02-02_01_120.pkl,1014
MPI_HDM05/tr/HDM_tr_02-02_01_120.pkl,1015
MPI_HDM05/tr/HDM_tr_02-02_01_120.pkl,1016
MPI_HDM05/tr/HDM_tr_02-02_01_120.pkl,1017
MPI_HDM05/tr/HDM_tr_02-02_01_120.pkl,1018
MPI_HDM05/tr/HDM_tr_02-02_01_120.pkl,1019
MPI_HDM05/tr/HDM_tr_02-02_01_120.pkl,1020
MPI_HDM05/tr/HDM_tr_02-02_01_120.pkl,1021
MPI_HDM05/tr/HDM_tr_02-02_01_120.pkl,1022
MPI_HDM05/tr/HDM_tr_02-02_01_120.pkl,1023
MPI_HDM05/tr/HDM_tr_02-02_01_120.pkl,1024
MPI_HDM05/tr/HDM_tr_02-02_01_120.pkl,1025
MPI_HDM05/tr/HDM_tr_02-02_01_120.pkl,1026
MPI_HDM05/tr/HDM_tr_02-02_01_120.pkl,1027
MPI_HDM05/tr/HDM_tr_02-02_01_120.pkl,1028
MPI_HDM05/tr/HDM_tr_02-02_01_120.pkl,1029
MPI_HDM05/tr/HDM_tr_02-02_01_120.pkl,1030
MPI_HDM05/tr/HDM_tr_02-02_01_120.pkl,1031
MPI_HDM05/tr/HDM_tr_02-02_01_120.pkl,1032
MPI_HDM05/tr/HDM_tr_02-02_01_120.pkl,1033
MPI_HDM05/tr/HDM_tr_02-02_01_120.pkl,1034
MPI_HDM05/tr/HDM_tr_02-02_01_120.pkl,1035
MPI_HDM05/tr/HDM_tr_02-02_01_120.pkl,1036
MPI_HDM05/tr/HDM_tr_02-02_01_120.pkl,1037
MPI_HDM05/tr/HDM_tr_02-02_01_120.pkl,1038
MPI_HDM05/tr/HDM_tr_02-02_01_120.pkl,1039
MPI_HDM05/tr/HDM_tr_02-02_01_120.pkl,1040
MPI_HDM05/tr/HDM_tr_02-02_01_120.pkl,1041
MPI_HDM05/tr/HDM_tr_02-02_01_120.pkl,1042
MPI_HDM05/tr/HDM_tr_02-02_01_120.pkl,1043
MPI_HDM05/tr/HDM_tr_02-02_01_120.pkl,1044
MPI_HDM05/tr/HDM_tr_02-02_01_120.pkl,1112
MPI_HDM05/tr/HDM_tr_02-02_01_120.pkl,1113
MPI_HDM05/tr/HDM_tr_02-02_01_120.pkl,1114
MPI_HDM05/tr/HDM_tr_02-02_01_120.pkl,1115
MPI_HDM05/tr/HDM_tr_02-02_01_120.pkl,1116
MPI_HDM05/tr/HDM_tr_02-02_01_120.pkl,1117
MPI_HDM05/tr/HDM_tr_02-02_01_120.pkl,1118
SFU/0007/0007_Cartwheel001.pkl,0
SFU/0007/0007_Cartwheel001.pkl,1
SFU/0007/0007_Cartwheel001.pkl,2
SFU/0007/0007_Cartwheel001.pkl,3
SFU/0007/0007_Cartwheel001.pkl,4
SFU/0007/0007_Cartwheel001.pkl,5
SFU/0007/0007_Cartwheel001.pkl,6
SFU/0007/0007_Cartwheel001.pkl,7
SFU/0007/0007_Cartwheel001.pkl,8
SFU/0007/0007_Cartwheel001.pkl,9
SFU/0007/0007_Cartwheel001.pkl,10
SFU/0007/0007_Cartwheel001.pkl,11
SFU/0007/0007_Cartwheel001.pkl,12
SFU/0007/0007_Cartwheel001.pkl,13
SFU/0007/0007_Cartwheel001.pkl,14
SFU/0007/0007_Cartwheel001.pkl,15
SFU/0007/0007_Cartwheel001.pkl,16
TotalCapture/s2/walking3.pkl,20
TotalCapture/s2/walking3.pkl,21
TotalCapture/s2/walking3.pkl,22
TotalCapture/s2/walking3.pkl,23
TotalCapture/s2/walking3.pkl,24
TotalCapture/s2/walking3.pkl,25
TotalCapture/s2/walking3.pkl,26
TotalCapture/s2/walking3.pkl,27
TotalCapture/s2/walking3.pkl,28
TotalCapture/s2/walking3.pkl,29
TotalCapture/s2/walking3.pkl,63
TotalCapture/s2/walking3.pkl,64
TotalCapture/s2/walking3.pkl,65
TotalCapture/s2/walking3.pkl,66
TotalCapture/s2/walking3.pkl,67
TotalCapture/s2/walking3.pkl,68
TotalCapture/s2/walking3.pkl,69
TotalCapture/s2/walking3.pkl,70
TotalCapture/s2/walking3.pkl,71
TotalCapture/s2/walking3.pkl,72
TotalCapture/s2/walking3.pkl,94
TotalCapture/s2/walking3.pkl,95
TotalCapture/s2/walking3.pkl,96
TotalCapture/s2/walking3.pkl,97
TotalCapture/s2/walking3.pkl,98
TotalCapture/s2/walking3.pkl,99
TotalCapture/s2/walking3.pkl,100
TotalCapture/s2/walking3.pkl,101
TotalCapture/s2/walking3.pkl,102
TotalCapture/s2/walking3.pkl,103
TotalCapture/s2/walking3.pkl,104
TotalCapture/s2/walking3.pkl,105
TotalCapture/s2/walking3.pkl,106
TotalCapture/s2/walking3.pkl,107
TotalCapture/s2/walking3.pkl,108
TotalCapture/s2/walking3.pkl,109
TotalCapture/s2/walking3.pkl,110
TotalCapture/s2/walking3.pkl,111
TotalCapture/s2/walking3.pkl,193
TotalCapture/s2/walking3.pkl,194
TotalCapture/s2/walking3.pkl,195
TotalCapture/s2/walking3.pkl,196
TotalCapture/s2/walking3.pkl,197
TotalCapture/s2/walking3.pkl,198
TotalCapture/s2/walking3.pkl,199
TotalCapture/s2/walking3.pkl,200
TotalCapture/s2/walking3.pkl,201
TotalCapture/s2/walking3.pkl,202
TotalCapture/s2/walking3.pkl,203
TotalCapture/s2/walking3.pkl,204
TotalCapture/s2/walking3.pkl,205
TotalCapture/s2/walking3.pkl,206
TotalCapture/s2/walking3.pkl,207
TotalCapture/s2/walking3.pkl,208
TotalCapture/s2/walking3.pkl,209
TotalCapture/s2/walking3.pkl,210
TotalCapture/s2/walking3.pkl,211
TotalCapture/s2/walking3.pkl,245
TotalCapture/s2/walking3.pkl,246
TotalCapture/s2/walking3.pkl,247
TotalCapture/s2/walking3.pkl,248
TotalCapture/s2/walking3.pkl,249
TotalCapture/s2/walking3.pkl,250
TotalCapture/s2/walking3.pkl,251
TotalCapture/s2/walking3.pkl,252
TotalCapture/s2/walking3.pkl,253
TotalCapture/s2/walking3.pkl,254
TotalCapture/s2/walking3.pkl,294
TotalCapture/s2/walking3.pkl,295
TotalCapture/s2/walking3.pkl,296
TotalCapture/s2/walking3.pkl,297
TotalCapture/s2/walking3.pkl,298
TotalCapture/s2/walking3.pkl,299
TotalCapture/s2/walking3.pkl,300
TotalCapture/s2/walking3.pkl,301
TotalCapture/s2/walking3.pkl,302
TotalCapture/s2/walking3.pkl,303
TotalCapture/s2/walking3.pkl,304
TotalCapture/s2/walking3.pkl,305
TotalCapture/s2/walking3.pkl,306
TotalCapture/s2/walking3.pkl,307
TotalCapture/s2/walking3.pkl,308
TotalCapture/s2/walking3.pkl,309
TotalCapture/s2/walking3.pkl,310
TotalCapture/s2/walking3.pkl,311
TotalCapture/s2/walking3.pkl,312
TotalCapture/s2/walking3.pkl,365
TotalCapture/s2/walking3.pkl,366
TotalCapture/s2/walking3.pkl,367
TotalCapture/s2/walking3.pkl,368
TotalCapture/s2/walking3.pkl,369
TotalCapture/s2/walking3.pkl,370
TotalCapture/s2/walking3.pkl,371
TotalCapture/s2/walking3.pkl,372
TotalCapture/s2/walking3.pkl,373
TotalCapture/s2/walking3.pkl,374
TotalCapture/s2/walking3.pkl,375
TotalCapture/s2/walking3.pkl,376
TotalCapture/s2/walking3.pkl,377
TotalCapture/s2/walking3.pkl,378
TotalCapture/s2/walking3.pkl,379
TotalCapture/s2/walking3.pkl,380
TotalCapture/s2/walking3.pkl,381
TotalCapture/s2/walking3.pkl,382
TotalCapture/s2/walking3.pkl,383
TotalCapture/s2/walking3.pkl,384
TotalCapture/s2/walking3.pkl,385
TotalCapture/s2/walking3.pkl,386
TotalCapture/s2/walking3.pkl,387
TotalCapture/s2/walking3.pkl,388
TotalCapture/s2/walking3.pkl,389
TotalCapture/s2/walking3.pkl,390
TotalCapture/s2/walking3.pkl,391
TotalCapture/s2/walking3.pkl,392
TotalCapture/s2/walking3.pkl,393
TotalCapture/s2/walking3.pkl,394
TotalCapture/s2/walking3.pkl,395
TotalCapture/s2/walking3.pkl,396
TotalCapture/s2/walking3.pkl,433
TotalCapture/s2/walking3.pkl,434
TotalCapture/s2/walking3.pkl,435
TotalCapture/s2/walking3.pkl,436
TotalCapture/s2/walking3.pkl,437
TotalCapture/s2/walking3.pkl,438
TotalCapture/s2/walking3.pkl,439
TotalCapture/s2/walking3.pkl,440
TotalCapture/s2/walking3.pkl,441
TotalCapture/s2/walking3.pkl,442
TotalCapture/s2/walking3.pkl,443
TotalCapture/s2/walking3.pkl,444
TotalCapture/s2/walking3.pkl,445
TotalCapture/s2/walking3.pkl,446
TotalCapture/s2/walking3.pkl,447
TotalCapture/s2/walking3.pkl,448
TotalCapture/s2/walking3.pkl,449
TotalCapture/s2/walking3.pkl,450
TotalCapture/s2/walking3.pkl,451
TotalCapture/s2/walking3.pkl,452
TotalCapture/s2/walking3.pkl,453
TotalCapture/s2/walking3.pkl,454
TotalCapture/s2/walking3.pkl,455
TotalCapture/s2/walking3.pkl,472
TotalCapture/s2/walking3.pkl,473
TotalCapture/s2/walking3.pkl,474
TotalCapture/s2/walking3.pkl,475
TotalCapture/s2/walking3.pkl,476
TotalCapture/s2/walking3.pkl,477
TotalCapture/s2/walking3.pkl,478
TotalCapture/s2/walking3.pkl,479
TotalCapture/s2/walking3.pkl,480
TotalCapture/s2/walking3.pkl,481
TotalCapture/s2/walking3.pkl,482
TotalCapture/s2/walking3.pkl,483
TotalCapture/s2/walking3.pkl,484
TotalCapture/s2/walking3.pkl,485
TotalCapture/s2/walking3.pkl,486
TotalCapture/s2/walking3.pkl,487
TotalCapture/s2/walking3.pkl,488
TotalCapture/s2/walking3.pkl,489
TotalCapture/s2/walking3.pkl,490
TotalCapture/s2/walking3.pkl,491
TotalCapture/s2/walking3.pkl,492
TotalCapture/s2/walking3.pkl,493
TotalCapture/s2/walking3.pkl,494
TotalCapture/s2/walking3.pkl,495
TotalCapture/s2/walking3.pkl,496
TotalCapture/s2/walking3.pkl,497
TotalCapture/s2/walking3.pkl,498
TotalCapture/s2/walking3.pkl,499
TotalCapture/s2/walking3.pkl,500
TotalCapture/s2/walking3.pkl,501
TotalCapture/s2/walking3.pkl,502
TotalCapture/s2/walking3.pkl,503
TotalCapture/s2/walking3.pkl,504
TotalCapture/s2/walking3.pkl,505
TotalCapture/s2/walking3.pkl,506
TotalCapture/s2/walking3.pkl,507
TotalCapture/s2/walking3.pkl,508
TotalCapture/s2/walking3.pkl,509
TotalCapture/s2/walking3.pkl,510
TotalCapture/s2/walking3.pkl,511
TotalCapture/s2/walking3.pkl,512
TotalCapture/s2/walking3.pkl,513
TotalCapture/s2/walking3.pkl,514
TotalCapture/s2/walking3.pkl,515
TotalCapture/s2/walking3.pkl,516
TotalCapture/s2/walking3.pkl,517
TotalCapture/s2/walking3.pkl,518
TotalCapture/s2/walking3.pkl,542
TotalCapture/s2/walking3.pkl,543
TotalCapture/s2/walking3.pkl,544
TotalCapture/s2/walking3.pkl,545
TotalCapture/s2/walking3.pkl,546
TotalCapture/s2/walking3.pkl,547
TotalCapture/s2/walking3.pkl,548
TotalCapture/s2/walking3.pkl,549
TotalCapture/s2/walking3.pkl,550
TotalCapture/s2/walking3.pkl,551
TotalCapture/s2/walking3.pkl,552
TotalCapture/s2/walking3.pkl,553
TotalCapture/s2/walking3.pkl,554
TotalCapture/s2/walking3.pkl,555
TotalCapture/s2/walking3.pkl,556
TotalCapture/s2/walking3.pkl,557
TotalCapture/s2/walking3.pkl,558
TotalCapture/s2/walking3.pkl,559
TotalCapture/s2/walking3.pkl,560
TotalCapture/s2/walking3.pkl,561
TotalCapture/s2/walking3.pkl,562
TotalCapture/s2/walking3.pkl,563
TotalCapture/s2/walking3.pkl,564
TotalCapture/s2/walking3.pkl,565
TotalCapture/s2/walking3.pkl,566
TotalCapture/s2/walking3.pkl,567
TotalCapture/s2/walking3.pkl,568
TotalCapture/s2/walking3.pkl,569
TotalCapture/s2/walking3.pkl,570
TotalCapture/s2/walking3.pkl,571
TotalCapture/s2/walking3.pkl,572
TotalCapture/s2/walking3.pkl,573
TotalCapture/s2/walking3.pkl,574
TotalCapture/s2/walking3.pkl,575
TotalCapture/s2/walking3.pkl,576
TotalCapture/s2/walking3.pkl,577
TotalCapture/s2/walking3.pkl,578
TotalCapture/s2/walking3.pkl,579
TotalCapture/s2/walking3.pkl,580
TotalCapture/s2/walking3.pkl,581
TotalCapture/s2/walking3.pkl,582
TotalCapture/s2/walking3.pkl,583
TotalCapture/s2/walking3.pkl,584
TotalCapture/s2/walking3.pkl,585
TotalCapture/s2/walking3.pkl,586
TotalCapture/s2/walking3.pkl,587
TotalCapture/s2/walking3.pkl,588
TotalCapture/s2/walking3.pkl,589
TotalCapture/s2/walking3.pkl,590
TotalCapture/s2/walking3.pkl,591
TotalCapture/s2/walking3.pkl,592
TotalCapture/s2/walking3.pkl,593
TotalCapture/s2/walking3.pkl,594
TotalCapture/s2/walking3.pkl,595
TotalCapture/s2/walking3.pkl,596
TotalCapture/s2/walking3.pkl,597
TotalCapture/s2/walking3.pkl,598
TotalCapture/s2/walking3.pkl,599
TotalCapture/s2/walking3.pkl,600
TotalCapture/s2/walking3.pkl,601
TotalCapture/s2/walking3.pkl,602
TotalCapture/s2/walking3.pkl,603
TotalCapture/s2/walking3.pkl,655
TotalCapture/s2/walking3.pkl,656
TotalCapture/s2/walking3.pkl,657
TotalCapture/s2/walking3.pkl,658
TotalCapture/s2/walking3.pkl,659
TotalCapture/s2/walking3.pkl,660
TotalCapture/s2/walking3.pkl,661
TotalCapture/s2/walking3.pkl,662
TotalCapture/s2/walking3.pkl,663
TotalCapture/s2/walking3.pkl,664
TotalCapture/s2/walking3.pkl,665
Transitions_mocap/mazen_c3d/JOOF_walk.pkl,50
Transitions_mocap/mazen_c3d/JOOF_walk.pkl,51
Transitions_mocap/mazen_c3d/JOOF_walk.pkl,52
Transitions_mocap/mazen_c3d/JOOF_walk.pkl,53
Transitions_mocap/mazen_c3d/JOOF_walk.pkl,54
Transitions_mocap/mazen_c3d/JOOF_walk.pkl,55
Transitions_mocap/mazen_c3d/JOOF_walk.pkl,56
Transitions_mocap/mazen_c3d/JOOF_walk.pkl,57
Transitions_mocap/mazen_c3d/JOOF_walk.pkl,58
Transitions_mocap/mazen_c3d/JOOF_walk.pkl,59
Transitions_mocap/mazen_c3d/JOOF_walk.pkl,60
Transitions_mocap/mazen_c3d/JOOF_walk.pkl,61
Transitions_mocap/mazen_c3d/JOOF_walk.pkl,62
Transitions_mocap/mazen_c3d/JOOF_walk.pkl,63
Transitions_mocap/mazen_c3d/JOOF_walk.pkl,64
Transitions_mocap/mazen_c3d/JOOF_walk.pkl,65
Transitions_mocap/mazen_c3d/JOOF_walk.pkl,66
Transitions_mocap/mazen_c3d/JOOF_walk.pkl,67
Transitions_mocap/mazen_c3d/JOOF_walk.pkl,68
Transitions_mocap/mazen_c3d/JOOF_walk.pkl,69
Transitions_mocap/mazen_c3d/JOOF_walk.pkl,70
Transitions_mocap/mazen_c3d/JOOF_walk.pkl,71
Transitions_mocap/mazen_c3d/JOOF_walk.pkl,72
Transitions_mocap/mazen_c3d/JOOF_walk.pkl,73
Transitions_mocap/mazen_c3d/JOOF_walk.pkl,74
Transitions_mocap/mazen_c3d/JOOF_walk.pkl,75
Transitions_mocap/mazen_c3d/JOOF_walk.pkl,76
Transitions_mocap/mazen_c3d/JOOF_walk.pkl,77
Transitions_mocap/mazen_c3d/JOOF_walk.pkl,78
Transitions_mocap/mazen_c3d/JOOF_walk.pkl,79
Transitions_mocap/mazen_c3d/JOOF_walk.pkl,80
Transitions_mocap/mazen_c3d/JOOF_walkbackwards.pkl,133
Transitions_mocap/mazen_c3d/JOOF_walkbackwards.pkl,134
Transitions_mocap/mazen_c3d/JOOF_walkbackwards.pkl,135
Transitions_mocap/mazen_c3d/JOOF_walkbackwards.pkl,136
Transitions_mocap/mazen_c3d/JOOF_walkbackwards.pkl,137
Transitions_mocap/mazen_c3d/JOOF_walkbackwards.pkl,138
Transitions_mocap/mazen_c3d/JOOF_walkbackwards.pkl,139
Transitions_mocap/mazen_c3d/JOOF_walkbackwards.pkl,140
Transitions_mocap/mazen_c3d/JOOF_walkbackwards.pkl,141
Transitions_mocap/mazen_c3d/JOOF_walkbackwards.pkl,142
Transitions_mocap/mazen_c3d/JOOF_walkbackwards.pkl,143
Transitions_mocap/mazen_c3d/JOOF_walkbackwards.pkl,144
Transitions_mocap/mazen_c3d/JOOF_walkbackwards.pkl,145
Transitions_mocap/mazen_c3d/JOOF_walkbackwards.pkl,146
Transitions_mocap/mazen_c3d/JOOF_walkbackwards.pkl,147
Transitions_mocap/mazen_c3d/JOOF_walkbackwards.pkl,148
Transitions_mocap/mazen_c3d/JOOF_walkbackwards.pkl,149
Transitions_mocap/mazen_c3d/JOOF_walkbackwards.pkl,150
Transitions_mocap/mazen_c3d/JOOF_walkbackwards.pkl,151
Transitions_mocap/mazen_c3d/JOOF_walkbackwards.pkl,152
Transitions_mocap/mazen_c3d/JOOF_walkbackwards.pkl,153
Transitions_mocap/mazen_c3d/JOOF_walkbackwards.pkl,154
Transitions_mocap/mazen_c3d/JOOF_walkbackwards.pkl,155
Transitions_mocap/mazen_c3d/twistdance_walk.pkl,57
Transitions_mocap/mazen_c3d/twistdance_walk.pkl,58
Transitions_mocap/mazen_c3d/twistdance_walk.pkl,59
Transitions_mocap/mazen_c3d/twistdance_walk.pkl,60
Transitions_mocap/mazen_c3d/twistdance_walk.pkl,61
Transitions_mocap/mazen_c3d/twistdance_walk.pkl,62
Transitions_mocap/mazen_c3d/twistdance_walk.pkl,63
Transitions_mocap/mazen_c3d/twistdance_walk.pkl,64
Transitions_mocap/mazen_c3d/twistdance_walk.pkl,65
Transitions_mocap/mazen_c3d/twistdance_walk.pkl,66
Transitions_mocap/mazen_c3d/twistdance_walk.pkl,67
Transitions_mocap/mazen_c3d/twistdance_walk.pkl,68
Transitions_mocap/mazen_c3d/twistdance_walk.pkl,69
Transitions_mocap/mazen_c3d/twistdance_walk.pkl,70
Transitions_mocap/mazen_c3d/twistdance_walk.pkl,71
Transitions_mocap/mazen_c3d/twistdance_walk.pkl,72
Transitions_mocap/mazen_c3d/twistdance_walk.pkl,73
Transitions_mocap/mazen_c3d/twistdance_walk.pkl,74
Transitions_mocap/mazen_c3d/twistdance_walk.pkl,75
Transitions_mocap/mazen_c3d/twistdance_walk.pkl,76
Transitions_mocap/mazen_c3d/twistdance_walk.pkl,77
Transitions_mocap/mazen_c3d/twistdance_walk.pkl,78
Transitions_mocap/mazen_c3d/walksideways_walk.pkl,50
Transitions_mocap/mazen_c3d/walksideways_walk.pkl,51
Transitions_mocap/mazen_c3d/walksideways_walk.pkl,52
Transitions_mocap/mazen_c3d/walksideways_walk.pkl,53
Transitions_mocap/mazen_c3d/walksideways_walk.pkl,54
Transitions_mocap/mazen_c3d/walksideways_walk.pkl,55
Transitions_mocap/mazen_c3d/walksideways_walk.pkl,56
Transitions_mocap/mazen_c3d/walksideways_walk.pkl,57
Transitions_mocap/mazen_c3d/walksideways_walk.pkl,58
Transitions_mocap/mazen_c3d/walksideways_walk.pkl,59
Transitions_mocap/mazen_c3d/walksideways_walk.pkl,60
Transitions_mocap/mazen_c3d/walksideways_walk.pkl,61
Transitions_mocap/mazen_c3d/walksideways_walk.pkl,62
Transitions_mocap/mazen_c3d/walksideways_walk.pkl,63
