skill,amass_sequence,babel_sid,label,reviewed_clip_filename,segment_start_s,segment_end_s,segment_start_ms,segment_end_ms,first_used_chunk_start_s,last_used_chunk_end_s,first_used_chunk_start_ms,last_used_chunk_end_ms,used_chunk_count,provenance
turn,BMLmovi/Subject_17_F_MoSh/Subject_17_F_9.pkl,4533,turning,04533__seg02__004.299_005.070__turning.mp4,4.299000,5.070000,4299,5070,4.315271,5.065729,4315,5066,3,derived_join_of_final_training_membership_and_human_reviewed_babel_segment
turn,BMLmovi/Subject_21_F_MoSh/Subject_21_F_3.pkl,6148,turning left,06148__seg00__000.000_001.084__turning_left.mp4,0.000000,1.084000,0,1084,0.000000,1.044528,0,1045,10,derived_join_of_final_training_membership_and_human_reviewed_babel_segment
turn,BMLmovi/Subject_25_F_MoSh/Subject_25_F_18.pkl,6447,turning back,06447__seg02__005.056_005.841__turning_back.mp4,5.056000,5.841000,5056,5841,5.067461,5.817888,5067,5818,3,derived_join_of_final_training_membership_and_human_reviewed_babel_segment
turn,BMLmovi/Subject_30_F_MoSh/Subject_30_F_14.pkl,4719,turning,04719__seg00__002.002_003.065__turning.mp4,2.002000,3.065000,2002,3065,2.008000,3.051167,2008,3051,10,derived_join_of_final_training_membership_and_human_reviewed_babel_segment
turn,BMLmovi/Subject_30_F_MoSh/Subject_30_F_14.pkl,4719,turning around,04719__seg02__007.023_007.836__turning_around.mp4,7.023000,7.836000,7023,7836,7.028000,7.820167,7028,7820,4,derived_join_of_final_training_membership_and_human_reviewed_babel_segment
turn,BMLmovi/Subject_40_F_MoSh/Subject_40_F_18.pkl,4420,turn left,04420__seg00__005.342_007.077__turn_left.mp4,5.342000,7.077000,5342,7077,5.369462,7.042903,5369,7043,25,derived_join_of_final_training_membership_and_human_reviewed_babel_segment
turn,BMLmovi/Subject_54_F_MoSh/Subject_54_F_4.pkl,2296,turn around left,02296__seg02__005.963_006.924__turn_around_left.mp4,5.963000,6.924000,5963,6924,5.998056,6.916389,5998,6916,7,derived_join_of_final_training_membership_and_human_reviewed_babel_segment
turn,BMLmovi/Subject_54_F_MoSh/Subject_54_F_4.pkl,2296,turn around right,02296__seg01__002.155_003.155__turn_around_right.mp4,2.155000,3.155000,2155,3155,2.181111,3.141389,2181,3141,8,derived_join_of_final_training_membership_and_human_reviewed_babel_segment
turn,BMLmovi/Subject_57_F_MoSh/Subject_57_F_14.pkl,6810,turn back,06810__seg00__001.086_001.983__turn_back.mp4,1.086000,1.983000,1086,1983,1.090333,1.966679,1090,1967,6,derived_join_of_final_training_membership_and_human_reviewed_babel_segment
turn,BMLmovi/Subject_58_F_MoSh/Subject_58_F_4.pkl,3960,turn around,03960__seg00__000.315_001.606__turn_around.mp4,0.315000,1.606000,315,1606,0.335632,1.589655,336,1590,15,derived_join_of_final_training_membership_and_human_reviewed_babel_segment
turn,BMLmovi/Subject_64_F_MoSh/Subject_64_F_9.pkl,1796,turn around,01796__seg01__003.685_005.863__turn_around.mp4,3.685000,5.863000,3685,5863,3.724963,5.814649,3725,5815,35,derived_join_of_final_training_membership_and_human_reviewed_babel_segment
turn,BMLmovi/Subject_68_F_MoSh/Subject_68_F_16.pkl,4856,turn left,04856__seg01__002.586_003.627__turn_left.mp4,2.586000,3.627000,2586,3627,2.595521,3.597094,2596,3597,9,derived_join_of_final_training_membership_and_human_reviewed_babel_segment
turn,BMLmovi/Subject_68_F_MoSh/Subject_68_F_16.pkl,4856,turn right,04856__seg02__005.940_006.836__turn_right.mp4,5.940000,6.836000,5940,6836,5.944581,6.820564,5945,6821,6,derived_join_of_final_training_membership_and_human_reviewed_babel_segment
turn,BMLmovi/Subject_73_F_MoSh/Subject_73_F_7.pkl,3175,turn around,03175__seg00__001.764_002.633__turn_around.mp4,1.764000,2.633000,1764,2633,1.797933,2.631849,1798,2632,5,derived_join_of_final_training_membership_and_human_reviewed_babel_segment
turn,BMLmovi/Subject_73_F_MoSh/Subject_73_F_7.pkl,3175,turn around,03175__seg01__010.383_011.357__turn_around.mp4,10.383000,11.357000,10383,11357,10.411284,11.328825,10411,11329,7,derived_join_of_final_training_membership_and_human_reviewed_babel_segment
turn,BMLmovi/Subject_74_F_MoSh/Subject_74_F_10.pkl,1775,turning,01775__seg01__003.112_003.945__turning.mp4,3.112000,3.945000,3112,3945,3.143665,3.936078,3144,3936,4,derived_join_of_final_training_membership_and_human_reviewed_babel_segment
turn,BMLmovi/Subject_74_F_MoSh/Subject_74_F_10.pkl,1775,turning,01775__seg02__006.820_007.529__turning.mp4,6.820000,7.529000,6820,7529,6.832232,7.498899,6832,7499,1,derived_join_of_final_training_membership_and_human_reviewed_babel_segment
turn,BMLmovi/Subject_82_F_MoSh/Subject_82_F_12.pkl,5701,turning back,05701__seg01__002.514_003.616__turning_back.mp4,2.514000,3.616000,2514,3616,2.553152,3.596513,2553,3597,10,derived_join_of_final_training_membership_and_human_reviewed_babel_segment
turn,BMLmovi/Subject_82_F_MoSh/Subject_82_F_12.pkl,5701,turning back,05701__seg02__006.914_008.526__turning_back.mp4,6.914000,8.526000,6914,8526,6.947922,8.493543,6948,8494,22,derived_join_of_final_training_membership_and_human_reviewed_babel_segment
turn,BMLmovi/Subject_85_F_MoSh/Subject_85_F_14.pkl,5689,turn left,05689__seg03__009.044_009.794__turn_left.mp4,9.044000,9.794000,9044,9794,9.050602,9.759170,9051,9759,2,derived_join_of_final_training_membership_and_human_reviewed_babel_segment
turn,BMLmovi/Subject_85_F_MoSh/Subject_85_F_14.pkl,5689,turning back,05689__seg01__002.919_003.981__turning_back.mp4,2.919000,3.981000,2919,3981,2.933066,3.976841,2933,3977,10,derived_join_of_final_training_membership_and_human_reviewed_babel_segment
turn,BMLmovi/Subject_85_F_MoSh/Subject_85_F_14.pkl,5689,turning back,05689__seg02__006.336_007.294__turning_back.mp4,6.336000,7.294000,6336,7294,6.368942,7.287015,6369,7287,7,derived_join_of_final_training_membership_and_human_reviewed_babel_segment
turn,BMLmovi/Subject_85_F_MoSh/Subject_85_F_17.pkl,6359,turning,06359__seg00__000.508_002.570__turning.mp4,0.508000,2.570000,508,2570,0.544223,2.550515,544,2551,28,derived_join_of_final_training_membership_and_human_reviewed_babel_segment
turn,BioMotionLab_NTroje/rub006/0010_knocking2.pkl,2231,turning around,02231__seg00__004.500_005.740__turning_around.mp4,4.500000,5.740000,4500,5740,4.529102,5.699002,4529,5699,13,derived_join_of_final_training_membership_and_human_reviewed_babel_segment
turn,BioMotionLab_NTroje/rub007/0012_lifting_light1.pkl,2706,turn around,02706__seg00__004.303_005.139__turn_around.mp4,4.303000,5.139000,4303,5139,4.331473,5.124300,4331,5124,4,derived_join_of_final_training_membership_and_human_reviewed_babel_segment
turn,BioMotionLab_NTroje/rub008/0014_knocking2.pkl,4518,turning around,04518__seg00__003.260_004.480__turning_around.mp4,3.260000,4.480000,3260,4480,3.262787,4.473251,3263,4473,14,derived_join_of_final_training_membership_and_human_reviewed_babel_segment
turn,BioMotionLab_NTroje/rub012/0019_lifting_heavy1.pkl,4296,turn around,04296__seg00__006.160_007.340__turn_around.mp4,6.160000,7.340000,6160,7340,6.166041,7.336058,6166,7336,13,derived_join_of_final_training_membership_and_human_reviewed_babel_segment
turn,BioMotionLab_NTroje/rub014/0013_knocking1.pkl,1318,turn around left,01318__seg00__004.541_005.433__turn_around_left.mp4,4.541000,5.433000,4541,5433,4.580795,5.415564,4581,5416,5,derived_join_of_final_training_membership_and_human_reviewed_babel_segment
turn,BioMotionLab_NTroje/rub016/0013_knocking1.pkl,3764,turning around,03764__seg00__005.740_006.800__turning_around.mp4,5.740000,6.800000,5740,6800,5.765492,6.766390,5765,6766,9,derived_join_of_final_training_membership_and_human_reviewed_babel_segment
turn,BioMotionLab_NTroje/rub018/0019_lifting_heavy1.pkl,5917,turn around,05917__seg00__003.856_004.752__turn_around.mp4,3.856000,4.752000,3856,4752,3.873813,4.751013,3874,4751,6,derived_join_of_final_training_membership_and_human_reviewed_babel_segment
turn,BioMotionLab_NTroje/rub021/0021_catching_and_throwing.pkl,1582,turn around,01582__seg00__000.400_003.120__turn_around.mp4,0.400000,3.120000,400,3120,0.417819,3.090015,418,3090,49,derived_join_of_final_training_membership_and_human_reviewed_babel_segment
turn,BioMotionLab_NTroje/rub024/0021_catching_and_throwing.pkl,2548,turn around,02548__seg00__027.834_030.593__turn_around.mp4,27.834000,30.593000,27834,30593,27.838351,30.591850,27838,30592,49,derived_join_of_final_training_membership_and_human_reviewed_babel_segment
turn,BioMotionLab_NTroje/rub028/0014_knocking2.pkl,5847,turn around to the right,05847__seg00__004.526_005.502__turn_around_to_the_right.mp4,4.526000,5.502000,4526,5502,4.566101,5.484113,4566,5484,7,derived_join_of_final_training_membership_and_human_reviewed_babel_segment
turn,BioMotionLab_NTroje/rub028/0019_lifting_heavy1.pkl,5896,turn around,05896__seg00__004.568_005.450__turn_around.mp4,4.568000,5.450000,4568,5450,4.598402,5.432283,4598,5432,5,derived_join_of_final_training_membership_and_human_reviewed_babel_segment
turn,BioMotionLab_NTroje/rub033/0014_sitting1.pkl,501,turning around,00501__seg00__001.127_001.877__turning_around.mp4,1.127000,1.877000,1127,1877,1.128520,1.836983,1129,1837,2,derived_join_of_final_training_membership_and_human_reviewed_babel_segment
turn,BioMotionLab_NTroje/rub034/0021_catching_and_throwing.pkl,5837,turning back,05837__seg00__023.448_024.567__turning_back.mp4,23.448000,24.567000,23448,24567,23.486172,24.528284,23486,24528,10,derived_join_of_final_training_membership_and_human_reviewed_babel_segment
turn,BioMotionLab_NTroje/rub038/0013_knocking1.pkl,4869,turning around,04869__seg00__006.461_007.315__turning_around.mp4,6.461000,7.315000,6461,7315,6.487037,7.279259,6487,7279,4,derived_join_of_final_training_membership_and_human_reviewed_babel_segment
turn,BioMotionLab_NTroje/rub038/0021_catching_and_throwing.pkl,653,turn back,00653__seg00__013.900_017.334__turn_back.mp4,13.900000,17.334000,13900,17334,13.906992,17.330000,13907,17330,34,derived_join_of_final_training_membership_and_human_reviewed_babel_segment
turn,BioMotionLab_NTroje/rub041/0017_lifting_light1.pkl,6786,turn around,06786__seg00__004.320_005.680__turn_around.mp4,4.320000,5.680000,4320,5680,4.353968,5.648611,4354,5649,16,derived_join_of_final_training_membership_and_human_reviewed_babel_segment
turn,BioMotionLab_NTroje/rub045/0014_knocking2.pkl,3166,turn around,03166__seg00__004.460_005.580__turn_around.mp4,4.460000,5.580000,4460,5580,4.492005,5.578485,4492,5578,11,derived_join_of_final_training_membership_and_human_reviewed_babel_segment
turn,BioMotionLab_NTroje/rub045/0022_catching_and_throwing.pkl,3653,turn around to the right,03653__seg00__024.937_028.183__turn_around_to_the_right.mp4,24.937000,28.183000,24937,28183,24.943523,28.154596,24944,28155,62,derived_join_of_final_training_membership_and_human_reviewed_babel_segment
turn,BioMotionLab_NTroje/rub046/0014_knocking2.pkl,3309,turn around,03309__seg00__004.850_005.890__turn_around.mp4,4.850000,5.890000,4850,5890,4.854815,5.856296,4855,5856,9,derived_join_of_final_training_membership_and_human_reviewed_babel_segment
turn,BioMotionLab_NTroje/rub048/0013_knocking1.pkl,4948,turn around,04948__seg00__007.265_008.354__turn_around.mp4,7.265000,8.354000,7265,8354,7.278874,8.322035,7279,8322,10,derived_join_of_final_training_membership_and_human_reviewed_babel_segment
turn,BioMotionLab_NTroje/rub051/0014_knocking2.pkl,5700,pivots body 180 degrees,05700__seg00__005.211_006.773__pivots_body_180_degrees.mp4,5.211000,6.773000,5211,6773,5.230035,6.733507,5230,6734,21,derived_join_of_final_training_membership_and_human_reviewed_babel_segment
turn,BioMotionLab_NTroje/rub051/0021_catching_and_throwing.pkl,4285,turn around,04285__seg00__017.711_021.667__turn_around.mp4,17.711000,21.667000,17711,21667,17.746355,21.461219,17746,21461,70,derived_join_of_final_training_membership_and_human_reviewed_babel_segment
turn,BioMotionLab_NTroje/rub054/0020_lifting_heavy2.pkl,3149,turn around,03149__seg00__005.001_006.073__turn_around.mp4,5.001000,6.073000,5001,6073,5.015385,6.058205,5015,6058,10,derived_join_of_final_training_membership_and_human_reviewed_babel_segment
turn,BioMotionLab_NTroje/rub054/0021_catching_and_throwing.pkl,3407,turn around,03407__seg00__022.315_024.398__turn_around.mp4,22.315000,24.398000,22315,24398,22.330310,24.374361,22330,24374,34,derived_join_of_final_training_membership_and_human_reviewed_babel_segment
turn,BioMotionLab_NTroje/rub055/0013_knocking1.pkl,4654,turn around,04654__seg00__005.042_006.093__turn_around.mp4,5.042000,6.093000,5042,6093,5.074271,6.076427,5074,6076,9,derived_join_of_final_training_membership_and_human_reviewed_babel_segment
turn,BioMotionLab_NTroje/rub055/0014_knocking2.pkl,5913,turn around to the right,05913__seg00__003.862_005.019__turn_around_to_the_right.mp4,3.862000,5.019000,3862,5019,3.878431,5.008824,3878,5009,12,derived_join_of_final_training_membership_and_human_reviewed_babel_segment
turn,BioMotionLab_NTroje/rub059/0013_knocking1.pkl,884,turn around,00884__seg00__006.503_007.593__turn_around.mp4,6.503000,7.593000,6503,7593,6.532663,7.576214,6533,7576,10,derived_join_of_final_training_membership_and_human_reviewed_babel_segment
turn,BioMotionLab_NTroje/rub062/0021_catching_and_throwing.pkl,1338,turning back,01338__seg00__001.356_003.023__turning_back.mp4,1.356000,3.023000,1356,3023,1.376082,3.001836,1376,3002,20,derived_join_of_final_training_membership_and_human_reviewed_babel_segment
turn,BioMotionLab_NTroje/rub062/0021_catching_and_throwing.pkl,1338,turning back,01338__seg01__023.252_026.114__turning_back.mp4,23.252000,26.114000,23252,26114,23.268290,26.103328,23268,26103,43,derived_join_of_final_training_membership_and_human_reviewed_babel_segment
turn,BioMotionLab_NTroje/rub065/0013_knocking1.pkl,1510,turn around to the right,01510__seg00__004.822_005.862__turn_around_to_the_right.mp4,4.822000,5.862000,4822,5862,4.833629,5.836548,4834,5837,9,derived_join_of_final_training_membership_and_human_reviewed_babel_segment
turn,BioMotionLab_NTroje/rub065/0017_lifting_light1.pkl,5131,turn around,05131__seg00__004.220_005.320__turn_around.mp4,4.220000,5.320000,4220,5320,4.236727,5.280924,4237,5281,10,derived_join_of_final_training_membership_and_human_reviewed_babel_segment
turn,BioMotionLab_NTroje/rub067/0013_knocking1.pkl,2410,turn around,02410__seg00__007.722_008.774__turn_around.mp4,7.722000,8.774000,7722,8774,7.753891,8.754059,7754,8754,9,derived_join_of_final_training_membership_and_human_reviewed_babel_segment
turn,BioMotionLab_NTroje/rub067/0014_knocking2.pkl,5922,turn around,05922__seg00__005.074_006.245__turn_around.mp4,5.074000,6.245000,5074,6245,5.105926,6.232963,5106,6233,12,derived_join_of_final_training_membership_and_human_reviewed_babel_segment
turn,BioMotionLab_NTroje/rub072/0018_lifting_light2.pkl,6813,turning around,06813__seg00__004.502_005.222__turning_around.mp4,4.502000,5.222000,4502,5222,4.531355,5.198022,4531,5198,1,derived_join_of_final_training_membership_and_human_reviewed_babel_segment
turn,BioMotionLab_NTroje/rub073/0014_knocking2.pkl,1659,turn around,01659__seg00__006.553_007.603__turn_around.mp4,6.553000,7.603000,6553,7603,6.589694,7.590016,6590,7590,9,derived_join_of_final_training_membership_and_human_reviewed_babel_segment
turn,BioMotionLab_NTroje/rub075/0017_lifting_light1.pkl,523,turn around to the left,00523__seg00__003.324_004.126__turn_around_to_the_left.mp4,3.324000,4.126000,3324,4126,3.350904,4.101344,3351,4101,3,derived_join_of_final_training_membership_and_human_reviewed_babel_segment
turn,BioMotionLab_NTroje/rub077/0020_lifting_heavy2.pkl,479,turn around,00479__seg00__005.002_005.690__turn_around.mp4,5.002000,5.690000,5002,5690,5.003704,5.670370,5004,5670,1,derived_join_of_final_training_membership_and_human_reviewed_babel_segment
turn,BioMotionLab_NTroje/rub084/0031_rom.pkl,259,turn left,00259__seg00__095.176_096.176__turn_left.mp4,95.176000,96.176000,95176,96176,95.201535,96.159975,95202,96160,8,derived_join_of_final_training_membership_and_human_reviewed_babel_segment
turn,BioMotionLab_NTroje/rub086/0013_knocking2.pkl,3898,turn right,03898__seg00__002.206_003.222__turn_right.mp4,2.206000,3.222000,2206,3222,2.210594,3.217352,2211,3217,9,derived_join_of_final_training_membership_and_human_reviewed_babel_segment
turn,BioMotionLab_NTroje/rub087/0016_sitting2.pkl,5458,turning,05458__seg00__002.189_003.446__turning.mp4,2.189000,3.446000,2189,3446,2.218799,3.429700,2219,3430,14,derived_join_of_final_training_membership_and_human_reviewed_babel_segment
turn,BioMotionLab_NTroje/rub090/0014_knocking2.pkl,2111,turn around,02111__seg00__003.400_004.700__turn_around.mp4,3.400000,4.700000,3400,4700,3.437374,4.690909,3437,4691,15,derived_join_of_final_training_membership_and_human_reviewed_babel_segment
turn,BioMotionLab_NTroje/rub091/0013_knocking1.pkl,2900,turning around,02900__seg00__007.080_008.300__turning_around.mp4,7.080000,8.300000,7080,8300,7.102564,8.270588,7103,8271,13,derived_join_of_final_training_membership_and_human_reviewed_babel_segment
turn,BioMotionLab_NTroje/rub093/0018_lifting_light2.pkl,1640,turning around,01640__seg00__004.211_005.127__turning_around.mp4,4.211000,5.127000,4211,5127,4.223408,5.099154,4223,5099,6,derived_join_of_final_training_membership_and_human_reviewed_babel_segment
turn,BioMotionLab_NTroje/rub095/0013_knocking1.pkl,3782,turn around,03782__seg00__003.419_004.432__turn_around.mp4,3.419000,4.432000,3419,4432,3.446103,4.406949,3446,4407,8,derived_join_of_final_training_membership_and_human_reviewed_babel_segment
turn,BioMotionLab_NTroje/rub098/0013_knocking1.pkl,5120,turn around,05120__seg00__003.737_004.715__turn_around.mp4,3.737000,4.715000,3737,4715,3.778322,4.696876,3778,4697,7,derived_join_of_final_training_membership_and_human_reviewed_babel_segment
turn,BioMotionLab_NTroje/rub101/0019_lifting_heavy2.pkl,5211,turn around,05211__seg00__005.020_005.760__turn_around.mp4,5.020000,5.760000,5020,5760,5.042424,5.751111,5042,5751,2,derived_join_of_final_training_membership_and_human_reviewed_babel_segment
turn,BioMotionLab_NTroje/rub103/0013_knocking1.pkl,2291,turn around,02291__seg00__004.121_005.163__turn_around.mp4,4.121000,5.163000,4121,5163,4.136620,5.137559,4137,5138,9,derived_join_of_final_training_membership_and_human_reviewed_babel_segment
turn,BioMotionLab_NTroje/rub105/0014_knocking2.pkl,2277,turning around,02277__seg00__003.980_005.380__turning_around.mp4,3.980000,5.380000,3980,5380,4.011268,5.346479,4011,5346,17,derived_join_of_final_training_membership_and_human_reviewed_babel_segment
turn,BioMotionLab_NTroje/rub106/0013_knocking1.pkl,268,turn around to the right,00268__seg00__004.219_006.291__turn_around_to_the_right.mp4,4.219000,6.291000,4219,6291,4.229490,6.278069,4229,6278,34,derived_join_of_final_training_membership_and_human_reviewed_babel_segment
turn,BioMotionLab_NTroje/rub112/0013_knocking1.pkl,163,turn around,00163__seg00__008.252_009.002__turn_around.mp4,8.252000,9.002000,8252,9002,8.283000,8.991500,8283,8992,2,derived_join_of_final_training_membership_and_human_reviewed_babel_segment
turn,BioMotionLab_NTroje/rub114/0020_catching_and_throwing.pkl,2850,turn right,02850__seg00__025.560_026.640__turn_right.mp4,25.560000,26.640000,25560,26640,25.575871,26.618040,25576,26618,10,derived_join_of_final_training_membership_and_human_reviewed_babel_segment
turn,CMU/01/01_01.pkl,2126,turn around,02126__seg00__008.584_009.944__turn_around.mp4,8.584000,9.944000,8584,9944,8.588477,9.922210,8588,9922,17,derived_join_of_final_training_membership_and_human_reviewed_babel_segment
turn,CMU/01/01_01.pkl,2126,turn around,02126__seg01__016.113_017.753__turn_around.mp4,16.113000,17.753000,16113,17753,16.134663,17.718546,16135,17719,23,derived_join_of_final_training_membership_and_human_reviewed_babel_segment
turn,CMU/105/105_18.pkl,6471,turn around,06471__seg01__026.460_028.034__turn_around.mp4,26.460000,28.034000,26460,28034,26.487373,27.904863,26487,27905,19,derived_join_of_final_training_membership_and_human_reviewed_babel_segment
turn,CMU/105/105_23.pkl,6842,turning,06842__seg00__009.154_010.487__turning.mp4,9.154000,10.487000,9154,10487,9.175887,10.468182,9176,10468,16,derived_join_of_final_training_membership_and_human_reviewed_babel_segment
turn,CMU/105/105_23.pkl,6842,turning,06842__seg01__018.174_020.466__turning.mp4,18.174000,20.466000,18174,20466,18.184939,20.436531,18185,20437,39,derived_join_of_final_training_membership_and_human_reviewed_babel_segment
turn,CMU/105/105_31.pkl,5041,turning,05041__seg00__005.466_006.987__turning.mp4,5.466000,6.987000,5466,6987,5.505759,6.964921,5506,6965,20,derived_join_of_final_training_membership_and_human_reviewed_babel_segment
turn,CMU/105/105_31.pkl,5041,turning,05041__seg01__013.549_014.549__turning.mp4,13.549000,14.549000,13549,14549,13.555846,14.514485,13556,14514,8,derived_join_of_final_training_membership_and_human_reviewed_babel_segment
turn,CMU/105/105_35.pkl,1060,turn around,01060__seg00__012.620_013.640__turn_around.mp4,12.620000,13.640000,12620,13640,12.631801,13.631981,12632,13632,9,derived_join_of_final_training_membership_and_human_reviewed_babel_segment
turn,CMU/105/105_35.pkl,1060,turn around,01060__seg01__023.280_024.620__turn_around.mp4,23.280000,24.620000,23280,24620,23.304214,24.596218,23304,24596,16,derived_join_of_final_training_membership_and_human_reviewed_babel_segment
turn,CMU/113/113_09.pkl,6420,turns around,06420__seg00__004.380_005.480__turns_around.mp4,4.380000,5.480000,4380,5480,4.394619,5.479821,4395,5480,11,derived_join_of_final_training_membership_and_human_reviewed_babel_segment
turn,CMU/114/114_08.pkl,5342,turning around,05342__seg00__005.229_006.775__turning_around.mp4,5.229000,6.775000,5229,6775,5.260328,6.761967,5260,6762,21,derived_join_of_final_training_membership_and_human_reviewed_babel_segment
turn,CMU/114/114_08.pkl,5342,turning around,05342__seg01__012.343_013.400__turning_around.mp4,12.343000,13.400000,12343,13400,12.357596,13.400000,12358,13400,10,derived_join_of_final_training_membership_and_human_reviewed_babel_segment
turn,CMU/114/114_13.pkl,3068,turn around,03068__seg00__003.773_005.481__turn_around.mp4,3.773000,5.481000,3773,5481,3.794153,5.461475,3794,5461,25,derived_join_of_final_training_membership_and_human_reviewed_babel_segment
turn,CMU/114/114_13.pkl,3068,turn around,03068__seg02__016.127_017.794__turn_around.mp4,16.127000,17.794000,16127,17794,16.135574,17.761202,16136,17761,24,derived_join_of_final_training_membership_and_human_reviewed_babel_segment
turn,CMU/114/114_13.pkl,3068,turn around,03068__seg03__022.419_023.690__turn_around.mp4,22.419000,23.690000,22419,23690,22.431366,23.681749,22431,23682,15,derived_join_of_final_training_membership_and_human_reviewed_babel_segment
turn,CMU/13/13_35.pkl,4435,turning,04435__seg00__004.779_006.174__turning.mp4,4.779000,6.174000,4779,6174,4.807068,6.142545,4807,6143,17,derived_join_of_final_training_membership_and_human_reviewed_babel_segment
turn,CMU/13/13_38.pkl,2478,turning around,02478__seg01__004.481_006.794__turning_around.mp4,4.481000,6.794000,4481,6794,4.517069,6.773075,4517,6773,39,derived_join_of_final_training_membership_and_human_reviewed_babel_segment
turn,CMU/132/132_15.pkl,1415,turn around left,01415__seg00__006.805_008.405__turn_around_left.mp4,6.805000,8.405000,6805,8405,6.842219,8.385023,6842,8385,22,derived_join_of_final_training_membership_and_human_reviewed_babel_segment
turn,CMU/132/132_15.pkl,1415,turn around left,01415__seg02__024.205_025.705__turn_around_left.mp4,24.205000,25.705000,24205,25705,24.239812,25.699174,24240,25699,20,derived_join_of_final_training_membership_and_human_reviewed_babel_segment
turn,CMU/132/132_15.pkl,1415,turn around left,01415__seg03__031.905_033.605__turn_around_left.mp4,31.905000,33.605000,31905,33605,31.916447,33.584414,31916,33584,25,derived_join_of_final_training_membership_and_human_reviewed_babel_segment
turn,CMU/132/132_15.pkl,1415,turn around left,01415__seg04__040.855_042.405__turn_around_left.mp4,40.855000,42.405000,40855,42405,40.886429,42.387513,40886,42388,21,derived_join_of_final_training_membership_and_human_reviewed_babel_segment
turn,CMU/132/132_15.pkl,1415,turn around left,01415__seg05__050.155_052.255__turn_around_left.mp4,50.155000,52.255000,50155,52255,50.190178,52.233633,50190,52234,34,derived_join_of_final_training_membership_and_human_reviewed_babel_segment
turn,CMU/132/132_39.pkl,4692,turn around,04692__seg00__011.863_013.548__turn_around.mp4,11.863000,13.548000,11863,13548,11.888483,13.514572,11888,13515,24,derived_join_of_final_training_membership_and_human_reviewed_babel_segment
turn,CMU/132/132_54.pkl,2321,turning back from left side,02321__seg00__006.474_007.798__turning_back_from_left_side.mp4,6.474000,7.798000,6474,7798,6.508091,7.758817,6508,7759,15,derived_join_of_final_training_membership_and_human_reviewed_babel_segment
turn,CMU/132/132_54.pkl,2321,turning back from left side,02321__seg01__014.844_016.412__turning_back_from_left_side.mp4,14.844000,16.412000,14844,16412,14.851797,16.394553,14852,16395,22,derived_join_of_final_training_membership_and_human_reviewed_babel_segment
turn,CMU/132/132_54.pkl,2321,turning back from left side,02321__seg02__023.006_024.506__turning_back_from_left_side.mp4,23.006000,24.506000,23006,24506,23.028629,24.487948,23029,24488,20,derived_join_of_final_training_membership_and_human_reviewed_babel_segment
turn,CMU/132/132_54.pkl,2321,turning back from left side,02321__seg03__030.806_032.706__turning_back_from_left_side.mp4,30.806000,32.706000,30806,32706,30.829994,32.664780,30830,32665,29,derived_join_of_final_training_membership_and_human_reviewed_babel_segment
turn,CMU/132/132_54.pkl,2321,turning back from left side,02321__seg04__039.206_040.606__turning_back_from_left_side.mp4,39.206000,40.606000,39206,40606,39.215419,40.591301,39215,40591,18,derived_join_of_final_training_membership_and_human_reviewed_babel_segment
turn,CMU/132/132_54.pkl,2321,turning back from left side,02321__seg05__048.356_050.267__turning_back_from_left_side.mp4,48.356000,50.267000,48356,50267,48.393496,50.228281,48393,50228,29,derived_join_of_final_training_membership_and_human_reviewed_babel_segment
turn,CMU/142/142_13.pkl,5952,turn around left,05952__seg02__029.586_031.975__turn_around_left.mp4,29.586000,31.975000,29586,31975,29.612479,31.947455,29612,31947,31,derived_join_of_final_training_membership_and_human_reviewed_babel_segment
turn,CMU/142/142_13.pkl,5952,turn around right,05952__seg01__018.503_020.309__turn_around_right.mp4,18.503000,20.309000,18503,20309,18.518227,20.269294,18518,20269,27,derived_join_of_final_training_membership_and_human_reviewed_babel_segment
turn,CMU/142/142_13.pkl,5952,turn around right,05952__seg03__039.447_042.447__turn_around_right.mp4,39.447000,42.447000,39447,42447,39.455501,42.416092,39456,42416,56,derived_join_of_final_training_membership_and_human_reviewed_babel_segment
turn,CMU/142/142_16.pkl,3619,turn around,03619__seg00__017.794_019.440__turn_around.mp4,17.794000,19.440000,17794,19440,17.807178,19.433014,17807,19433,24,derived_join_of_final_training_membership_and_human_reviewed_babel_segment
turn,CMU/142/142_16.pkl,3619,turn around,03619__seg01__027.356_028.606__turn_around.mp4,27.356000,28.606000,27356,28606,27.357164,28.565969,27357,28566,14,derived_join_of_final_training_membership_and_human_reviewed_babel_segment
turn,CMU/142/142_16.pkl,3619,turn around,03619__seg02__037.481_038.419__turn_around.mp4,37.481000,38.419000,37481,38419,37.490991,38.407876,37491,38408,7,derived_join_of_final_training_membership_and_human_reviewed_babel_segment
turn,CMU/142/142_16.pkl,3619,turn around,03619__seg03__047.065_048.500__turn_around.mp4,47.065000,48.500000,47065,48500,47.082679,48.500000,47083,48500,19,derived_join_of_final_training_membership_and_human_reviewed_babel_segment
turn,CMU/142/142_19.pkl,1466,turning back,01466__seg01__019.040_020.540__turning_back.mp4,19.040000,20.540000,19040,20540,19.069301,20.528783,19069,20529,20,derived_join_of_final_training_membership_and_human_reviewed_babel_segment
turn,CMU/142/142_19.pkl,1466,turning back,01466__seg03__035.255_037.130__turning_back.mp4,35.255000,37.130000,35255,37130,35.259429,37.094456,35259,37094,29,derived_join_of_final_training_membership_and_human_reviewed_babel_segment
turn,CMU/142/142_20.pkl,2741,turn around,02741__seg01__009.502_011.086__turn_around.mp4,9.502000,11.086000,9502,11086,9.539310,11.084598,9539,11085,22,derived_join_of_final_training_membership_and_human_reviewed_babel_segment
turn,CMU/143/143_13.pkl,2463,turn around,02463__seg00__003.773_004.606__turn_around.mp4,3.773000,4.606000,3773,4606,3.847531,4.597840,3848,4598,2,derived_join_of_final_training_membership_and_human_reviewed_babel_segment
turn,CMU/143/143_15.pkl,986,turn around,00986__seg00__004.720_005.880__turn_around.mp4,4.720000,5.880000,4720,5880,4.771429,5.856642,4771,5857,6,derived_join_of_final_training_membership_and_human_reviewed_babel_segment
turn,CMU/143/143_15.pkl,986,turn around,00986__seg01__010.701_011.800__turn_around.mp4,10.701000,11.800000,10701,11800,10.714787,11.800000,10715,11800,6,derived_join_of_final_training_membership_and_human_reviewed_babel_segment
turn,CMU/15/15_09.pkl,5999,turning back,05999__seg00__003.408_004.986__turning_back.mp4,3.408000,4.986000,3408,4986,3.419123,4.961418,3419,4961,22,derived_join_of_final_training_membership_and_human_reviewed_babel_segment
turn,CMU/15/15_09.pkl,5999,turning back,05999__seg01__011.127_012.314__turning_back.mp4,11.127000,12.314000,11127,12314,11.132997,12.300024,11133,12300,13,derived_join_of_final_training_membership_and_human_reviewed_babel_segment
turn,CMU/15/15_09.pkl,5999,turning back,05999__seg02__018.041_019.945__turning_back.mp4,18.041000,19.945000,18041,19945,18.054636,19.930505,18055,19931,30,derived_join_of_final_training_membership_and_human_reviewed_babel_segment
turn,CMU/15/15_09.pkl,5999,turning back,05999__seg03__025.348_027.098__turning_back.mp4,25.348000,27.098000,25348,27098,25.351545,27.060627,25352,27061,26,derived_join_of_final_training_membership_and_human_reviewed_babel_segment
turn,CMU/15/15_09.pkl,5999,turning back,05999__seg04__033.810_035.137__turning_back.mp4,33.810000,35.137000,33810,35137,33.815958,35.108074,33816,35108,16,derived_join_of_final_training_membership_and_human_reviewed_babel_segment
turn,CMU/15/15_09.pkl,5999,turning back,05999__seg05__040.560_042.291__turning_back.mp4,40.560000,42.291000,40560,42291,40.570811,42.279893,40571,42280,26,derived_join_of_final_training_membership_and_human_reviewed_babel_segment
turn,CMU/15/15_09.pkl,5999,turning back,05999__seg06__047.964_049.579__turning_back.mp4,47.964000,49.579000,47964,49579,47.992809,49.576801,47993,49577,23,derived_join_of_final_training_membership_and_human_reviewed_babel_segment
turn,CMU/15/15_09.pkl,5999,turning back,05999__seg07__055.377_056.711__turning_back.mp4,55.377000,56.711000,55377,56711,55.414807,56.706923,55415,56707,16,derived_join_of_final_training_membership_and_human_reviewed_babel_segment
turn,CMU/15/15_09.pkl,5999,turning back,05999__seg08__062.023_062.815__turning_back.mp4,62.023000,62.815000,62023,62815,62.044570,62.794630,62045,62795,3,derived_join_of_final_training_membership_and_human_reviewed_babel_segment
turn,CMU/22_23_justin/22_01.pkl,6957,spin around,06957__seg00__003.645_006.024__spin_around.mp4,3.645000,6.024000,3645,6024,3.685524,5.985548,3686,5986,40,derived_join_of_final_training_membership_and_human_reviewed_babel_segment
turn,CMU/35/35_27.pkl,5484,turn left,05484__seg02__006.690_007.419__turn_left.mp4,6.690000,7.419000,6690,7419,6.710127,7.418471,6710,7418,2,derived_join_of_final_training_membership_and_human_reviewed_babel_segment
turn,CMU/35/35_27.pkl,5484,turn left,05484__seg04__014.707_015.752__turn_left.mp4,14.707000,15.752000,14707,15752,14.712266,15.712355,14712,15712,9,derived_join_of_final_training_membership_and_human_reviewed_babel_segment
turn,CMU/35/35_27.pkl,5484,turn left,05484__seg05__017.129_017.847__turn_left.mp4,17.129000,17.847000,17129,17847,17.129578,17.837923,17130,17838,2,derived_join_of_final_training_membership_and_human_reviewed_babel_segment
turn,CMU/35/35_27.pkl,5484,turn left,05484__seg11__050.456_051.206__turn_left.mp4,50.456000,51.206000,50456,51206,50.471823,51.180168,50472,51180,2,derived_join_of_final_training_membership_and_human_reviewed_babel_segment
turn,CMU/35/35_27.pkl,5484,turn left,05484__seg12__055.176_056.426__turn_left.mp4,55.176000,56.426000,55176,56426,55.181416,56.389894,55181,56390,14,derived_join_of_final_training_membership_and_human_reviewed_babel_segment
turn,CMU/35/35_27.pkl,5484,turning right,05484__seg08__030.160_031.129__turning_right.mp4,30.160000,31.129000,30160,31129,30.174732,31.091465,30175,31091,7,derived_join_of_final_training_membership_and_human_reviewed_babel_segment
turn,CMU/35/35_27.pkl,5484,turning right,05484__seg13__058.593_059.926__turning_right.mp4,58.593000,59.926000,58593,59926,58.598996,59.890829,58599,59891,16,derived_join_of_final_training_membership_and_human_reviewed_babel_segment
turn,CMU/35/35_27.pkl,5484,turning right,05484__seg14__065.343_066.760__turning_right.mp4,65.343000,66.760000,65343,66760,65.350800,66.725990,65351,66726,18,derived_join_of_final_training_membership_and_human_reviewed_babel_segment
turn,CMU/36/36_02.pkl,6156,turning back,06156__seg00__003.094_004.639__turning_back.mp4,3.094000,4.639000,3094,4639,3.129177,4.630290,3129,4630,21,derived_join_of_final_training_membership_and_human_reviewed_babel_segment
turn,CMU/36/36_02.pkl,6156,turning back,06156__seg01__010.412_012.071__turning_back.mp4,10.412000,12.071000,10412,12071,10.430589,12.056870,10431,12057,24,derived_join_of_final_training_membership_and_human_reviewed_babel_segment
turn,CMU/36/36_02.pkl,6156,turning back,06156__seg02__015.253_017.397__turning_back.mp4,15.253000,17.397000,15253,17397,15.270382,17.355609,15270,17356,35,derived_join_of_final_training_membership_and_human_reviewed_babel_segment
turn,CMU/36/36_02.pkl,6156,turning back,06156__seg03__020.434_021.897__turning_back.mp4,20.434000,21.897000,20434,21897,20.443954,21.861623,20444,21862,19,derived_join_of_final_training_membership_and_human_reviewed_babel_segment
turn,CMU/36/36_02.pkl,6156,turning back,06156__seg04__027.254_028.826__turning_back.mp4,27.254000,28.826000,27254,28826,27.286420,28.787534,27286,28788,21,derived_join_of_final_training_membership_and_human_reviewed_babel_segment
turn,CMU/36/36_02.pkl,6156,turning back,06156__seg05__034.183_035.633__turning_back.mp4,34.183000,35.633000,34183,35633,34.212331,35.630000,34212,35630,19,derived_join_of_final_training_membership_and_human_reviewed_babel_segment
turn,CMU/36/36_03.pkl,579,pivot 90 degrees to the left,00579__seg02__010.106_011.129__pivot_90_degrees_to_the_left.mp4,10.106000,11.129000,10106,11129,10.130371,11.088859,10130,11089,8,derived_join_of_final_training_membership_and_human_reviewed_babel_segment
turn,CMU/36/36_03.pkl,579,pivot 90 degrees to the left,00579__seg03__011.502_012.445__pivot_90_degrees_to_the_left.mp4,11.502000,12.445000,11502,12445,11.506101,12.422900,11506,12423,7,derived_join_of_final_training_membership_and_human_reviewed_babel_segment
turn,CMU/36/36_03.pkl,579,pivot 90 degrees to the left,00579__seg06__025.794_026.516__pivot_90_degrees_to_the_left.mp4,25.794000,26.516000,25794,26516,25.805349,26.513705,25805,26514,2,derived_join_of_final_training_membership_and_human_reviewed_babel_segment
turn,CMU/36/36_03.pkl,579,pivot 90 degrees to the left,00579__seg07__026.807_027.718__pivot_90_degrees_to_the_left.mp4,26.807000,27.718000,26807,27718,26.847569,27.680990,26848,27681,5,derived_join_of_final_training_membership_and_human_reviewed_babel_segment
turn,CMU/36/36_03.pkl,579,pivot 90 degrees to the right,00579__seg00__003.587_004.485__pivot_90_degrees_to_the_right.mp4,3.587000,4.485000,3587,4485,3.626923,4.460345,3627,4460,5,derived_join_of_final_training_membership_and_human_reviewed_babel_segment
turn,CMU/36/36_03.pkl,579,pivot 90 degrees to the right,00579__seg01__004.878_005.920__pivot_90_degrees_to_the_right.mp4,4.878000,5.920000,4878,5920,4.919275,5.919452,4919,5919,9,derived_join_of_final_training_membership_and_human_reviewed_babel_segment
turn,CMU/36/36_03.pkl,579,pivot 90 degrees to the right,00579__seg04__018.837_019.782__pivot_90_degrees_to_the_right.mp4,18.837000,19.782000,18837,19782,18.843324,19.760124,18843,19760,7,derived_join_of_final_training_membership_and_human_reviewed_babel_segment
turn,CMU/36/36_03.pkl,579,pivot 90 degrees to the right,00579__seg05__020.232_021.151__pivot_90_degrees_to_the_right.mp4,20.232000,21.151000,20232,21151,20.260743,21.135853,20261,21136,6,derived_join_of_final_training_membership_and_human_reviewed_babel_segment
turn,CMU/36/36_07.pkl,2703,turn around,02703__seg00__007.333_009.148__turn_around.mp4,7.333000,9.148000,7333,9148,7.336513,9.128668,7337,9129,28,derived_join_of_final_training_membership_and_human_reviewed_babel_segment
turn,CMU/36/36_07.pkl,2703,turn around,02703__seg01__016.919_019.315__turn_around.mp4,16.919000,19.315000,16919,19315,16.924002,19.299743,16924,19300,42,derived_join_of_final_training_membership_and_human_reviewed_babel_segment
turn,CMU/36/36_07.pkl,2703,turn around,02703__seg02__023.773_026.002__turn_around.mp4,23.773000,26.002000,23773,26002,23.801983,25.969300,23802,25969,37,derived_join_of_final_training_membership_and_human_reviewed_babel_segment
turn,CMU/36/36_07.pkl,2703,turn around,02703__seg03__030.627_031.434__turn_around.mp4,30.627000,31.434000,30627,31434,30.638279,31.430000,30638,31430,4,derived_join_of_final_training_membership_and_human_reviewed_babel_segment
turn,CMU/36/36_09.pkl,6374,turn around,06374__seg00__007.690_009.544__turn_around.mp4,7.690000,9.544000,7690,9544,7.721704,9.515322,7722,9515,28,derived_join_of_final_training_membership_and_human_reviewed_babel_segment
turn,CMU/36/36_09.pkl,6374,turn around,06374__seg01__017.752_019.669__turn_around.mp4,17.752000,19.669000,17752,19669,17.780788,19.657884,17781,19658,30,derived_join_of_final_training_membership_and_human_reviewed_babel_segment
turn,CMU/36/36_09.pkl,6374,turn around,06374__seg02__024.002_026.856__turn_around.mp4,24.002000,26.856000,24002,26856,24.041629,26.836982,24042,26837,52,derived_join_of_final_training_membership_and_human_reviewed_babel_segment
turn,CMU/36/36_09.pkl,6374,turn around,06374__seg03__031.190_032.434__turn_around.mp4,31.190000,32.434000,31190,32434,31.220727,32.430000,31221,32430,14,derived_join_of_final_training_membership_and_human_reviewed_babel_segment
turn,CMU/36/36_13.pkl,3607,turning left,03607__seg01__003.982_004.752__turning_left.mp4,3.982000,4.752000,3982,4752,4.002881,4.711244,4003,4711,2,derived_join_of_final_training_membership_and_human_reviewed_babel_segment
turn,CMU/36/36_13.pkl,3607,turning left,03607__seg02__006.044_007.086__turning_left.mp4,6.044000,7.086000,6044,7086,6.046018,7.046259,6046,7046,9,derived_join_of_final_training_membership_and_human_reviewed_babel_segment
turn,CMU/36/36_13.pkl,3607,turning left,03607__seg03__009.002_010.023__turning_left.mp4,9.002000,10.023000,9002,10023,9.006483,10.006723,9006,10007,9,derived_join_of_final_training_membership_and_human_reviewed_babel_segment
turn,CMU/36/36_13.pkl,3607,turning left,03607__seg04__012.252_013.169__turning_left.mp4,12.252000,13.169000,12252,13169,12.258824,13.133974,12259,13134,6,derived_join_of_final_training_membership_and_human_reviewed_babel_segment
turn,CMU/36/36_13.pkl,3607,turning left,03607__seg05__016.544_017.482__turning_left.mp4,16.544000,17.482000,16544,17482,16.553581,17.470428,16554,17470,7,derived_join_of_final_training_membership_and_human_reviewed_babel_segment
turn,CMU/36/36_13.pkl,3607,turning left,03607__seg06__019.790_020.611__turning_left.mp4,19.790000,20.611000,19790,20611,19.805922,20.597679,19806,20598,4,derived_join_of_final_training_membership_and_human_reviewed_babel_segment
turn,CMU/36/36_13.pkl,3607,turning left,03607__seg07__023.290_024.683__turning_left.mp4,23.290000,24.683000,23290,24683,23.308443,24.600560,23308,24601,16,derived_join_of_final_training_membership_and_human_reviewed_babel_segment
turn,CMU/36/36_13.pkl,3607,turning left,03607__seg08__025.861_026.790__turning_left.mp4,25.861000,26.790000,25861,26790,25.893637,26.768788,25894,26769,6,derived_join_of_final_training_membership_and_human_reviewed_babel_segment
turn,CMU/36/36_13.pkl,3607,turning left,03607__seg09__029.468_030.290__turning_left.mp4,29.468000,30.290000,29468,30290,29.479552,30.271309,29480,30271,4,derived_join_of_final_training_membership_and_human_reviewed_babel_segment
turn,CMU/36/36_13.pkl,3607,turning left,03607__seg10__032.254_033.111__turning_left.mp4,32.254000,33.111000,32254,33111,32.273229,33.106683,32273,33107,5,derived_join_of_final_training_membership_and_human_reviewed_babel_segment
turn,CMU/36/36_16.pkl,5069,turning 90 degrees right,05069__seg00__002.169_003.502__turning_90_degrees_right.mp4,2.169000,3.502000,2169,3502,2.169482,3.461961,2169,3462,16,derived_join_of_final_training_membership_and_human_reviewed_babel_segment
turn,CMU/36/36_16.pkl,5069,turning 90 degrees right,05069__seg01__004.877_005.794__turning_90_degrees_right.mp4,4.877000,5.794000,4877,5794,4.881334,5.756605,4881,5757,6,derived_join_of_final_training_membership_and_human_reviewed_babel_segment
turn,CMU/36/36_16.pkl,5069,turning 90 degrees right,05069__seg02__009.606_010.669__turning_90_degrees_right.mp4,9.606000,10.669000,9606,10669,9.637506,10.637939,9638,10638,9,derived_join_of_final_training_membership_and_human_reviewed_babel_segment
turn,CMU/36/36_16.pkl,5069,turning 90 degrees right,05069__seg03__013.294_014.315__turning_90_degrees_right.mp4,13.294000,14.315000,13294,14315,13.308937,14.309370,13309,14309,9,derived_join_of_final_training_membership_and_human_reviewed_babel_segment
turn,CMU/36/36_16.pkl,5069,turning 90 degrees right,05069__seg04__018.294_019.294__turning_90_degrees_right.mp4,18.294000,19.294000,18294,19294,18.315433,19.274145,18315,19274,8,derived_join_of_final_training_membership_and_human_reviewed_babel_segment
turn,CMU/36/36_16.pkl,5069,turning 90 degrees right,05069__seg05__021.169_022.315__turning_90_degrees_right.mp4,21.169000,22.315000,21169,22315,21.194169,22.278043,21194,22278,11,derived_join_of_final_training_membership_and_human_reviewed_babel_segment
turn,CMU/36/36_16.pkl,5069,turning 90 degrees right,05069__seg06__024.390_025.669__turning_90_degrees_right.mp4,24.390000,25.669000,24390,25669,24.406671,25.657428,24407,25657,15,derived_join_of_final_training_membership_and_human_reviewed_babel_segment
turn,CMU/36/36_16.pkl,5069,turning 90 degrees right,05069__seg07__026.981_028.169__turning_90_degrees_right.mp4,26.981000,28.169000,26981,28169,26.993360,28.160677,26993,28161,13,derived_join_of_final_training_membership_and_human_reviewed_babel_segment
turn,CMU/36/36_16.pkl,5069,turning 90 degrees right,05069__seg08__029.377_030.273__turning_90_degrees_right.mp4,29.377000,30.273000,29377,30273,29.413167,30.246717,29413,30247,5,derived_join_of_final_training_membership_and_human_reviewed_babel_segment
turn,CMU/36/36_16.pkl,5069,turning 90 degrees right,05069__seg09__032.898_033.877__turning_90_degrees_right.mp4,32.898000,33.877000,32898,33877,32.917715,33.876427,32918,33876,8,derived_join_of_final_training_membership_and_human_reviewed_babel_segment
turn,CMU/36/36_16.pkl,5069,turning 90 degrees right,05069__seg10__035.502_036.634__turning_90_degrees_right.mp4,35.502000,36.634000,35502,36634,35.504404,36.630000,35504,36630,12,derived_join_of_final_training_membership_and_human_reviewed_babel_segment
turn,CMU/36/36_22.pkl,5815,turning left,05815__seg03__014.086_015.065__turning_left.mp4,14.086000,15.065000,14086,15065,14.088660,15.047104,14089,15047,8,derived_join_of_final_training_membership_and_human_reviewed_babel_segment
turn,CMU/36/36_22.pkl,5815,turning left,05815__seg04__016.252_017.232__turning_left.mp4,16.252000,17.232000,16252,17232,16.256147,17.214590,16256,17215,8,derived_join_of_final_training_membership_and_human_reviewed_babel_segment
turn,CMU/36/36_22.pkl,5815,turning left,05815__seg06__023.718_024.754__turning_left.mp4,23.718000,24.754000,23718,24754,23.758983,24.675745,23759,24676,7,derived_join_of_final_training_membership_and_human_reviewed_babel_segment
turn,CMU/36/36_22.pkl,5815,turning left,05815__seg07__026.326_027.968__turning_left.mp4,26.326000,27.968000,26326,27968,26.343294,27.926974,26343,27927,23,derived_join_of_final_training_membership_and_human_reviewed_babel_segment
turn,CMU/36/36_22.pkl,5815,turning left,05815__seg08__031.647_032.933__turning_left.mp4,31.647000,32.933000,31647,32933,31.678645,32.928865,31679,32929,15,derived_join_of_final_training_membership_and_human_reviewed_babel_segment
turn,CMU/36/36_22.pkl,5815,turning right,05815__seg02__010.086_010.877__turning_right.mp4,10.086000,10.877000,10086,10877,10.087147,10.837179,10087,10837,3,derived_join_of_final_training_membership_and_human_reviewed_babel_segment
turn,CMU/36/36_22.pkl,5815,turning right,05815__seg05__019.065_019.961__turning_right.mp4,19.065000,19.961000,19065,19961,19.090552,19.840583,19091,19841,3,derived_join_of_final_training_membership_and_human_reviewed_babel_segment
turn,CMU/36/36_33.pkl,5906,turning back,05906__seg00__004.794_006.711__turning_back.mp4,4.794000,6.711000,4794,6711,4.835162,6.710619,4835,6711,30,derived_join_of_final_training_membership_and_human_reviewed_babel_segment
turn,CMU/36/36_33.pkl,5906,turning back,05906__seg01__011.690_013.627__turning_back.mp4,11.690000,13.627000,11690,13627,11.712762,13.588219,11713,13588,30,derived_join_of_final_training_membership_and_human_reviewed_babel_segment
turn,CMU/36/36_33.pkl,5906,turning back,05906__seg02__016.857_018.211__turning_back.mp4,16.857000,18.211000,16857,18211,16.881383,18.173286,16881,18173,16,derived_join_of_final_training_membership_and_human_reviewed_babel_segment
turn,CMU/36/36_33.pkl,5906,turning back,05906__seg03__022.172_025.130__turning_back.mp4,22.172000,25.130000,22172,25130,22.175051,25.092569,22175,25093,55,derived_join_of_final_training_membership_and_human_reviewed_babel_segment
turn,CMU/36/36_34.pkl,4539,turning left,04539__seg09__024.754_026.076__turning_left.mp4,24.754000,26.076000,24754,26076,24.769823,26.061991,24770,26062,16,derived_join_of_final_training_membership_and_human_reviewed_babel_segment
turn,CMU/36/36_35.pkl,4310,turn left,04310__seg01__004.502_005.321__turn_left.mp4,4.502000,5.321000,4502,5321,4.504225,5.296009,4504,5296,4,derived_join_of_final_training_membership_and_human_reviewed_babel_segment
turn,CMU/36/36_35.pkl,4310,turn left,04310__seg02__005.866_006.821__turn_left.mp4,5.866000,6.821000,5866,6821,5.880516,6.797418,5881,6797,7,derived_join_of_final_training_membership_and_human_reviewed_babel_segment
turn,CMU/36/36_35.pkl,4310,turn left,04310__seg04__011.321_013.116__turn_left.mp4,11.321000,13.116000,11321,13116,11.343975,13.094992,11344,13095,27,derived_join_of_final_training_membership_and_human_reviewed_babel_segment
turn,CMU/36/36_35.pkl,4310,turn left,04310__seg11__029.184_030.252__turn_left.mp4,29.184000,30.252000,29184,30252,29.194053,30.236072,29194,30236,10,derived_join_of_final_training_membership_and_human_reviewed_babel_segment
turn,CMU/36/36_35.pkl,4310,turn left,04310__seg12__031.525_032.457__turn_left.mp4,31.525000,32.457000,31525,32457,31.529577,32.446479,31530,32446,7,derived_join_of_final_training_membership_and_human_reviewed_babel_segment
turn,CMU/36/36_35.pkl,4310,turn right,04310__seg03__008.480_009.275__turn_right.mp4,8.480000,9.275000,8480,9275,8.507981,9.258059,8508,9258,3,derived_join_of_final_training_membership_and_human_reviewed_babel_segment
turn,CMU/36/36_35.pkl,4310,turn right,04310__seg05__016.048_016.730__turn_right.mp4,16.048000,16.730000,16048,16730,16.056729,16.723396,16057,16723,1,derived_join_of_final_training_membership_and_human_reviewed_babel_segment
turn,CMU/36/36_35.pkl,4310,turn right,04310__seg07__019.957_020.843__turn_right.mp4,19.957000,20.843000,19957,20843,19.977074,20.810563,19977,20811,5,derived_join_of_final_training_membership_and_human_reviewed_babel_segment
turn,CMU/36/36_35.pkl,4310,turn right,04310__seg08__022.684_023.389__turn_right.mp4,22.684000,23.389000,22684,23389,22.687950,23.354617,22688,23355,1,derived_join_of_final_training_membership_and_human_reviewed_babel_segment
turn,CMU/36/36_35.pkl,4310,turn right,04310__seg09__024.184_025.207__turn_right.mp4,24.184000,25.207000,24184,25207,24.189358,25.189671,24189,25190,9,derived_join_of_final_training_membership_and_human_reviewed_babel_segment
turn,CMU/38/38_04.pkl,5649,turn around,05649__seg01__006.632_007.377__turn_around.mp4,6.632000,7.377000,6632,7377,6.667914,7.376255,6668,7376,2,derived_join_of_final_training_membership_and_human_reviewed_babel_segment
turn,CMU/38/38_04.pkl,5649,turn around,05649__seg03__014.320_015.195__turn_around.mp4,14.320000,15.195000,14320,15195,14.336016,15.169380,14336,15169,5,derived_join_of_final_training_membership_and_human_reviewed_babel_segment
turn,CMU/41/41_05.pkl,3476,turn right,03476__seg04__033.975_035.253__turn_right.mp4,33.975000,35.253000,33975,35253,33.994479,35.245100,33994,35245,15,derived_join_of_final_training_membership_and_human_reviewed_babel_segment
turn,CMU/41/41_08.pkl,5367,turning back,05367__seg00__012.007_013.087__turning_back.mp4,12.007000,13.087000,12007,13087,12.045647,13.045758,12046,13046,9,derived_join_of_final_training_membership_and_human_reviewed_babel_segment
turn,CMU/41/41_08.pkl,5367,turning back,05367__seg01__016.042_017.319__turning_back.mp4,16.042000,17.319000,16042,17319,16.046970,17.297163,16047,17297,15,derived_join_of_final_training_membership_and_human_reviewed_babel_segment
turn,CMU/41/41_08.pkl,5367,turning back,05367__seg02__031.319_032.652__turning_back.mp4,31.319000,32.652000,31319,32652,31.343691,32.635565,31344,32636,16,derived_join_of_final_training_membership_and_human_reviewed_babel_segment
turn,CMU/41/41_08.pkl,5367,turning back,05367__seg03__035.571_036.791__turning_back.mp4,35.571000,36.791000,35571,36791,35.595096,36.761928,35595,36762,13,derived_join_of_final_training_membership_and_human_reviewed_babel_segment
turn,CMU/41/41_08.pkl,5367,turning back,05367__seg04__050.029_051.859__turning_back.mp4,50.029000,51.859000,50029,51859,50.058209,51.850248,50058,51850,28,derived_join_of_final_training_membership_and_human_reviewed_babel_segment
turn,CMU/41/41_08.pkl,5367,turning back,05367__seg05__058.012_059.359__turning_back.mp4,58.012000,59.359000,58012,59359,58.019174,59.352727,58019,59353,17,derived_join_of_final_training_membership_and_human_reviewed_babel_segment
turn,CMU/77/77_30.pkl,5272,turning,05272__seg00__010.445_012.167__turning.mp4,10.445000,12.167000,10445,12167,10.515492,12.100178,10515,12100,12,derived_join_of_final_training_membership_and_human_reviewed_babel_segment
turn,CMU/91/91_10.pkl,4477,turn around,04477__seg00__012.752_016.106__turn_around.mp4,12.752000,16.106000,12752,16106,12.776408,15.447217,12776,15447,49,derived_join_of_final_training_membership_and_human_reviewed_babel_segment
turn,CMU/91/91_10.pkl,4477,turn around,04477__seg01__024.315_026.387__turn_around.mp4,24.315000,26.387000,24315,26387,24.341980,26.219482,24342,26219,30,derived_join_of_final_training_membership_and_human_reviewed_babel_segment
turn,CMU/91/91_14.pkl,2097,turning left,02097__seg00__009.661_010.661__turning_left.mp4,9.661000,10.661000,9661,10661,9.691868,10.650962,9692,10651,8,derived_join_of_final_training_membership_and_human_reviewed_babel_segment
turn,CMU/91/91_14.pkl,2097,turning left,02097__seg01__019.694_021.194__turning_left.mp4,19.694000,21.194000,19694,21194,19.717939,21.178336,19718,21178,20,derived_join_of_final_training_membership_and_human_reviewed_babel_segment
turn,CMU/91/91_17.pkl,4771,turn around,04771__seg00__005.502_006.502__turn_around.mp4,5.502000,6.502000,5502,6502,5.520697,6.312834,5521,6313,4,derived_join_of_final_training_membership_and_human_reviewed_babel_segment
turn,CMU/91/91_17.pkl,4771,turn around,04771__seg01__011.231_012.106__turn_around.mp4,11.231000,12.106000,11231,12106,11.250511,12.084472,11251,12084,5,derived_join_of_final_training_membership_and_human_reviewed_babel_segment
turn,CMU/91/91_22.pkl,5209,turning around,05209__seg00__008.023_008.940__turning_around.mp4,8.023000,8.940000,8023,8940,8.055169,8.930519,8055,8931,6,derived_join_of_final_training_membership_and_human_reviewed_babel_segment
turn,CMU/91/91_22.pkl,5209,turning around,05209__seg01__015.065_016.190__turning_around.mp4,15.065000,16.190000,15065,16190,15.066922,16.150955,15067,16151,11,derived_join_of_final_training_membership_and_human_reviewed_babel_segment
turn,CMU/91/91_30.pkl,89,turning around,00089__seg00__013.607_014.627__turning_around.mp4,13.607000,14.627000,13607,14627,13.607343,14.607932,13607,14608,9,derived_join_of_final_training_membership_and_human_reviewed_babel_segment
turn,CMU/91/91_30.pkl,89,turning around,00089__seg01__023.294_024.648__turning_around.mp4,23.294000,24.648000,23294,24648,23.332837,24.625608,23333,24626,16,derived_join_of_final_training_membership_and_human_reviewed_babel_segment
turn,CMU/91/91_32.pkl,4929,turning body,04929__seg00__013.281_014.895__turning_body.mp4,13.281000,14.895000,13281,14895,13.304812,14.889052,13305,14889,23,derived_join_of_final_training_membership_and_human_reviewed_babel_segment
turn,CMU/91/91_32.pkl,4929,turning body,04929__seg01__028.463_029.758__turning_body.mp4,28.463000,29.758000,28463,29758,28.486479,29.737056,28486,29737,15,derived_join_of_final_training_membership_and_human_reviewed_babel_segment
turn,CMU/93/93_06.pkl,6211,turning around,06211__seg00__005.478_006.700__turning_around.mp4,5.478000,6.700000,5478,6700,5.530556,6.700000,5531,6700,7,derived_join_of_final_training_membership_and_human_reviewed_babel_segment
turn,EKUT/300/PushStandOpen_02.pkl,5887,turn around,05887__seg00__001.657_002.657__turn_around.mp4,1.657000,2.657000,1657,2657,1.702267,2.619267,1702,2619,6,derived_join_of_final_training_membership_and_human_reviewed_babel_segment
turn,Eyes_Japan_Dataset/aita/walk-05-backward-aita.pkl,257,turn around,00257__seg00__002.877_003.911__turn_around.mp4,2.877000,3.911000,2877,3911,2.879090,3.879564,2879,3880,9,derived_join_of_final_training_membership_and_human_reviewed_babel_segment
turn,Eyes_Japan_Dataset/aita/walk-05-backward-aita.pkl,257,turn around,00257__seg01__019.416_020.875__turn_around.mp4,19.416000,20.875000,19416,20875,19.444286,20.862020,19444,20862,19,derived_join_of_final_training_membership_and_human_reviewed_babel_segment
turn,Eyes_Japan_Dataset/aita/walk-05-backward-aita.pkl,257,turn around,00257__seg02__023.283_024.398__turn_around.mp4,23.283000,24.398000,23283,24398,23.283073,24.366999,23283,24367,11,derived_join_of_final_training_membership_and_human_reviewed_babel_segment
turn,Eyes_Japan_Dataset/hamada/accident-04-damage right leg-hamada.pkl,6255,turning back,06255__seg01__013.639_015.321__turning_back.mp4,13.639000,15.321000,13639,15321,13.644381,15.312470,13644,15312,25,derived_join_of_final_training_membership_and_human_reviewed_babel_segment
turn,Eyes_Japan_Dataset/hamada/accident-04-damage right leg-hamada.pkl,6255,turning back,06255__seg02__020.275_021.480__turning_back.mp4,20.275000,21.480000,20275,21480,20.278805,21.446183,20279,21446,13,derived_join_of_final_training_membership_and_human_reviewed_babel_segment
turn,Eyes_Japan_Dataset/hamada/accident-04-damage right leg-hamada.pkl,6255,turning back,06255__seg03__023.002_023.889__turning_back.mp4,23.002000,23.889000,23002,23889,23.032717,23.866287,23033,23866,5,derived_join_of_final_training_membership_and_human_reviewed_babel_segment
turn,Eyes_Japan_Dataset/hamada/accident-04-damage right leg-hamada.pkl,6255,turning left,06255__seg00__004.252_005.389__turning_left.mp4,4.252000,5.389000,4252,5389,4.256046,5.381697,4256,5382,12,derived_join_of_final_training_membership_and_human_reviewed_babel_segment
turn,Eyes_Japan_Dataset/hamada/accident-05-damage right arm-hamada.pkl,2024,turn right,02024__seg00__003.856_004.606__turn_right.mp4,3.856000,4.606000,3856,4606,3.877665,4.586027,3878,4586,2,derived_join_of_final_training_membership_and_human_reviewed_babel_segment
turn,Eyes_Japan_Dataset/hamada/accident-05-damage right arm-hamada.pkl,2024,turn right,02024__seg01__010.002_011.398__turn_right.mp4,10.002000,11.398000,10002,11398,10.006877,11.382364,10007,11382,18,derived_join_of_final_training_membership_and_human_reviewed_babel_segment
turn,Eyes_Japan_Dataset/hamada/accident-05-damage right arm-hamada.pkl,2024,turn right,02024__seg02__016.752_018.544__turn_right.mp4,16.752000,18.544000,16752,18544,16.761519,18.512264,16762,18512,27,derived_join_of_final_training_membership_and_human_reviewed_babel_segment
turn,Eyes_Japan_Dataset/hamada/accident-12-twist foot-hamada.pkl,5874,turning around,05874__seg00__009.671_010.921__turning_around.mp4,9.671000,10.921000,9671,10921,9.673314,10.882020,9673,10882,14,derived_join_of_final_training_membership_and_human_reviewed_babel_segment
turn,Eyes_Japan_Dataset/hamada/accident-12-twist foot-hamada.pkl,5874,turning around,05874__seg01__016.921_018.546__turning_around.mp4,16.921000,18.546000,16921,18546,16.928300,18.512264,16928,18512,23,derived_join_of_final_training_membership_and_human_reviewed_babel_segment
turn,Eyes_Japan_Dataset/hamada/pose-19-funny-hamada.pkl,1360,turn around,01360__seg01__021.981_023.898__turn_around.mp4,21.981000,23.898000,21981,23898,22.015129,23.890960,22015,23891,30,derived_join_of_final_training_membership_and_human_reviewed_babel_segment
turn,Eyes_Japan_Dataset/hamada/sitdown_standup-03-chair back-hamada.pkl,6283,turn around,06283__seg01__010.960_012.740__turn_around.mp4,10.960000,12.740000,10960,12740,10.973921,12.683736,10974,12684,26,derived_join_of_final_training_membership_and_human_reviewed_babel_segment
turn,Eyes_Japan_Dataset/hamada/sitdown_standup-03-chair back-hamada.pkl,6283,turn around,06283__seg03__023.360_025.160__turn_around.mp4,23.360000,25.160000,23360,25160,23.366524,25.159791,23367,25160,28,derived_join_of_final_training_membership_and_human_reviewed_babel_segment
turn,Eyes_Japan_Dataset/hamada/throw_toss-07-both hands under heavy-hamada.pkl,4035,turn right,04035__seg02__025.609_026.942__turn_right.mp4,25.609000,26.942000,25609,26942,25.615495,26.907948,25615,26908,16,derived_join_of_final_training_membership_and_human_reviewed_babel_segment
turn,Eyes_Japan_Dataset/hamada/throw_toss-12-dart-hamada.pkl,443,turn left,00443__seg01__004.325_006.221__turn_left.mp4,4.325000,6.221000,4325,6221,4.339497,6.216216,4339,6216,30,derived_join_of_final_training_membership_and_human_reviewed_babel_segment
turn,Eyes_Japan_Dataset/hamada/throw_toss-12-dart-hamada.pkl,443,turn right,00443__seg02__024.321_025.740__turn_right.mp4,24.321000,25.740000,24321,25740,24.326221,25.702229,24326,25702,18,derived_join_of_final_training_membership_and_human_reviewed_babel_segment
turn,Eyes_Japan_Dataset/hamada/throw_toss-17-pass to back light-hamada.pkl,2879,turn right,02879__seg01__022.219_023.376__turn_right.mp4,22.219000,23.376000,22219,23376,22.223606,23.348921,22224,23349,12,derived_join_of_final_training_membership_and_human_reviewed_babel_segment
turn,Eyes_Japan_Dataset/hamada/walk-05-backward-hamada.pkl,127,turn left,00127__seg03__013.315_014.023__turn_left.mp4,13.315000,14.023000,13315,14023,13.352300,14.018966,13352,14019,1,derived_join_of_final_training_membership_and_human_reviewed_babel_segment
turn,Eyes_Japan_Dataset/hamada/walk-17-push by back-hamada.pkl,806,turn around left,00806__seg01__016.086_017.392__turn_around_left.mp4,16.086000,17.392000,16086,17392,16.106211,17.357041,16106,17357,15,derived_join_of_final_training_membership_and_human_reviewed_babel_segment
turn,Eyes_Japan_Dataset/hamada/walk-18-shuffle forward-hamada.pkl,4216,turn to the right,04216__seg00__003.873_004.865__turn_to_the_right.mp4,3.873000,4.865000,3873,4865,3.880512,4.839260,3881,4839,8,derived_join_of_final_training_membership_and_human_reviewed_babel_segment
turn,Eyes_Japan_Dataset/hamada/walk-18-shuffle forward-hamada.pkl,4216,turn to the right,04216__seg01__009.461_011.063__turn_to_the_right.mp4,9.461000,11.063000,9461,11063,9.471788,11.056425,9472,11056,23,derived_join_of_final_training_membership_and_human_reviewed_babel_segment
turn,Eyes_Japan_Dataset/hamada/walk-18-shuffle forward-hamada.pkl,4216,turn to the right,04216__seg02__015.156_016.429__turn_to_the_right.mp4,15.156000,16.429000,15156,16429,15.188241,16.397345,15188,16397,14,derived_join_of_final_training_membership_and_human_reviewed_babel_segment
turn,Eyes_Japan_Dataset/hamada/walk-18-shuffle forward-hamada.pkl,4216,turn to the right,04216__seg03__020.161_021.646__turn_to_the_right.mp4,20.161000,21.646000,20161,21646,20.195353,21.613087,20195,21613,19,derived_join_of_final_training_membership_and_human_reviewed_babel_segment
turn,Eyes_Japan_Dataset/kaiwa/accident-12-twist foot-kaiwa.pkl,5026,turn left,05026__seg00__005.614_007.611__turn_left.mp4,5.614000,7.611000,5614,7611,5.633001,7.593172,5633,7593,32,derived_join_of_final_training_membership_and_human_reviewed_babel_segment
turn,Eyes_Japan_Dataset/kaiwa/accident-12-twist foot-kaiwa.pkl,5026,turn left,05026__seg01__010.502_012.398__turn_left.mp4,10.502000,12.398000,10502,12398,10.514936,12.391655,10515,12392,30,derived_join_of_final_training_membership_and_human_reviewed_babel_segment
turn,Eyes_Japan_Dataset/kaiwa/greeting-05-salute (chest)-kaiwa.pkl,46,turn right,00046__seg00__015.427_016.816__turn_right.mp4,15.427000,16.816000,15427,16816,15.438596,16.814604,15439,16815,18,derived_join_of_final_training_membership_and_human_reviewed_babel_segment
turn,Eyes_Japan_Dataset/kaiwa/greeting-05-salute (chest)-kaiwa.pkl,46,turn right,00046__seg01__020.065_022.244__turn_right.mp4,20.065000,22.244000,20065,22244,20.070175,22.238976,20070,22239,37,derived_join_of_final_training_membership_and_human_reviewed_babel_segment
turn,Eyes_Japan_Dataset/kaiwa/greeting-05-salute (chest)-kaiwa.pkl,46,turn right,00046__seg02__025.252_026.456__turn_right.mp4,25.252000,26.456000,25252,26456,25.285917,26.453295,25286,26453,13,derived_join_of_final_training_membership_and_human_reviewed_babel_segment
turn,Eyes_Japan_Dataset/kaiwa/greeting-08-shakehands-kaiwa.pkl,5129,turn left,05129__seg03__016.820_018.120__turn_left.mp4,16.820000,18.120000,16820,18120,16.857278,18.108108,16857,18108,15,derived_join_of_final_training_membership_and_human_reviewed_babel_segment
turn,Eyes_Japan_Dataset/kaiwa/greeting-08-shakehands-kaiwa.pkl,5129,turn right,05129__seg02__013.460_014.800__turn_right.mp4,13.460000,14.800000,13460,14800,13.477477,14.770033,13477,14770,16,derived_join_of_final_training_membership_and_human_reviewed_babel_segment
turn,Eyes_Japan_Dataset/kaiwa/turn-05-turn-kaiwa.pkl,2674,turn left,02674__seg00__002.760_003.560__turn_left.mp4,2.760000,3.560000,2760,3560,2.795638,3.545756,2796,3546,3,derived_join_of_final_training_membership_and_human_reviewed_babel_segment
turn,Eyes_Japan_Dataset/kanno/accident-02-dodge fast-kanno.pkl,1656,turn left,01656__seg00__001.674_002.854__turn_left.mp4,1.674000,2.854000,1674,2854,1.709508,2.834823,1710,2835,12,derived_join_of_final_training_membership_and_human_reviewed_babel_segment
turn,Eyes_Japan_Dataset/kudo/greeting-04-salute (head)-kudo.pkl,2710,turn left,02710__seg00__008.000_009.500__turn_left.mp4,8.000000,9.500000,8000,9500,8.018347,9.484848,8018,9485,41,derived_join_of_final_training_membership_and_human_reviewed_babel_segment
turn,Eyes_Japan_Dataset/kudo/greeting-04-salute (head)-kudo.pkl,2710,turn left,02710__seg02__016.620_018.060__turn_left.mp4,16.620000,18.060000,16620,18060,16.636570,18.043084,16637,18043,38,derived_join_of_final_training_membership_and_human_reviewed_babel_segment
turn,Eyes_Japan_Dataset/kudo/greeting-04-salute (head)-kudo.pkl,2710,turn left,02710__seg04__029.000_030.020__turn_left.mp4,29.000000,30.020000,29000,30020,29.014018,30.000618,29014,30001,17,derived_join_of_final_training_membership_and_human_reviewed_babel_segment
turn,Eyes_Japan_Dataset/kudo/greeting-04-salute (head)-kudo.pkl,2710,turn right,02710__seg01__011.180_013.000__turn_right.mp4,11.180000,13.000000,11180,13000,11.197691,12.984127,11198,12984,57,derived_join_of_final_training_membership_and_human_reviewed_babel_segment
turn,Eyes_Japan_Dataset/kudo/walk-25-tired-kudo.pkl,2541,turn around,02541__seg01__012.294_013.169__turn_around.mp4,12.294000,13.169000,12294,13169,12.297464,13.164090,12297,13164,11,derived_join_of_final_training_membership_and_human_reviewed_babel_segment
turn,Eyes_Japan_Dataset/kudo/walk-25-tired-kudo.pkl,2541,turn around,02541__seg02__016.544_017.273__turn_around.mp4,16.544000,17.273000,16544,17273,16.556586,17.263245,16557,17263,3,derived_join_of_final_training_membership_and_human_reviewed_babel_segment
turn,Eyes_Japan_Dataset/kudo/walk-25-tired-kudo.pkl,2541,turn around,02541__seg03__019.856_021.336__turn_around.mp4,19.856000,21.336000,19856,21336,19.875902,21.322408,19876,21322,40,derived_join_of_final_training_membership_and_human_reviewed_babel_segment
turn,Eyes_Japan_Dataset/kudo/walk-25-tired-kudo.pkl,2541,turn around,02541__seg04__025.127_026.190__turn_around.mp4,25.127000,26.190000,25127,26190,25.134818,26.181406,25135,26181,20,derived_join_of_final_training_membership_and_human_reviewed_babel_segment
turn,Eyes_Japan_Dataset/shiono/walk-28-look up-shiono.pkl,4158,turn left,04158__seg04__019.440_020.540__turn_left.mp4,19.440000,20.540000,19440,20540,19.442400,20.526285,19442,20526,11,derived_join_of_final_training_membership_and_human_reviewed_babel_segment
turn,Eyes_Japan_Dataset/shiono/walk-28-look up-shiono.pkl,4158,turn right,04158__seg00__003.400_004.200__turn_right.mp4,3.400000,4.200000,3400,4200,3.421195,4.171305,3421,4171,3,derived_join_of_final_training_membership_and_human_reviewed_babel_segment
turn,Eyes_Japan_Dataset/shiono/walk-28-look up-shiono.pkl,4158,turn right,04158__seg05__022.260_023.620__turn_right.mp4,22.260000,23.620000,22260,23620,22.279488,23.613705,22279,23614,17,derived_join_of_final_training_membership_and_human_reviewed_babel_segment
turn,Eyes_Japan_Dataset/takiguchi/accident-07-damage left arm-takiguchi.pkl,1122,turn left,01122__seg00__012.697_016.128__turn_left.mp4,12.697000,16.128000,12697,16128,12.855346,16.109777,12855,16110,59,derived_join_of_final_training_membership_and_human_reviewed_babel_segment
turn,Eyes_Japan_Dataset/takiguchi/accident-14-dodge turn down-takiguchi.pkl,2329,turning back,02329__seg01__012.752_014.359__turning_back.mp4,12.752000,14.359000,12752,14359,12.771870,14.189823,12772,14190,16,derived_join_of_final_training_membership_and_human_reviewed_babel_segment
turn,Eyes_Japan_Dataset/takiguchi/accident-14-dodge turn down-takiguchi.pkl,2329,turning right,02329__seg00__011.773_012.752__turning_right.mp4,11.773000,12.752000,11773,12752,11.811893,12.728988,11812,12729,7,derived_join_of_final_training_membership_and_human_reviewed_babel_segment
turn,Eyes_Japan_Dataset/takiguchi/turn-05-turn-takiguchi.pkl,5444,spin clockwise,05444__seg01__014.023_017.336__spin_clockwise.mp4,14.023000,17.336000,14023,17336,14.024014,17.320183,14024,17320,50,derived_join_of_final_training_membership_and_human_reviewed_babel_segment
turn,Eyes_Japan_Dataset/takiguchi/turn-05-turn-takiguchi.pkl,5444,spin clockwise,05444__seg02__022.711_025.000__spin_clockwise.mp4,22.711000,25.000000,22711,25000,22.747284,25.000000,22747,25000,39,derived_join_of_final_training_membership_and_human_reviewed_babel_segment
turn,Eyes_Japan_Dataset/takiguchi/walk-05-backward-takiguchi.pkl,2286,turn around,02286__seg01__012.094_013.474__turn_around.mp4,12.094000,13.474000,12094,13474,12.109431,13.444204,12109,13444,17,derived_join_of_final_training_membership_and_human_reviewed_babel_segment
turn,Eyes_Japan_Dataset/takiguchi/walk-05-backward-takiguchi.pkl,2286,turn around,02286__seg02__016.634_018.314__turn_around.mp4,16.634000,18.314000,16634,18314,16.660907,18.287977,16661,18288,24,derived_join_of_final_training_membership_and_human_reviewed_babel_segment
turn,Eyes_Japan_Dataset/takiguchi/walk-16-push by hand-takiguchi.pkl,1489,pivots body 180 degrees,01489__seg01__020.438_022.627__pivots_body_180_degrees.mp4,20.438000,22.627000,20438,22627,20.675737,22.622140,20676,22622,65,derived_join_of_final_training_membership_and_human_reviewed_babel_segment
turn,Eyes_Japan_Dataset/takiguchi/walk-29-look down-takiguchi.pkl,434,turn around,00434__seg01__008.606_009.961__turn_around.mp4,8.606000,9.961000,8606,9961,8.639794,9.932533,8640,9933,16,derived_join_of_final_training_membership_and_human_reviewed_babel_segment
turn,Eyes_Japan_Dataset/takiguchi/walk-29-look down-takiguchi.pkl,434,turn around,00434__seg02__012.773_014.461__turn_around.mp4,12.773000,14.461000,12773,14461,12.813608,14.440252,12814,14440,24,derived_join_of_final_training_membership_and_human_reviewed_babel_segment
turn,Eyes_Japan_Dataset/takiguchi/walk-29-look down-takiguchi.pkl,434,turn around,00434__seg03__017.023_018.690__turn_around.mp4,17.023000,18.690000,17023,18690,17.029160,18.655803,17029,18656,24,derived_join_of_final_training_membership_and_human_reviewed_babel_segment
turn,Eyes_Japan_Dataset/takiguchi/walk-29-look down-takiguchi.pkl,434,turn around,00434__seg04__021.961_024.190__turn_around.mp4,21.961000,24.190000,21961,24190,21.995998,24.165237,21996,24165,37,derived_join_of_final_training_membership_and_human_reviewed_babel_segment
turn,Eyes_Japan_Dataset/takiguchi/walk-29-look down-takiguchi.pkl,434,turn right,00434__seg00__004.877_006.065__turn_right.mp4,4.877000,6.065000,4877,6065,4.883362,6.050886,4883,6051,13,derived_join_of_final_training_membership_and_human_reviewed_babel_segment
turn,KIT/1347/Experiment3_subject1347_random_01.pkl,4264,turning,04264__seg00__007.669_008.565__turning.mp4,7.669000,8.565000,7669,8565,7.677769,8.543858,7678,8544,5,derived_join_of_final_training_membership_and_human_reviewed_babel_segment
turn,KIT/1347/Experiment3a_subject1347_back_02.pkl,2451,turn around right,02451__seg00__050.218_051.575__turn_around_right.mp4,50.218000,51.575000,50218,51575,50.256890,51.573000,50257,51573,14,derived_join_of_final_training_membership_and_human_reviewed_babel_segment
turn,KIT/167/bend_right04.pkl,5409,turning right,05409__seg00__001.898_002.731__turning_right.mp4,1.898000,2.731000,1898,2731,1.942857,2.709158,1943,2709,3,derived_join_of_final_training_membership_and_human_reviewed_babel_segment
turn,KIT/167/turn_left09.pkl,4702,turn around,04702__seg00__002.611_003.611__turn_around.mp4,2.611000,3.611000,2611,3611,2.841121,3.607477,2841,3607,3,derived_join_of_final_training_membership_and_human_reviewed_babel_segment
turn,KIT/167/turn_right06.pkl,4745,turn around,04745__seg00__002.515_003.640__turn_around.mp4,2.515000,3.640000,2515,3640,2.732310,3.597690,2732,3598,5,derived_join_of_final_training_membership_and_human_reviewed_babel_segment
turn,KIT/167/turn_right07.pkl,529,turning around,00529__seg00__002.544_003.555__turning_around.mp4,2.544000,3.555000,2544,3555,2.727286,3.542714,2727,3543,4,derived_join_of_final_training_membership_and_human_reviewed_babel_segment
turn,KIT/183/turn_left07.pkl,2079,turn around,02079__seg00__001.345_002.267__turn_around.mp4,1.345000,2.267000,1345,2267,1.394093,2.259916,1394,2260,5,derived_join_of_final_training_membership_and_human_reviewed_babel_segment
turn,KIT/183/turn_left09.pkl,6332,turning around from left,06332__seg00__001.773_002.877__turning_around_from_left.mp4,1.773000,2.877000,1773,2877,1.801429,2.868413,1801,2868,9,derived_join_of_final_training_membership_and_human_reviewed_babel_segment
turn,KIT/183/turn_right07.pkl,3126,turn around,03126__seg00__002.268_003.268__turn_around.mp4,2.268000,3.268000,2268,3268,2.582013,3.248679,2582,3249,1,derived_join_of_final_training_membership_and_human_reviewed_babel_segment
turn,KIT/205/turn_left02.pkl,200,turn left,00200__seg00__002.291_003.199__turn_left.mp4,2.291000,3.199000,2291,3199,2.491909,3.158576,2492,3159,1,derived_join_of_final_training_membership_and_human_reviewed_babel_segment
turn,KIT/3/Experiment3a_03.pkl,754,turn left,00754__seg00__086.944_090.194__turn_left.mp4,86.944000,90.194000,86944,90194,86.984265,90.150479,86984,90150,51,derived_join_of_final_training_membership_and_human_reviewed_babel_segment
turn,KIT/3/Transfuse07.pkl,62,turning,00062__seg00__019.112_021.549__turning.mp4,19.112000,21.549000,19112,21549,19.135655,21.001423,19136,21001,16,derived_join_of_final_training_membership_and_human_reviewed_babel_segment
turn,KIT/3/turn_left01.pkl,2724,turning around,02724__seg00__002.765_003.765__turning_around.mp4,2.765000,3.765000,2765,3765,3.090343,3.757009,3090,3757,1,derived_join_of_final_training_membership_and_human_reviewed_babel_segment
turn,KIT/3/turn_left03.pkl,3856,turning around,03856__seg00__002.898_004.419__turning_around.mp4,2.898000,4.419000,2898,4419,2.932268,4.394126,2932,4394,11,derived_join_of_final_training_membership_and_human_reviewed_babel_segment
turn,KIT/3/turn_right06.pkl,2983,turn around,02983__seg00__001.821_002.821__turn_around.mp4,1.821000,2.821000,1821,2821,2.123939,2.790606,2124,2791,1,derived_join_of_final_training_membership_and_human_reviewed_babel_segment
turn,KIT/3/upstairs_downstairs01.pkl,881,turn around,00881__seg00__004.460_006.955__turn_around.mp4,4.460000,6.955000,4460,6955,4.477540,6.935223,4478,6935,37,derived_join_of_final_training_membership_and_human_reviewed_babel_segment
turn,KIT/314/turn_left03.pkl,800,turn right,00800__seg00__001.440_002.502__turn_right.mp4,1.440000,2.502000,1440,2502,1.691542,2.457711,1692,2458,3,derived_join_of_final_training_membership_and_human_reviewed_babel_segment
turn,KIT/317/turn_left02.pkl,3598,turning around,03598__seg00__001.481_002.211__turning_around.mp4,1.481000,2.211000,1481,2211,1.487209,2.203450,1487,2203,2,derived_join_of_final_training_membership_and_human_reviewed_babel_segment
turn,KIT/317/turn_right08.pkl,4778,turn around,04778__seg00__002.218_003.202__turn_around.mp4,2.218000,3.202000,2218,3202,2.392523,3.158879,2393,3159,3,derived_join_of_final_training_membership_and_human_reviewed_babel_segment
turn,KIT/348/turn_right02.pkl,6508,turn around,06508__seg00__003.385_004.535__turn_around.mp4,3.385000,4.535000,3385,4535,3.391214,4.506718,3391,4507,10,derived_join_of_final_training_membership_and_human_reviewed_babel_segment
turn,KIT/348/turn_right03.pkl,3467,turning around,03467__seg00__003.127_003.940__turning_around.mp4,3.127000,3.940000,3127,3940,3.151875,3.918601,3152,3919,3,derived_join_of_final_training_membership_and_human_reviewed_babel_segment
turn,KIT/348/turn_right05.pkl,3550,turn around,03550__seg00__002.794_003.586__turn_around.mp4,2.794000,3.586000,2794,3586,2.901559,3.568226,2902,3568,1,derived_join_of_final_training_membership_and_human_reviewed_babel_segment
turn,KIT/424/turn_left06.pkl,3829,turning around,03829__seg00__002.794_004.211__turning_around.mp4,2.794000,4.211000,2794,4211,2.842748,4.207634,2843,4208,15,derived_join_of_final_training_membership_and_human_reviewed_babel_segment
turn,KIT/424/turn_right04.pkl,5155,turn around,05155__seg00__002.352_003.252__turn_around.mp4,2.352000,3.252000,2352,3252,2.392079,3.208251,2392,3208,4,derived_join_of_final_training_membership_and_human_reviewed_babel_segment
turn,KIT/425/turn_right01.pkl,333,turn around,00333__seg00__002.794_003.711__turn_around.mp4,2.794000,3.711000,2794,3711,2.922739,3.688482,2923,3688,3,derived_join_of_final_training_membership_and_human_reviewed_babel_segment
turn,KIT/441/PizzaDelivery03.pkl,3747,turn around,03747__seg00__017.065_018.252__turn_around.mp4,17.065000,18.252000,17065,18252,17.102468,18.219199,17102,18219,10,derived_join_of_final_training_membership_and_human_reviewed_babel_segment
turn,KIT/442/PizzaDelivery05.pkl,6971,turn around,06971__seg00__013.148_014.711__turn_around.mp4,13.148000,14.711000,13148,14711,13.183537,14.699144,13184,14699,18,derived_join_of_final_training_membership_and_human_reviewed_babel_segment
turn,KIT/513/upstairs_downstairs06.pkl,2322,turn around,02322__seg00__002.547_003.827__turn_around.mp4,2.547000,3.827000,2547,3827,2.592954,3.808130,2593,3808,12,derived_join_of_final_training_membership_and_human_reviewed_babel_segment
turn,KIT/9/turn_left10.pkl,4537,turning around,04537__seg00__002.127_003.044__turning_around.mp4,2.127000,3.044000,2127,3044,2.151558,3.018370,2152,3018,5,derived_join_of_final_training_membership_and_human_reviewed_babel_segment
turn,MPI_HDM05/bk/HDM_bk_01-01_03_120.pkl,4283,turn around left,04283__seg01__050.605_053.055__turn_around_left.mp4,50.605000,53.055000,50605,53055,50.625462,53.043587,50625,53044,43,derived_join_of_final_training_membership_and_human_reviewed_babel_segment
turn,MPI_HDM05/bk/HDM_bk_01-01_03_120.pkl,4283,turn around right,04283__seg00__010.355_011.905__turn_around_right.mp4,10.355000,11.905000,10355,11905,10.383641,11.884335,10384,11884,21,derived_join_of_final_training_membership_and_human_reviewed_babel_segment
turn,MPI_HDM05/bk/HDM_bk_01-01_03_120.pkl,4283,turn around right,04283__seg02__058.755_061.755__turn_around_right.mp4,58.755000,61.755000,58755,61755,59.007438,61.717471,59007,61717,50,derived_join_of_final_training_membership_and_human_reviewed_babel_segment
turn,MPI_HDM05/bk/HDM_bk_01-03_02_120.pkl,4568,turn left,04568__seg02__027.204_028.572__turn_left.mp4,27.204000,28.572000,27204,28572,27.218986,28.552580,27219,28553,17,derived_join_of_final_training_membership_and_human_reviewed_babel_segment
turn,MPI_HDM05/bk/HDM_bk_01-03_02_120.pkl,4568,turn right,04568__seg00__008.836_010.760__turn_right.mp4,8.836000,10.760000,8836,10760,8.836792,10.753948,8837,10754,31,derived_join_of_final_training_membership_and_human_reviewed_babel_segment
turn,MPI_HDM05/bk/HDM_bk_01-03_02_120.pkl,4568,turn right,04568__seg04__039.216_040.408__turn_right.mp4,39.216000,40.408000,39216,40408,39.223684,40.390546,39224,40391,13,derived_join_of_final_training_membership_and_human_reviewed_babel_segment
turn,MPI_HDM05/bk/HDM_bk_01-03_03_120.pkl,2969,turn around left,02969__seg01__009.781_011.225__turn_around_left.mp4,9.781000,11.225000,9781,11225,9.802568,11.220070,9803,11220,19,derived_join_of_final_training_membership_and_human_reviewed_babel_segment
turn,MPI_HDM05/bk/HDM_bk_01-03_03_120.pkl,2969,turn around left,02969__seg04__025.614_027.197__turn_around_left.mp4,25.614000,27.197000,25614,27197,25.653529,27.196170,25654,27196,22,derived_join_of_final_training_membership_and_human_reviewed_babel_segment
turn,MPI_HDM05/bk/HDM_bk_01-03_03_120.pkl,2969,turn around right,02969__seg03__018.031_019.614__turn_around_right.mp4,18.031000,19.614000,18031,19614,18.061753,19.604394,18062,19604,22,derived_join_of_final_training_membership_and_human_reviewed_babel_segment
turn,MPI_HDM05/bk/HDM_bk_01-03_03_120.pkl,2969,turn around right,02969__seg06__031.725_033.336__turn_around_right.mp4,31.725000,33.336000,31725,33336,31.743635,33.327989,31744,33328,23,derived_join_of_final_training_membership_and_human_reviewed_babel_segment
turn,MPI_HDM05/bk/HDM_bk_01-03_03_120.pkl,2969,turn around right,02969__seg08__037.864_038.697__turn_around_right.mp4,37.864000,38.697000,37864,38697,37.875454,38.667260,37875,38667,4,derived_join_of_final_training_membership_and_human_reviewed_babel_segment
turn,MPI_HDM05/bk/HDM_bk_01-03_04_120.pkl,6775,turn around,06775__seg00__006.711_008.086__turn_around.mp4,6.711000,8.086000,6711,8086,6.713724,8.047593,6714,8048,17,derived_join_of_final_training_membership_and_human_reviewed_babel_segment
turn,MPI_HDM05/bk/HDM_bk_01-03_04_120.pkl,6775,turn around,06775__seg02__021.502_023.162__turn_around.mp4,21.502000,23.162000,21502,23162,21.517277,23.017946,21517,23018,21,derived_join_of_final_training_membership_and_human_reviewed_babel_segment
turn,MPI_HDM05/bk/HDM_bk_01-03_04_120.pkl,6775,turn around,06775__seg03__026.616_028.697__turn_around.mp4,26.616000,28.697000,26616,28697,26.646395,28.689167,26646,28689,34,derived_join_of_final_training_membership_and_human_reviewed_babel_segment
turn,MPI_HDM05/bk/HDM_bk_01-04_02_120.pkl,1127,pivots whole body around 180 degrees,01127__seg02__021.023_023.648__pivots_whole_body_around_180_degrees.mp4,21.023000,23.648000,21023,23648,21.088831,23.630987,21089,23631,46,derived_join_of_final_training_membership_and_human_reviewed_babel_segment
turn,MPI_HDM05/bk/HDM_bk_01-04_02_120.pkl,1127,pivots whole body around 180 degrees,01127__seg03__036.711_039.627__pivots_whole_body_around_180_degrees.mp4,36.711000,39.627000,36711,39627,36.717905,39.593481,36718,39593,48,derived_join_of_final_training_membership_and_human_reviewed_babel_segment
turn,MPI_HDM05/bk/HDM_bk_01-04_02_120.pkl,1127,pivots whole body around 180 degrees,01127__seg04__044.752_046.981__pivots_whole_body_around_180_degrees.mp4,44.752000,46.981000,44752,46981,44.761669,46.970404,44762,46970,31,derived_join_of_final_training_membership_and_human_reviewed_babel_segment
turn,MPI_HDM05/bk/HDM_bk_01-04_02_120.pkl,1127,pivots whole body around 180 degrees,01127__seg05__050.606_052.377__pivots_whole_body_around_180_degrees.mp4,50.606000,52.377000,50606,52377,50.638201,52.346806,50638,52347,26,derived_join_of_final_training_membership_and_human_reviewed_babel_segment
turn,MPI_HDM05/bk/HDM_bk_01-04_02_120.pkl,1127,pivots whole body around 180 degrees,01127__seg06__055.169_057.065__pivots_whole_body_around_180_degrees.mp4,55.169000,57.065000,55169,57065,55.181052,57.056367,55181,57056,30,derived_join_of_final_training_membership_and_human_reviewed_babel_segment
turn,MPI_HDM05/bk/HDM_bk_01-04_03_120.pkl,2033,turn around,02033__seg00__007.773_008.940__turn_around.mp4,7.773000,8.940000,7773,8940,7.795891,8.921140,7796,8921,12,derived_join_of_final_training_membership_and_human_reviewed_babel_segment
turn,MPI_HDM05/bk/HDM_bk_01-04_03_120.pkl,2033,turn around,02033__seg01__013.023_014.377__turn_around.mp4,13.023000,14.377000,13023,14377,13.048737,14.340743,13049,14341,16,derived_join_of_final_training_membership_and_human_reviewed_babel_segment
turn,MPI_HDM05/bk/HDM_bk_01-04_03_120.pkl,2033,turn around,02033__seg02__018.836_020.252__turn_around.mp4,18.836000,20.252000,18836,20252,18.843544,20.218928,18844,20219,18,derived_join_of_final_training_membership_and_human_reviewed_babel_segment
turn,MPI_HDM05/bk/HDM_bk_01-04_03_120.pkl,2033,turn around,02033__seg03__034.023_035.273__turn_around.mp4,34.023000,35.273000,34023,35273,34.060123,35.268750,34060,35269,14,derived_join_of_final_training_membership_and_human_reviewed_babel_segment
turn,MPI_HDM05/bk/HDM_bk_02-01_02_120.pkl,5238,pivots body 180 degrees,05238__seg00__007.086_008.627__pivots_body_180_degrees.mp4,7.086000,8.627000,7086,8627,7.095822,8.597291,7096,8597,21,derived_join_of_final_training_membership_and_human_reviewed_babel_segment
turn,MPI_HDM05/bk/HDM_bk_02-01_02_120.pkl,5238,pivots body 180 degrees,05238__seg01__016.648_018.461__pivots_body_180_degrees.mp4,16.648000,18.461000,16648,18461,16.654311,18.447961,16654,18448,28,derived_join_of_final_training_membership_and_human_reviewed_babel_segment
turn,MPI_HDM05/bk/HDM_bk_02-01_03_120.pkl,4740,turn around,04740__seg01__006.600_007.700__turn_around.mp4,6.600000,7.700000,6600,7700,6.632407,7.674493,6632,7674,10,derived_join_of_final_training_membership_and_human_reviewed_babel_segment
turn,MPI_HDM05/bk/HDM_bk_02-01_03_120.pkl,4740,turn around,04740__seg02__015.100_016.160__turn_around.mp4,15.100000,16.160000,15100,16160,15.100197,16.142283,15100,16142,10,derived_join_of_final_training_membership_and_human_reviewed_babel_segment
turn,MPI_HDM05/bk/HDM_bk_02-01_03_120.pkl,4740,turn left,04740__seg00__002.060_002.820__turn_left.mp4,2.060000,2.820000,2060,2820,2.085663,2.794042,2086,2794,2,derived_join_of_final_training_membership_and_human_reviewed_babel_segment
turn,MPI_HDM05/bk/HDM_bk_02-02_02_120.pkl,6757,turn around left,06757__seg02__010.630_011.713__turn_around_left.mp4,10.630000,11.713000,10630,11713,10.633488,11.675454,10633,11675,10,derived_join_of_final_training_membership_and_human_reviewed_babel_segment
turn,MPI_HDM05/bk/HDM_bk_02-02_02_120.pkl,6757,turn around left,06757__seg04__018.630_019.713__turn_around_left.mp4,18.630000,19.713000,18630,19713,18.639879,19.681845,18640,19682,10,derived_join_of_final_training_membership_and_human_reviewed_babel_segment
turn,MPI_HDM05/bk/HDM_bk_02-02_02_120.pkl,6757,turn around left,06757__seg05__023.296_024.046__turn_around_left.mp4,23.296000,24.046000,23296,24046,23.310273,24.018640,23310,24019,2,derived_join_of_final_training_membership_and_human_reviewed_babel_segment
turn,MPI_HDM05/bk/HDM_bk_02-02_02_120.pkl,6757,turn around left,06757__seg06__026.630_027.630__turn_around_left.mp4,26.630000,27.630000,26630,27630,26.646270,27.604836,26646,27605,8,derived_join_of_final_training_membership_and_human_reviewed_babel_segment
turn,MPI_HDM05/bk/HDM_bk_02-02_02_120.pkl,6757,turn around left,06757__seg08__035.088_036.338__turn_around_left.mp4,35.088000,36.338000,35088,36338,35.111360,36.320126,35111,36320,14,derived_join_of_final_training_membership_and_human_reviewed_babel_segment
turn,MPI_HDM05/bk/HDM_bk_02-02_02_120.pkl,6757,turn around left,06757__seg10__043.630_044.755__turn_around_left.mp4,43.630000,44.755000,43630,44755,43.659850,44.743516,43660,44744,11,derived_join_of_final_training_membership_and_human_reviewed_babel_segment
turn,MPI_HDM05/bk/HDM_bk_02-02_02_120.pkl,6757,turn around left,06757__seg12__053.546_055.255__turn_around_left.mp4,53.546000,55.255000,53546,55255,53.584439,55.251904,53584,55252,25,derived_join_of_final_training_membership_and_human_reviewed_babel_segment
turn,MPI_HDM05/bk/HDM_bk_02-02_02_120.pkl,6757,turn around right,06757__seg03__015.546_016.505__turn_around_right.mp4,15.546000,16.505000,15546,16505,15.554082,16.470949,15554,16471,7,derived_join_of_final_training_membership_and_human_reviewed_babel_segment
turn,MPI_HDM05/bk/HDM_bk_02-02_02_120.pkl,6757,turn around right,06757__seg11__050.255_051.338__turn_around_right.mp4,50.255000,51.338000,50255,51338,50.290143,51.332109,50290,51332,10,derived_join_of_final_training_membership_and_human_reviewed_babel_segment
turn,MPI_HDM05/bk/HDM_bk_03-04_01_120.pkl,4414,turn right,04414__seg01__073.064_074.629__turn_right.mp4,73.064000,74.629000,73064,74629,73.073943,74.615996,73074,74616,22,derived_join_of_final_training_membership_and_human_reviewed_babel_segment
turn,MPI_HDM05/bk/HDM_bk_03-11_02_120.pkl,2452,turning left,02452__seg00__004.336_005.105__turning_left.mp4,4.336000,5.105000,4336,5105,4.339572,5.089692,4340,5090,3,derived_join_of_final_training_membership_and_human_reviewed_babel_segment
turn,MPI_HDM05/bk/HDM_bk_05-03_01_120.pkl,912,turn back,00912__seg00__004.528_005.728__turn_back.mp4,4.528000,5.728000,4528,5728,4.545035,5.712073,4545,5712,13,derived_join_of_final_training_membership_and_human_reviewed_babel_segment
turn,MPI_HDM05/bk/HDM_bk_05-03_01_120.pkl,912,turn back,00912__seg02__015.503_016.603__turn_back.mp4,15.503000,16.603000,15503,16603,15.511496,16.595138,15511,16595,11,derived_join_of_final_training_membership_and_human_reviewed_babel_segment
turn,MPI_HDM05/bk/HDM_bk_05-03_01_120.pkl,912,turn back,00912__seg03__021.103_022.878__turn_back.mp4,21.103000,22.878000,21103,22878,21.140667,22.849773,21141,22850,26,derived_join_of_final_training_membership_and_human_reviewed_babel_segment
turn,MPI_HDM05/bk/HDM_bk_05-03_02_120.pkl,6451,turning back,06451__seg03__026.306_027.856__turning_back.mp4,26.306000,27.856000,26306,27856,26.326644,27.827753,26327,27828,21,derived_join_of_final_training_membership_and_human_reviewed_babel_segment
turn,MPI_HDM05/dg/HDM_dg_01-01_01_120.pkl,2510,turn around,02510__seg00__010.060_011.860__turn_around.mp4,10.060000,11.860000,10060,11860,10.089281,11.839920,10089,11840,27,derived_join_of_final_training_membership_and_human_reviewed_babel_segment
turn,MPI_HDM05/dg/HDM_dg_01-01_01_120.pkl,2510,turn left,02510__seg06__058.160_059.540__turn_left.mp4,58.160000,59.540000,58160,59540,58.200974,59.534701,58201,59535,17,derived_join_of_final_training_membership_and_human_reviewed_babel_segment
turn,MPI_HDM05/dg/HDM_dg_01-01_03_120.pkl,4607,turn around left,04607__seg00__009.671_010.755__turn_around_left.mp4,9.671000,10.755000,9671,10755,9.712674,10.754508,9713,10755,10,derived_join_of_final_training_membership_and_human_reviewed_babel_segment
turn,MPI_HDM05/dg/HDM_dg_01-01_03_120.pkl,4607,turn around left,04607__seg01__041.546_042.671__turn_around_left.mp4,41.546000,42.671000,41546,42671,41.560239,42.643758,41560,42644,11,derived_join_of_final_training_membership_and_human_reviewed_babel_segment
turn,MPI_HDM05/dg/HDM_dg_01-01_03_120.pkl,4607,turn around left,04607__seg02__047.380_048.421__turn_around_left.mp4,47.380000,48.421000,47380,48421,47.396180,48.396329,47396,48396,9,derived_join_of_final_training_membership_and_human_reviewed_babel_segment
turn,MPI_HDM05/dg/HDM_dg_01-01_03_120.pkl,4607,turn around left,04607__seg04__059.421_060.630__turn_around_left.mp4,59.421000,60.630000,59421,60630,59.443230,60.610121,59443,60610,13,derived_join_of_final_training_membership_and_human_reviewed_babel_segment
turn,MPI_HDM05/dg/HDM_dg_01-01_03_120.pkl,4607,turn around right,04607__seg03__053.838_055.380__turn_around_right.mp4,53.838000,55.380000,53838,55380,53.857401,55.357773,53857,55358,21,derived_join_of_final_training_membership_and_human_reviewed_babel_segment
turn,MPI_HDM05/dg/HDM_dg_01-03_02_120.pkl,5359,turn around,05359__seg04__017.065_017.877__turn_around.mp4,17.065000,17.877000,17065,17877,17.067390,17.859245,17067,17859,4,derived_join_of_final_training_membership_and_human_reviewed_babel_segment
turn,MPI_HDM05/dg/HDM_dg_01-03_02_120.pkl,5359,turn around,05359__seg06__024.502_025.502__turn_around.mp4,24.502000,25.502000,24502,25502,24.536981,25.495755,24537,25496,8,derived_join_of_final_training_membership_and_human_reviewed_babel_segment
turn,MPI_HDM05/dg/HDM_dg_01-03_03_120.pkl,4307,turn around,04307__seg00__007.627_008.877__turn_around.mp4,7.627000,8.877000,7627,8877,7.634586,8.843600,7635,8844,14,derived_join_of_final_training_membership_and_human_reviewed_babel_segment
turn,MPI_HDM05/dg/HDM_dg_01-03_03_120.pkl,4307,turn around,04307__seg01__012.273_013.940__turn_around.mp4,12.273000,13.940000,12273,13940,12.307119,13.933324,12307,13933,24,derived_join_of_final_training_membership_and_human_reviewed_babel_segment
turn,MPI_HDM05/dg/HDM_dg_01-03_03_120.pkl,4307,turn around,04307__seg02__017.336_018.240__turn_around.mp4,17.336000,18.240000,17336,18240,17.355124,18.230386,17355,18230,6,derived_join_of_final_training_membership_and_human_reviewed_babel_segment
turn,MPI_HDM05/dg/HDM_dg_01-03_03_120.pkl,4307,turn around,04307__seg04__025.092_025.854__turn_around.mp4,25.092000,25.854000,25092,25854,25.114867,25.823252,25115,25823,2,derived_join_of_final_training_membership_and_human_reviewed_babel_segment
turn,MPI_HDM05/dg/HDM_dg_02-03_02_120.pkl,2817,turning around,02817__seg00__021.242_023.602__turning_around.mp4,21.242000,23.602000,21242,23602,21.249017,23.585548,21249,23586,41,derived_join_of_final_training_membership_and_human_reviewed_babel_segment
turn,MPI_HDM05/dg/HDM_dg_03-11_02_120.pkl,7014,turn left,07014__seg01__023.374_024.555__turn_left.mp4,23.374000,24.555000,23374,24555,23.374577,24.542128,23375,24542,13,derived_join_of_final_training_membership_and_human_reviewed_babel_segment
turn,MPI_HDM05/dg/HDM_dg_03-11_02_120.pkl,7014,turn right,07014__seg00__002.211_003.547__turn_right.mp4,2.211000,3.547000,2211,3547,2.212237,3.546748,2212,3547,17,derived_join_of_final_training_membership_and_human_reviewed_babel_segment
turn,MPI_HDM05/mm/HDM_mm_01-01_01_120.pkl,4246,turn around,04246__seg03__037.690_039.106__turn_around.mp4,37.690000,39.106000,37690,39106,37.726550,39.101892,37727,39102,18,derived_join_of_final_training_membership_and_human_reviewed_babel_segment
turn,MPI_HDM05/mm/HDM_mm_01-01_01_120.pkl,4246,turn around,04246__seg04__042.919_044.294__turn_around.mp4,42.919000,44.294000,42919,44294,42.937399,44.271055,42937,44271,17,derived_join_of_final_training_membership_and_human_reviewed_babel_segment
turn,MPI_HDM05/mm/HDM_mm_01-01_01_120.pkl,4246,turn around,04246__seg06__057.752_058.773__turn_around.mp4,57.752000,58.773000,57752,58773,57.777899,58.736373,57778,58736,8,derived_join_of_final_training_membership_and_human_reviewed_babel_segment
turn,MPI_HDM05/mm/HDM_mm_01-01_01_120.pkl,4246,turn around,04246__seg07__066.023_067.502__turn_around.mp4,66.023000,67.502000,66023,67502,66.031884,67.490600,66032,67491,20,derived_join_of_final_training_membership_and_human_reviewed_babel_segment
turn,MPI_HDM05/mm/HDM_mm_01-01_02_120.pkl,1495,turn around left,01495__seg00__008.105_009.605__turn_around_left.mp4,8.105000,9.605000,8105,9605,8.129572,9.588351,8130,9588,20,derived_join_of_final_training_membership_and_human_reviewed_babel_segment
turn,MPI_HDM05/mm/HDM_mm_01-01_02_120.pkl,1495,turn left,01495__seg02__040.005_041.405__turn_left.mp4,40.005000,41.405000,40005,41405,40.022508,41.397906,40023,41398,18,derived_join_of_final_training_membership_and_human_reviewed_babel_segment
turn,MPI_HDM05/mm/HDM_mm_01-03_01_120.pkl,2454,turn around,02454__seg03__007.690_009.586__turn_around.mp4,7.690000,9.586000,7690,9586,7.713546,9.547668,7714,9548,29,derived_join_of_final_training_membership_and_human_reviewed_babel_segment
turn,MPI_HDM05/mm/HDM_mm_01-03_01_120.pkl,2454,turn around,02454__seg08__023.293_024.752__turn_around.mp4,23.293000,24.752000,23293,24752,23.307417,24.724590,23307,24725,19,derived_join_of_final_training_membership_and_human_reviewed_babel_segment
turn,MPI_HDM05/mm/HDM_mm_01-03_01_120.pkl,2454,turn right,02454__seg05__013.254_014.254__turn_right.mp4,13.254000,14.254000,13254,14254,13.258960,14.217490,13259,14217,8,derived_join_of_final_training_membership_and_human_reviewed_babel_segment
turn,MPI_HDM05/mm/HDM_mm_01-03_03_120.pkl,5023,turn 180,05023__seg02__007.790_008.890__turn_180.mp4,7.790000,8.890000,7790,8890,7.803821,8.887804,7804,8888,11,derived_join_of_final_training_membership_and_human_reviewed_babel_segment
turn,MPI_HDM05/mm/HDM_mm_01-03_03_120.pkl,5023,turn 180,05023__seg03__012.701_013.881__turn_180.mp4,12.701000,13.881000,12701,13881,12.728157,13.853872,12728,13854,12,derived_join_of_final_training_membership_and_human_reviewed_babel_segment
turn,MPI_HDM05/mm/HDM_mm_01-03_03_120.pkl,5023,turn 180,05023__seg04__017.044_018.464__turn_180.mp4,17.044000,18.464000,17044,18464,17.068250,18.444355,17068,18444,18,derived_join_of_final_training_membership_and_human_reviewed_babel_segment
turn,MPI_HDM05/mm/HDM_mm_01-03_03_120.pkl,5023,turn 180,05023__seg05__021.981_023.081__turn_180.mp4,21.981000,23.081000,21981,23081,21.992586,23.076569,21993,23077,11,derived_join_of_final_training_membership_and_human_reviewed_babel_segment
turn,MPI_HDM05/mm/HDM_mm_02-02_02_120.pkl,2384,turn around,02384__seg01__003.240_004.240__turn_around.mp4,3.240000,4.240000,3240,4240,3.251777,3.918443,3252,3918,1,derived_join_of_final_training_membership_and_human_reviewed_babel_segment
turn,MPI_HDM05/mm/HDM_mm_02-02_02_120.pkl,2384,turn around,02384__seg03__013.380_014.400__turn_around.mp4,13.380000,14.400000,13380,14400,13.382311,14.382494,13382,14382,9,derived_join_of_final_training_membership_and_human_reviewed_babel_segment
turn,MPI_HDM05/mm/HDM_mm_02-02_02_120.pkl,2384,turn around,02384__seg04__020.460_021.840__turn_around.mp4,20.460000,21.840000,20460,21840,20.469517,21.803214,20470,21803,17,derived_join_of_final_training_membership_and_human_reviewed_babel_segment
turn,MPI_HDM05/mm/HDM_mm_02-02_02_120.pkl,2384,turn around,02384__seg05__023.560_024.820__turn_around.mp4,23.560000,24.820000,23560,24820,23.596225,24.804854,23596,24805,14,derived_join_of_final_training_membership_and_human_reviewed_babel_segment
turn,MPI_HDM05/mm/HDM_mm_02-02_02_120.pkl,2384,turn around,02384__seg06__031.420_032.700__turn_around.mp4,31.420000,32.700000,31420,32700,31.433840,32.684159,31434,32684,15,derived_join_of_final_training_membership_and_human_reviewed_babel_segment
turn,MPI_HDM05/mm/HDM_mm_02-02_02_120.pkl,2384,turn around,02384__seg08__042.420_043.860__turn_around.mp4,42.420000,43.860000,42420,43860,42.439853,43.856930,42440,43857,19,derived_join_of_final_training_membership_and_human_reviewed_babel_segment
turn,MPI_HDM05/mm/HDM_mm_02-02_02_120.pkl,2384,turn around,02384__seg09__045.900_047.200__turn_around.mp4,45.900000,47.200000,45900,47200,45.900077,47.192086,45900,47192,16,derived_join_of_final_training_membership_and_human_reviewed_babel_segment
turn,MPI_HDM05/tr/HDM_tr_01-03_02_120.pkl,1443,turn around,01443__seg00__003.711_004.794__turn_around.mp4,3.711000,4.794000,3711,4794,3.713118,4.713548,3713,4714,9,derived_join_of_final_training_membership_and_human_reviewed_babel_segment
turn,MPI_HDM05/tr/HDM_tr_01-03_02_120.pkl,1443,turn around,01443__seg01__009.002_010.461__turn_around.mp4,9.002000,10.461000,9002,10461,9.011613,10.429247,9012,10429,19,derived_join_of_final_training_membership_and_human_reviewed_babel_segment
turn,MPI_HDM05/tr/HDM_tr_01-03_02_120.pkl,1443,turn around,01443__seg02__014.377_015.669__turn_around.mp4,14.377000,15.669000,14377,15669,14.393548,15.644301,14394,15644,15,derived_join_of_final_training_membership_and_human_reviewed_babel_segment
turn,MPI_HDM05/tr/HDM_tr_01-03_02_120.pkl,1443,turn around,01443__seg03__018.981_020.169__turn_around.mp4,18.981000,20.169000,18981,20169,18.982796,20.150108,18983,20150,13,derived_join_of_final_training_membership_and_human_reviewed_babel_segment
turn,MPI_HDM05/tr/HDM_tr_01-03_02_120.pkl,1443,turn around,01443__seg04__023.502_024.606__turn_around.mp4,23.502000,24.606000,23502,24606,23.530323,24.572473,23530,24572,10,derived_join_of_final_training_membership_and_human_reviewed_babel_segment
turn,MPI_HDM05/tr/HDM_tr_01-03_02_120.pkl,1443,turn around,01443__seg05__027.356_028.544__turn_around.mp4,27.356000,28.544000,27356,28544,27.368602,28.535914,27369,28536,13,derived_join_of_final_training_membership_and_human_reviewed_babel_segment
turn,MPI_HDM05/tr/HDM_tr_01-03_04_120.pkl,5176,turning around,05176__seg01__003.586_004.481__turning_around.mp4,3.586000,4.481000,3586,4481,3.588831,4.464151,3589,4464,6,derived_join_of_final_training_membership_and_human_reviewed_babel_segment
turn,MPI_HDM05/tr/HDM_tr_01-03_04_120.pkl,5176,turning around,05176__seg02__007.919_009.377__turning_around.mp4,7.919000,9.377000,7919,9377,7.928813,9.346630,7929,9347,19,derived_join_of_final_training_membership_and_human_reviewed_babel_segment
turn,MPI_HDM05/tr/HDM_tr_01-03_04_120.pkl,5176,turning around,05176__seg04__017.190_018.283__turning_around.mp4,17.190000,18.283000,17190,18283,17.193005,18.276977,17193,18277,11,derived_join_of_final_training_membership_and_human_reviewed_babel_segment
turn,MPI_HDM05/tr/HDM_tr_01-03_04_120.pkl,5176,turning around,05176__seg05__022.190_023.461__turning_around.mp4,22.190000,23.461000,22190,23461,22.200676,23.451571,22201,23452,15,derived_join_of_final_training_membership_and_human_reviewed_babel_segment
turn,MPI_HDM05/tr/HDM_tr_01-03_04_120.pkl,5176,turning around,05176__seg06__026.606_027.690__turning_around.mp4,26.606000,27.690000,26606,27690,26.624119,27.666361,26624,27666,10,derived_join_of_final_training_membership_and_human_reviewed_babel_segment
turn,MPI_HDM05/tr/HDM_tr_01-04_01_120.pkl,6294,turns around,06294__seg00__008.240_009.660__turns_around.mp4,8.240000,9.660000,8240,9660,8.259328,9.635129,8259,9635,18,derived_join_of_final_training_membership_and_human_reviewed_babel_segment
turn,MPI_HDM05/tr/HDM_tr_01-04_01_120.pkl,6294,turns around,06294__seg01__013.140_014.260__turns_around.mp4,13.140000,14.260000,13140,14260,13.181553,14.223644,13182,14224,10,derived_join_of_final_training_membership_and_human_reviewed_babel_segment
turn,MPI_HDM05/tr/HDM_tr_01-04_01_120.pkl,6294,turns around,06294__seg02__019.960_021.340__turns_around.mp4,19.960000,21.340000,19960,21340,19.980899,21.314986,19981,21315,17,derived_join_of_final_training_membership_and_human_reviewed_babel_segment
turn,MPI_HDM05/tr/HDM_tr_01-04_01_120.pkl,6294,turns around,06294__seg03__039.138_040.738__turns_around.mp4,39.138000,40.738000,39138,40738,39.169236,40.711892,39169,40712,22,derived_join_of_final_training_membership_and_human_reviewed_babel_segment
turn,MPI_HDM05/tr/HDM_tr_01-04_01_120.pkl,6294,turns around,06294__seg04__045.573_046.793__turns_around.mp4,45.573000,46.793000,45573,46793,45.593158,46.760390,45593,46760,13,derived_join_of_final_training_membership_and_human_reviewed_babel_segment
turn,MPI_HDM05/tr/HDM_tr_02-01_01_120.pkl,818,turn left,00818__seg00__001.398_002.315__turn_left.mp4,1.398000,2.315000,1398,2315,1.418544,2.293820,1419,2294,6,derived_join_of_final_training_membership_and_human_reviewed_babel_segment
turn,MPI_HDM05/tr/HDM_tr_02-01_01_120.pkl,818,turn left,00818__seg01__006.973_008.085__turn_left.mp4,6.973000,8.085000,6973,8085,7.009277,8.051441,7009,8051,10,derived_join_of_final_training_membership_and_human_reviewed_babel_segment
turn,MPI_HDM05/tr/HDM_tr_02-01_01_120.pkl,818,turn right,00818__seg02__015.577_016.810__turn_right.mp4,15.577000,16.810000,15577,16810,15.603986,16.771315,15604,16771,13,derived_join_of_final_training_membership_and_human_reviewed_babel_segment
turn,MPI_HDM05/tr/HDM_tr_02-01_01_120.pkl,818,turn right,00818__seg03__023.583_025.401__turn_right.mp4,23.583000,25.401000,23583,25401,23.656310,25.366024,23656,25366,26,derived_join_of_final_training_membership_and_human_reviewed_babel_segment
turn,MPI_HDM05/tr/HDM_tr_02-01_03_120.pkl,2837,turning around,02837__seg01__014.294_015.752__turning_around.mp4,14.294000,15.752000,14294,15752,14.306734,15.724191,14307,15724,19,derived_join_of_final_training_membership_and_human_reviewed_babel_segment
turn,MPI_HDM05/tr/HDM_tr_02-01_03_120.pkl,2837,turning around,02837__seg02__023.794_024.794__turning_around.mp4,23.794000,24.794000,23794,24794,23.816749,24.775390,23817,24775,8,derived_join_of_final_training_membership_and_human_reviewed_babel_segment
turn,MPI_HDM05/tr/HDM_tr_02-02_02_120.pkl,1772,turn around,01772__seg01__003.440_004.440__turn_around.mp4,3.440000,4.440000,3440,4440,3.460480,4.418994,3460,4419,8,derived_join_of_final_training_membership_and_human_reviewed_babel_segment
turn,MPI_HDM05/tr/HDM_tr_02-02_02_120.pkl,1772,turn around,01772__seg02__007.700_008.440__turn_around.mp4,7.700000,8.440000,7700,8440,7.713118,8.421477,7713,8421,2,derived_join_of_final_training_membership_and_human_reviewed_babel_segment
turn,MPI_HDM05/tr/HDM_tr_02-02_02_120.pkl,1772,turn around,01772__seg03__010.000_011.000__turn_around.mp4,10.000000,11.000000,10000,11000,10.006207,10.964721,10006,10965,8,derived_join_of_final_training_membership_and_human_reviewed_babel_segment
turn,MPI_HDM05/tr/HDM_tr_02-02_02_120.pkl,1772,turn around,01772__seg04__014.900_015.700__turn_around.mp4,14.900000,15.700000,14900,15700,15.009310,15.675977,15009,15676,1,derived_join_of_final_training_membership_and_human_reviewed_babel_segment
turn,MPI_HDM05/tr/HDM_tr_02-02_02_120.pkl,1772,turn around,01772__seg05__017.380_018.400__turn_around.mp4,17.380000,18.400000,17380,18400,17.385784,18.385991,17386,18386,9,derived_join_of_final_training_membership_and_human_reviewed_babel_segment
turn,MPI_HDM05/tr/HDM_tr_02-02_02_120.pkl,1772,turn around,01772__seg06__024.980_025.980__turn_around.mp4,24.980000,25.980000,24980,25980,25.015517,25.932339,25016,25932,7,derived_join_of_final_training_membership_and_human_reviewed_babel_segment
turn,MPI_HDM05/tr/HDM_tr_02-02_02_120.pkl,1772,turn around,01772__seg07__030.100_031.120__turn_around.mp4,30.100000,31.120000,30100,31120,30.102006,31.102213,30102,31102,9,derived_join_of_final_training_membership_and_human_reviewed_babel_segment
turn,MPI_HDM05/tr/HDM_tr_02-02_02_120.pkl,1772,turn around,01772__seg08__032.980_034.000__turn_around.mp4,32.980000,34.000000,32980,34000,33.020483,33.978997,33020,33979,8,derived_join_of_final_training_membership_and_human_reviewed_babel_segment
turn,MPI_HDM05/tr/HDM_tr_02-02_02_120.pkl,1772,turn around,01772__seg10__041.075_042.335__turn_around.mp4,41.075000,42.335000,41075,42335,41.108833,42.317503,41109,42318,14,derived_join_of_final_training_membership_and_human_reviewed_babel_segment
turn,MPI_HDM05/tr/HDM_tr_02-02_02_120.pkl,1772,turn around,01772__seg11__045.885_046.885__turn_around.mp4,45.885000,46.885000,45885,46885,45.903474,46.861989,45903,46862,8,derived_join_of_final_training_membership_and_human_reviewed_babel_segment
turn,MPI_HDM05/tr/HDM_tr_02-02_04_120.pkl,1533,turning around,01533__seg00__002.877_003.627__turning_around.mp4,2.877000,3.627000,2877,3627,2.878352,3.586733,2878,3587,2,derived_join_of_final_training_membership_and_human_reviewed_babel_segment
turn,MPI_HDM05/tr/HDM_tr_02-02_04_120.pkl,1533,turning around,01533__seg01__009.273_010.044__turning_around.mp4,9.273000,10.044000,9273,10044,9.302498,10.010880,9302,10011,2,derived_join_of_final_training_membership_and_human_reviewed_babel_segment
turn,MPI_HDM05/tr/HDM_tr_02-02_04_120.pkl,1533,turning around,01533__seg03__015.586_016.815__turning_around.mp4,15.586000,16.815000,15586,16815,15.601500,16.643604,15602,16644,10,derived_join_of_final_training_membership_and_human_reviewed_babel_segment
turn,MPI_HDM05/tr/HDM_tr_02-02_04_120.pkl,1533,turning around,01533__seg04__022.475_023.309__turning_around.mp4,22.475000,23.309000,22475,23309,22.567945,23.276327,22568,23276,2,derived_join_of_final_training_membership_and_human_reviewed_babel_segment
turn,MPI_HDM05/tr/HDM_tr_02-02_04_120.pkl,1533,turning around,01533__seg05__026.864_027.837__turning_around.mp4,26.864000,27.837000,26864,27837,26.864614,27.823288,26865,27823,8,derived_join_of_final_training_membership_and_human_reviewed_babel_segment
turn,MPI_HDM05/tr/HDM_tr_02-02_04_120.pkl,1533,turning around,01533__seg06__029.806_030.956__turning_around.mp4,29.806000,30.956000,29806,30956,29.826396,30.951931,29826,30952,10,derived_join_of_final_training_membership_and_human_reviewed_babel_segment
turn,MPI_HDM05/tr/HDM_tr_02-02_04_120.pkl,1533,turning around,01533__seg07__037.856_038.706__turning_around.mp4,37.856000,38.706000,37856,38706,37.877438,38.669250,37877,38669,4,derived_join_of_final_training_membership_and_human_reviewed_babel_segment
turn,MPI_HDM05/tr/HDM_tr_02-02_04_120.pkl,1533,turning around,01533__seg08__042.706_043.656__turning_around.mp4,42.706000,43.656000,42706,43656,42.716406,43.633364,42716,43633,7,derived_join_of_final_training_membership_and_human_reviewed_babel_segment
turn,MPI_HDM05/tr/HDM_tr_03-04_02_120.pkl,5740,turn right,05740__seg02__054.338_055.213__turn_right.mp4,54.338000,55.213000,54338,55213,54.353792,55.187188,54354,55187,5,derived_join_of_final_training_membership_and_human_reviewed_babel_segment
turn,MPI_HDM05/tr/HDM_tr_05-03_04_120.pkl,3195,turn around,03195__seg01__007.627_008.648__turn_around.mp4,7.627000,8.648000,7627,8648,7.632182,8.632496,7632,8632,9,derived_join_of_final_training_membership_and_human_reviewed_babel_segment
turn,MPI_HDM05/tr/HDM_tr_05-03_04_120.pkl,3195,turn around,03195__seg02__015.877_016.981__turn_around.mp4,15.877000,16.981000,15877,16981,15.889953,16.973679,15890,16974,11,derived_join_of_final_training_membership_and_human_reviewed_babel_segment
turn,SFU/0018/0018_Catwalk001.pkl,6389,turn around,06389__seg02__010.421_011.321__turn_around.mp4,10.421000,11.321000,10421,11321,10.435464,11.310840,10435,11311,6,derived_join_of_final_training_membership_and_human_reviewed_babel_segment
turn,Transitions_mocap/mazen_c3d/crawl_jumpingtwist360.pkl,6401,turn around left,06401__seg00__006.380_007.702__turn_around_left.mp4,6.380000,7.702000,6380,7702,6.405330,7.699971,6405,7700,16,derived_join_of_final_training_membership_and_human_reviewed_babel_segment
turn,Transitions_mocap/mazen_c3d/jumpingjacks_turntwist180.pkl,7089,turn around,07089__seg01__003.731_005.669__turn_around.mp4,3.731000,5.669000,3731,5669,3.736498,5.662658,3736,5663,31,derived_join_of_final_training_membership_and_human_reviewed_babel_segment
turn,Transitions_mocap/mazen_c3d/turntwist_walk.pkl,7028,turn around,07028__seg00__000.815_001.586__turn_around.mp4,0.815000,1.586000,815,1586,0.837954,1.546518,838,1547,2,derived_join_of_final_training_membership_and_human_reviewed_babel_segment
