skill,amass_sequence,babel_sid,label,reviewed_clip_filename,segment_start_s,segment_end_s,segment_start_ms,segment_end_ms,first_used_chunk_start_s,last_used_chunk_end_s,first_used_chunk_start_ms,last_used_chunk_end_ms,used_chunk_count,provenance
walk_forward,ACCAD/Female1Walking_c3d/B9 - walk turn left (90).pkl,5210,walk forward,05210__seg00__000.148_003.273__walk_forward.mp4,0.148000,3.273000,148,3273,0.167100,3.256710,167,3257,59,derived_join_of_final_training_membership_and_human_reviewed_babel_segment
walk_forward,ACCAD/Male2MartialArtsExtended_c3d/Extended 2.pkl,8242,walk forward,08242__seg00__016.273_017.734__walk_forward.mp4,16.273000,17.734000,16273,17734,16.312380,17.730000,16312,17730,19,derived_join_of_final_training_membership_and_human_reviewed_babel_segment
walk_forward,ACCAD/Male2Running_c3d/C4 - run to walk.pkl,12084,walk forward,12084__seg00__001.028_003.867__walk_forward.mp4,1.028000,3.867000,1028,3867,1.053728,3.827851,1054,3828,51,derived_join_of_final_training_membership_and_human_reviewed_babel_segment
walk_forward,ACCAD/Male2Walking_c3d/B21 -  put down box to walk.pkl,820,walk forward,00820__seg00__003.106_005.567__walk_forward.mp4,3.106000,5.567000,3106,5567,3.143162,5.528091,3143,5528,42,derived_join_of_final_training_membership_and_human_reviewed_babel_segment
walk_forward,ACCAD/Male2Walking_c3d/B9 -  Walk turn left 90.pkl,5061,walk forward,05061__seg00__000.298_002.340__walk_forward.mp4,0.298000,2.340000,298,2340,0.335641,2.302917,336,2303,32,derived_join_of_final_training_membership_and_human_reviewed_babel_segment
walk_forward,BMLmovi/Subject_29_F_MoSh/Subject_29_F_1.pkl,8530,walk forward,08530__seg00__003.711_006.377__walk_forward.mp4,3.711000,6.377000,3711,6377,3.735106,6.374244,3735,6374,48,derived_join_of_final_training_membership_and_human_reviewed_babel_segment
walk_forward,BMLmovi/Subject_44_F_MoSh/Subject_44_F_3.pkl,8325,walk forward,08325__seg00__009.502_010.940__walk_forward.mp4,9.502000,10.940000,9502,10940,9.537309,10.915091,9537,10915,18,derived_join_of_final_training_membership_and_human_reviewed_babel_segment
walk_forward,BMLmovi/Subject_52_F_MoSh/Subject_52_F_12.pkl,1268,walk forward,01268__seg00__005.502_006.461__walk_forward.mp4,5.502000,6.461000,5502,6461,5.543457,6.420103,5543,6420,6,derived_join_of_final_training_membership_and_human_reviewed_babel_segment
walk_forward,BioMotionLab_NTroje/rub001/0020_knocking1.pkl,8064,walk forward,08064__seg01__005.564_007.367__walk_forward.mp4,5.564000,7.367000,5564,7367,5.572146,7.328104,5572,7328,27,derived_join_of_final_training_membership_and_human_reviewed_babel_segment
walk_forward,BioMotionLab_NTroje/rub004/0009_knocking2.pkl,1837,walk forward,01837__seg00__000.000_001.231__walk_forward.mp4,0.000000,1.231000,0,1231,0.000000,1.213043,0,1213,14,derived_join_of_final_training_membership_and_human_reviewed_babel_segment
walk_forward,BioMotionLab_NTroje/rub005/0000_treadmill_norm.pkl,8166,walk forward,08166__seg00__000.000_014.200__walk_forward.mp4,0.000000,14.200000,0,14200,0.000000,14.200000,0,14200,325,derived_join_of_final_training_membership_and_human_reviewed_babel_segment
walk_forward,BioMotionLab_NTroje/rub005/0008_knocking1.pkl,12297,walk forward,12297__seg00__000.000_001.639__walk_forward.mp4,0.000000,1.639000,0,1639,0.000000,1.630948,0,1631,24,derived_join_of_final_training_membership_and_human_reviewed_babel_segment
walk_forward,BioMotionLab_NTroje/rub005/0010_sitting1.pkl,233,walk forward,00233__seg00__000.000_001.044__walk_forward.mp4,0.000000,1.044000,0,1044,0.000000,1.003279,0,1003,9,derived_join_of_final_training_membership_and_human_reviewed_babel_segment
walk_forward,BioMotionLab_NTroje/rub005/0010_sitting1.pkl,233,walk forward,00233__seg01__004.690_005.800__walk_forward.mp4,4.690000,5.800000,4690,5800,4.712568,5.800000,4713,5800,11,derived_join_of_final_training_membership_and_human_reviewed_babel_segment
walk_forward,BioMotionLab_NTroje/rub007/0009_knocking2.pkl,5232,walk forward,05232__seg00__000.000_001.940__walk_forward.mp4,0.000000,1.940000,0,1940,0.000000,1.923062,0,1923,31,derived_join_of_final_training_membership_and_human_reviewed_babel_segment
walk_forward,BioMotionLab_NTroje/rub007/0009_knocking2.pkl,5232,walk forward,05232__seg01__006.065_007.867__walk_forward.mp4,6.065000,7.867000,6065,7867,6.072578,7.828120,6073,7828,27,derived_join_of_final_training_membership_and_human_reviewed_babel_segment
walk_forward,BioMotionLab_NTroje/rub007/0015_lifting_heavy2.pkl,12155,walk forward,12155__seg01__005.856_007.367__walk_forward.mp4,5.856000,7.367000,5856,7367,5.865417,7.328104,5865,7328,20,derived_join_of_final_training_membership_and_human_reviewed_babel_segment
walk_forward,BioMotionLab_NTroje/rub011/0014_knocking2.pkl,12212,walk forward,12212__seg00__000.000_001.000__walk_forward.mp4,0.000000,1.000000,0,1000,0.000000,0.959474,0,959,8,derived_join_of_final_training_membership_and_human_reviewed_babel_segment
walk_forward,BioMotionLab_NTroje/rub012/0016_sitting2.pkl,544,walk forward,00544__seg00__000.000_001.877__walk_forward.mp4,0.000000,1.877000,0,1877,0.000000,1.838161,0,1838,29,derived_join_of_final_training_membership_and_human_reviewed_babel_segment
walk_forward,BioMotionLab_NTroje/rub012/0018_lifting_light2.pkl,1257,walk forward,01257__seg00__000.000_001.711__walk_forward.mp4,0.000000,1.711000,0,1711,0.000000,1.669705,0,1670,25,derived_join_of_final_training_membership_and_human_reviewed_babel_segment
walk_forward,BioMotionLab_NTroje/rub015/0021_lifting_heavy2.pkl,10714,walk forward,10714__seg01__004.981_006.534__walk_forward.mp4,4.981000,6.534000,4981,6534,4.983833,6.530000,4984,6530,22,derived_join_of_final_training_membership_and_human_reviewed_babel_segment
walk_forward,BioMotionLab_NTroje/rub016/0016_sitting2.pkl,5775,walk forward,05775__seg00__000.000_001.481__walk_forward.mp4,0.000000,1.481000,0,1481,0.000000,1.461183,0,1461,20,derived_join_of_final_training_membership_and_human_reviewed_babel_segment
walk_forward,BioMotionLab_NTroje/rub017/0013_knocking1.pkl,10507,walk forward,10507__seg00__000.000_002.501__walk_forward.mp4,0.000000,2.501000,0,2501,0.000000,2.467337,0,2467,44,derived_join_of_final_training_membership_and_human_reviewed_babel_segment
walk_forward,BioMotionLab_NTroje/rub018/0017_lifting_light1.pkl,11364,walk forward,11364__seg00__000.000_000.702__walk_forward.mp4,0.000000,0.702000,0,702,0.000000,0.666667,0,667,1,derived_join_of_final_training_membership_and_human_reviewed_babel_segment
walk_forward,BioMotionLab_NTroje/rub020/0013_knocking1.pkl,885,walk forward,00885__seg00__000.000_002.011__walk_forward.mp4,0.000000,2.011000,0,2011,0.000000,2.005641,0,2006,33,derived_join_of_final_training_membership_and_human_reviewed_babel_segment
walk_forward,BioMotionLab_NTroje/rub020/0013_knocking1.pkl,885,walk forward,00885__seg01__007.312_009.367__walk_forward.mp4,7.312000,9.367000,7312,9367,7.322516,9.328157,7323,9328,33,derived_join_of_final_training_membership_and_human_reviewed_babel_segment
walk_forward,BioMotionLab_NTroje/rub020/0016_sitting2.pkl,10218,walk forward,10218__seg00__000.000_001.080__walk_forward.mp4,0.000000,1.080000,0,1080,0.000000,1.044314,0,1044,10,derived_join_of_final_training_membership_and_human_reviewed_babel_segment
walk_forward,BioMotionLab_NTroje/rub021/0014_knocking2.pkl,6338,walk forward,06338__seg00__000.000_002.481__walk_forward.mp4,0.000000,2.481000,0,2481,0.000000,2.465992,0,2466,44,derived_join_of_final_training_membership_and_human_reviewed_babel_segment
walk_forward,BioMotionLab_NTroje/rub021/0017_lifting_light1.pkl,9218,walk forward,09218__seg00__000.000_001.211__walk_forward.mp4,0.000000,1.211000,0,1211,0.000000,1.171304,0,1171,13,derived_join_of_final_training_membership_and_human_reviewed_babel_segment
walk_forward,BioMotionLab_NTroje/rub021/0017_lifting_light1.pkl,9218,walk forward,09218__seg01__005.481_006.467__walk_forward.mp4,5.481000,6.467000,5481,6467,5.508961,6.427947,5509,6428,7,derived_join_of_final_training_membership_and_human_reviewed_babel_segment
walk_forward,BioMotionLab_NTroje/rub022/0016_lifting_light1.pkl,3717,walk forward,03717__seg00__000.000_001.224__walk_forward.mp4,0.000000,1.224000,0,1224,0.000000,1.212385,0,1212,14,derived_join_of_final_training_membership_and_human_reviewed_babel_segment
walk_forward,BioMotionLab_NTroje/rub023/0015_sitting1.pkl,209,walk forward,00209__seg00__000.000_001.815__walk_forward.mp4,0.000000,1.815000,0,1815,0.000000,1.794444,0,1794,28,derived_join_of_final_training_membership_and_human_reviewed_babel_segment
walk_forward,BioMotionLab_NTroje/rub023/0016_sitting2.pkl,11570,walk forward,11570__seg00__000.000_001.981__walk_forward.mp4,0.000000,1.981000,0,1981,0.000000,1.960219,0,1960,32,derived_join_of_final_training_membership_and_human_reviewed_babel_segment
walk_forward,BioMotionLab_NTroje/rub025/0013_knocking2.pkl,7631,walk forward,07631__seg00__000.000_004.086__walk_forward.mp4,0.000000,4.086000,0,4086,0.000000,4.060128,0,4060,82,derived_join_of_final_training_membership_and_human_reviewed_babel_segment
walk_forward,BioMotionLab_NTroje/rub025/0017_lifting_light2.pkl,6360,walk forward,06360__seg00__000.000_001.169__walk_forward.mp4,0.000000,1.169000,0,1169,0.000000,1.129974,0,1130,12,derived_join_of_final_training_membership_and_human_reviewed_babel_segment
walk_forward,BioMotionLab_NTroje/rub025/0017_lifting_light2.pkl,6360,walk forward,06360__seg01__004.731_006.100__walk_forward.mp4,4.731000,6.100000,4731,6100,4.759432,6.100000,4759,6100,17,derived_join_of_final_training_membership_and_human_reviewed_babel_segment
walk_forward,BioMotionLab_NTroje/rub027/0017_lifting_light1.pkl,5858,walk forward,05858__seg00__000.093_001.093__walk_forward.mp4,0.093000,1.093000,93,1093,0.125758,1.085859,126,1086,8,derived_join_of_final_training_membership_and_human_reviewed_babel_segment
walk_forward,BioMotionLab_NTroje/rub027/0017_lifting_light1.pkl,5858,walk forward,05858__seg01__004.688_006.200__walk_forward.mp4,4.688000,6.200000,4688,6200,4.694949,6.200000,4695,6200,21,derived_join_of_final_training_membership_and_human_reviewed_babel_segment
walk_forward,BioMotionLab_NTroje/rub028/0016_sitting2.pkl,4987,walk forward,04987__seg00__000.000_001.481__walk_forward.mp4,0.000000,1.481000,0,1481,0.000000,1.462723,0,1463,20,derived_join_of_final_training_membership_and_human_reviewed_babel_segment
walk_forward,BioMotionLab_NTroje/rub028/0018_lifting_light2.pkl,1581,walk forward,01581__seg00__000.000_001.451__walk_forward.mp4,0.000000,1.451000,0,1451,0.000000,1.424286,0,1424,19,derived_join_of_final_training_membership_and_human_reviewed_babel_segment
walk_forward,BioMotionLab_NTroje/rub029/0014_knocking2.pkl,9913,walk forward,09913__seg00__000.000_001.711__walk_forward.mp4,0.000000,1.711000,0,1711,0.000000,1.670393,0,1670,25,derived_join_of_final_training_membership_and_human_reviewed_babel_segment
walk_forward,BioMotionLab_NTroje/rub029/0016_sitting2.pkl,3070,walk forward,03070__seg00__000.020_001.840__walk_forward.mp4,0.020000,1.840000,20,1840,0.041973,1.799943,42,1800,27,derived_join_of_final_training_membership_and_human_reviewed_babel_segment
walk_forward,BioMotionLab_NTroje/rub029/0020_lifting_heavy2.pkl,3822,walk forward,03822__seg00__000.000_002.318__walk_forward.mp4,0.000000,2.318000,0,2318,0.000000,2.298314,0,2298,40,derived_join_of_final_training_membership_and_human_reviewed_babel_segment
walk_forward,BioMotionLab_NTroje/rub029/0020_lifting_heavy2.pkl,3822,walk forward,03822__seg01__005.709_008.034__walk_forward.mp4,5.709000,8.034000,5709,8034,5.731686,8.030000,5732,8030,40,derived_join_of_final_training_membership_and_human_reviewed_babel_segment
walk_forward,BioMotionLab_NTroje/rub030/0014_knocking2.pkl,12951,walk forward,12951__seg00__000.000_001.746__walk_forward.mp4,0.000000,1.746000,0,1746,0.000000,1.716049,0,1716,26,derived_join_of_final_training_membership_and_human_reviewed_babel_segment
walk_forward,BioMotionLab_NTroje/rub030/0016_sitting2.pkl,7835,walk forward,07835__seg00__000.000_001.900__walk_forward.mp4,0.000000,1.900000,0,1900,0.000000,1.881324,0,1881,30,derived_join_of_final_training_membership_and_human_reviewed_babel_segment
walk_forward,BioMotionLab_NTroje/rub030/0030_scamper.pkl,7446,walk forward,07446__seg01__002.690_003.815__walk_forward.mp4,2.690000,3.815000,2690,3815,2.711944,3.795833,2712,3796,11,derived_join_of_final_training_membership_and_human_reviewed_babel_segment
walk_forward,BioMotionLab_NTroje/rub033/0014_sitting1.pkl,501,walk forward,00501__seg00__000.000_000.898__walk_forward.mp4,0.000000,0.898000,0,898,0.000000,0.875652,0,876,6,derived_join_of_final_training_membership_and_human_reviewed_babel_segment
walk_forward,BioMotionLab_NTroje/rub033/0014_sitting1.pkl,501,walk forward,00501__seg01__014.565_015.634__walk_forward.mp4,14.565000,15.634000,14565,15634,14.587160,15.630000,14587,15630,10,derived_join_of_final_training_membership_and_human_reviewed_babel_segment
walk_forward,BioMotionLab_NTroje/rub033/0016_lifting_light1.pkl,3056,walk forward,03056__seg00__000.000_002.002__walk_forward.mp4,0.000000,2.002000,0,2002,0.000000,1.967550,0,1968,32,derived_join_of_final_training_membership_and_human_reviewed_babel_segment
walk_forward,BioMotionLab_NTroje/rub035/0016_sitting2.pkl,1878,walk forward,01878__seg00__000.000_001.461__walk_forward.mp4,0.000000,1.461000,0,1461,0.000000,1.419511,0,1420,19,derived_join_of_final_training_membership_and_human_reviewed_babel_segment
walk_forward,BioMotionLab_NTroje/rub037/0015_sitting1.pkl,11122,walk forward,11122__seg00__000.000_000.961__walk_forward.mp4,0.000000,0.961000,0,961,0.000000,0.959851,0,960,8,derived_join_of_final_training_membership_and_human_reviewed_babel_segment
walk_forward,BioMotionLab_NTroje/rub037/0015_sitting1.pkl,11122,walk forward,11122__seg01__009.211_010.967__walk_forward.mp4,9.211000,10.967000,9211,10967,9.214363,10.928117,9214,10928,26,derived_join_of_final_training_membership_and_human_reviewed_babel_segment
walk_forward,BioMotionLab_NTroje/rub038/0013_knocking1.pkl,4869,walk forward,04869__seg00__000.000_002.690__walk_forward.mp4,0.000000,2.690000,0,2690,0.000000,2.675556,0,2676,49,derived_join_of_final_training_membership_and_human_reviewed_babel_segment
walk_forward,BioMotionLab_NTroje/rub038/0013_knocking1.pkl,4869,walk forward,04869__seg01__007.627_009.334__walk_forward.mp4,7.627000,9.334000,7627,9334,7.658889,9.330000,7659,9330,25,derived_join_of_final_training_membership_and_human_reviewed_babel_segment
walk_forward,BioMotionLab_NTroje/rub038/0019_lifting_heavy1.pkl,6686,walk forward,06686__seg00__000.000_001.060__walk_forward.mp4,0.000000,1.060000,0,1060,0.000000,1.042806,0,1043,10,derived_join_of_final_training_membership_and_human_reviewed_babel_segment
walk_forward,BioMotionLab_NTroje/rub041/0014_knocking2.pkl,3055,walk forward,03055__seg00__000.000_002.169__walk_forward.mp4,0.000000,2.169000,0,2169,0.000000,2.129861,0,2130,36,derived_join_of_final_training_membership_and_human_reviewed_babel_segment
walk_forward,BioMotionLab_NTroje/rub041/0020_lifting_heavy2.pkl,10233,walk forward,10233__seg01__005.848_008.434__walk_forward.mp4,5.848000,8.434000,5848,8434,5.885108,8.430000,5885,8430,46,derived_join_of_final_training_membership_and_human_reviewed_babel_segment
walk_forward,BioMotionLab_NTroje/rub042/0020_lifting_heavy2.pkl,6158,walk forward,06158__seg00__000.000_001.231__walk_forward.mp4,0.000000,1.231000,0,1231,0.000000,1.209070,0,1209,14,derived_join_of_final_training_membership_and_human_reviewed_babel_segment
walk_forward,BioMotionLab_NTroje/rub043/0019_lifting_heavy1.pkl,1684,walk forward,01684__seg01__004.952_005.967__walk_forward.mp4,4.952000,5.967000,4952,5967,4.966614,5.927910,4967,5928,8,derived_join_of_final_training_membership_and_human_reviewed_babel_segment
walk_forward,BioMotionLab_NTroje/rub044/0015_sitting1.pkl,5139,walk forward,05139__seg00__000.000_000.961__walk_forward.mp4,0.000000,0.961000,0,961,0.000000,0.959170,0,959,8,derived_join_of_final_training_membership_and_human_reviewed_babel_segment
walk_forward,BioMotionLab_NTroje/rub045/0016_sitting2.pkl,530,walk forward,00530__seg00__000.000_001.481__walk_forward.mp4,0.000000,1.481000,0,1481,0.000000,1.460532,0,1461,20,derived_join_of_final_training_membership_and_human_reviewed_babel_segment
walk_forward,BioMotionLab_NTroje/rub050/0017_lifting_light1.pkl,3332,walk forward,03332__seg01__004.716_006.667__walk_forward.mp4,4.716000,6.667000,4716,6667,4.743893,6.628019,4744,6628,30,derived_join_of_final_training_membership_and_human_reviewed_babel_segment
walk_forward,BioMotionLab_NTroje/rub051/0018_lifting_light2.pkl,10447,walk forward,10447__seg01__005.356_006.334__walk_forward.mp4,5.356000,6.334000,5356,6334,5.369679,6.330000,5370,6330,8,derived_join_of_final_training_membership_and_human_reviewed_babel_segment
walk_forward,BioMotionLab_NTroje/rub053/0016_sitting2.pkl,9220,walk forward,09220__seg00__000.000_001.127__walk_forward.mp4,0.000000,1.127000,0,1127,0.000000,1.126134,0,1126,12,derived_join_of_final_training_membership_and_human_reviewed_babel_segment
walk_forward,BioMotionLab_NTroje/rub053/0016_sitting2.pkl,9220,walk forward,09220__seg01__007.023_008.767__walk_forward.mp4,7.023000,8.767000,7023,8767,7.059089,8.728230,7059,8728,25,derived_join_of_final_training_membership_and_human_reviewed_babel_segment
walk_forward,BioMotionLab_NTroje/rub054/0013_knocking1.pkl,1033,walk forward,01033__seg00__000.000_001.690__walk_forward.mp4,0.000000,1.690000,0,1690,0.000000,1.672211,0,1672,25,derived_join_of_final_training_membership_and_human_reviewed_babel_segment
walk_forward,BioMotionLab_NTroje/rub054/0016_sitting2.pkl,2931,walk forward,02931__seg00__000.080_001.920__walk_forward.mp4,0.080000,1.920000,80,1920,0.083752,1.881072,84,1881,28,derived_join_of_final_training_membership_and_human_reviewed_babel_segment
walk_forward,BioMotionLab_NTroje/rub054/0020_lifting_heavy2.pkl,3149,walk forward,03149__seg00__000.000_001.646__walk_forward.mp4,0.000000,1.646000,0,1646,0.000000,1.627949,0,1628,24,derived_join_of_final_training_membership_and_human_reviewed_babel_segment
walk_forward,BioMotionLab_NTroje/rub056/0015_sitting1.pkl,5480,walk forward,05480__seg00__000.000_001.294__walk_forward.mp4,0.000000,1.294000,0,1294,0.000000,1.293996,0,1294,16,derived_join_of_final_training_membership_and_human_reviewed_babel_segment
walk_forward,BioMotionLab_NTroje/rub056/0015_sitting1.pkl,5480,walk forward,05480__seg01__005.690_007.400__walk_forward.mp4,5.690000,7.400000,5690,7400,5.729607,7.400000,5730,7400,25,derived_join_of_final_training_membership_and_human_reviewed_babel_segment
walk_forward,BioMotionLab_NTroje/rub056/0019_lifting_heavy1.pkl,11928,walk forward,11928__seg01__004.748_006.667__walk_forward.mp4,4.748000,6.667000,4748,6667,4.785874,6.628019,4786,6628,29,derived_join_of_final_training_membership_and_human_reviewed_babel_segment
walk_forward,BioMotionLab_NTroje/rub058/0017_lifting_light1.pkl,821,walk forward,00821__seg00__000.000_001.377__walk_forward.mp4,0.000000,1.377000,0,1377,0.000000,1.339891,0,1340,17,derived_join_of_final_training_membership_and_human_reviewed_babel_segment
walk_forward,BioMotionLab_NTroje/rub059/0016_sitting2.pkl,3265,walk forward,03265__seg00__000.031_002.231__walk_forward.mp4,0.031000,2.231000,31,2231,0.041758,2.211728,42,2212,37,derived_join_of_final_training_membership_and_human_reviewed_babel_segment
walk_forward,BioMotionLab_NTroje/rub060/0016_sitting2.pkl,6453,walk forward,06453__seg00__000.000_001.613__walk_forward.mp4,0.000000,1.613000,0,1613,0.000000,1.587111,0,1587,23,derived_join_of_final_training_membership_and_human_reviewed_babel_segment
walk_forward,BioMotionLab_NTroje/rub060/0018_lifting_light2.pkl,11975,walk forward,11975__seg00__000.000_001.002__walk_forward.mp4,0.000000,1.002000,0,1002,0.000000,1.000601,0,1001,9,derived_join_of_final_training_membership_and_human_reviewed_babel_segment
walk_forward,BioMotionLab_NTroje/rub061/0013_knocking1.pkl,4070,walk forward,04070__seg00__000.000_001.779__walk_forward.mp4,0.000000,1.779000,0,1779,0.000000,1.751864,0,1752,27,derived_join_of_final_training_membership_and_human_reviewed_babel_segment
walk_forward,BioMotionLab_NTroje/rub061/0013_knocking1.pkl,4070,walk forward,04070__seg01__006.669_008.434__walk_forward.mp4,6.669000,8.434000,6669,8434,6.678136,8.430000,6678,8430,27,derived_join_of_final_training_membership_and_human_reviewed_babel_segment
walk_forward,BioMotionLab_NTroje/rub061/0016_sitting2.pkl,5965,walk forward,05965__seg00__000.000_001.640__walk_forward.mp4,0.000000,1.640000,0,1640,0.000000,1.630016,0,1630,24,derived_join_of_final_training_membership_and_human_reviewed_babel_segment
walk_forward,BioMotionLab_NTroje/rub062/0014_knocking2.pkl,8158,walk forward,08158__seg00__000.000_001.252__walk_forward.mp4,0.000000,1.252000,0,1252,0.000000,1.210451,0,1210,14,derived_join_of_final_training_membership_and_human_reviewed_babel_segment
walk_forward,BioMotionLab_NTroje/rub062/0016_sitting2.pkl,11548,walk forward,11548__seg00__000.000_001.294__walk_forward.mp4,0.000000,1.294000,0,1294,0.000000,1.253846,0,1254,15,derived_join_of_final_training_membership_and_human_reviewed_babel_segment
walk_forward,BioMotionLab_NTroje/rub062/0016_sitting2.pkl,11548,walk forward,11548__seg01__006.856_008.300__walk_forward.mp4,6.856000,8.300000,6856,8300,6.878388,8.300000,6878,8300,19,derived_join_of_final_training_membership_and_human_reviewed_babel_segment
walk_forward,BioMotionLab_NTroje/rub063/0013_knocking1.pkl,9860,walk forward,09860__seg00__000.000_002.356__walk_forward.mp4,0.000000,2.356000,0,2356,0.000000,2.340278,0,2340,41,derived_join_of_final_training_membership_and_human_reviewed_babel_segment
walk_forward,BioMotionLab_NTroje/rub063/0013_knocking1.pkl,9860,walk forward,09860__seg01__007.065_008.700__walk_forward.mp4,7.065000,8.700000,7065,8700,7.071007,8.700000,7071,8700,24,derived_join_of_final_training_membership_and_human_reviewed_babel_segment
walk_forward,BioMotionLab_NTroje/rub063/0015_sitting1.pkl,5848,walk forward,05848__seg00__000.000_001.398__walk_forward.mp4,0.000000,1.398000,0,1398,0.000000,1.381010,0,1381,18,derived_join_of_final_training_membership_and_human_reviewed_babel_segment
walk_forward,BioMotionLab_NTroje/rub064/0016_sitting2.pkl,9319,walk forward,09319__seg00__000.000_001.544__walk_forward.mp4,0.000000,1.544000,0,1544,0.000000,1.504456,0,1504,21,derived_join_of_final_training_membership_and_human_reviewed_babel_segment
walk_forward,BioMotionLab_NTroje/rub064/0017_lifting_light1.pkl,6463,walk forward,06463__seg00__000.000_001.098__walk_forward.mp4,0.000000,1.098000,0,1098,0.000000,1.085470,0,1085,11,derived_join_of_final_training_membership_and_human_reviewed_babel_segment
walk_forward,BioMotionLab_NTroje/rub065/0016_sitting2.pkl,8491,walk forward,08491__seg00__000.000_001.740__walk_forward.mp4,0.000000,1.740000,0,1740,0.000000,1.711857,0,1712,26,derived_join_of_final_training_membership_and_human_reviewed_babel_segment
walk_forward,BioMotionLab_NTroje/rub065/0019_lifting_heavy1.pkl,12486,walk forward,12486__seg00__000.000_001.856__walk_forward.mp4,0.000000,1.856000,0,1856,0.000000,1.838889,0,1839,29,derived_join_of_final_training_membership_and_human_reviewed_babel_segment
walk_forward,BioMotionLab_NTroje/rub065/0019_lifting_heavy1.pkl,12486,walk forward,12486__seg01__005.794_007.700__walk_forward.mp4,5.794000,7.700000,5794,7700,5.819246,7.700000,5819,7700,30,derived_join_of_final_training_membership_and_human_reviewed_babel_segment
walk_forward,BioMotionLab_NTroje/rub066/0015_sitting1.pkl,11597,walk forward,11597__seg00__000.000_001.481__walk_forward.mp4,0.000000,1.481000,0,1481,0.000000,1.459901,0,1460,20,derived_join_of_final_training_membership_and_human_reviewed_babel_segment
walk_forward,BioMotionLab_NTroje/rub068/0015_sitting1.pkl,9772,walk forward,09772__seg00__000.000_001.905__walk_forward.mp4,0.000000,1.905000,0,1905,0.000000,1.882365,0,1882,30,derived_join_of_final_training_membership_and_human_reviewed_babel_segment
walk_forward,BioMotionLab_NTroje/rub068/0015_sitting1.pkl,9772,walk forward,09772__seg01__007.485_009.467__walk_forward.mp4,7.485000,9.467000,7485,9467,7.503794,9.428079,7504,9428,31,derived_join_of_final_training_membership_and_human_reviewed_babel_segment
walk_forward,BioMotionLab_NTroje/rub068/0019_lifting_heavy1.pkl,1355,walk forward,01355__seg00__000.000_001.377__walk_forward.mp4,0.000000,1.377000,0,1377,0.000000,1.336752,0,1337,17,derived_join_of_final_training_membership_and_human_reviewed_babel_segment
walk_forward,BioMotionLab_NTroje/rub070/0013_knocking1.pkl,9728,walk forward,09728__seg00__000.000_001.148__walk_forward.mp4,0.000000,1.148000,0,1148,0.000000,1.127037,0,1127,12,derived_join_of_final_training_membership_and_human_reviewed_babel_segment
walk_forward,BioMotionLab_NTroje/rub070/0013_knocking1.pkl,9728,walk forward,09728__seg01__006.752_008.200__walk_forward.mp4,6.752000,8.200000,6752,8200,6.780000,8.200000,6780,8200,19,derived_join_of_final_training_membership_and_human_reviewed_babel_segment
walk_forward,BioMotionLab_NTroje/rub070/0015_sitting1.pkl,1295,walk forward,01295__seg00__000.000_001.627__walk_forward.mp4,0.000000,1.627000,0,1627,0.000000,1.589804,0,1590,23,derived_join_of_final_training_membership_and_human_reviewed_babel_segment
walk_forward,BioMotionLab_NTroje/rub072/0018_lifting_light2.pkl,6813,walk forward,06813__seg00__000.000_001.516__walk_forward.mp4,0.000000,1.516000,0,1516,0.000000,1.505806,0,1506,21,derived_join_of_final_training_membership_and_human_reviewed_babel_segment
walk_forward,BioMotionLab_NTroje/rub072/0018_lifting_light2.pkl,6813,walk forward,06813__seg01__005.560_007.167__walk_forward.mp4,5.560000,7.167000,5560,7167,5.580280,7.128043,5580,7128,22,derived_join_of_final_training_membership_and_human_reviewed_babel_segment
walk_forward,BioMotionLab_NTroje/rub073/0016_sitting2.pkl,11553,walk forward,11553__seg00__000.000_002.065__walk_forward.mp4,0.000000,2.065000,0,2065,0.000000,2.046404,0,2046,34,derived_join_of_final_training_membership_and_human_reviewed_babel_segment
walk_forward,BioMotionLab_NTroje/rub073/0016_sitting2.pkl,11553,walk forward,11553__seg01__008.961_011.834__walk_forward.mp4,8.961000,11.834000,8961,11834,8.989201,11.830000,8989,11830,53,derived_join_of_final_training_membership_and_human_reviewed_babel_segment
walk_forward,BioMotionLab_NTroje/rub074/0031_rom.pkl,10771,walk forward,10771__seg00__098.387_099.387__walk_forward.mp4,98.387000,99.387000,98387,99387,98.395991,99.354387,98396,99354,8,derived_join_of_final_training_membership_and_human_reviewed_babel_segment
walk_forward,BioMotionLab_NTroje/rub076/0016_sitting2.pkl,11695,walk forward,11695__seg00__000.092_002.137__walk_forward.mp4,0.092000,2.137000,92,2137,0.125808,2.134428,126,2134,33,derived_join_of_final_training_membership_and_human_reviewed_babel_segment
walk_forward,BioMotionLab_NTroje/rub076/0017_lifting_light1.pkl,686,walk forward,00686__seg00__000.000_001.877__walk_forward.mp4,0.000000,1.877000,0,1877,0.000000,1.840270,0,1840,29,derived_join_of_final_training_membership_and_human_reviewed_babel_segment
walk_forward,BioMotionLab_NTroje/rub077/0013_knocking1.pkl,11303,walk forward,11303__seg01__003.899_004.800__walk_forward.mp4,3.899000,4.800000,3899,4800,3.922449,4.800000,3922,4800,6,derived_join_of_final_training_membership_and_human_reviewed_babel_segment
walk_forward,BioMotionLab_NTroje/rub077/0018_lifting_light2.pkl,11794,walk forward,11794__seg00__000.000_001.502__walk_forward.mp4,0.000000,1.502000,0,1502,0.000000,1.464567,0,1465,20,derived_join_of_final_training_membership_and_human_reviewed_babel_segment
walk_forward,BioMotionLab_NTroje/rub077/0020_lifting_heavy2.pkl,479,walk forward,00479__seg01__005.711_007.100__walk_forward.mp4,5.711000,7.100000,5711,7100,5.718519,7.100000,5719,7100,18,derived_join_of_final_training_membership_and_human_reviewed_babel_segment
walk_forward,BioMotionLab_NTroje/rub079/0016_lifting_light1.pkl,10435,walk forward,10435__seg00__000.000_002.126__walk_forward.mp4,0.000000,2.126000,0,2126,0.000000,2.088126,0,2088,35,derived_join_of_final_training_membership_and_human_reviewed_babel_segment
walk_forward,BioMotionLab_NTroje/rub080/0016_sitting2.pkl,9679,walk forward,09679__seg00__000.000_001.669__walk_forward.mp4,0.000000,1.669000,0,1669,0.000000,1.632050,0,1632,24,derived_join_of_final_training_membership_and_human_reviewed_babel_segment
walk_forward,BioMotionLab_NTroje/rub080/0016_sitting2.pkl,9679,walk forward,09679__seg01__005.752_007.967__walk_forward.mp4,5.752000,7.967000,5752,7967,5.792299,7.928027,5792,7928,36,derived_join_of_final_training_membership_and_human_reviewed_babel_segment
walk_forward,BioMotionLab_NTroje/rub083/0017_lifting_light1.pkl,4013,walk forward,04013__seg00__000.000_001.940__walk_forward.mp4,0.000000,1.940000,0,1940,0.000000,1.925758,0,1926,31,derived_join_of_final_training_membership_and_human_reviewed_babel_segment
walk_forward,BioMotionLab_NTroje/rub083/0017_lifting_light1.pkl,4013,walk forward,04013__seg01__004.961_007.134__walk_forward.mp4,4.961000,7.134000,4961,7134,4.994394,7.130000,4994,7130,36,derived_join_of_final_training_membership_and_human_reviewed_babel_segment
walk_forward,BioMotionLab_NTroje/rub084/0019_lifting_heavy1.pkl,9605,walk forward,09605__seg00__000.000_001.860__walk_forward.mp4,0.000000,1.860000,0,1860,0.000000,1.841290,0,1841,29,derived_join_of_final_training_membership_and_human_reviewed_babel_segment
walk_forward,BioMotionLab_NTroje/rub085/0015_sitting1.pkl,11929,walk forward,11929__seg00__000.000_002.377__walk_forward.mp4,0.000000,2.377000,0,2377,0.000000,2.337729,0,2338,41,derived_join_of_final_training_membership_and_human_reviewed_babel_segment
walk_forward,BioMotionLab_NTroje/rub085/0015_sitting1.pkl,11929,walk forward,11929__seg01__005.586_008.267__walk_forward.mp4,5.586000,8.267000,5586,8267,5.598059,8.228223,5598,8228,48,derived_join_of_final_training_membership_and_human_reviewed_babel_segment
walk_forward,BioMotionLab_NTroje/rub085/0018_lifting_light2.pkl,12863,walk forward,12863__seg00__000.000_002.180__walk_forward.mp4,0.000000,2.180000,0,2180,0.000000,2.169630,0,2170,37,derived_join_of_final_training_membership_and_human_reviewed_babel_segment
walk_forward,BioMotionLab_NTroje/rub087/0018_lifting_light2.pkl,12368,walk forward,12368__seg00__000.110_002.626__walk_forward.mp4,0.110000,2.626000,110,2626,0.126056,2.599519,126,2600,44,derived_join_of_final_training_membership_and_human_reviewed_babel_segment
walk_forward,BioMotionLab_NTroje/rub087/0018_lifting_light2.pkl,12368,walk forward,12368__seg01__006.105_008.234__walk_forward.mp4,6.105000,8.234000,6105,8234,6.134704,8.230000,6135,8230,35,derived_join_of_final_training_membership_and_human_reviewed_babel_segment
walk_forward,BioMotionLab_NTroje/rub088/0017_lifting_light1.pkl,10993,walk forward,10993__seg00__000.000_001.540__walk_forward.mp4,0.000000,1.540000,0,1540,0.000000,1.502890,0,1503,21,derived_join_of_final_training_membership_and_human_reviewed_babel_segment
walk_forward,BioMotionLab_NTroje/rub089/0013_knocking1.pkl,8076,walk forward,08076__seg00__000.000_001.000__walk_forward.mp4,0.000000,1.000000,0,1000,0.000000,0.962317,0,962,8,derived_join_of_final_training_membership_and_human_reviewed_babel_segment
walk_forward,BioMotionLab_NTroje/rub089/0013_knocking1.pkl,8076,walk forward,08076__seg01__002.949_004.134__walk_forward.mp4,2.949000,4.134000,2949,4134,2.956504,4.130000,2957,4130,13,derived_join_of_final_training_membership_and_human_reviewed_babel_segment
walk_forward,BioMotionLab_NTroje/rub089/0015_sitting1.pkl,2813,walk forward,02813__seg00__000.000_001.752__walk_forward.mp4,0.000000,1.752000,0,1752,0.000000,1.714062,0,1714,26,derived_join_of_final_training_membership_and_human_reviewed_babel_segment
walk_forward,BioMotionLab_NTroje/rub089/0015_sitting1.pkl,2813,walk forward,02813__seg01__005.190_007.367__walk_forward.mp4,5.190000,7.367000,5190,7367,5.195083,7.328104,5195,7328,36,derived_join_of_final_training_membership_and_human_reviewed_babel_segment
walk_forward,BioMotionLab_NTroje/rub090/0020_lifting_heavy2.pkl,7982,walk forward,07982__seg00__000.000_001.340__walk_forward.mp4,0.000000,1.340000,0,1340,0.000000,1.336762,0,1337,17,derived_join_of_final_training_membership_and_human_reviewed_babel_segment
walk_forward,BioMotionLab_NTroje/rub091/0019_lifting_heavy1.pkl,9246,walk forward,09246__seg00__000.000_001.523__walk_forward.mp4,0.000000,1.523000,0,1523,0.000000,1.502353,0,1502,21,derived_join_of_final_training_membership_and_human_reviewed_babel_segment
walk_forward,BioMotionLab_NTroje/rub092/0013_knocking1.pkl,10827,walk forward,10827__seg00__000.000_001.680__walk_forward.mp4,0.000000,1.680000,0,1680,0.000000,1.675526,0,1676,25,derived_join_of_final_training_membership_and_human_reviewed_babel_segment
walk_forward,BioMotionLab_NTroje/rub092/0014_knocking2.pkl,10607,walk forward,10607__seg00__000.000_002.023__walk_forward.mp4,0.000000,2.023000,0,2023,0.000000,2.003213,0,2003,33,derived_join_of_final_training_membership_and_human_reviewed_babel_segment
walk_forward,BioMotionLab_NTroje/rub092/0015_sitting1.pkl,7678,walk forward,07678__seg00__000.000_001.565__walk_forward.mp4,0.000000,1.565000,0,1565,0.000000,1.544674,0,1545,22,derived_join_of_final_training_membership_and_human_reviewed_babel_segment
walk_forward,BioMotionLab_NTroje/rub093/0013_knocking1.pkl,10498,walk forward,10498__seg00__000.000_001.419__walk_forward.mp4,0.000000,1.419000,0,1419,0.000000,1.384969,0,1385,18,derived_join_of_final_training_membership_and_human_reviewed_babel_segment
walk_forward,BioMotionLab_NTroje/rub093/0015_sitting1.pkl,8679,walk forward,08679__seg00__000.000_001.148__walk_forward.mp4,0.000000,1.148000,0,1148,0.000000,1.128481,0,1128,12,derived_join_of_final_training_membership_and_human_reviewed_babel_segment
walk_forward,BioMotionLab_NTroje/rub093/0018_lifting_light2.pkl,1640,walk forward,01640__seg00__005.440_006.267__walk_forward.mp4,5.440000,6.267000,5440,6267,5.477886,6.228184,5478,6228,3,derived_join_of_final_training_membership_and_human_reviewed_babel_segment
walk_forward,BioMotionLab_NTroje/rub093/0030_scamper.pkl,3521,walk forward,03521__seg00__002.836_004.981__walk_forward.mp4,2.836000,4.981000,2836,4981,2.839447,4.967593,2839,4968,36,derived_join_of_final_training_membership_and_human_reviewed_babel_segment
walk_forward,BioMotionLab_NTroje/rub094/0013_knocking1.pkl,8340,walk forward,08340__seg01__003.566_004.967__walk_forward.mp4,3.566000,4.967000,3566,4967,3.586111,4.927810,3586,4928,17,derived_join_of_final_training_membership_and_human_reviewed_babel_segment
walk_forward,BioMotionLab_NTroje/rub095/0015_sitting1.pkl,11224,walk forward,11224__seg00__000.000_001.044__walk_forward.mp4,0.000000,1.044000,0,1044,0.000000,1.043011,0,1043,10,derived_join_of_final_training_membership_and_human_reviewed_babel_segment
walk_forward,BioMotionLab_NTroje/rub098/0013_knocking1.pkl,5120,walk forward,05120__seg00__000.000_001.811__walk_forward.mp4,0.000000,1.811000,0,1811,0.000000,1.800163,0,1800,28,derived_join_of_final_training_membership_and_human_reviewed_babel_segment
walk_forward,BioMotionLab_NTroje/rub098/0013_knocking1.pkl,5120,walk forward,05120__seg01__004.822_006.667__walk_forward.mp4,4.822000,6.667000,4822,6667,4.827855,6.628019,4828,6628,28,derived_join_of_final_training_membership_and_human_reviewed_babel_segment
walk_forward,BioMotionLab_NTroje/rub099/0016_sitting2.pkl,1736,walk forward,01736__seg00__000.000_002.148__walk_forward.mp4,0.000000,2.148000,0,2148,0.000000,2.131938,0,2132,36,derived_join_of_final_training_membership_and_human_reviewed_babel_segment
walk_forward,BioMotionLab_NTroje/rub100/0015_sitting1.pkl,5423,walk forward,05423__seg00__000.000_001.919__walk_forward.mp4,0.000000,1.919000,0,1919,0.000000,1.879583,0,1880,30,derived_join_of_final_training_membership_and_human_reviewed_babel_segment
walk_forward,BioMotionLab_NTroje/rub100/0016_sitting2.pkl,919,walk forward,00919__seg00__000.000_002.356__walk_forward.mp4,0.000000,2.356000,0,2356,0.000000,2.338418,0,2338,41,derived_join_of_final_training_membership_and_human_reviewed_babel_segment
walk_forward,BioMotionLab_NTroje/rub101/0019_lifting_heavy2.pkl,5211,walk forward,05211__seg00__000.080_001.600__walk_forward.mp4,0.080000,1.600000,80,1600,0.084040,1.591111,84,1591,21,derived_join_of_final_training_membership_and_human_reviewed_babel_segment
walk_forward,BioMotionLab_NTroje/rub104/0019_lifting_heavy1.pkl,8271,walk forward,08271__seg00__000.000_001.627__walk_forward.mp4,0.000000,1.627000,0,1627,0.000000,1.587678,0,1588,23,derived_join_of_final_training_membership_and_human_reviewed_babel_segment
walk_forward,BioMotionLab_NTroje/rub105/0016_sitting2.pkl,2173,walk forward,02173__seg00__000.000_001.606__walk_forward.mp4,0.000000,1.606000,0,1606,0.000000,1.589951,0,1590,23,derived_join_of_final_training_membership_and_human_reviewed_babel_segment
walk_forward,BioMotionLab_NTroje/rub105/0016_sitting2.pkl,2173,walk forward,02173__seg01__006.940_009.267__walk_forward.mp4,6.940000,9.267000,6940,9267,6.966602,9.228033,6967,9228,39,derived_join_of_final_training_membership_and_human_reviewed_babel_segment
walk_forward,BioMotionLab_NTroje/rub108/0016_sitting2.pkl,6454,walk forward,06454__seg00__000.000_002.211__walk_forward.mp4,0.000000,2.211000,0,2211,0.000000,2.169968,0,2170,37,derived_join_of_final_training_membership_and_human_reviewed_babel_segment
walk_forward,BioMotionLab_NTroje/rub108/0017_lifting_light1.pkl,12364,walk forward,12364__seg00__000.000_001.815__walk_forward.mp4,0.000000,1.815000,0,1815,0.000000,1.795975,0,1796,28,derived_join_of_final_training_membership_and_human_reviewed_babel_segment
walk_forward,BioMotionLab_NTroje/rub109/0014_knocking2.pkl,10608,walk forward,10608__seg02__005.120_007.400__walk_forward.mp4,5.120000,7.400000,5120,7400,5.144099,7.400000,5144,7400,39,derived_join_of_final_training_membership_and_human_reviewed_babel_segment
walk_forward,BioMotionLab_NTroje/rub112/0014_knocking2.pkl,12629,walk forward,12629__seg00__000.000_001.231__walk_forward.mp4,0.000000,1.231000,0,1231,0.000000,1.209474,0,1209,14,derived_join_of_final_training_membership_and_human_reviewed_babel_segment
walk_forward,BioMotionLab_NTroje/rub112/0014_knocking2.pkl,12629,walk forward,12629__seg01__007.398_008.600__walk_forward.mp4,7.398000,8.600000,7398,8600,7.432281,8.600000,7432,8600,13,derived_join_of_final_training_membership_and_human_reviewed_babel_segment
walk_forward,BioMotionLab_NTroje/rub114/0015_sitting1.pkl,9127,walk forward,09127__seg00__000.000_000.836__walk_forward.mp4,0.000000,0.836000,0,836,0.000000,0.834081,0,834,5,derived_join_of_final_training_membership_and_human_reviewed_babel_segment
walk_forward,BioMotionLab_NTroje/rub114/0019_lifting_heavy1.pkl,12496,walk forward,12496__seg01__005.169_006.034__walk_forward.mp4,5.169000,6.034000,5169,6034,5.195729,6.030000,5196,6030,5,derived_join_of_final_training_membership_and_human_reviewed_babel_segment
walk_forward,BioMotionLab_NTroje/rub115/0018_lifting_light2.pkl,12660,walk forward,12660__seg01__004.228_004.900__walk_forward.mp4,4.228000,4.900000,4228,4900,4.233333,4.900000,4233,4900,1,derived_join_of_final_training_membership_and_human_reviewed_babel_segment
walk_forward,CMU/01/01_08.pkl,9086,walk forward,09086__seg01__020.898_021.767__walk_forward.mp4,20.898000,21.767000,20898,21767,20.936178,21.728211,20936,21728,4,derived_join_of_final_training_membership_and_human_reviewed_babel_segment
walk_forward,CMU/105/105_30.pkl,4575,walk forward,04575__seg00__005.023_013.231__walk_forward.mp4,5.023000,13.231000,5023,13231,5.050578,13.230502,5051,13231,181,derived_join_of_final_training_membership_and_human_reviewed_babel_segment
walk_forward,CMU/105/105_30.pkl,4575,walk forward,04575__seg01__015.877_023.252__walk_forward.mp4,15.877000,23.252000,15877,23252,15.903061,23.248178,15903,23248,161,derived_join_of_final_training_membership_and_human_reviewed_babel_segment
walk_forward,CMU/108/108_11.pkl,11266,walk forward,11266__seg00__000.836_002.034__walk_forward.mp4,0.836000,2.034000,836,2034,0.852083,2.030000,852,2030,13,derived_join_of_final_training_membership_and_human_reviewed_babel_segment
walk_forward,CMU/122/122_27.pkl,10786,walk forward,10786__seg00__001.660_003.800__walk_forward.mp4,1.660000,3.800000,1660,3800,1.674074,3.763704,1674,3764,35,derived_join_of_final_training_membership_and_human_reviewed_babel_segment
walk_forward,CMU/122/122_36.pkl,8616,walk forward,08616__seg00__001.760_004.100__walk_forward.mp4,1.760000,4.100000,1760,4100,1.799711,4.098673,1800,4099,40,derived_join_of_final_training_membership_and_human_reviewed_babel_segment
walk_forward,CMU/122/122_36.pkl,8616,walk forward,08616__seg01__005.600_007.687__walk_forward.mp4,5.600000,7.687000,5600,7687,5.608401,7.656241,5608,7656,34,derived_join_of_final_training_membership_and_human_reviewed_babel_segment
walk_forward,CMU/136/136_24.pkl,11640,walk forward,11640__seg00__001.601_008.967__walk_forward.mp4,1.601000,8.967000,1601,8967,1.635505,8.928064,1636,8928,159,derived_join_of_final_training_membership_and_human_reviewed_babel_segment
walk_forward,CMU/141/141_26.pkl,4956,walk forward,04956__seg00__000.000_002.080__walk_forward.mp4,0.000000,2.080000,0,2080,0.000000,2.010516,0,2011,17,derived_join_of_final_training_membership_and_human_reviewed_babel_segment
walk_forward,CMU/142/142_08.pkl,4064,walk forward,04064__seg00__002.065_005.836__walk_forward.mp4,2.065000,5.836000,2065,5836,2.087571,5.802090,2088,5802,74,derived_join_of_final_training_membership_and_human_reviewed_babel_segment
walk_forward,CMU/142/142_08.pkl,4064,walk forward,04064__seg01__012.461_016.690__walk_forward.mp4,12.461000,16.690000,12461,16690,12.483672,16.657458,12484,16657,85,derived_join_of_final_training_membership_and_human_reviewed_babel_segment
walk_forward,CMU/15/15_03.pkl,8002,walk forward,08002__seg00__000.000_003.919__walk_forward.mp4,0.000000,3.919000,0,3919,0.000000,3.918492,0,3918,79,derived_join_of_final_training_membership_and_human_reviewed_babel_segment
walk_forward,CMU/15/15_03.pkl,8002,walk forward,08002__seg01__005.231_011.669__walk_forward.mp4,5.231000,11.669000,5231,11669,5.252948,11.631154,5253,11631,138,derived_join_of_final_training_membership_and_human_reviewed_babel_segment
walk_forward,CMU/15/15_03.pkl,8002,walk forward,08002__seg02__012.933_018.287__walk_forward.mp4,12.933000,18.287000,12933,18287,12.965610,18.259874,12966,18260,112,derived_join_of_final_training_membership_and_human_reviewed_babel_segment
walk_forward,CMU/15/15_03.pkl,8002,walk forward,08002__seg03__019.544_024.690__walk_forward.mp4,19.544000,24.690000,19544,24690,19.552641,24.680144,19553,24680,108,derived_join_of_final_training_membership_and_human_reviewed_babel_segment
walk_forward,CMU/15/15_03.pkl,8002,walk forward,08002__seg04__026.068_031.148__walk_forward.mp4,26.068000,31.148000,26068,31148,26.097981,31.142105,26098,31142,106,derived_join_of_final_training_membership_and_human_reviewed_babel_segment
walk_forward,CMU/15/15_03.pkl,8002,walk forward,08002__seg05__032.773_038.231__walk_forward.mp4,32.773000,38.231000,32773,38231,32.810082,38.229416,32810,38229,115,derived_join_of_final_training_membership_and_human_reviewed_babel_segment
walk_forward,CMU/15/15_03.pkl,8002,walk forward,08002__seg06__040.023_045.398__walk_forward.mp4,40.023000,45.398000,40023,45398,40.064153,45.358417,40064,45358,112,derived_join_of_final_training_membership_and_human_reviewed_babel_segment
walk_forward,CMU/15/15_03.pkl,8002,walk forward,08002__seg07__046.817_051.981__walk_forward.mp4,46.817000,51.981000,46817,51981,46.817944,51.945447,46818,51945,108,derived_join_of_final_training_membership_and_human_reviewed_babel_segment
walk_forward,CMU/15/15_03.pkl,8002,walk forward,08002__seg08__057.583_058.583__walk_forward.mp4,57.583000,58.583000,57583,58583,57.615671,58.574168,57616,58574,8,derived_join_of_final_training_membership_and_human_reviewed_babel_segment
walk_forward,CMU/15/15_03.pkl,8002,walk forward,08002__seg09__066.939_067.773__walk_forward.mp4,66.939000,67.773000,66939,67773,66.954245,67.745982,66954,67746,4,derived_join_of_final_training_membership_and_human_reviewed_babel_segment
walk_forward,CMU/15/15_03.pkl,8002,walk forward,08002__seg10__072.486_077.544__walk_forward.mp4,72.486000,77.544000,72486,77544,72.499024,77.543147,72499,77543,106,derived_join_of_final_training_membership_and_human_reviewed_babel_segment
walk_forward,CMU/15/15_03.pkl,8002,walk forward,08002__seg11__078.372_079.586__walk_forward.mp4,78.372000,79.586000,78372,79586,78.377323,79.585961,78377,79586,14,derived_join_of_final_training_membership_and_human_reviewed_babel_segment
walk_forward,CMU/15/15_03.pkl,8002,walk forward,08002__seg12__089.294_090.606__walk_forward.mp4,89.294000,90.606000,89294,90606,89.300120,90.592138,89300,90592,16,derived_join_of_final_training_membership_and_human_reviewed_babel_segment
walk_forward,CMU/15/15_03.pkl,8002,walk forward,08002__seg13__096.023_099.794__walk_forward.mp4,96.023000,99.794000,96023,99794,96.053911,99.763952,96054,99764,74,derived_join_of_final_training_membership_and_human_reviewed_babel_segment
walk_forward,CMU/15/15_09.pkl,5999,walk forward,05999__seg00__000.000_003.408__walk_forward.mp4,0.000000,3.408000,0,3408,0.000000,3.376947,0,3377,66,derived_join_of_final_training_membership_and_human_reviewed_babel_segment
walk_forward,CMU/15/15_09.pkl,5999,walk forward,05999__seg01__012.314_018.041__walk_forward.mp4,12.314000,18.041000,12314,18041,12.342199,18.012460,12342,18012,121,derived_join_of_final_training_membership_and_human_reviewed_babel_segment
walk_forward,CMU/15/15_09.pkl,5999,walk forward,05999__seg02__028.464_033.810__walk_forward.mp4,28.464000,33.810000,28464,33810,28.478791,33.773783,28479,33774,112,derived_join_of_final_training_membership_and_human_reviewed_babel_segment
walk_forward,CMU/15/15_09.pkl,5999,walk forward,05999__seg03__056.711_061.669__walk_forward.mp4,56.711000,61.669000,56711,61669,56.749099,61.668821,56749,61669,103,derived_join_of_final_training_membership_and_human_reviewed_babel_segment
walk_forward,CMU/15/15_10.pkl,10078,walk forward,10078__seg00__000.940_002.760__walk_forward.mp4,0.940000,2.760000,940,2760,0.959753,2.753086,960,2753,28,derived_join_of_final_training_membership_and_human_reviewed_babel_segment
walk_forward,CMU/15/15_10.pkl,10078,walk forward,10078__seg01__012.420_013.680__walk_forward.mp4,12.420000,13.680000,12420,13680,12.435062,13.644198,12435,13644,14,derived_join_of_final_training_membership_and_human_reviewed_babel_segment
walk_forward,CMU/18_19_rory/18_07.pkl,6494,walk forward,06494__seg00__000.000_000.961__walk_forward.mp4,0.000000,0.961000,0,961,0.000000,0.960556,0,961,8,derived_join_of_final_training_membership_and_human_reviewed_babel_segment
walk_forward,CMU/22_23_justin/22_01.pkl,6957,walk forward,06957__seg00__000.000_000.709__walk_forward.mp4,0.000000,0.709000,0,709,0.000000,0.708548,0,709,2,derived_join_of_final_training_membership_and_human_reviewed_babel_segment
walk_forward,CMU/36/36_06.pkl,6846,walk forward,06846__seg01__006.502_007.961__walk_forward.mp4,6.502000,7.961000,6502,7961,6.502385,7.919327,6502,7919,19,derived_join_of_final_training_membership_and_human_reviewed_babel_segment
walk_forward,CMU/36/36_06.pkl,6846,walk forward,06846__seg02__015.231_016.481__walk_forward.mp4,15.231000,16.481000,15231,16481,15.255596,16.464128,15256,16464,14,derived_join_of_final_training_membership_and_human_reviewed_babel_segment
walk_forward,CMU/36/36_06.pkl,6846,walk forward,06846__seg03__018.481_020.273__walk_forward.mp4,18.481000,20.273000,18481,20273,18.506789,20.257187,18507,20257,27,derived_join_of_final_training_membership_and_human_reviewed_babel_segment
walk_forward,CMU/36/36_09.pkl,6374,walk forward,06374__seg00__000.356_007.690__walk_forward.mp4,0.356000,7.690000,356,7690,0.375650,7.678809,376,7679,160,derived_join_of_final_training_membership_and_human_reviewed_babel_segment
walk_forward,CMU/36/36_09.pkl,6374,walk forward,06374__seg01__009.544_017.752__walk_forward.mp4,9.544000,17.752000,9544,17752,9.558217,17.737893,9558,17738,181,derived_join_of_final_training_membership_and_human_reviewed_babel_segment
walk_forward,CMU/36/36_09.pkl,6374,walk forward,06374__seg02__019.669_024.002__walk_forward.mp4,19.669000,24.002000,19669,24002,19.700780,23.998734,19701,23999,88,derived_join_of_final_training_membership_and_human_reviewed_babel_segment
walk_forward,CMU/36/36_09.pkl,6374,walk forward,06374__seg03__026.856_031.190__walk_forward.mp4,26.856000,31.190000,26856,31190,26.879877,31.177832,26880,31178,88,derived_join_of_final_training_membership_and_human_reviewed_babel_segment
walk_forward,CMU/36/36_12.pkl,11047,walk forward,11047__seg00__001.044_003.273__walk_forward.mp4,1.044000,3.273000,1044,3273,1.085163,3.254363,1085,3254,37,derived_join_of_final_training_membership_and_human_reviewed_babel_segment
walk_forward,CMU/36/36_12.pkl,11047,walk forward,11047__seg01__005.940_007.002__walk_forward.mp4,5.940000,7.002000,5940,7002,5.968396,6.968959,5968,6969,9,derived_join_of_final_training_membership_and_human_reviewed_babel_segment
walk_forward,CMU/36/36_12.pkl,11047,walk forward,11047__seg02__007.877_008.565__walk_forward.mp4,7.877000,8.565000,7877,8565,7.888300,8.554967,7888,8555,1,derived_join_of_final_training_membership_and_human_reviewed_babel_segment
walk_forward,CMU/36/36_12.pkl,11047,walk forward,11047__seg03__010.648_012.190__walk_forward.mp4,10.648000,12.190000,10648,12190,10.684681,12.186089,10685,12186,21,derived_join_of_final_training_membership_and_human_reviewed_babel_segment
walk_forward,CMU/36/36_12.pkl,11047,walk forward,11047__seg04__018.861_020.433__walk_forward.mp4,18.861000,20.433000,18861,20433,18.865141,20.408285,18865,20408,22,derived_join_of_final_training_membership_and_human_reviewed_babel_segment
walk_forward,CMU/36/36_12.pkl,11047,walk forward,11047__seg05__024.897_026.504__walk_forward.mp4,24.897000,26.504000,24897,26504,24.917011,26.501893,24917,26502,23,derived_join_of_final_training_membership_and_human_reviewed_babel_segment
walk_forward,CMU/36/36_12.pkl,11047,walk forward,11047__seg07__032.326_033.826__walk_forward.mp4,32.326000,33.826000,32326,33826,32.346204,33.805874,32346,33806,20,derived_join_of_final_training_membership_and_human_reviewed_babel_segment
walk_forward,CMU/36/36_16.pkl,5069,walk forward,05069__seg00__003.502_004.877__walk_forward.mp4,3.502000,4.877000,3502,4877,3.504548,4.838747,3505,4839,17,derived_join_of_final_training_membership_and_human_reviewed_babel_segment
walk_forward,CMU/36/36_16.pkl,5069,walk forward,05069__seg01__010.669_013.294__walk_forward.mp4,10.669000,13.294000,10669,13294,10.680526,13.266350,10681,13266,47,derived_join_of_final_training_membership_and_human_reviewed_babel_segment
walk_forward,CMU/36/36_16.pkl,5069,walk forward,05069__seg02__017.211_018.294__walk_forward.mp4,17.211000,18.294000,17211,18294,17.230692,18.272846,17231,18273,10,derived_join_of_final_training_membership_and_human_reviewed_babel_segment
walk_forward,CMU/36/36_16.pkl,5069,walk forward,05069__seg03__019.294_021.169__walk_forward.mp4,19.294000,21.169000,19294,21169,19.316732,21.151582,19317,21152,29,derived_join_of_final_training_membership_and_human_reviewed_babel_segment
walk_forward,CMU/36/36_16.pkl,5069,walk forward,05069__seg05__033.877_035.502__walk_forward.mp4,33.877000,35.502000,33877,35502,33.877293,35.461817,33877,35462,23,derived_join_of_final_training_membership_and_human_reviewed_babel_segment
walk_forward,CMU/36/36_17.pkl,10817,walk forward,10817__seg04__020.190_021.440__walk_forward.mp4,20.190000,21.440000,20190,21440,20.230078,21.438994,20230,21439,14,derived_join_of_final_training_membership_and_human_reviewed_babel_segment
walk_forward,CMU/36/36_20.pkl,10668,walk forward,10668__seg02__018.148_019.731__walk_forward.mp4,18.148000,19.731000,18148,19731,18.156679,19.699875,18157,19700,22,derived_join_of_final_training_membership_and_human_reviewed_babel_segment
walk_forward,CMU/36/36_27.pkl,11418,walk forward,11418__seg03__025.298_027.843__walk_forward.mp4,25.298000,27.843000,25298,27843,25.309884,27.811204,25310,27811,45,derived_join_of_final_training_membership_and_human_reviewed_babel_segment
walk_forward,CMU/38/38_04.pkl,5649,walk forward,05649__seg00__000.000_002.570__walk_forward.mp4,0.000000,2.570000,0,2570,0.000000,2.542018,0,2542,46,derived_join_of_final_training_membership_and_human_reviewed_babel_segment
walk_forward,CMU/38/38_04.pkl,5649,walk forward,05649__seg03__024.445_027.507__walk_forward.mp4,24.445000,27.507000,24445,27507,24.462910,27.505021,24463,27505,58,derived_join_of_final_training_membership_and_human_reviewed_babel_segment
walk_forward,CMU/38/38_04.pkl,5649,walk forward,05649__seg04__033.695_037.007__walk_forward.mp4,33.695000,37.007000,33695,37007,33.714641,37.006799,33715,37007,64,derived_join_of_final_training_membership_and_human_reviewed_babel_segment
walk_forward,CMU/38/38_04.pkl,5649,walk forward,05649__seg05__042.007_046.382__walk_forward.mp4,42.007000,46.382000,42007,46382,42.007860,46.341879,42008,46342,89,derived_join_of_final_training_membership_and_human_reviewed_babel_segment
walk_forward,CMU/38/38_04.pkl,5649,walk forward,05649__seg06__052.132_055.257__walk_forward.mp4,52.132000,55.257000,52132,55257,52.134754,55.218540,52135,55219,59,derived_join_of_final_training_membership_and_human_reviewed_babel_segment
walk_forward,CMU/38/38_04.pkl,5649,walk forward,05649__seg07__063.195_066.320__walk_forward.mp4,63.195000,66.320000,63195,66320,63.220162,66.303947,63220,66304,59,derived_join_of_final_training_membership_and_human_reviewed_babel_segment
walk_forward,CMU/40/40_03.pkl,12775,walk forward,12775__seg00__000.000_001.920__walk_forward.mp4,0.000000,1.920000,0,1920,0.000000,1.917363,0,1917,31,derived_join_of_final_training_membership_and_human_reviewed_babel_segment
walk_forward,CMU/40/40_03.pkl,12775,walk forward,12775__seg01__003.320_005.260__walk_forward.mp4,3.320000,5.260000,3320,5260,3.335190,5.252553,3335,5253,31,derived_join_of_final_training_membership_and_human_reviewed_babel_segment
walk_forward,CMU/40/40_03.pkl,12775,walk forward,12775__seg02__006.480_009.300__walk_forward.mp4,6.480000,9.300000,6480,9300,6.503620,9.296470,6504,9296,52,derived_join_of_final_training_membership_and_human_reviewed_babel_segment
walk_forward,CMU/40/40_03.pkl,12775,walk forward,12775__seg03__009.800_012.140__walk_forward.mp4,9.800000,12.140000,9800,12140,9.838810,12.131381,9839,12131,40,derived_join_of_final_training_membership_and_human_reviewed_babel_segment
walk_forward,CMU/40/40_03.pkl,12775,walk forward,12775__seg04__015.060_016.757__walk_forward.mp4,15.060000,16.757000,15060,16757,15.091734,16.717267,15092,16717,24,derived_join_of_final_training_membership_and_human_reviewed_babel_segment
walk_forward,CMU/40/40_03.pkl,12775,walk forward,12775__seg05__018.357_020.557__walk_forward.mp4,18.357000,20.557000,18357,20557,18.385233,20.552735,18385,20553,37,derived_join_of_final_training_membership_and_human_reviewed_babel_segment
walk_forward,CMU/40/40_03.pkl,12775,walk forward,12775__seg07__026.737_028.957__walk_forward.mp4,26.737000,28.957000,26737,28957,26.764898,28.932400,26765,28932,37,derived_join_of_final_training_membership_and_human_reviewed_babel_segment
walk_forward,CMU/40/40_03.pkl,12775,walk forward,12775__seg08__031.537_033.376__walk_forward.mp4,31.537000,33.376000,31537,33376,31.559233,33.351526,31559,33352,28,derived_join_of_final_training_membership_and_human_reviewed_babel_segment
walk_forward,CMU/40/40_03.pkl,12775,walk forward,12775__seg09__033.836_035.856__walk_forward.mp4,33.836000,35.856000,33836,35856,33.852176,35.852918,33852,35853,33,derived_join_of_final_training_membership_and_human_reviewed_babel_segment
walk_forward,CMU/40/40_03.pkl,12775,walk forward,12775__seg10__036.596_038.956__walk_forward.mp4,36.596000,38.956000,36596,38956,36.603707,38.937969,36604,38938,41,derived_join_of_final_training_membership_and_human_reviewed_babel_segment
walk_forward,CMU/40/40_03.pkl,12775,walk forward,12775__seg11__041.736_043.336__walk_forward.mp4,41.736000,43.336000,41736,43336,41.773251,43.315405,41773,43315,22,derived_join_of_final_training_membership_and_human_reviewed_babel_segment
walk_forward,CMU/40/40_03.pkl,12775,walk forward,12775__seg12__045.456_047.451__walk_forward.mp4,45.456000,47.451000,45456,47451,45.483650,47.442703,45484,47443,32,derived_join_of_final_training_membership_and_human_reviewed_babel_segment
walk_forward,CMU/40/40_03.pkl,12775,walk forward,12775__seg13__048.411_049.887__walk_forward.mp4,48.411000,49.887000,48411,49887,48.443631,49.860715,48444,49861,19,derived_join_of_final_training_membership_and_human_reviewed_babel_segment
walk_forward,CMU/40/40_04.pkl,2099,walk forward,02099__seg00__000.940_003.023__walk_forward.mp4,0.940000,3.023000,940,3023,0.959223,3.002167,959,3002,34,derived_join_of_final_training_membership_and_human_reviewed_babel_segment
walk_forward,CMU/40/40_04.pkl,2099,walk forward,02099__seg01__006.919_009.669__walk_forward.mp4,6.919000,9.669000,6919,9669,6.923090,9.633319,6923,9633,50,derived_join_of_final_training_membership_and_human_reviewed_babel_segment
walk_forward,CMU/40/40_04.pkl,2099,walk forward,02099__seg02__012.794_013.627__walk_forward.mp4,12.794000,13.627000,12794,13627,12.803545,13.595328,12804,13595,4,derived_join_of_final_training_membership_and_human_reviewed_babel_segment
walk_forward,CMU/40/40_04.pkl,2099,walk forward,02099__seg03__017.211_019.544__walk_forward.mp4,17.211000,19.544000,17211,19544,17.224314,19.517489,17224,19517,40,derived_join_of_final_training_membership_and_human_reviewed_babel_segment
walk_forward,CMU/40/40_04.pkl,2099,walk forward,02099__seg07__036.065_038.044__walk_forward.mp4,36.065000,38.044000,36065,38044,36.075136,38.034669,36075,38035,32,derived_join_of_final_training_membership_and_human_reviewed_babel_segment
walk_forward,CMU/40/40_08.pkl,11969,walk forward,11969__seg02__047.156_047.990__walk_forward.mp4,47.156000,47.990000,47156,47990,47.159273,47.951030,47159,47951,4,derived_join_of_final_training_membership_and_human_reviewed_babel_segment
walk_forward,CMU/45/45_01.pkl,6246,walk forward,06246__seg00__000.000_001.909__walk_forward.mp4,0.000000,1.909000,0,1909,0.000000,1.878222,0,1878,30,derived_join_of_final_training_membership_and_human_reviewed_babel_segment
walk_forward,CMU/45/45_01.pkl,6246,walk forward,06246__seg01__002.449_003.800__walk_forward.mp4,2.449000,3.800000,2449,3800,2.464889,3.800000,2465,3800,17,derived_join_of_final_training_membership_and_human_reviewed_babel_segment
walk_forward,CMU/46/46_01.pkl,13202,walk forward,13202__seg01__002.120_002.820__walk_forward.mp4,2.120000,2.820000,2120,2820,2.127383,2.794050,2127,2794,1,derived_join_of_final_training_membership_and_human_reviewed_babel_segment
walk_forward,CMU/46/46_01.pkl,13202,walk forward,13202__seg02__003.440_005.134__walk_forward.mp4,3.440000,5.134000,3440,5134,3.462212,5.130000,3462,5130,25,derived_join_of_final_training_membership_and_human_reviewed_babel_segment
walk_forward,CMU/49/49_07.pkl,3710,walk forward,03710__seg00__003.098_003.934__walk_forward.mp4,3.098000,3.934000,3098,3934,3.137821,3.930000,3138,3930,4,derived_join_of_final_training_membership_and_human_reviewed_babel_segment
walk_forward,CMU/56/56_04.pkl,7280,walk forward,07280__seg00__020.682_022.504__walk_forward.mp4,20.682000,22.504000,20682,22504,20.717627,22.468113,20718,22468,27,derived_join_of_final_training_membership_and_human_reviewed_babel_segment
walk_forward,CMU/56/56_05.pkl,8063,walk forward,08063__seg00__006.005_010.380__walk_forward.mp4,6.005000,10.380000,6005,10380,6.045487,10.339446,6045,10339,88,derived_join_of_final_training_membership_and_human_reviewed_babel_segment
walk_forward,CMU/56/56_05.pkl,8063,walk forward,08063__seg01__017.796_020.130__walk_forward.mp4,17.796000,20.130000,17796,20130,17.802916,20.095611,17803,20096,40,derived_join_of_final_training_membership_and_human_reviewed_babel_segment
walk_forward,CMU/56/56_05.pkl,8063,walk forward,08063__seg02__022.213_023.671__walk_forward.mp4,22.213000,23.671000,22213,23671,22.222376,23.639517,22222,23640,19,derived_join_of_final_training_membership_and_human_reviewed_babel_segment
walk_forward,CMU/56/56_05.pkl,8063,walk forward,08063__seg04__029.380_030.505__walk_forward.mp4,29.380000,30.505000,29380,30505,29.393574,30.477171,29394,30477,11,derived_join_of_final_training_membership_and_human_reviewed_babel_segment
walk_forward,CMU/56/56_05.pkl,8063,walk forward,08063__seg10__057.046_061.334__walk_forward.mp4,57.046000,61.334000,57046,61334,57.077734,61.330000,57078,61330,87,derived_join_of_final_training_membership_and_human_reviewed_babel_segment
walk_forward,CMU/56/56_06.pkl,9825,walk forward,09825__seg02__033.403_034.863__walk_forward.mp4,33.403000,34.863000,33403,34863,33.434622,34.851692,33435,34852,19,derived_join_of_final_training_membership_and_human_reviewed_babel_segment
walk_forward,CMU/73/73_10.pkl,359,walk forward,00359__seg00__002.961_006.667__walk_forward.mp4,2.961000,6.667000,2961,6667,2.980676,6.628019,2981,6628,72,derived_join_of_final_training_membership_and_human_reviewed_babel_segment
walk_forward,CMU/82/82_09.pkl,3350,walk forward,03350__seg00__005.966_010.147__walk_forward.mp4,5.966000,10.147000,5966,10147,5.970152,10.143760,5970,10144,85,derived_join_of_final_training_membership_and_human_reviewed_babel_segment
walk_forward,CMU/83/83_28.pkl,8427,walk forward,08427__seg00__000.877_003.315__walk_forward.mp4,0.877000,3.315000,877,3315,0.877471,3.299078,877,3299,43,derived_join_of_final_training_membership_and_human_reviewed_babel_segment
walk_forward,CMU/83/83_36.pkl,10012,walk forward,10012__seg01__005.680_007.880__walk_forward.mp4,5.680000,7.880000,5680,7880,5.692109,7.865510,5692,7866,37,derived_join_of_final_training_membership_and_human_reviewed_babel_segment
walk_forward,CMU/86/86_03.pkl,706,walk forward,00706__seg01__004.320_007.180__walk_forward.mp4,4.320000,7.180000,4320,7180,4.335208,7.169479,4335,7169,53,derived_join_of_final_training_membership_and_human_reviewed_babel_segment
walk_forward,CMU/86/86_03.pkl,706,walk forward,00706__seg02__021.940_024.480__walk_forward.mp4,21.940000,24.480000,21940,24480,21.967835,24.468628,21968,24469,45,derived_join_of_final_training_membership_and_human_reviewed_babel_segment
walk_forward,CMU/86/86_03.pkl,706,walk forward,00706__seg03__059.000_061.140__walk_forward.mp4,59.000000,61.140000,59000,61140,59.025529,61.109475,59026,61109,35,derived_join_of_final_training_membership_and_human_reviewed_babel_segment
walk_forward,CMU/86/86_03.pkl,706,walk forward,00706__seg04__064.160_067.260__walk_forward.mp4,64.160000,67.260000,64160,67260,64.194431,67.237125,64194,67237,58,derived_join_of_final_training_membership_and_human_reviewed_babel_segment
walk_forward,CMU/90/90_23.pkl,11006,walk forward,11006__seg00__002.229_007.023__walk_forward.mp4,2.229000,7.023000,2229,7023,2.256109,7.017195,2256,7017,99,derived_join_of_final_training_membership_and_human_reviewed_babel_segment
walk_forward,CMU/91/91_10.pkl,4477,walk forward,04477__seg00__002.752_012.752__walk_forward.mp4,2.752000,12.752000,2752,12752,2.755696,12.733274,2756,12733,224,derived_join_of_final_training_membership_and_human_reviewed_babel_segment
walk_forward,CMU/91/91_10.pkl,4477,walk forward,04477__seg01__016.106_024.315__walk_forward.mp4,16.106000,24.315000,16106,24315,16.116645,24.298846,16117,24299,181,derived_join_of_final_training_membership_and_human_reviewed_babel_segment
walk_forward,CMU/91/91_57.pkl,7332,walk forward,07332__seg00__001.815_007.461__walk_forward.mp4,1.815000,7.461000,1815,7461,1.841035,7.445023,1841,7445,119,derived_join_of_final_training_membership_and_human_reviewed_babel_segment
walk_forward,CMU/93/93_07.pkl,3999,walk forward,03999__seg00__000.000_003.934__walk_forward.mp4,0.000000,3.934000,0,3934,0.000000,3.930000,0,3930,40,derived_join_of_final_training_membership_and_human_reviewed_babel_segment
walk_forward,EKUT/234/SLPD102.pkl,3176,walk forward,03176__seg00__000.919_002.867__walk_forward.mp4,0.919000,2.867000,919,2867,0.951439,2.819924,951,2820,25,derived_join_of_final_training_membership_and_human_reviewed_babel_segment
walk_forward,EKUT/234/WSTR02.pkl,9870,walk forward,09870__seg00__001.593_004.634__walk_forward.mp4,1.593000,4.634000,1593,4634,1.634875,4.630000,1635,4630,48,derived_join_of_final_training_membership_and_human_reviewed_babel_segment
walk_forward,EKUT/234/WSTR03.pkl,11262,walk forward,11262__seg00__001.248_004.627__walk_forward.mp4,1.248000,4.627000,1248,4627,1.295533,4.603093,1296,4603,54,derived_join_of_final_training_membership_and_human_reviewed_babel_segment
walk_forward,EKUT/265/BEAM05.pkl,4582,walk forward,04582__seg00__001.073_001.912__walk_forward.mp4,1.073000,1.912000,1073,1912,1.092810,1.908497,1093,1908,4,derived_join_of_final_training_membership_and_human_reviewed_babel_segment
walk_forward,EKUT/265/SLP101.pkl,7270,walk forward,07270__seg00__002.701_005.500__walk_forward.mp4,2.701000,5.500000,2701,5500,2.742297,5.453221,2742,5453,42,derived_join_of_final_training_membership_and_human_reviewed_babel_segment
walk_forward,EKUT/265/SLP105.pkl,4641,walk forward,04641__seg00__001.362_003.403__walk_forward.mp4,1.362000,3.403000,1362,3403,1.393939,3.354978,1394,3355,27,derived_join_of_final_training_membership_and_human_reviewed_babel_segment
walk_forward,EKUT/300/PushBK_15.pkl,11850,walk forward,11850__seg00__000.000_000.681__walk_forward.mp4,0.000000,0.681000,0,681,0.000000,0.666667,0,667,1,derived_join_of_final_training_membership_and_human_reviewed_babel_segment
walk_forward,EKUT/300/PushBK_23.pkl,1943,walk forward,01943__seg01__000.836_003.167__walk_forward.mp4,0.836000,3.167000,836,3167,0.851133,3.119933,851,3120,33,derived_join_of_final_training_membership_and_human_reviewed_babel_segment
walk_forward,Eyes_Japan_Dataset/aita/walk-04-fast-aita.pkl,6654,walk forward,06654__seg00__026.588_027.888__walk_forward.mp4,26.588000,27.888000,26588,27888,26.621147,27.871977,26621,27872,15,derived_join_of_final_training_membership_and_human_reviewed_babel_segment
walk_forward,Eyes_Japan_Dataset/hamada/accident-01-dodge-hamada.pkl,10335,walk forward,10335__seg00__002.856_004.815__walk_forward.mp4,2.856000,4.815000,2856,4815,2.876145,4.793310,2876,4793,31,derived_join_of_final_training_membership_and_human_reviewed_babel_segment
walk_forward,Eyes_Japan_Dataset/hamada/accident-06-damage left leg-hamada.pkl,12542,walk forward,12542__seg00__002.924_003.924__walk_forward.mp4,2.924000,3.924000,2924,3924,2.960368,3.918902,2960,3919,8,derived_join_of_final_training_membership_and_human_reviewed_babel_segment
walk_forward,Eyes_Japan_Dataset/hamada/accident-06-damage left leg-hamada.pkl,12542,walk forward,12542__seg01__004.905_007.345__walk_forward.mp4,4.905000,7.345000,4905,7345,4.920048,7.337918,4920,7338,43,derived_join_of_final_training_membership_and_human_reviewed_babel_segment
walk_forward,Eyes_Japan_Dataset/hamada/accident-06-damage left leg-hamada.pkl,12542,walk forward,12542__seg02__009.581_010.448__walk_forward.mp4,9.581000,10.448000,9581,10448,9.589924,10.423372,9590,10423,5,derived_join_of_final_training_membership_and_human_reviewed_babel_segment
walk_forward,Eyes_Japan_Dataset/hamada/accident-06-damage left leg-hamada.pkl,12542,walk forward,12542__seg05__019.889_021.752__walk_forward.mp4,19.889000,21.752000,19889,21752,19.930363,21.722803,19930,21723,28,derived_join_of_final_training_membership_and_human_reviewed_babel_segment
walk_forward,Eyes_Japan_Dataset/hamada/accident-06-damage left leg-hamada.pkl,12542,walk forward,12542__seg07__025.877_027.752__walk_forward.mp4,25.877000,27.752000,25877,27752,25.892794,27.726929,25893,27727,29,derived_join_of_final_training_membership_and_human_reviewed_babel_segment
walk_forward,Eyes_Japan_Dataset/hamada/accident-09-damage leftfoot-hamada.pkl,11301,walk forward,11301__seg00__005.127_006.877__walk_forward.mp4,5.127000,6.877000,5127,6877,5.128524,6.837574,5129,6838,26,derived_join_of_final_training_membership_and_human_reviewed_babel_segment
walk_forward,Eyes_Japan_Dataset/hamada/gesture_etc-04-set 4-hamada.pkl,6094,walk forward,06094__seg00__002.586_005.461__walk_forward.mp4,2.586000,5.461000,2586,5461,2.626805,5.419933,2627,5420,52,derived_join_of_final_training_membership_and_human_reviewed_babel_segment
walk_forward,Eyes_Japan_Dataset/hamada/gesture_etc-16-dryer-hamada.pkl,2702,walk forward,02702__seg00__002.856_004.461__walk_forward.mp4,2.856000,4.461000,2856,4461,2.876977,4.460941,2877,4461,23,derived_join_of_final_training_membership_and_human_reviewed_babel_segment
walk_forward,Eyes_Japan_Dataset/hamada/gesture_etc-34-peace-hamada.pkl,6313,walk forward,06313__seg00__002.606_004.115__walk_forward.mp4,2.606000,4.115000,2606,4115,2.626805,4.085683,2627,4086,20,derived_join_of_final_training_membership_and_human_reviewed_babel_segment
walk_forward,Eyes_Japan_Dataset/hamada/gesture_etc-36-shame-hamada.pkl,11267,walk forward,11267__seg00__003.315_004.752__walk_forward.mp4,3.315000,4.752000,3315,4752,3.338075,4.714083,3338,4714,18,derived_join_of_final_training_membership_and_human_reviewed_babel_segment
walk_forward,Eyes_Japan_Dataset/hamada/gesture_etc-43-brush teeth-hamada.pkl,12702,walk forward,12702__seg00__002.940_004.148__walk_forward.mp4,2.940000,4.148000,2940,4148,2.960368,4.127378,2960,4127,13,derived_join_of_final_training_membership_and_human_reviewed_babel_segment
walk_forward,Eyes_Japan_Dataset/hamada/gesture_etc-44-wash hands-hamada.pkl,2891,walk forward,02891__seg00__003.002_004.211__walk_forward.mp4,3.002000,4.211000,3002,4211,3.002063,4.210769,3002,4211,14,derived_join_of_final_training_membership_and_human_reviewed_babel_segment
walk_forward,Eyes_Japan_Dataset/hamada/pain-01-headache-hamada.pkl,994,walk forward,00994__seg00__002.836_004.231__walk_forward.mp4,2.836000,4.231000,2836,4231,2.876977,4.210769,2877,4211,17,derived_join_of_final_training_membership_and_human_reviewed_babel_segment
walk_forward,Eyes_Japan_Dataset/hamada/pose-06-hangon-hamada.pkl,9752,walk forward,09752__seg00__002.965_003.965__walk_forward.mp4,2.965000,3.965000,2965,3965,3.002063,3.960597,3002,3961,8,derived_join_of_final_training_membership_and_human_reviewed_babel_segment
walk_forward,Eyes_Japan_Dataset/hamada/pose-07-pray cross-hamada.pkl,4155,walk forward,04155__seg00__002.707_004.717__walk_forward.mp4,2.707000,4.717000,2707,4717,2.710196,4.711113,2710,4711,33,derived_join_of_final_training_membership_and_human_reviewed_babel_segment
walk_forward,Eyes_Japan_Dataset/hamada/pose-12-body building-hamada.pkl,1593,walk forward,01593__seg01__023.105_023.959__walk_forward.mp4,23.105000,23.959000,23105,23959,23.107351,23.940857,23107,23941,5,derived_join_of_final_training_membership_and_human_reviewed_babel_segment
walk_forward,Eyes_Japan_Dataset/hamada/throw_toss-17-pass to back light-hamada.pkl,2879,walk forward,02879__seg00__002.380_004.939__walk_forward.mp4,2.380000,4.939000,2380,4939,2.418329,4.919589,2418,4920,45,derived_join_of_final_training_membership_and_human_reviewed_babel_segment
walk_forward,Eyes_Japan_Dataset/hamada/turn-01-call-hamada.pkl,13153,walk forward,13153__seg00__002.856_004.981__walk_forward.mp4,2.856000,4.981000,2856,4981,2.879090,4.964438,2879,4964,35,derived_join_of_final_training_membership_and_human_reviewed_babel_segment
walk_forward,Eyes_Japan_Dataset/ichige/soccer-31-goal-ichige.pkl,3876,walk forward,03876__seg00__020.898_021.856__walk_forward.mp4,20.898000,21.856000,20898,21856,20.931051,21.847889,20931,21848,7,derived_join_of_final_training_membership_and_human_reviewed_babel_segment
walk_forward,Eyes_Japan_Dataset/kaiwa/walk-24-listless-kaiwa.pkl,6500,walk forward,06500__seg00__003.273_007.836__walk_forward.mp4,3.273000,7.836000,3273,7836,3.293564,7.795773,3294,7796,93,derived_join_of_final_training_membership_and_human_reviewed_babel_segment
walk_forward,Eyes_Japan_Dataset/takiguchi/accident-06-damage left leg-takiguchi.pkl,11621,walk forward,11621__seg01__014.711_016.815__walk_forward.mp4,14.711000,16.815000,14711,16815,14.733562,16.777587,14734,16778,34,derived_join_of_final_training_membership_and_human_reviewed_babel_segment
walk_forward,Eyes_Japan_Dataset/takiguchi/accident-07-damage left arm-takiguchi.pkl,1122,walk forward,01122__seg00__004.260_006.003__walk_forward.mp4,4.260000,6.003000,4260,6003,4.299028,5.967410,4299,5967,25,derived_join_of_final_training_membership_and_human_reviewed_babel_segment
walk_forward,Eyes_Japan_Dataset/takiguchi/walk-28-look up-takiguchi.pkl,8648,walk forward,08648__seg00__006.691_009.981__walk_forward.mp4,6.691000,9.981000,6691,9981,6.719840,9.974271,6720,9974,63,derived_join_of_final_training_membership_and_human_reviewed_babel_segment
walk_forward,Eyes_Japan_Dataset/takiguchi/walk-28-look up-takiguchi.pkl,8648,walk forward,08648__seg01__010.906_014.294__walk_forward.mp4,10.906000,14.294000,10906,14294,10.935392,14.273299,10935,14273,65,derived_join_of_final_training_membership_and_human_reviewed_babel_segment
walk_forward,Eyes_Japan_Dataset/takiguchi/walk-28-look up-takiguchi.pkl,8648,walk forward,08648__seg02__015.906_019.336__walk_forward.mp4,15.906000,19.336000,15906,19336,15.943968,19.323613,15944,19324,66,derived_join_of_final_training_membership_and_human_reviewed_babel_segment
walk_forward,Eyes_Japan_Dataset/takiguchi/walk-28-look up-takiguchi.pkl,8648,walk forward,08648__seg03__020.859_023.856__walk_forward.mp4,20.859000,23.856000,20859,23856,20.869068,23.831332,20869,23831,56,derived_join_of_final_training_membership_and_human_reviewed_babel_segment
walk_forward,Eyes_Japan_Dataset/takiguchi/walk-29-look down-takiguchi.pkl,434,walk forward,00434__seg00__006.002_008.690__walk_forward.mp4,6.002000,8.690000,6002,8690,6.010292,8.680389,6010,8680,49,derived_join_of_final_training_membership_and_human_reviewed_babel_segment
walk_forward,Eyes_Japan_Dataset/takiguchi/walk-29-look down-takiguchi.pkl,434,walk forward,00434__seg01__009.877_012.877__walk_forward.mp4,9.877000,12.877000,9877,12877,9.891938,12.854202,9892,12854,56,derived_join_of_final_training_membership_and_human_reviewed_babel_segment
walk_forward,Eyes_Japan_Dataset/takiguchi/walk-29-look down-takiguchi.pkl,434,walk forward,00434__seg02__014.356_017.086__walk_forward.mp4,14.356000,17.086000,14356,17086,14.357919,17.069754,14358,17070,50,derived_join_of_final_training_membership_and_human_reviewed_babel_segment
walk_forward,Eyes_Japan_Dataset/takiguchi/walk-29-look down-takiguchi.pkl,434,walk forward,00434__seg03__018.606_022.127__walk_forward.mp4,18.606000,22.127000,18606,22127,18.615209,22.120069,18615,22120,69,derived_join_of_final_training_membership_and_human_reviewed_babel_segment
walk_forward,KIT/11/WalkingStraightForwards08.pkl,7373,walk forward,07373__seg00__000.690_004.800__walk_forward.mp4,0.690000,4.800000,690,4800,0.697189,4.800000,697,4800,70,derived_join_of_final_training_membership_and_human_reviewed_babel_segment
walk_forward,KIT/12/RightTurn02.pkl,7668,walk forward,07668__seg00__001.711_004.877__walk_forward.mp4,1.711000,4.877000,1711,4877,1.750678,4.868295,1751,4868,50,derived_join_of_final_training_membership_and_human_reviewed_babel_segment
walk_forward,KIT/12/RightTurn02.pkl,7668,walk forward,07668__seg01__008.020_008.962__walk_forward.mp4,8.020000,8.962000,8020,8962,8.053120,8.919864,8053,8920,5,derived_join_of_final_training_membership_and_human_reviewed_babel_segment
walk_forward,KIT/1297/wipe05.pkl,1865,walk forward,01865__seg00__001.815_003.065__walk_forward.mp4,1.815000,3.065000,1815,3065,1.845447,3.060761,1845,3061,12,derived_join_of_final_training_membership_and_human_reviewed_babel_segment
walk_forward,KIT/1346/Experiment3_subject1346_wash_leg_position_smallcircles_02.pkl,3281,walk forward,03281__seg01__027.273_028.815__walk_forward.mp4,27.273000,28.815000,27273,28815,27.303095,28.769853,27303,28770,17,derived_join_of_final_training_membership_and_human_reviewed_babel_segment
walk_forward,KIT/1346/Experiment3_subject1346_wash_leg_position_vertical_02.pkl,1750,walk forward,01750__seg00__003.773_005.294__walk_forward.mp4,3.773000,5.294000,3773,5294,3.794801,5.260373,3795,5260,17,derived_join_of_final_training_membership_and_human_reviewed_babel_segment
walk_forward,KIT/1347/Experiment3_subject1347_wash_leg_position_smallcircles_01.pkl,7743,walk forward,07743__seg00__005.127_006.836__walk_forward.mp4,5.127000,6.836000,5127,6836,5.144312,6.809874,5144,6810,21,derived_join_of_final_training_membership_and_human_reviewed_babel_segment
walk_forward,KIT/1347/Experiment3a_subject1347_back_01.pkl,9418,walk forward,09418__seg00__005.169_007.086__walk_forward.mp4,5.169000,7.086000,5169,7086,5.196741,7.062655,5197,7063,25,derived_join_of_final_training_membership_and_human_reviewed_babel_segment
walk_forward,KIT/167/turn_right01.pkl,8486,walk forward,08486__seg00__001.398_002.898__walk_forward.mp4,1.398000,2.898000,1398,2898,1.441425,2.853656,1441,2854,16,derived_join_of_final_training_membership_and_human_reviewed_babel_segment
walk_forward,KIT/167/turn_right01.pkl,8486,walk forward,08486__seg01__004.377_006.065__walk_forward.mp4,4.377000,6.065000,4377,6065,4.423683,6.034731,4424,6035,20,derived_join_of_final_training_membership_and_human_reviewed_babel_segment
walk_forward,KIT/167/turn_right04.pkl,11079,walk forward,11079__seg01__004.320_005.400__walk_forward.mp4,4.320000,5.400000,4320,5400,4.337391,5.353043,4337,5353,8,derived_join_of_final_training_membership_and_human_reviewed_babel_segment
walk_forward,KIT/167/turn_right05.pkl,9931,walk forward,09931__seg00__001.336_002.648__walk_forward.mp4,1.336000,2.648000,1336,2648,1.346018,2.610914,1346,2611,13,derived_join_of_final_training_membership_and_human_reviewed_babel_segment
walk_forward,KIT/183/turn_left01.pkl,6615,walk forward,06615__seg00__000.380_001.627__walk_forward.mp4,0.380000,1.627000,380,1627,0.398394,1.612851,398,1613,12,derived_join_of_final_training_membership_and_human_reviewed_babel_segment
walk_forward,KIT/183/turn_left08.pkl,6091,walk forward,06091__seg00__000.586_001.648__walk_forward.mp4,0.586000,1.648000,586,1648,0.595000,1.608750,595,1609,8,derived_join_of_final_training_membership_and_human_reviewed_babel_segment
walk_forward,KIT/183/turn_left08.pkl,6091,walk forward,06091__seg01__002.856_004.419__walk_forward.mp4,2.856000,4.419000,2856,4419,2.875833,4.385417,2876,4385,18,derived_join_of_final_training_membership_and_human_reviewed_babel_segment
walk_forward,KIT/183/turn_right03.pkl,10222,walk forward,10222__seg00__001.373_002.794__walk_forward.mp4,1.373000,2.794000,1373,2794,1.395870,2.760472,1396,2760,15,derived_join_of_final_training_membership_and_human_reviewed_babel_segment
walk_forward,KIT/183/turn_right03.pkl,10222,walk forward,10222__seg01__003.710_005.440__walk_forward.mp4,3.710000,5.440000,3710,5440,3.738938,5.402655,3739,5403,21,derived_join_of_final_training_membership_and_human_reviewed_babel_segment
walk_forward,KIT/183/turn_right08.pkl,8987,walk forward,08987__seg00__000.000_001.440__walk_forward.mp4,0.000000,1.440000,0,1440,0.000000,1.413655,0,1414,16,derived_join_of_final_training_membership_and_human_reviewed_babel_segment
walk_forward,KIT/183/walking_fast04.pkl,2631,walk forward,02631__seg00__001.891_003.901__walk_forward.mp4,1.891000,3.901000,1891,3901,1.892720,3.854406,1893,3854,27,derived_join_of_final_training_membership_and_human_reviewed_babel_segment
walk_forward,KIT/205/turn_left05.pkl,12475,walk forward,12475__seg00__001.086_002.336__walk_forward.mp4,1.086000,2.336000,1086,2336,1.092092,2.304804,1092,2305,12,derived_join_of_final_training_membership_and_human_reviewed_babel_segment
walk_forward,KIT/205/walking_medium03.pkl,6932,walk forward,06932__seg00__000.845_003.523__walk_forward.mp4,0.845000,3.523000,845,3523,0.850708,3.519042,851,3519,41,derived_join_of_final_training_membership_and_human_reviewed_babel_segment
walk_forward,KIT/291/push_recovery_front01.pkl,11496,walk forward,11496__seg00__000.690_003.065__walk_forward.mp4,0.690000,3.065000,690,3065,0.698006,3.059829,698,3060,35,derived_join_of_final_training_membership_and_human_reviewed_babel_segment
walk_forward,KIT/291/push_recovery_front10.pkl,4697,walk forward,04697__seg00__000.820_002.600__walk_forward.mp4,0.820000,2.600000,820,2600,0.847870,2.561905,848,2562,22,derived_join_of_final_training_membership_and_human_reviewed_babel_segment
walk_forward,KIT/291/push_recovery_front10.pkl,4697,walk forward,04697__seg01__004.142_006.242__walk_forward.mp4,4.142000,6.242000,4142,6242,4.189474,6.202757,4189,6203,28,derived_join_of_final_training_membership_and_human_reviewed_babel_segment
walk_forward,KIT/291/push_recovery_left07.pkl,7144,walk forward,07144__seg00__000.973_002.773__walk_forward.mp4,0.973000,2.773000,973,2773,0.993452,2.752917,993,2753,23,derived_join_of_final_training_membership_and_human_reviewed_babel_segment
walk_forward,KIT/291/push_recovery_right04.pkl,3838,walk forward,03838__seg00__001.481_002.981__walk_forward.mp4,1.481000,2.981000,1481,2981,1.492568,2.955270,1493,2955,17,derived_join_of_final_training_membership_and_human_reviewed_babel_segment
walk_forward,KIT/291/push_recovery_right04.pkl,3838,walk forward,03838__seg01__004.356_005.690__walk_forward.mp4,4.356000,5.690000,4356,5690,4.378198,5.641892,4378,5642,13,derived_join_of_final_training_membership_and_human_reviewed_babel_segment
walk_forward,KIT/3/slope_up01.pkl,5033,walk forward,05033__seg00__002.211_004.586__walk_forward.mp4,2.211000,4.586000,2211,4586,2.243243,4.554955,2243,4555,34,derived_join_of_final_training_membership_and_human_reviewed_babel_segment
walk_forward,KIT/3/slope_up08.pkl,6358,walk forward,06358__seg00__002.440_004.648__walk_forward.mp4,2.440000,4.648000,2440,4648,2.482704,4.638994,2483,4639,31,derived_join_of_final_training_membership_and_human_reviewed_babel_segment
walk_forward,KIT/3/turn_left06.pkl,1542,walk forward,01542__seg00__000.487_001.667__walk_forward.mp4,0.487000,1.667000,487,1667,0.497778,1.662222,498,1662,11,derived_join_of_final_training_membership_and_human_reviewed_babel_segment
walk_forward,KIT/3/turn_left08.pkl,7193,walk forward,07193__seg00__000.528_001.528__walk_forward.mp4,0.528000,1.528000,528,1528,0.550509,1.517454,551,1517,7,derived_join_of_final_training_membership_and_human_reviewed_babel_segment
walk_forward,KIT/3/turn_left08.pkl,7193,walk forward,07193__seg01__002.343_004.267__walk_forward.mp4,2.343000,4.267000,2343,4267,2.352176,4.219954,2352,4220,25,derived_join_of_final_training_membership_and_human_reviewed_babel_segment
walk_forward,KIT/3/turn_right02.pkl,12256,walk forward,12256__seg00__001.065_001.898__walk_forward.mp4,1.065000,1.898000,1065,1898,1.100853,1.867597,1101,1868,3,derived_join_of_final_training_membership_and_human_reviewed_babel_segment
walk_forward,KIT/3/turn_right02.pkl,12256,walk forward,12256__seg01__003.002_004.127__walk_forward.mp4,3.002000,4.127000,3002,4127,3.002326,4.119341,3002,4119,10,derived_join_of_final_training_membership_and_human_reviewed_babel_segment
walk_forward,KIT/3/turn_right06.pkl,2983,walk forward,02983__seg00__000.937_001.878__walk_forward.mp4,0.937000,1.878000,937,1878,0.938485,1.852121,938,1852,6,derived_join_of_final_training_membership_and_human_reviewed_babel_segment
walk_forward,KIT/314/step_over_gap03.pkl,4358,walk forward,04358__seg00__000.635_002.308__walk_forward.mp4,0.635000,2.308000,635,2308,0.643559,2.300315,644,2300,21,derived_join_of_final_training_membership_and_human_reviewed_babel_segment
walk_forward,KIT/314/step_over_gap06.pkl,1465,walk forward,01465__seg01__002.768_003.735__walk_forward.mp4,2.768000,3.735000,2768,3735,2.811449,3.724734,2811,3725,6,derived_join_of_final_training_membership_and_human_reviewed_babel_segment
walk_forward,KIT/314/turn_left02.pkl,1319,walk forward,01319__seg01__002.711_004.167__walk_forward.mp4,2.711000,4.167000,2711,4167,2.752619,4.119952,2753,4120,15,derived_join_of_final_training_membership_and_human_reviewed_babel_segment
walk_forward,KIT/314/turn_left08.pkl,12206,walk forward,12206__seg00__000.442_001.627__walk_forward.mp4,0.442000,1.627000,442,1627,0.445147,1.606422,445,1606,11,derived_join_of_final_training_membership_and_human_reviewed_babel_segment
walk_forward,KIT/314/turn_right08.pkl,5432,walk forward,05432__seg00__000.927_002.065__walk_forward.mp4,0.927000,2.065000,927,2065,0.945540,2.060094,946,2060,10,derived_join_of_final_training_membership_and_human_reviewed_babel_segment
walk_forward,KIT/314/turn_right08.pkl,5432,walk forward,05432__seg01__002.767_003.836__walk_forward.mp4,2.767000,3.836000,2767,3836,2.786854,3.801878,2787,3802,8,derived_join_of_final_training_membership_and_human_reviewed_babel_segment
walk_forward,KIT/314/walking_fast02.pkl,9369,walk forward,09369__seg00__002.364_005.336__walk_forward.mp4,2.364000,5.336000,2364,5336,2.401270,5.319127,2401,5319,46,derived_join_of_final_training_membership_and_human_reviewed_babel_segment
walk_forward,KIT/314/walking_fast06.pkl,6531,walk forward,06531__seg00__001.520_003.600__walk_forward.mp4,1.520000,3.600000,1520,3600,1.535427,3.588932,1535,3589,29,derived_join_of_final_training_membership_and_human_reviewed_babel_segment
walk_forward,KIT/314/walking_medium04.pkl,2689,walk forward,02689__seg00__004.336_007.065__walk_forward.mp4,4.336000,7.065000,4336,7065,4.379048,7.036190,4379,7036,41,derived_join_of_final_training_membership_and_human_reviewed_babel_segment
walk_forward,KIT/317/bend_left09.pkl,484,walk forward,00484__seg00__000.845_003.669__walk_forward.mp4,0.845000,3.669000,845,3669,0.846222,3.653333,846,3653,44,derived_join_of_final_training_membership_and_human_reviewed_babel_segment
walk_forward,KIT/317/turn_left04.pkl,4785,walk forward,04785__seg00__000.919_002.086__walk_forward.mp4,0.919000,2.086000,919,2086,0.942428,2.055507,942,2056,10,derived_join_of_final_training_membership_and_human_reviewed_babel_segment
walk_forward,KIT/317/turn_left04.pkl,4785,walk forward,04785__seg01__003.356_004.627__walk_forward.mp4,3.356000,4.627000,3356,4627,3.372899,4.585181,3373,4585,12,derived_join_of_final_training_membership_and_human_reviewed_babel_segment
walk_forward,KIT/317/turn_left07.pkl,12861,walk forward,12861__seg00__000.544_001.648__walk_forward.mp4,0.544000,1.648000,544,1648,0.545519,1.608926,546,1609,9,derived_join_of_final_training_membership_and_human_reviewed_babel_segment
walk_forward,KIT/317/turn_left10.pkl,12327,walk forward,12327__seg00__000.690_001.919__walk_forward.mp4,0.690000,1.919000,690,1919,0.694296,1.906481,694,1906,12,derived_join_of_final_training_membership_and_human_reviewed_babel_segment
walk_forward,KIT/317/turn_left10.pkl,12327,walk forward,12327__seg01__002.940_004.231__walk_forward.mp4,2.940000,4.231000,2940,4231,2.975556,4.187741,2976,4188,12,derived_join_of_final_training_membership_and_human_reviewed_babel_segment
walk_forward,KIT/317/turn_right04.pkl,720,walk forward,00720__seg00__000.565_001.898__walk_forward.mp4,0.565000,1.898000,565,1898,0.595000,1.856667,595,1857,13,derived_join_of_final_training_membership_and_human_reviewed_babel_segment
walk_forward,KIT/317/turn_right04.pkl,720,walk forward,00720__seg01__002.761_004.190__walk_forward.mp4,2.761000,4.190000,2761,4190,2.776667,4.187083,2777,4187,16,derived_join_of_final_training_membership_and_human_reviewed_babel_segment
walk_forward,KIT/317/walking_fast02.pkl,11412,walk forward,11412__seg00__001.397_004.044__walk_forward.mp4,1.397000,4.044000,1397,4044,1.444314,4.003529,1444,4004,39,derived_join_of_final_training_membership_and_human_reviewed_babel_segment
walk_forward,KIT/348/turn_left02.pkl,4515,walk forward,04515__seg00__001.523_003.002__walk_forward.mp4,1.523000,3.002000,1523,3002,1.537198,2.997257,1537,2997,17,derived_join_of_final_training_membership_and_human_reviewed_babel_segment
walk_forward,KIT/348/turn_left02.pkl,4515,walk forward,04515__seg01__004.231_005.752__walk_forward.mp4,4.231000,5.752000,4231,5752,4.264484,5.724543,4264,5725,17,derived_join_of_final_training_membership_and_human_reviewed_babel_segment
walk_forward,KIT/348/turn_right06.pkl,10175,walk forward,10175__seg00__001.252_002.794__walk_forward.mp4,1.252000,2.794000,1252,2794,1.291488,2.752917,1291,2753,17,derived_join_of_final_training_membership_and_human_reviewed_babel_segment
walk_forward,KIT/348/turn_right06.pkl,10175,walk forward,10175__seg01__003.760_005.211__walk_forward.mp4,3.760000,5.211000,3760,5211,3.775119,5.186875,3775,5187,16,derived_join_of_final_training_membership_and_human_reviewed_babel_segment
walk_forward,KIT/359/step_over_gap06.pkl,1446,walk forward,01446__seg00__001.815_003.690__walk_forward.mp4,1.815000,3.690000,1815,3690,1.844818,3.658263,1845,3658,24,derived_join_of_final_training_membership_and_human_reviewed_babel_segment
walk_forward,KIT/359/step_over_gap06.pkl,1446,walk forward,01446__seg01__005.023_006.023__walk_forward.mp4,5.023000,6.023000,5023,6023,5.035854,6.001681,5036,6002,7,derived_join_of_final_training_membership_and_human_reviewed_babel_segment
walk_forward,KIT/359/turn_right05.pkl,2248,walk forward,02248__seg00__000.606_001.752__walk_forward.mp4,0.606000,1.752000,606,1752,0.650528,1.717520,651,1718,9,derived_join_of_final_training_membership_and_human_reviewed_babel_segment
walk_forward,KIT/359/walking_slow09.pkl,9202,walk forward,09202__seg00__000.961_005.502__walk_forward.mp4,0.961000,5.502000,961,5502,0.996997,5.452252,997,5452,77,derived_join_of_final_training_membership_and_human_reviewed_babel_segment
walk_forward,KIT/378/push_recovery_back05.pkl,5822,walk forward,05822__seg00__000.572_001.544__walk_forward.mp4,0.572000,1.544000,572,1544,0.589434,1.501698,589,1502,6,derived_join_of_final_training_membership_and_human_reviewed_babel_segment
walk_forward,KIT/378/push_recovery_back07.pkl,2599,walk forward,02599__seg00__000.571_001.792__walk_forward.mp4,0.571000,1.792000,571,1792,0.592414,1.752759,592,1753,11,derived_join_of_final_training_membership_and_human_reviewed_babel_segment
walk_forward,KIT/378/push_recovery_front03.pkl,2391,walk forward,02391__seg00__000.800_002.200__walk_forward.mp4,0.800000,2.200000,800,2200,0.847658,2.162534,848,2163,14,derived_join_of_final_training_membership_and_human_reviewed_babel_segment
walk_forward,KIT/378/push_recovery_front03.pkl,2391,walk forward,02391__seg01__004.080_006.140__walk_forward.mp4,4.080000,6.140000,4080,6140,4.088705,6.101653,4089,6102,28,derived_join_of_final_training_membership_and_human_reviewed_babel_segment
walk_forward,KIT/378/push_recovery_front05.pkl,3517,walk forward,03517__seg00__000.544_002.106__walk_forward.mp4,0.544000,2.106000,544,2106,0.546849,2.058646,547,2059,18,derived_join_of_final_training_membership_and_human_reviewed_babel_segment
walk_forward,KIT/378/push_recovery_front05.pkl,3517,walk forward,03517__seg01__003.523_006.544__walk_forward.mp4,3.523000,6.544000,3523,6544,3.529661,6.532865,3530,6533,48,derived_join_of_final_training_membership_and_human_reviewed_babel_segment
walk_forward,KIT/378/push_recovery_front09.pkl,10059,walk forward,10059__seg00__001.523_002.336__walk_forward.mp4,1.523000,2.336000,1523,2336,1.541120,2.307214,1541,2307,3,derived_join_of_final_training_membership_and_human_reviewed_babel_segment
walk_forward,KIT/378/push_recovery_front09.pkl,10059,walk forward,10059__seg01__004.127_006.086__walk_forward.mp4,4.127000,6.086000,4127,6086,4.175937,6.085443,4176,6085,26,derived_join_of_final_training_membership_and_human_reviewed_babel_segment
walk_forward,KIT/378/push_recovery_left01.pkl,10859,walk forward,10859__seg00__000.000_001.898__walk_forward.mp4,0.000000,1.898000,0,1898,0.000000,1.864789,0,1865,25,derived_join_of_final_training_membership_and_human_reviewed_babel_segment
walk_forward,KIT/378/push_recovery_right02.pkl,7208,walk forward,07208__seg00__001.181_002.079__walk_forward.mp4,1.181000,2.079000,1181,2079,1.193125,2.058646,1193,2059,5,derived_join_of_final_training_membership_and_human_reviewed_babel_segment
walk_forward,KIT/378/push_recovery_right08.pkl,12910,walk forward,12910__seg00__000.481_001.836__walk_forward.mp4,0.481000,1.836000,481,1836,0.496605,1.808858,497,1809,14,derived_join_of_final_training_membership_and_human_reviewed_babel_segment
walk_forward,KIT/378/push_recovery_right10.pkl,6643,walk forward,06643__seg00__000.690_001.627__walk_forward.mp4,0.690000,1.627000,690,1627,0.695650,1.610763,696,1611,6,derived_join_of_final_training_membership_and_human_reviewed_babel_segment
walk_forward,KIT/379/push_recovery_back07.pkl,9797,walk forward,09797__seg00__000.502_001.815__walk_forward.mp4,0.502000,1.815000,502,1815,0.544069,1.804265,544,1804,13,derived_join_of_final_training_membership_and_human_reviewed_babel_segment
walk_forward,KIT/379/push_recovery_left10.pkl,1531,walk forward,01531__seg00__000.405_001.606__walk_forward.mp4,0.405000,1.606000,405,1606,0.446250,1.559167,446,1559,10,derived_join_of_final_training_membership_and_human_reviewed_babel_segment
walk_forward,KIT/421/push_recovery_front01.pkl,522,walk forward,00522__seg00__000.000_002.731__walk_forward.mp4,0.000000,2.731000,0,2731,0.000000,2.707152,0,2707,42,derived_join_of_final_training_membership_and_human_reviewed_babel_segment
walk_forward,KIT/421/push_recovery_front01.pkl,522,walk forward,00522__seg01__004.794_007.815__walk_forward.mp4,4.794000,7.815000,4794,7815,4.827489,7.783481,4827,7783,47,derived_join_of_final_training_membership_and_human_reviewed_babel_segment
walk_forward,KIT/421/push_recovery_front03.pkl,10769,walk forward,10769__seg00__000.785_002.251__walk_forward.mp4,0.785000,2.251000,785,2251,0.795417,2.207786,795,2208,16,derived_join_of_final_training_membership_and_human_reviewed_babel_segment
walk_forward,KIT/421/push_recovery_front03.pkl,10769,walk forward,10769__seg01__003.647_006.100__walk_forward.mp4,3.647000,6.100000,3647,6100,3.678802,6.085443,3679,6085,36,derived_join_of_final_training_membership_and_human_reviewed_babel_segment
walk_forward,KIT/421/push_recovery_right06.pkl,10687,walk forward,10687__seg00__000.735_002.461__walk_forward.mp4,0.735000,2.461000,735,2461,0.744388,2.453197,744,2453,22,derived_join_of_final_training_membership_and_human_reviewed_babel_segment
walk_forward,KIT/423/go_over_beam01.pkl,901,walk forward,00901__seg00__001.565_006.065__walk_forward.mp4,1.565000,6.065000,1565,6065,1.600773,6.019251,1601,6019,76,derived_join_of_final_training_membership_and_human_reviewed_babel_segment
walk_forward,KIT/424/bend_right01.pkl,11016,walk forward,11016__seg00__001.722_002.696__walk_forward.mp4,1.722000,2.696000,1722,2696,1.751061,2.667879,1751,2668,6,derived_join_of_final_training_membership_and_human_reviewed_babel_segment
walk_forward,KIT/424/bend_right01.pkl,11016,walk forward,11016__seg01__003.522_004.759__walk_forward.mp4,3.522000,4.759000,3522,4759,3.552152,4.719121,3552,4719,11,derived_join_of_final_training_membership_and_human_reviewed_babel_segment
walk_forward,KIT/424/step_over_gap10.pkl,2961,walk forward,02961__seg00__000.773_004.252__walk_forward.mp4,0.773000,4.252000,773,4252,0.793623,4.237971,794,4238,57,derived_join_of_final_training_membership_and_human_reviewed_babel_segment
walk_forward,KIT/424/turn_left02.pkl,12764,walk forward,12764__seg00__000.000_001.481__walk_forward.mp4,0.000000,1.481000,0,1481,0.000000,1.463529,0,1464,17,derived_join_of_final_training_membership_and_human_reviewed_babel_segment
walk_forward,KIT/424/turn_left02.pkl,12764,walk forward,12764__seg01__002.481_003.877__walk_forward.mp4,2.481000,3.877000,2481,3877,2.490196,3.854118,2490,3854,15,derived_join_of_final_training_membership_and_human_reviewed_babel_segment
walk_forward,KIT/424/turn_left05.pkl,13003,walk forward,13003__seg00__001.648_002.752__walk_forward.mp4,1.648000,2.752000,1648,2752,1.695674,2.711450,1696,2711,8,derived_join_of_final_training_membership_and_human_reviewed_babel_segment
walk_forward,KIT/424/turn_left05.pkl,13003,walk forward,13003__seg01__004.211_005.919__walk_forward.mp4,4.211000,5.919000,4211,5919,4.239186,5.903308,4239,5903,21,derived_join_of_final_training_membership_and_human_reviewed_babel_segment
walk_forward,KIT/424/turn_right10.pkl,7560,walk forward,07560__seg01__003.273_004.273__walk_forward.mp4,3.273000,4.273000,3273,4273,3.289320,4.255016,3289,4255,7,derived_join_of_final_training_membership_and_human_reviewed_babel_segment
walk_forward,KIT/425/bend_right07.pkl,4403,walk forward,04403__seg01__002.800_003.863__walk_forward.mp4,2.800000,3.863000,2800,3863,2.802393,3.819359,2802,3819,8,derived_join_of_final_training_membership_and_human_reviewed_babel_segment
walk_forward,KIT/425/turn_right03.pkl,11283,walk forward,11283__seg00__001.419_002.481__walk_forward.mp4,1.419000,2.481000,1419,2481,1.445215,2.460726,1445,2461,8,derived_join_of_final_training_membership_and_human_reviewed_babel_segment
walk_forward,KIT/425/turn_right03.pkl,11283,walk forward,11283__seg01__003.586_005.023__walk_forward.mp4,3.586000,5.023000,3586,5023,3.588119,5.002310,3588,5002,16,derived_join_of_final_training_membership_and_human_reviewed_babel_segment
walk_forward,KIT/425/turn_right07.pkl,3103,walk forward,03103__seg00__001.905_003.002__walk_forward.mp4,1.905000,3.002000,1905,3002,1.944144,2.959760,1944,2960,8,derived_join_of_final_training_membership_and_human_reviewed_babel_segment
walk_forward,KIT/425/turn_right07.pkl,3103,walk forward,03103__seg01__003.921_005.336__walk_forward.mp4,3.921000,5.336000,3921,5336,3.938138,5.302703,3938,5303,15,derived_join_of_final_training_membership_and_human_reviewed_babel_segment
walk_forward,KIT/425/walking_05.pkl,9438,walk forward,09438__seg00__001.274_004.127__walk_forward.mp4,1.274000,4.127000,1274,4127,1.290467,4.091367,1290,4091,44,derived_join_of_final_training_membership_and_human_reviewed_babel_segment
walk_forward,KIT/425/walking_06.pkl,9658,walk forward,09658__seg00__001.419_003.690__walk_forward.mp4,1.419000,3.690000,1419,3690,1.444689,3.655678,1445,3656,32,derived_join_of_final_training_membership_and_human_reviewed_babel_segment
walk_forward,KIT/425/walking_fast01.pkl,12849,walk forward,12849__seg00__000.898_002.502__walk_forward.mp4,0.898000,2.502000,898,2502,0.946185,2.459438,946,2459,18,derived_join_of_final_training_membership_and_human_reviewed_babel_segment
walk_forward,KIT/425/walking_fast04.pkl,7971,walk forward,07971__seg00__000.940_003.320__walk_forward.mp4,0.940000,3.320000,940,3320,0.941504,3.292967,942,3293,35,derived_join_of_final_training_membership_and_human_reviewed_babel_segment
walk_forward,KIT/425/walking_medium02.pkl,1053,walk forward,01053__seg00__000.000_003.793__walk_forward.mp4,0.000000,3.793000,0,3793,0.000000,3.785450,0,3785,64,derived_join_of_final_training_membership_and_human_reviewed_babel_segment
walk_forward,KIT/425/walking_slow01.pkl,563,walk forward,00563__seg00__000.461_005.002__walk_forward.mp4,0.461000,5.002000,461,5002,0.496405,4.985392,496,4985,78,derived_join_of_final_training_membership_and_human_reviewed_babel_segment
walk_forward,KIT/442/HinUndSchuhbinden02.pkl,8257,walk forward,08257__seg00__000.898_002.127__walk_forward.mp4,0.898000,2.127000,898,2127,0.946595,2.111470,947,2111,11,derived_join_of_final_training_membership_and_human_reviewed_babel_segment
walk_forward,KIT/513/turn_left05.pkl,9173,walk forward,09173__seg00__001.648_003.065__walk_forward.mp4,1.648000,3.065000,1648,3065,1.695674,3.060560,1696,3061,15,derived_join_of_final_training_membership_and_human_reviewed_babel_segment
walk_forward,KIT/513/turn_left05.pkl,9173,walk forward,09173__seg01__004.044_006.377__walk_forward.mp4,4.044000,6.377000,4044,6377,4.089567,6.352163,4090,6352,33,derived_join_of_final_training_membership_and_human_reviewed_babel_segment
walk_forward,KIT/513/turn_left08.pkl,6102,walk forward,06102__seg00__001.981_002.773__walk_forward.mp4,1.981000,2.773000,1981,2773,1.985621,2.751569,1986,2752,3,derived_join_of_final_training_membership_and_human_reviewed_babel_segment
walk_forward,KIT/513/turn_left08.pkl,6102,walk forward,06102__seg01__003.586_005.002__walk_forward.mp4,3.586000,5.002000,3586,5002,3.623758,4.985392,3624,4985,15,derived_join_of_final_training_membership_and_human_reviewed_babel_segment
walk_forward,KIT/513/turn_right02.pkl,10395,walk forward,10395__seg00__000.752_002.065__walk_forward.mp4,0.752000,2.065000,752,2065,0.797640,2.062537,798,2063,13,derived_join_of_final_training_membership_and_human_reviewed_babel_segment
walk_forward,KIT/513/turn_right02.pkl,10395,walk forward,10395__seg01__002.921_004.794__walk_forward.mp4,2.921000,4.794000,2921,4794,2.941298,4.754572,2941,4755,24,derived_join_of_final_training_membership_and_human_reviewed_babel_segment
walk_forward,KIT/513/turn_right04.pkl,4266,walk forward,04266__seg00__001.461_002.731__walk_forward.mp4,1.461000,2.731000,1461,2731,1.491270,2.704735,1491,2705,12,derived_join_of_final_training_membership_and_human_reviewed_babel_segment
walk_forward,KIT/513/turn_right04.pkl,4266,walk forward,04266__seg01__003.919_005.794__walk_forward.mp4,3.919000,5.794000,3919,5794,3.927011,5.786693,3927,5787,25,derived_join_of_final_training_membership_and_human_reviewed_babel_segment
walk_forward,KIT/513/turn_right06.pkl,13199,walk forward,13199__seg00__002.377_003.898__walk_forward.mp4,2.377000,3.898000,2377,3898,2.393893,3.858524,2394,3859,17,derived_join_of_final_training_membership_and_human_reviewed_babel_segment
walk_forward,KIT/551/mixing_bowl_big_and_sponge_big06.pkl,3025,walk forward,03025__seg00__000.000_001.137__walk_forward.mp4,0.000000,1.137000,0,1137,0.000000,1.113667,0,1114,10,derived_join_of_final_training_membership_and_human_reviewed_babel_segment
walk_forward,KIT/551/mixing_small_with_egg_whisk01.pkl,376,walk forward,00376__seg00__001.272_002.376__walk_forward.mp4,1.272000,2.376000,1272,2376,1.297865,2.363875,1298,2364,9,derived_join_of_final_training_membership_and_human_reviewed_babel_segment
walk_forward,KIT/551/sponge_big02.pkl,2170,walk forward,02170__seg00__000.398_001.877__walk_forward.mp4,0.398000,1.877000,398,1877,0.398966,1.863566,399,1864,17,derived_join_of_final_training_membership_and_human_reviewed_babel_segment
walk_forward,KIT/551/sponge_big_and_mixing_bowl_big03.pkl,9021,walk forward,09021__seg00__001.419_002.169__walk_forward.mp4,1.419000,2.169000,1419,2169,1.441992,2.158383,1442,2158,2,derived_join_of_final_training_membership_and_human_reviewed_babel_segment
walk_forward,KIT/575/MarcusS_AdrianM12.pkl,7255,walk forward,07255__seg00__003.870_007.133__walk_forward.mp4,3.870000,7.133000,3870,7133,3.899714,7.116194,3900,7116,52,derived_join_of_final_training_membership_and_human_reviewed_babel_segment
walk_forward,KIT/675/Experiment3a_06.pkl,3933,walk forward,03933__seg00__001.240_002.880__walk_forward.mp4,1.240000,2.880000,1240,2880,1.249756,2.866238,1250,2866,20,derived_join_of_final_training_membership_and_human_reviewed_babel_segment
walk_forward,KIT/675/Experiment4a_03.pkl,6409,walk forward,06409__seg00__000.920_002.300__walk_forward.mp4,0.920000,2.300000,920,2300,0.949753,2.266251,950,2266,14,derived_join_of_final_training_membership_and_human_reviewed_babel_segment
walk_forward,KIT/675/double_pour_and_mixing12.pkl,9360,walk forward,09360__seg00__000.398_002.336__walk_forward.mp4,0.398000,2.336000,398,2336,0.400072,2.316966,400,2317,26,derived_join_of_final_training_membership_and_human_reviewed_babel_segment
walk_forward,KIT/9/bend_right04.pkl,8230,walk forward,08230__seg00__000.422_003.481__walk_forward.mp4,0.422000,3.481000,422,3481,0.448052,3.454545,448,3455,48,derived_join_of_final_training_membership_and_human_reviewed_babel_segment
walk_forward,KIT/9/turn_left02.pkl,9861,walk forward,09861__seg00__000.586_002.002__walk_forward.mp4,0.586000,2.002000,586,2002,0.595510,1.956939,596,1957,15,derived_join_of_final_training_membership_and_human_reviewed_babel_segment
walk_forward,KIT/9/turn_left02.pkl,9861,walk forward,09861__seg01__003.502_004.627__walk_forward.mp4,3.502000,4.627000,3502,4627,3.523435,4.587109,3523,4587,9,derived_join_of_final_training_membership_and_human_reviewed_babel_segment
walk_forward,KIT/9/turn_left08.pkl,12396,walk forward,12396__seg00__000.949_002.690__walk_forward.mp4,0.949000,2.690000,949,2690,0.996825,2.660317,997,2660,21,derived_join_of_final_training_membership_and_human_reviewed_babel_segment
walk_forward,KIT/9/turn_left08.pkl,12396,walk forward,12396__seg01__003.768_005.190__walk_forward.mp4,3.768000,5.190000,3768,5190,3.787937,5.152381,3788,5152,15,derived_join_of_final_training_membership_and_human_reviewed_babel_segment
walk_forward,MPI_HDM05/bk/HDM_bk_01-01_02_120.pkl,13267,walk forward,13267__seg01__005.808_010.018__walk_forward.mp4,5.808000,10.018000,5808,10018,5.835353,10.003231,5835,10003,85,derived_join_of_final_training_membership_and_human_reviewed_babel_segment
walk_forward,MPI_HDM05/bk/HDM_bk_01-01_03_120.pkl,4283,walk forward,04283__seg00__005.955_010.355__walk_forward.mp4,5.955000,10.355000,5955,10355,5.963296,10.341384,5963,10341,90,derived_join_of_final_training_membership_and_human_reviewed_babel_segment
walk_forward,MPI_HDM05/bk/HDM_bk_01-03_03_120.pkl,2969,walk forward,02969__seg00__005.447_009.336__walk_forward.mp4,5.447000,9.336000,5447,9336,5.464410,9.301269,5464,9301,77,derived_join_of_final_training_membership_and_human_reviewed_babel_segment
walk_forward,MPI_HDM05/bk/HDM_bk_01-03_03_120.pkl,2969,walk forward,02969__seg01__011.364_015.531__walk_forward.mp4,11.364000,15.531000,11364,15531,11.387664,15.516514,11388,15517,84,derived_join_of_final_training_membership_and_human_reviewed_babel_segment
walk_forward,MPI_HDM05/bk/HDM_bk_01-03_03_120.pkl,2969,walk forward,02969__seg02__016.559_018.031__walk_forward.mp4,16.559000,18.031000,16559,18031,16.560083,18.019298,16560,18019,20,derived_join_of_final_training_membership_and_human_reviewed_babel_segment
walk_forward,MPI_HDM05/bk/HDM_bk_01-03_03_120.pkl,2969,walk forward,02969__seg03__038.697_040.836__walk_forward.mp4,38.697000,40.836000,38697,40836,38.709715,40.794626,38710,40795,35,derived_join_of_final_training_membership_and_human_reviewed_babel_segment
walk_forward,MPI_HDM05/bk/HDM_bk_02-02_01_120.pkl,6808,walk forward,06808__seg00__004.747_007.544__walk_forward.mp4,4.747000,7.544000,4747,7544,4.753889,7.505595,4754,7506,51,derived_join_of_final_training_membership_and_human_reviewed_babel_segment
walk_forward,MPI_HDM05/bk/HDM_bk_02-02_01_120.pkl,6808,walk forward,06808__seg01__010.081_012.731__walk_forward.mp4,10.081000,12.731000,10081,12731,10.091590,12.718193,10092,12718,48,derived_join_of_final_training_membership_and_human_reviewed_babel_segment
walk_forward,MPI_HDM05/bk/HDM_bk_02-02_01_120.pkl,6808,walk forward,06808__seg02__014.107_016.731__walk_forward.mp4,14.107000,16.731000,14107,16731,14.136566,16.721468,14137,16721,47,derived_join_of_final_training_membership_and_human_reviewed_babel_segment
walk_forward,MPI_HDM05/bk/HDM_bk_02-02_01_120.pkl,6808,walk forward,06808__seg03__019.627_021.731__walk_forward.mp4,19.627000,21.731000,19627,21731,19.641069,21.725562,19641,21726,35,derived_join_of_final_training_membership_and_human_reviewed_babel_segment
walk_forward,MPI_HDM05/bk/HDM_bk_02-02_01_120.pkl,6808,walk forward,06808__seg04__022.919_025.273__walk_forward.mp4,22.919000,25.273000,22919,25273,22.935431,25.270129,22935,25270,41,derived_join_of_final_training_membership_and_human_reviewed_babel_segment
walk_forward,MPI_HDM05/bk/HDM_bk_02-02_01_120.pkl,6808,walk forward,06808__seg05__027.836_029.961__walk_forward.mp4,27.836000,29.961000,27836,29961,27.856123,29.940617,27856,29941,35,derived_join_of_final_training_membership_and_human_reviewed_babel_segment
walk_forward,MPI_HDM05/bk/HDM_bk_02-02_01_120.pkl,6808,walk forward,06808__seg06__030.708_033.211__walk_forward.mp4,30.708000,33.211000,30708,33211,30.733477,33.193278,30733,33193,44,derived_join_of_final_training_membership_and_human_reviewed_babel_segment
walk_forward,MPI_HDM05/bk/HDM_bk_02-02_01_120.pkl,6808,walk forward,06808__seg07__036.398_038.690__walk_forward.mp4,36.398000,38.690000,36398,38690,36.404784,38.656080,36405,38656,39,derived_join_of_final_training_membership_and_human_reviewed_babel_segment
walk_forward,MPI_HDM05/bk/HDM_bk_02-02_01_120.pkl,6808,walk forward,06808__seg08__039.502_041.856__walk_forward.mp4,39.502000,41.856000,39502,41856,39.532343,41.825340,39532,41825,40,derived_join_of_final_training_membership_and_human_reviewed_babel_segment
walk_forward,MPI_HDM05/bk/HDM_bk_02-02_01_120.pkl,6808,walk forward,06808__seg09__044.565_047.098__walk_forward.mp4,44.565000,47.098000,44565,47098,44.578137,47.079639,44578,47080,45,derived_join_of_final_training_membership_and_human_reviewed_babel_segment
walk_forward,MPI_HDM05/bk/HDM_bk_02-02_01_120.pkl,6808,walk forward,06808__seg10__048.187_050.714__walk_forward.mp4,48.187000,50.714000,48187,50714,48.206106,50.707607,48206,50708,45,derived_join_of_final_training_membership_and_human_reviewed_babel_segment
walk_forward,MPI_HDM05/dg/HDM_dg_01-01_03_120.pkl,4607,walk forward,04607__seg02__060.630_062.463__walk_forward.mp4,60.630000,62.463000,60630,62463,60.652104,62.444274,60652,62444,28,derived_join_of_final_training_membership_and_human_reviewed_babel_segment
walk_forward,MPI_HDM05/dg/HDM_dg_02-02_04_120.pkl,9576,walk forward,09576__seg00__003.419_005.898__walk_forward.mp4,3.419000,5.898000,3419,5898,3.460647,5.878485,3461,5878,43,derived_join_of_final_training_membership_and_human_reviewed_babel_segment
walk_forward,MPI_HDM05/dg/HDM_dg_02-02_04_120.pkl,9576,walk forward,09576__seg01__008.523_009.627__walk_forward.mp4,8.523000,9.627000,8523,9627,8.547382,9.589300,8547,9589,10,derived_join_of_final_training_membership_and_human_reviewed_babel_segment
walk_forward,MPI_HDM05/dg/HDM_dg_02-02_04_120.pkl,9576,walk forward,09576__seg02__010.523_012.711__walk_forward.mp4,10.523000,12.711000,10523,12711,10.548721,12.674696,10549,12675,36,derived_join_of_final_training_membership_and_human_reviewed_babel_segment
walk_forward,MPI_HDM05/dg/HDM_dg_02-02_04_120.pkl,9576,walk forward,09576__seg03__015.273_016.390__walk_forward.mp4,15.273000,16.390000,15273,16390,15.301899,16.385511,15302,16386,11,derived_join_of_final_training_membership_and_human_reviewed_babel_segment
walk_forward,MPI_HDM05/dg/HDM_dg_02-02_04_120.pkl,9576,walk forward,09576__seg04__017.252_019.231__walk_forward.mp4,17.252000,19.231000,17252,19231,17.261543,19.220740,17262,19221,32,derived_join_of_final_training_membership_and_human_reviewed_babel_segment
walk_forward,MPI_HDM05/dg/HDM_dg_02-02_04_120.pkl,9576,walk forward,09576__seg05__021.627_022.752__walk_forward.mp4,21.627000,22.752000,21627,22752,21.639470,22.723082,21639,22723,11,derived_join_of_final_training_membership_and_human_reviewed_babel_segment
walk_forward,MPI_HDM05/dg/HDM_dg_02-02_04_120.pkl,9576,walk forward,09576__seg06__023.459_025.794__walk_forward.mp4,23.459000,25.794000,23459,25794,23.474030,25.766784,23474,25767,40,derived_join_of_final_training_membership_and_human_reviewed_babel_segment
walk_forward,MPI_HDM05/dg/HDM_dg_02-02_04_120.pkl,9576,walk forward,09576__seg07__028.252_029.669__walk_forward.mp4,28.252000,29.669000,28252,29669,28.268903,29.644377,28269,29644,18,derived_join_of_final_training_membership_and_human_reviewed_babel_segment
walk_forward,MPI_HDM05/dg/HDM_dg_02-02_04_120.pkl,9576,walk forward,09576__seg08__030.836_032.752__walk_forward.mp4,30.836000,32.752000,30836,32752,30.853965,32.729774,30854,32730,30,derived_join_of_final_training_membership_and_human_reviewed_babel_segment
walk_forward,MPI_HDM05/dg/HDM_dg_02-02_04_120.pkl,9576,walk forward,09576__seg09__035.419_036.711__walk_forward.mp4,35.419000,36.711000,35419,36711,35.440366,36.690756,35440,36691,15,derived_join_of_final_training_membership_and_human_reviewed_babel_segment
walk_forward,MPI_HDM05/dg/HDM_dg_02-02_04_120.pkl,9576,walk forward,09576__seg10__037.945_039.940__walk_forward.mp4,37.945000,39.940000,37945,39940,37.983733,39.901236,37984,39901,31,derived_join_of_final_training_membership_and_human_reviewed_babel_segment
walk_forward,MPI_HDM05/mm/HDM_mm_01-03_01_120.pkl,2454,walk forward,02454__seg00__001.856_002.836__walk_forward.mp4,1.856000,2.836000,1856,2836,1.876268,2.834798,1876,2835,8,derived_join_of_final_training_membership_and_human_reviewed_babel_segment
walk_forward,MPI_HDM05/mm/HDM_mm_01-03_01_120.pkl,2454,walk forward,02454__seg01__004.044_007.961__walk_forward.mp4,4.044000,7.961000,4044,7961,4.044400,7.921569,4044,7922,78,derived_join_of_final_training_membership_and_human_reviewed_babel_segment
walk_forward,MPI_HDM05/mm/HDM_mm_01-03_01_120.pkl,2454,walk forward,02454__seg02__009.461_010.648__walk_forward.mp4,9.461000,10.648000,9461,10648,9.464729,10.631734,9465,10632,13,derived_join_of_final_training_membership_and_human_reviewed_babel_segment
walk_forward,MPI_HDM05/mm/HDM_mm_01-03_01_120.pkl,2454,walk forward,02454__seg03__012.294_013.336__walk_forward.mp4,12.294000,13.336000,12294,13336,12.299978,13.300204,12300,13300,9,derived_join_of_final_training_membership_and_human_reviewed_babel_segment
walk_forward,MPI_HDM05/mm/HDM_mm_01-03_01_120.pkl,2454,walk forward,02454__seg04__029.361_030.361__walk_forward.mp4,29.361000,30.361000,29361,30361,29.394863,30.353394,29395,30353,8,derived_join_of_final_training_membership_and_human_reviewed_babel_segment
walk_forward,MPI_HDM05/mm/HDM_mm_02-01_01_120.pkl,7680,walk forward,07680__seg00__003.653_005.752__walk_forward.mp4,3.653000,5.752000,3653,5752,3.672386,5.716198,3672,5716,34,derived_join_of_final_training_membership_and_human_reviewed_babel_segment
walk_forward,MPI_HDM05/mm/HDM_mm_02-01_01_120.pkl,7680,walk forward,07680__seg04__022.148_024.648__walk_forward.mp4,22.148000,24.648000,22148,24648,22.159513,24.620641,22160,24621,44,derived_join_of_final_training_membership_and_human_reviewed_babel_segment
walk_forward,MPI_HDM05/mm/HDM_mm_02-01_01_120.pkl,7680,walk forward,07680__seg05__027.294_028.419__walk_forward.mp4,27.294000,28.419000,27294,28419,27.334239,28.418222,27334,28418,11,derived_join_of_final_training_membership_and_human_reviewed_babel_segment
walk_forward,MPI_HDM05/mm/HDM_mm_02-02_01_120.pkl,10594,walk forward,10594__seg00__004.065_005.981__walk_forward.mp4,4.065000,5.981000,4065,5981,4.088041,5.964434,4088,5964,30,derived_join_of_final_training_membership_and_human_reviewed_babel_segment
walk_forward,MPI_HDM05/mm/HDM_mm_02-02_01_120.pkl,10594,walk forward,10594__seg01__008.502_010.544__walk_forward.mp4,8.502000,10.544000,8502,10544,8.509799,10.511336,8510,10511,33,derived_join_of_final_training_membership_and_human_reviewed_babel_segment
walk_forward,MPI_HDM05/mm/HDM_mm_02-02_01_120.pkl,10594,walk forward,10594__seg03__017.190_018.877__walk_forward.mp4,17.190000,18.877000,17190,18877,17.228172,18.854277,17228,18854,24,derived_join_of_final_training_membership_and_human_reviewed_babel_segment
walk_forward,MPI_HDM05/mm/HDM_mm_02-02_01_120.pkl,10594,walk forward,10594__seg04__020.231_022.065__walk_forward.mp4,20.231000,22.065000,20231,22065,20.231630,22.024594,20232,22025,28,derived_join_of_final_training_membership_and_human_reviewed_babel_segment
walk_forward,MPI_HDM05/mm/HDM_mm_02-02_01_120.pkl,10594,walk forward,10594__seg05__024.523_026.211__walk_forward.mp4,24.523000,26.211000,24523,26211,24.528245,26.196064,24528,26196,25,derived_join_of_final_training_membership_and_human_reviewed_babel_segment
walk_forward,MPI_HDM05/mm/HDM_mm_02-02_01_120.pkl,10594,walk forward,10594__seg07__031.544_033.086__walk_forward.mp4,31.544000,33.086000,31544,33086,31.578029,33.078990,31578,33079,21,derived_join_of_final_training_membership_and_human_reviewed_babel_segment
walk_forward,MPI_HDM05/mm/HDM_mm_02-02_01_120.pkl,10594,walk forward,10594__seg08__034.523_036.356__walk_forward.mp4,34.523000,36.356000,34523,36356,34.539773,36.332737,34540,36333,28,derived_join_of_final_training_membership_and_human_reviewed_babel_segment
walk_forward,MPI_HDM05/mm/HDM_mm_02-02_01_120.pkl,10594,walk forward,10594__seg09__038.940_040.752__walk_forward.mp4,38.940000,40.752000,38940,40752,38.961531,40.712780,38962,40713,27,derived_join_of_final_training_membership_and_human_reviewed_babel_segment
walk_forward,MPI_HDM05/mm/HDM_mm_02-02_01_120.pkl,10594,walk forward,10594__seg10__042.169_043.981__walk_forward.mp4,42.169000,43.981000,42169,43981,42.173563,43.966527,42174,43967,28,derived_join_of_final_training_membership_and_human_reviewed_babel_segment
walk_forward,MPI_HDM05/tr/HDM_tr_01-01_02_120.pkl,11019,walk forward,11019__seg00__002.588_004.338__walk_forward.mp4,2.588000,4.338000,2588,4338,2.625999,4.334728,2626,4335,26,derived_join_of_final_training_membership_and_human_reviewed_babel_segment
walk_forward,MPI_HDM05/tr/HDM_tr_01-04_01_120.pkl,6294,walk forward,06294__seg00__004.400_008.000__walk_forward.mp4,4.400000,8.000000,4400,8000,4.421660,7.966578,4422,7967,70,derived_join_of_final_training_membership_and_human_reviewed_babel_segment
walk_forward,MPI_HDM05/tr/HDM_tr_01-04_01_120.pkl,6294,walk forward,06294__seg03__036.098_038.558__walk_forward.mp4,36.098000,38.558000,36098,38558,36.124130,38.542776,36124,38543,43,derived_join_of_final_training_membership_and_human_reviewed_babel_segment
walk_forward,MPI_HDM05/tr/HDM_tr_01-04_01_120.pkl,6294,walk forward,06294__seg04__047.533_051.004__walk_forward.mp4,47.533000,51.004000,47533,51004,47.553705,50.973481,47554,50973,67,derived_join_of_final_training_membership_and_human_reviewed_babel_segment
walk_forward,MPI_HDM05/tr/HDM_tr_02-02_01_120.pkl,2953,walk forward,02953__seg00__002.231_003.190__walk_forward.mp4,2.231000,3.190000,2231,3190,2.251695,3.168550,2252,3169,7,derived_join_of_final_training_membership_and_human_reviewed_babel_segment
walk_forward,MPI_HDM05/tr/HDM_tr_02-02_01_120.pkl,2953,walk forward,02953__seg02__008.877_010.377__walk_forward.mp4,8.877000,10.377000,8877,10377,8.881687,10.340616,8882,10341,20,derived_join_of_final_training_membership_and_human_reviewed_babel_segment
walk_forward,MPI_HDM05/tr/HDM_tr_02-02_01_120.pkl,2953,walk forward,02953__seg04__016.648_018.544__walk_forward.mp4,16.648000,18.544000,16648,18544,16.679224,18.471738,16679,18472,28,derived_join_of_final_training_membership_and_human_reviewed_babel_segment
walk_forward,MPI_HDM05/tr/HDM_tr_02-02_01_120.pkl,2953,walk forward,02953__seg06__023.211_025.044__walk_forward.mp4,23.211000,25.044000,23211,25044,23.225819,25.018333,23226,25018,28,derived_join_of_final_training_membership_and_human_reviewed_babel_segment
walk_forward,MPI_HDM05/tr/HDM_tr_02-02_01_120.pkl,2953,walk forward,02953__seg08__030.611_032.540__walk_forward.mp4,30.611000,32.540000,30611,32540,30.648074,32.523984,30648,32524,30,derived_join_of_final_training_membership_and_human_reviewed_babel_segment
walk_forward,MPI_HDM05/tr/HDM_tr_02-02_01_120.pkl,2953,walk forward,02953__seg10__038.432_040.682__walk_forward.mp4,38.432000,40.682000,38432,40682,38.445611,40.655106,38446,40655,38,derived_join_of_final_training_membership_and_human_reviewed_babel_segment
walk_forward,MPI_HDM05/tr/HDM_tr_02-02_01_120.pkl,2953,walk forward,02953__seg11__041.075_044.218__walk_forward.mp4,41.075000,44.218000,41075,44218,41.114287,44.199441,41114,44199,59,derived_join_of_final_training_membership_and_human_reviewed_babel_segment
walk_forward,MPI_HDM05/tr/HDM_tr_02-02_01_120.pkl,2953,walk forward,02953__seg12__046.361_047.290__walk_forward.mp4,46.361000,47.290000,46361,47290,46.368242,47.285097,46368,47285,7,derived_join_of_final_training_membership_and_human_reviewed_babel_segment
walk_forward,SFU/0007/0007_Cartwheel001.pkl,5126,walk forward,05126__seg00__000.000_001.336__walk_forward.mp4,0.000000,1.336000,0,1336,0.000000,1.333990,0,1334,17,derived_join_of_final_training_membership_and_human_reviewed_babel_segment
walk_forward,TotalCapture/s2/walking3.pkl,9468,walk forward,09468__seg00__001.600_003.120__walk_forward.mp4,1.600000,3.120000,1600,3120,1.667616,3.084710,1668,3085,10,derived_join_of_final_training_membership_and_human_reviewed_babel_segment
walk_forward,TotalCapture/s2/walking3.pkl,9468,walk forward,09468__seg01__005.180_006.740__walk_forward.mp4,5.180000,6.740000,5180,6740,5.252991,6.670085,5253,6670,10,derived_join_of_final_training_membership_and_human_reviewed_babel_segment
walk_forward,TotalCapture/s2/walking3.pkl,9468,walk forward,09468__seg02__007.760_009.960__walk_forward.mp4,7.760000,9.960000,7760,9960,7.837797,9.921937,7838,9922,18,derived_join_of_final_training_membership_and_human_reviewed_babel_segment
walk_forward,TotalCapture/s2/walking3.pkl,9468,walk forward,09468__seg03__016.040_018.340__walk_forward.mp4,16.040000,18.340000,16040,18340,16.092498,18.260019,16092,18260,19,derived_join_of_final_training_membership_and_human_reviewed_babel_segment
walk_forward,TotalCapture/s2/walking3.pkl,9468,walk forward,09468__seg04__020.380_021.880__walk_forward.mp4,20.380000,21.880000,20380,21880,20.428300,21.845394,20428,21845,10,derived_join_of_final_training_membership_and_human_reviewed_babel_segment
walk_forward,TotalCapture/s2/walking3.pkl,9468,walk forward,09468__seg05__024.480_026.740__walk_forward.mp4,24.480000,26.740000,24480,26740,24.513960,26.681481,24514,26681,19,derived_join_of_final_training_membership_and_human_reviewed_babel_segment
walk_forward,TotalCapture/s2/walking3.pkl,9468,walk forward,09468__seg06__030.360_033.740__walk_forward.mp4,30.360000,33.740000,30360,33740,30.433998,33.685470,30434,33685,32,derived_join_of_final_training_membership_and_human_reviewed_babel_segment
walk_forward,TotalCapture/s2/walking3.pkl,9468,walk forward,09468__seg07__036.100_038.660__walk_forward.mp4,36.100000,38.660000,36100,38660,36.103894,38.604938,36104,38605,23,derived_join_of_final_training_membership_and_human_reviewed_babel_segment
walk_forward,TotalCapture/s2/walking3.pkl,9468,walk forward,09468__seg08__039.280_043.914__walk_forward.mp4,39.280000,43.914000,39280,43914,39.355745,43.857930,39356,43858,47,derived_join_of_final_training_membership_and_human_reviewed_babel_segment
walk_forward,TotalCapture/s2/walking3.pkl,9468,walk forward,09468__seg09__045.154_051.014__walk_forward.mp4,45.154000,51.014000,45154,51014,45.192403,50.945299,45192,50945,62,derived_join_of_final_training_membership_and_human_reviewed_babel_segment
walk_forward,TotalCapture/s2/walking3.pkl,9468,walk forward,09468__seg10__054.594_056.194__walk_forward.mp4,54.594000,56.194000,54594,56194,54.614435,56.114910,54614,56115,11,derived_join_of_final_training_membership_and_human_reviewed_babel_segment
walk_forward,Transitions_mocap/mazen_c3d/JOOF_walk.pkl,2201,walk forward,02201__seg00__002.091_004.035__walk_forward.mp4,2.091000,4.035000,2091,4035,2.095238,4.019048,2095,4019,31,derived_join_of_final_training_membership_and_human_reviewed_babel_segment
walk_forward,Transitions_mocap/mazen_c3d/JOOF_walkbackwards.pkl,11631,walk forward,11631__seg00__005.565_007.190__walk_forward.mp4,5.565000,7.190000,5565,7190,5.573948,7.162621,5574,7163,23,derived_join_of_final_training_membership_and_human_reviewed_babel_segment
walk_forward,Transitions_mocap/mazen_c3d/twistdance_walk.pkl,6505,walk forward,06505__seg00__002.356_003.981__walk_forward.mp4,2.356000,3.981000,2356,3981,2.395056,3.944111,2395,3944,22,derived_join_of_final_training_membership_and_human_reviewed_babel_segment
walk_forward,Transitions_mocap/mazen_c3d/walksideways_walk.pkl,3802,walk forward,03802__seg00__002.081_003.333__walk_forward.mp4,2.081000,3.333000,2081,3333,2.090829,3.301111,2091,3301,14,derived_join_of_final_training_membership_and_human_reviewed_babel_segment
